"","gm","make_model","make","mileage_raw","price_raw","model_trim_raw","year_make_raw","platform","mileage","price","model","trim","year"
"1",FALSE,"Mercedes-Benz C63 AMG","Mercedes-Benz","13,000 miles",63998,"C63 AMG","2021 Mercedes-Benz","carmax",13000,63998,"C63 AMG","","2021"
"2",FALSE,"Mercedes-Benz C63 AMG","Mercedes-Benz","29,000 miles",47998,"C63 AMG","2019 Mercedes-Benz","carmax",29000,47998,"C63 AMG","","2019"
"3",FALSE,"Mercedes-Benz C63 AMG","Mercedes-Benz","70,000 miles",33998,"C63 AMG","2016 Mercedes-Benz","carmax",70000,33998,"C63 AMG","","2016"
"4",FALSE,"Mercedes-Benz C63 AMG","Mercedes-Benz","18,000 miles",59998,"C63 AMG S","2018 Mercedes-Benz","carmax",18000,59998,"C63 AMG","S","2018"
"5",FALSE,"Mercedes-Benz C63 AMG","Mercedes-Benz","35,000 miles",45998,"C63 AMG S","2018 Mercedes-Benz","carmax",35000,45998,"C63 AMG","S","2018"
"6",FALSE,"Mercedes-Benz C63 AMG","Mercedes-Benz","14,000 miles",55998,"C63 AMG S","2019 Mercedes-Benz","carmax",14000,55998,"C63 AMG","S","2019"
"7",FALSE,"Mercedes-Benz C63 AMG","Mercedes-Benz","51,000 miles",54998,"C63 AMG S","2021 Mercedes-Benz","carmax",51000,54998,"C63 AMG","S","2021"
"8",FALSE,"Mercedes-Benz C63 AMG","Mercedes-Benz","27,000 miles",50998,"C63 AMG S","2018 Mercedes-Benz","carmax",27000,50998,"C63 AMG","S","2018"
"9",FALSE,"Mercedes-Benz C63 AMG","Mercedes-Benz","39,000 miles",57998,"C63 AMG S","2021 Mercedes-Benz","carmax",39000,57998,"C63 AMG","S","2021"
"10",FALSE,"Mercedes-Benz C63 AMG","Mercedes-Benz","56,000 miles",42998,"C63 AMG S","2020 Mercedes-Benz","carmax",56000,42998,"C63 AMG","S","2020"
"11",FALSE,"Mercedes-Benz C63 AMG","Mercedes-Benz","59,000 miles",40998,"C63 AMG S","2017 Mercedes-Benz","carmax",59000,40998,"C63 AMG","S","2017"
"12",FALSE,"Mercedes-Benz C63 AMG","Mercedes-Benz","26,000 miles",58998,"C63 AMG S","2020 Mercedes-Benz","carmax",26000,58998,"C63 AMG","S","2020"
"13",FALSE,"Mercedes-Benz C63 AMG","Mercedes-Benz","12,000 miles",56998,"C63 AMG S","2018 Mercedes-Benz","carmax",12000,56998,"C63 AMG","S","2018"
"14",FALSE,"Dodge Challenger","Dodge","77,000 miles",15998,"Challenger SXT","2013 Dodge","carmax",77000,15998,"Challenger","SXT","2013"
"15",FALSE,"Dodge Challenger","Dodge","24,000 miles",19998,"Challenger SXT Plus","2013 Dodge","carmax",24000,19998,"Challenger","SXT Plus","2013"
"16",FALSE,"Dodge Durango","Dodge","20,000 miles",39998,"Durango GT","2024 Dodge","carmax",20000,39998,"Durango","GT","2024"
"17",FALSE,"Dodge Durango","Dodge","11,000 miles",34998,"Durango GT","2025 Dodge","carmax",11000,34998,"Durango","GT","2025"
"18",FALSE,"Dodge Durango","Dodge","8,000 miles",37998,"Durango GT","2025 Dodge","carmax",8000,37998,"Durango","GT","2025"
"19",FALSE,"Dodge Durango","Dodge","24,000 miles",36998,"Durango GT Plus","2024 Dodge","carmax",24000,36998,"Durango","GT Plus","2024"
"20",FALSE,"Dodge Durango","Dodge","47,000 miles",31998,"Durango GT Plus","2024 Dodge","carmax",47000,31998,"Durango","GT Plus","2024"
"21",FALSE,"Dodge Durango","Dodge","5,000 miles",39998,"Durango GT Plus","2024 Dodge","carmax",5000,39998,"Durango","GT Plus","2024"
"22",FALSE,"Dodge Durango","Dodge","20,000 miles",35998,"Durango GT Plus","2024 Dodge","carmax",20000,35998,"Durango","GT Plus","2024"
"23",FALSE,"Dodge Durango","Dodge","2,000 miles",42998,"Durango GT Plus","2025 Dodge","carmax",2000,42998,"Durango","GT Plus","2025"
"24",FALSE,"Dodge Durango","Dodge","6,000 miles",57998,"Durango R/T 20th Anniversary Premium","2025 Dodge","carmax",6000,57998,"Durango","R/T 20th Anniversary Premium","2025"
"25",FALSE,"Dodge Durango","Dodge","8,000 miles",44998,"Durango R/T Plus","2024 Dodge","carmax",8000,44998,"Durango","R/T Plus","2024"
"26",FALSE,"Dodge Durango","Dodge","5,000 miles",51998,"Durango R/T Plus","2025 Dodge","carmax",5000,51998,"Durango","R/T Plus","2025"
"27",FALSE,"Dodge Durango","Dodge","17,000 miles",63998,"Durango SRT 392","2024 Dodge","carmax",17000,63998,"Durango","SRT 392","2024"
"28",FALSE,"Ford Mustang","Ford","90,000 miles",15998,"Mustang","2013 Ford","carmax",90000,15998,"Mustang","","2013"
"29",FALSE,"Ford Mustang","Ford","106,000 miles",14998,"Mustang","2013 Ford","carmax",106000,14998,"Mustang","","2013"
"30",FALSE,"Ford Mustang","Ford","45,000 miles",26998,"Mustang GT","2013 Ford","carmax",45000,26998,"Mustang","GT","2013"
"31",FALSE,"Ford Mustang","Ford","77,000 miles",21998,"Mustang GT","2013 Ford","carmax",77000,21998,"Mustang","GT","2013"
"32",FALSE,"Ford Mustang","Ford","21,000 miles",27998,"Mustang GT","2013 Ford","carmax",21000,27998,"Mustang","GT","2013"
"33",FALSE,"Ford Mustang","Ford","75,000 miles",25998,"Mustang GT Premium","2013 Ford","carmax",75000,25998,"Mustang","GT Premium","2013"
"34",FALSE,"Ford Mustang","Ford","110,000 miles",13998,"Mustang Premium","2013 Ford","carmax",110000,13998,"Mustang","Premium","2013"
"35",FALSE,"Ford Mustang","Ford","87,000 miles",16998,"Mustang Premium","2013 Ford","carmax",87000,16998,"Mustang","Premium","2013"
"36",FALSE,"Dodge Challenger","Dodge","94,000 miles",18998,"Challenger 100th Anniversary","2014 Dodge","carmax",94000,18998,"Challenger","100th Anniversary","2014"
"37",FALSE,"Dodge Challenger","Dodge","87,000 miles",18998,"Challenger R/T","2014 Dodge","carmax",87000,18998,"Challenger","R/T","2014"
"38",FALSE,"Dodge Challenger","Dodge","21,000 miles",27998,"Challenger R/T Shaker","2014 Dodge","carmax",21000,27998,"Challenger","R/T Shaker","2014"
"39",FALSE,"Dodge Challenger","Dodge","52,000 miles",17998,"Challenger SXT","2014 Dodge","carmax",52000,17998,"Challenger","SXT","2014"
"40",FALSE,"Dodge Challenger","Dodge","126,000 miles",13998,"Challenger SXT","2014 Dodge","carmax",126000,13998,"Challenger","SXT","2014"
"41",FALSE,"Dodge Charger","Dodge","96,000 miles",19998,"Charger R/T","2014 Dodge","carmax",96000,19998,"Charger","R/T","2014"
"42",FALSE,"Dodge Charger","Dodge","66,000 miles",22998,"Charger R/T","2014 Dodge","carmax",66000,22998,"Charger","R/T","2014"
"43",FALSE,"Dodge Charger","Dodge","93,000 miles",14998,"Charger SE","2014 Dodge","carmax",93000,14998,"Charger","SE","2014"
"44",FALSE,"Dodge Charger","Dodge","72,000 miles",16998,"Charger SE","2014 Dodge","carmax",72000,16998,"Charger","SE","2014"
"45",FALSE,"Dodge Charger","Dodge","89,000 miles",14599,"Charger SE","2014 Dodge","carmax",89000,14599,"Charger","SE","2014"
"46",FALSE,"Dodge Charger","Dodge","63,000 miles",15998,"Charger SE","2014 Dodge","carmax",63000,15998,"Charger","SE","2014"
"47",FALSE,"Dodge Charger","Dodge","80,000 miles",15998,"Charger SXT","2014 Dodge","carmax",80000,15998,"Charger","SXT","2014"
"48",FALSE,"Dodge Durango","Dodge","90,000 miles",22998,"Durango R/T","2014 Dodge","carmax",90000,22998,"Durango","R/T","2014"
"49",FALSE,"Ford Mustang","Ford","51,000 miles",18998,"Mustang","2014 Ford","carmax",51000,18998,"Mustang","","2014"
"50",FALSE,"Ford Mustang","Ford","86,000 miles",16998,"Mustang","2014 Ford","carmax",86000,16998,"Mustang","","2014"
"51",FALSE,"Ford Mustang","Ford","63,000 miles",18998,"Mustang","2014 Ford","carmax",63000,18998,"Mustang","","2014"
"52",FALSE,"Ford Mustang","Ford","129,000 miles",14599,"Mustang","2014 Ford","carmax",129000,14599,"Mustang","","2014"
"53",FALSE,"Ford Mustang","Ford","56,000 miles",16998,"Mustang","2014 Ford","carmax",56000,16998,"Mustang","","2014"
"54",FALSE,"Ford Mustang","Ford","77,000 miles",17998,"Mustang","2014 Ford","carmax",77000,17998,"Mustang","","2014"
"55",FALSE,"Ford Mustang","Ford","124,000 miles",13599,"Mustang","2014 Ford","carmax",124000,13599,"Mustang","","2014"
"56",FALSE,"Ford Mustang","Ford","99,000 miles",14998,"Mustang","2014 Ford","carmax",99000,14998,"Mustang","","2014"
"57",FALSE,"Ford Mustang","Ford","84,000 miles",15998,"Mustang","2014 Ford","carmax",84000,15998,"Mustang","","2014"
"58",FALSE,"Ford Mustang","Ford","109,000 miles",14599,"Mustang","2014 Ford","carmax",109000,14599,"Mustang","","2014"
"59",FALSE,"Ford Mustang","Ford","123,000 miles",14599,"Mustang","2014 Ford","carmax",123000,14599,"Mustang","","2014"
"60",FALSE,"Ford Mustang","Ford","28,000 miles",20998,"Mustang","2014 Ford","carmax",28000,20998,"Mustang","","2014"
"61",FALSE,"Ford Mustang","Ford","79,000 miles",17998,"Mustang","2014 Ford","carmax",79000,17998,"Mustang","","2014"
"62",FALSE,"Ford Mustang","Ford","92,000 miles",17998,"Mustang","2014 Ford","carmax",92000,17998,"Mustang","","2014"
"63",FALSE,"Ford Mustang","Ford","32,000 miles",20998,"Mustang","2014 Ford","carmax",32000,20998,"Mustang","","2014"
"64",FALSE,"Ford Mustang","Ford","20,000 miles",23998,"Mustang","2014 Ford","carmax",20000,23998,"Mustang","","2014"
"65",FALSE,"Ford Mustang","Ford","70,000 miles",17998,"Mustang","2014 Ford","carmax",70000,17998,"Mustang","","2014"
"66",FALSE,"Ford Mustang","Ford","126,000 miles",13998,"Mustang","2014 Ford","carmax",126000,13998,"Mustang","","2014"
"67",FALSE,"Ford Mustang","Ford","68,000 miles",19998,"Mustang","2014 Ford","carmax",68000,19998,"Mustang","","2014"
"68",FALSE,"Ford Mustang","Ford","41,000 miles",26998,"Mustang GT","2014 Ford","carmax",41000,26998,"Mustang","GT","2014"
"69",FALSE,"Ford Mustang","Ford","55,000 miles",25998,"Mustang GT","2014 Ford","carmax",55000,25998,"Mustang","GT","2014"
"70",FALSE,"Ford Mustang","Ford","74,000 miles",25998,"Mustang GT","2014 Ford","carmax",74000,25998,"Mustang","GT","2014"
"71",FALSE,"Ford Mustang","Ford","48,000 miles",27998,"Mustang GT Premium","2014 Ford","carmax",48000,27998,"Mustang","GT Premium","2014"
"72",FALSE,"Ford Mustang","Ford","75,000 miles",27998,"Mustang GT Premium","2014 Ford","carmax",75000,27998,"Mustang","GT Premium","2014"
"73",FALSE,"Ford Mustang","Ford","33,000 miles",19998,"Mustang Premium","2014 Ford","carmax",33000,19998,"Mustang","Premium","2014"
"74",FALSE,"Ford Mustang","Ford","100,000 miles",15998,"Mustang Premium","2014 Ford","carmax",100000,15998,"Mustang","Premium","2014"
"75",FALSE,"Ford Mustang","Ford","82,000 miles",16998,"Mustang Premium","2014 Ford","carmax",82000,16998,"Mustang","Premium","2014"
"76",FALSE,"Ford Mustang","Ford","86,000 miles",16998,"Mustang Premium","2014 Ford","carmax",86000,16998,"Mustang","Premium","2014"
"77",FALSE,"Ford Mustang","Ford","71,000 miles",18998,"Mustang Premium","2014 Ford","carmax",71000,18998,"Mustang","Premium","2014"
"78",FALSE,"Ford Mustang","Ford","13,000 miles",21998,"Mustang Premium","2014 Ford","carmax",13000,21998,"Mustang","Premium","2014"
"79",FALSE,"Ford Mustang","Ford","84,000 miles",16998,"Mustang Premium","2014 Ford","carmax",84000,16998,"Mustang","Premium","2014"
"80",FALSE,"Ford Mustang","Ford","14,000 miles",21998,"Mustang Premium","2014 Ford","carmax",14000,21998,"Mustang","Premium","2014"
"81",FALSE,"Ford Mustang","Ford","85,000 miles",15998,"Mustang Premium","2014 Ford","carmax",85000,15998,"Mustang","Premium","2014"
"82",FALSE,"Ford Mustang","Ford","48,000 miles",47998,"Mustang Shelby GT500","2014 Ford","carmax",48000,47998,"Mustang","Shelby GT500","2014"
"83",FALSE,"Ford Mustang","Ford","18,000 miles",56998,"Mustang Shelby GT500","2014 Ford","carmax",18000,56998,"Mustang","Shelby GT500","2014"
"84",FALSE,"Dodge Challenger","Dodge","48,000 miles",29998,"Challenger 392 Hemi Scat Pack Shaker","2015 Dodge","carmax",48000,29998,"Challenger","392 Hemi Scat Pack Shaker","2015"
"85",FALSE,"Dodge Challenger","Dodge","88,000 miles",21998,"Challenger R/T","2015 Dodge","carmax",88000,21998,"Challenger","R/T","2015"
"86",FALSE,"Dodge Challenger","Dodge","13,000 miles",28998,"Challenger R/T Plus","2015 Dodge","carmax",13000,28998,"Challenger","R/T Plus","2015"
"87",FALSE,"Dodge Challenger","Dodge","10,000 miles",30998,"Challenger R/T Plus","2015 Dodge","carmax",10000,30998,"Challenger","R/T Plus","2015"
"88",FALSE,"Dodge Challenger","Dodge","110,000 miles",22998,"Challenger R/T Plus Shaker","2015 Dodge","carmax",110000,22998,"Challenger","R/T Plus Shaker","2015"
"89",FALSE,"Dodge Challenger","Dodge","4,000 miles",34998,"Challenger R/T Scat Pack","2015 Dodge","carmax",4000,34998,"Challenger","R/T Scat Pack","2015"
"90",FALSE,"Dodge Challenger","Dodge","92,000 miles",17998,"Challenger SXT","2015 Dodge","carmax",92000,17998,"Challenger","SXT","2015"
"91",FALSE,"Dodge Challenger","Dodge","16,000 miles",23998,"Challenger SXT","2015 Dodge","carmax",16000,23998,"Challenger","SXT","2015"
"92",FALSE,"Dodge Challenger","Dodge","91,000 miles",17998,"Challenger SXT","2015 Dodge","carmax",91000,17998,"Challenger","SXT","2015"
"93",FALSE,"Dodge Challenger","Dodge","86,000 miles",15998,"Challenger SXT","2015 Dodge","carmax",86000,15998,"Challenger","SXT","2015"
"94",FALSE,"Dodge Challenger","Dodge","75,000 miles",19998,"Challenger SXT","2015 Dodge","carmax",75000,19998,"Challenger","SXT","2015"
"95",FALSE,"Dodge Challenger","Dodge","73,000 miles",20998,"Challenger SXT","2015 Dodge","carmax",73000,20998,"Challenger","SXT","2015"
"96",FALSE,"Dodge Challenger","Dodge","120,000 miles",16998,"Challenger SXT","2015 Dodge","carmax",120000,16998,"Challenger","SXT","2015"
"97",FALSE,"Dodge Challenger","Dodge","24,000 miles",24998,"Challenger SXT Plus","2015 Dodge","carmax",24000,24998,"Challenger","SXT Plus","2015"
"98",FALSE,"Dodge Challenger","Dodge","20,000 miles",22998,"Challenger SXT Plus","2015 Dodge","carmax",20000,22998,"Challenger","SXT Plus","2015"
"99",FALSE,"Dodge Challenger","Dodge","79,000 miles",19998,"Challenger SXT Plus","2015 Dodge","carmax",79000,19998,"Challenger","SXT Plus","2015"
"100",FALSE,"Dodge Charger","Dodge","103,000 miles",19998,"Charger R/T","2015 Dodge","carmax",103000,19998,"Charger","R/T","2015"
"101",FALSE,"Dodge Charger","Dodge","125,000 miles",16998,"Charger R/T","2015 Dodge","carmax",125000,16998,"Charger","R/T","2015"
"102",FALSE,"Dodge Charger","Dodge","99,000 miles",20998,"Charger R/T","2015 Dodge","carmax",99000,20998,"Charger","R/T","2015"
"103",FALSE,"Dodge Charger","Dodge","44,000 miles",19998,"Charger SE","2015 Dodge","carmax",44000,19998,"Charger","SE","2015"
"104",FALSE,"Dodge Charger","Dodge","42,000 miles",18998,"Charger SE","2015 Dodge","carmax",42000,18998,"Charger","SE","2015"
"105",FALSE,"Dodge Charger","Dodge","95,000 miles",15998,"Charger SE","2015 Dodge","carmax",95000,15998,"Charger","SE","2015"
"106",FALSE,"Dodge Charger","Dodge","97,000 miles",16998,"Charger SXT","2015 Dodge","carmax",97000,16998,"Charger","SXT","2015"
"107",FALSE,"Dodge Charger","Dodge","42,000 miles",21998,"Charger SXT","2015 Dodge","carmax",42000,21998,"Charger","SXT","2015"
"108",FALSE,"Dodge Charger","Dodge","126,000 miles",16998,"Charger SXT","2015 Dodge","carmax",126000,16998,"Charger","SXT","2015"
"109",FALSE,"Dodge Charger","Dodge","108,000 miles",15998,"Charger SXT","2015 Dodge","carmax",108000,15998,"Charger","SXT","2015"
"110",FALSE,"Dodge Durango","Dodge","72,000 miles",26998,"Durango R/T","2015 Dodge","carmax",72000,26998,"Durango","R/T","2015"
"111",FALSE,"Ford Mustang","Ford","20,000 miles",22998,"Mustang","2015 Ford","carmax",20000,22998,"Mustang","","2015"
"112",FALSE,"Ford Mustang","Ford","109,000 miles",16998,"Mustang","2015 Ford","carmax",109000,16998,"Mustang","","2015"
"113",FALSE,"Ford Mustang","Ford","122,000 miles",15998,"Mustang","2015 Ford","carmax",122000,15998,"Mustang","","2015"
"114",FALSE,"Ford Mustang","Ford","68,000 miles",19998,"Mustang","2015 Ford","carmax",68000,19998,"Mustang","","2015"
"115",FALSE,"Ford Mustang","Ford","26,000 miles",22998,"Mustang","2015 Ford","carmax",26000,22998,"Mustang","","2015"
"116",FALSE,"Ford Mustang","Ford","109,000 miles",15998,"Mustang","2015 Ford","carmax",109000,15998,"Mustang","","2015"
"117",FALSE,"Ford Mustang","Ford","67,000 miles",19998,"Mustang","2015 Ford","carmax",67000,19998,"Mustang","","2015"
"118",FALSE,"Ford Mustang","Ford","68,000 miles",19998,"Mustang","2015 Ford","carmax",68000,19998,"Mustang","","2015"
"119",FALSE,"Ford Mustang","Ford","117,000 miles",15998,"Mustang","2015 Ford","carmax",117000,15998,"Mustang","","2015"
"120",FALSE,"Ford Mustang","Ford","39,000 miles",20998,"Mustang","2015 Ford","carmax",39000,20998,"Mustang","","2015"
"121",FALSE,"Ford Mustang","Ford","60,000 miles",19998,"Mustang","2015 Ford","carmax",60000,19998,"Mustang","","2015"
"122",FALSE,"Ford Mustang","Ford","78,000 miles",17998,"Mustang","2015 Ford","carmax",78000,17998,"Mustang","","2015"
"123",FALSE,"Ford Mustang","Ford","124,000 miles",15998,"Mustang","2015 Ford","carmax",124000,15998,"Mustang","","2015"
"124",FALSE,"Ford Mustang","Ford","83,000 miles",16998,"Mustang","2015 Ford","carmax",83000,16998,"Mustang","","2015"
"125",FALSE,"Ford Mustang","Ford","11,000 miles",32998,"Mustang 50 Year Limited Edition","2015 Ford","carmax",11000,32998,"Mustang","50 Year Limited Edition","2015"
"126",FALSE,"Ford Mustang","Ford","35,000 miles",29998,"Mustang 50 Year Limited Edition","2015 Ford","carmax",35000,29998,"Mustang","50 Year Limited Edition","2015"
"127",FALSE,"Ford Mustang","Ford","101,000 miles",16998,"Mustang Ecoboost","2015 Ford","carmax",101000,16998,"Mustang","Ecoboost","2015"
"128",FALSE,"Ford Mustang","Ford","35,000 miles",21998,"Mustang Ecoboost","2015 Ford","carmax",35000,21998,"Mustang","Ecoboost","2015"
"129",FALSE,"Ford Mustang","Ford","75,000 miles",20998,"Mustang Ecoboost","2015 Ford","carmax",75000,20998,"Mustang","Ecoboost","2015"
"130",FALSE,"Ford Mustang","Ford","62,000 miles",19998,"Mustang Ecoboost","2015 Ford","carmax",62000,19998,"Mustang","Ecoboost","2015"
"131",FALSE,"Ford Mustang","Ford","66,000 miles",19998,"Mustang Ecoboost","2015 Ford","carmax",66000,19998,"Mustang","Ecoboost","2015"
"132",FALSE,"Ford Mustang","Ford","115,000 miles",15998,"Mustang Ecoboost","2015 Ford","carmax",115000,15998,"Mustang","Ecoboost","2015"
"133",FALSE,"Ford Mustang","Ford","112,000 miles",14998,"Mustang Ecoboost","2015 Ford","carmax",112000,14998,"Mustang","Ecoboost","2015"
"134",FALSE,"Ford Mustang","Ford","118,000 miles",15998,"Mustang Ecoboost","2015 Ford","carmax",118000,15998,"Mustang","Ecoboost","2015"
"135",FALSE,"Ford Mustang","Ford","87,000 miles",17998,"Mustang Ecoboost","2015 Ford","carmax",87000,17998,"Mustang","Ecoboost","2015"
"136",FALSE,"Ford Mustang","Ford","67,000 miles",17998,"Mustang Ecoboost","2015 Ford","carmax",67000,17998,"Mustang","Ecoboost","2015"
"137",FALSE,"Ford Mustang","Ford","80,000 miles",19998,"Mustang Ecoboost","2015 Ford","carmax",80000,19998,"Mustang","Ecoboost","2015"
"138",FALSE,"Ford Mustang","Ford","56,000 miles",19998,"Mustang Ecoboost","2015 Ford","carmax",56000,19998,"Mustang","Ecoboost","2015"
"139",FALSE,"Ford Mustang","Ford","42,000 miles",23998,"Mustang Ecoboost Premium","2015 Ford","carmax",42000,23998,"Mustang","Ecoboost Premium","2015"
"140",FALSE,"Ford Mustang","Ford","56,000 miles",19998,"Mustang Ecoboost Premium","2015 Ford","carmax",56000,19998,"Mustang","Ecoboost Premium","2015"
"141",FALSE,"Ford Mustang","Ford","81,000 miles",19998,"Mustang Ecoboost Premium","2015 Ford","carmax",81000,19998,"Mustang","Ecoboost Premium","2015"
"142",FALSE,"Ford Mustang","Ford","108,000 miles",17998,"Mustang Ecoboost Premium","2015 Ford","carmax",108000,17998,"Mustang","Ecoboost Premium","2015"
"143",FALSE,"Ford Mustang","Ford","58,000 miles",20998,"Mustang Ecoboost Premium","2015 Ford","carmax",58000,20998,"Mustang","Ecoboost Premium","2015"
"144",FALSE,"Ford Mustang","Ford","92,000 miles",18998,"Mustang Ecoboost Premium","2015 Ford","carmax",92000,18998,"Mustang","Ecoboost Premium","2015"
"145",FALSE,"Ford Mustang","Ford","19,000 miles",23998,"Mustang Ecoboost Premium","2015 Ford","carmax",19000,23998,"Mustang","Ecoboost Premium","2015"
"146",FALSE,"Ford Mustang","Ford","109,000 miles",16998,"Mustang Ecoboost Premium","2015 Ford","carmax",109000,16998,"Mustang","Ecoboost Premium","2015"
"147",FALSE,"Ford Mustang","Ford","79,000 miles",18998,"Mustang Ecoboost Premium","2015 Ford","carmax",79000,18998,"Mustang","Ecoboost Premium","2015"
"148",FALSE,"Ford Mustang","Ford","87,000 miles",17998,"Mustang Ecoboost Premium","2015 Ford","carmax",87000,17998,"Mustang","Ecoboost Premium","2015"
"149",FALSE,"Ford Mustang","Ford","14,000 miles",23998,"Mustang Ecoboost Premium","2015 Ford","carmax",14000,23998,"Mustang","Ecoboost Premium","2015"
"150",FALSE,"Ford Mustang","Ford","68,000 miles",20998,"Mustang Ecoboost Premium","2015 Ford","carmax",68000,20998,"Mustang","Ecoboost Premium","2015"
"151",FALSE,"Ford Mustang","Ford","115,000 miles",14998,"Mustang Ecoboost Premium","2015 Ford","carmax",115000,14998,"Mustang","Ecoboost Premium","2015"
"152",FALSE,"Ford Mustang","Ford","72,000 miles",26998,"Mustang GT","2015 Ford","carmax",72000,26998,"Mustang","GT","2015"
"153",FALSE,"Ford Mustang","Ford","101,000 miles",23998,"Mustang GT","2015 Ford","carmax",101000,23998,"Mustang","GT","2015"
"154",FALSE,"Ford Mustang","Ford","104,000 miles",26998,"Mustang GT Premium","2015 Ford","carmax",104000,26998,"Mustang","GT Premium","2015"
"155",FALSE,"Ford Mustang","Ford","87,000 miles",25998,"Mustang GT Premium","2015 Ford","carmax",87000,25998,"Mustang","GT Premium","2015"
"156",FALSE,"Ford Mustang","Ford","114,000 miles",19998,"Mustang GT Premium","2015 Ford","carmax",114000,19998,"Mustang","GT Premium","2015"
"157",FALSE,"Ford Mustang","Ford","49,000 miles",30998,"Mustang GT Premium","2015 Ford","carmax",49000,30998,"Mustang","GT Premium","2015"
"158",FALSE,"Ford Mustang","Ford","87,000 miles",26998,"Mustang GT Premium","2015 Ford","carmax",87000,26998,"Mustang","GT Premium","2015"
"159",FALSE,"Dodge Challenger","Dodge","78,000 miles",23998,"Challenger R/T","2016 Dodge","carmax",78000,23998,"Challenger","R/T","2016"
"160",FALSE,"Dodge Challenger","Dodge","37,000 miles",25998,"Challenger R/T","2016 Dodge","carmax",37000,25998,"Challenger","R/T","2016"
"161",FALSE,"Dodge Challenger","Dodge","90,000 miles",23998,"Challenger R/T","2016 Dodge","carmax",90000,23998,"Challenger","R/T","2016"
"162",FALSE,"Dodge Challenger","Dodge","13,000 miles",29998,"Challenger R/T","2016 Dodge","carmax",13000,29998,"Challenger","R/T","2016"
"163",FALSE,"Dodge Challenger","Dodge","50,000 miles",27998,"Challenger R/T Plus","2016 Dodge","carmax",50000,27998,"Challenger","R/T Plus","2016"
"164",FALSE,"Dodge Challenger","Dodge","127,000 miles",20998,"Challenger R/T Plus","2016 Dodge","carmax",127000,20998,"Challenger","R/T Plus","2016"
"165",FALSE,"Dodge Challenger","Dodge","7,000 miles",35998,"Challenger R/T Plus Shaker","2016 Dodge","carmax",7000,35998,"Challenger","R/T Plus Shaker","2016"
"166",FALSE,"Dodge Challenger","Dodge","60,000 miles",30998,"Challenger R/T Scat Pack","2016 Dodge","carmax",60000,30998,"Challenger","R/T Scat Pack","2016"
"167",FALSE,"Dodge Challenger","Dodge","44,000 miles",32998,"Challenger R/T Scat Pack","2016 Dodge","carmax",44000,32998,"Challenger","R/T Scat Pack","2016"
"168",FALSE,"Dodge Challenger","Dodge","76,000 miles",26998,"Challenger R/T Scat Pack","2016 Dodge","carmax",76000,26998,"Challenger","R/T Scat Pack","2016"
"169",FALSE,"Dodge Challenger","Dodge","28,000 miles",35998,"Challenger SRT 392","2016 Dodge","carmax",28000,35998,"Challenger","SRT 392","2016"
"170",FALSE,"Dodge Challenger","Dodge","51,000 miles",21998,"Challenger SXT","2016 Dodge","carmax",51000,21998,"Challenger","SXT","2016"
"171",FALSE,"Dodge Challenger","Dodge","98,000 miles",16998,"Challenger SXT","2016 Dodge","carmax",98000,16998,"Challenger","SXT","2016"
"172",FALSE,"Dodge Challenger","Dodge","128,000 miles",14599,"Challenger SXT","2016 Dodge","carmax",128000,14599,"Challenger","SXT","2016"
"173",FALSE,"Dodge Challenger","Dodge","89,000 miles",18998,"Challenger SXT","2016 Dodge","carmax",89000,18998,"Challenger","SXT","2016"
"174",FALSE,"Dodge Challenger","Dodge","50,000 miles",20998,"Challenger SXT","2016 Dodge","carmax",50000,20998,"Challenger","SXT","2016"
"175",FALSE,"Dodge Challenger","Dodge","67,000 miles",19998,"Challenger SXT Plus","2016 Dodge","carmax",67000,19998,"Challenger","SXT Plus","2016"
"176",FALSE,"Dodge Challenger","Dodge","36,000 miles",23998,"Challenger SXT Plus","2016 Dodge","carmax",36000,23998,"Challenger","SXT Plus","2016"
"177",FALSE,"Dodge Challenger","Dodge","37,000 miles",23998,"Challenger SXT Plus","2016 Dodge","carmax",37000,23998,"Challenger","SXT Plus","2016"
"178",FALSE,"Dodge Charger","Dodge","56,000 miles",26998,"Charger R/T","2016 Dodge","carmax",56000,26998,"Charger","R/T","2016"
"179",FALSE,"Dodge Charger","Dodge","84,000 miles",22998,"Charger R/T","2016 Dodge","carmax",84000,22998,"Charger","R/T","2016"
"180",FALSE,"Dodge Charger","Dodge","121,000 miles",17998,"Charger R/T","2016 Dodge","carmax",121000,17998,"Charger","R/T","2016"
"181",FALSE,"Dodge Charger","Dodge","122,000 miles",16998,"Charger R/T","2016 Dodge","carmax",122000,16998,"Charger","R/T","2016"
"182",FALSE,"Dodge Charger","Dodge","109,000 miles",17998,"Charger R/T","2016 Dodge","carmax",109000,17998,"Charger","R/T","2016"
"183",FALSE,"Dodge Charger","Dodge","76,000 miles",21998,"Charger R/T","2016 Dodge","carmax",76000,21998,"Charger","R/T","2016"
"184",FALSE,"Dodge Charger","Dodge","65,000 miles",31998,"Charger R/T Scat Pack","2016 Dodge","carmax",65000,31998,"Charger","R/T Scat Pack","2016"
"185",FALSE,"Dodge Charger","Dodge","54,000 miles",33998,"Charger R/T Scat Pack","2016 Dodge","carmax",54000,33998,"Charger","R/T Scat Pack","2016"
"186",FALSE,"Dodge Charger","Dodge","103,000 miles",17998,"Charger SE","2016 Dodge","carmax",103000,17998,"Charger","SE","2016"
"187",FALSE,"Dodge Charger","Dodge","111,000 miles",14599,"Charger SE","2016 Dodge","carmax",111000,14599,"Charger","SE","2016"
"188",FALSE,"Dodge Charger","Dodge","96,000 miles",15998,"Charger SE","2016 Dodge","carmax",96000,15998,"Charger","SE","2016"
"189",FALSE,"Dodge Charger","Dodge","100,000 miles",14998,"Charger SXT","2016 Dodge","carmax",100000,14998,"Charger","SXT","2016"
"190",FALSE,"Dodge Charger","Dodge","35,000 miles",19998,"Charger SXT","2016 Dodge","carmax",35000,19998,"Charger","SXT","2016"
"191",FALSE,"Dodge Charger","Dodge","128,000 miles",16998,"Charger SXT","2016 Dodge","carmax",128000,16998,"Charger","SXT","2016"
"192",FALSE,"Dodge Charger","Dodge","90,000 miles",15998,"Charger SXT","2016 Dodge","carmax",90000,15998,"Charger","SXT","2016"
"193",FALSE,"Dodge Charger","Dodge","71,000 miles",16998,"Charger SXT","2016 Dodge","carmax",71000,16998,"Charger","SXT","2016"
"194",FALSE,"Dodge Charger","Dodge","81,000 miles",16998,"Charger SXT","2016 Dodge","carmax",81000,16998,"Charger","SXT","2016"
"195",FALSE,"Dodge Charger","Dodge","99,000 miles",17998,"Charger SXT","2016 Dodge","carmax",99000,17998,"Charger","SXT","2016"
"196",FALSE,"Dodge Durango","Dodge","66,000 miles",19998,"Durango Limited","2016 Dodge","carmax",66000,19998,"Durango","Limited","2016"
"197",FALSE,"Dodge Durango","Dodge","49,000 miles",20998,"Durango Limited","2016 Dodge","carmax",49000,20998,"Durango","Limited","2016"
"198",FALSE,"Ford Mustang","Ford","72,000 miles",19998,"Mustang","2016 Ford","carmax",72000,19998,"Mustang","","2016"
"199",FALSE,"Ford Mustang","Ford","106,000 miles",16998,"Mustang","2016 Ford","carmax",106000,16998,"Mustang","","2016"
"200",FALSE,"Ford Mustang","Ford","105,000 miles",18998,"Mustang","2016 Ford","carmax",105000,18998,"Mustang","","2016"
"201",FALSE,"Ford Mustang","Ford","12,000 miles",23998,"Mustang","2016 Ford","carmax",12000,23998,"Mustang","","2016"
"202",FALSE,"Ford Mustang","Ford","78,000 miles",18998,"Mustang","2016 Ford","carmax",78000,18998,"Mustang","","2016"
"203",FALSE,"Ford Mustang","Ford","80,000 miles",17998,"Mustang","2016 Ford","carmax",80000,17998,"Mustang","","2016"
"204",FALSE,"Ford Mustang","Ford","94,000 miles",16998,"Mustang","2016 Ford","carmax",94000,16998,"Mustang","","2016"
"205",FALSE,"Ford Mustang","Ford","101,000 miles",16998,"Mustang","2016 Ford","carmax",101000,16998,"Mustang","","2016"
"206",FALSE,"Ford Mustang","Ford","120,000 miles",15998,"Mustang","2016 Ford","carmax",120000,15998,"Mustang","","2016"
"207",FALSE,"Ford Mustang","Ford","105,000 miles",16998,"Mustang","2016 Ford","carmax",105000,16998,"Mustang","","2016"
"208",FALSE,"Ford Mustang","Ford","119,000 miles",16998,"Mustang Ecoboost","2016 Ford","carmax",119000,16998,"Mustang","Ecoboost","2016"
"209",FALSE,"Ford Mustang","Ford","84,000 miles",18998,"Mustang Ecoboost","2016 Ford","carmax",84000,18998,"Mustang","Ecoboost","2016"
"210",FALSE,"Ford Mustang","Ford","79,000 miles",16998,"Mustang Ecoboost","2016 Ford","carmax",79000,16998,"Mustang","Ecoboost","2016"
"211",FALSE,"Ford Mustang","Ford","103,000 miles",14998,"Mustang Ecoboost","2016 Ford","carmax",103000,14998,"Mustang","Ecoboost","2016"
"212",FALSE,"Ford Mustang","Ford","13,000 miles",22998,"Mustang Ecoboost","2016 Ford","carmax",13000,22998,"Mustang","Ecoboost","2016"
"213",FALSE,"Ford Mustang","Ford","98,000 miles",16998,"Mustang Ecoboost","2016 Ford","carmax",98000,16998,"Mustang","Ecoboost","2016"
"214",FALSE,"Ford Mustang","Ford","62,000 miles",20998,"Mustang Ecoboost","2016 Ford","carmax",62000,20998,"Mustang","Ecoboost","2016"
"215",FALSE,"Ford Mustang","Ford","116,000 miles",17998,"Mustang Ecoboost","2016 Ford","carmax",116000,17998,"Mustang","Ecoboost","2016"
"216",FALSE,"Ford Mustang","Ford","124,000 miles",18998,"Mustang Ecoboost","2016 Ford","carmax",124000,18998,"Mustang","Ecoboost","2016"
"217",FALSE,"Ford Mustang","Ford","39,000 miles",21998,"Mustang Ecoboost Premium","2016 Ford","carmax",39000,21998,"Mustang","Ecoboost Premium","2016"
"218",FALSE,"Ford Mustang","Ford","58,000 miles",20998,"Mustang Ecoboost Premium","2016 Ford","carmax",58000,20998,"Mustang","Ecoboost Premium","2016"
"219",FALSE,"Ford Mustang","Ford","82,000 miles",19998,"Mustang Ecoboost Premium","2016 Ford","carmax",82000,19998,"Mustang","Ecoboost Premium","2016"
"220",FALSE,"Ford Mustang","Ford","105,000 miles",17998,"Mustang Ecoboost Premium","2016 Ford","carmax",105000,17998,"Mustang","Ecoboost Premium","2016"
"221",FALSE,"Ford Mustang","Ford","80,000 miles",16998,"Mustang Ecoboost Premium","2016 Ford","carmax",80000,16998,"Mustang","Ecoboost Premium","2016"
"222",FALSE,"Ford Mustang","Ford","93,000 miles",17998,"Mustang Ecoboost Premium","2016 Ford","carmax",93000,17998,"Mustang","Ecoboost Premium","2016"
"223",FALSE,"Ford Mustang","Ford","97,000 miles",17998,"Mustang Ecoboost Premium","2016 Ford","carmax",97000,17998,"Mustang","Ecoboost Premium","2016"
"224",FALSE,"Ford Mustang","Ford","95,000 miles",18998,"Mustang Ecoboost Premium","2016 Ford","carmax",95000,18998,"Mustang","Ecoboost Premium","2016"
"225",FALSE,"Ford Mustang","Ford","87,000 miles",16998,"Mustang Ecoboost Premium","2016 Ford","carmax",87000,16998,"Mustang","Ecoboost Premium","2016"
"226",FALSE,"Ford Mustang","Ford","87,000 miles",19998,"Mustang Ecoboost Premium","2016 Ford","carmax",87000,19998,"Mustang","Ecoboost Premium","2016"
"227",FALSE,"Ford Mustang","Ford","62,000 miles",18998,"Mustang Ecoboost Premium","2016 Ford","carmax",62000,18998,"Mustang","Ecoboost Premium","2016"
"228",FALSE,"Ford Mustang","Ford","107,000 miles",17998,"Mustang Ecoboost Premium","2016 Ford","carmax",107000,17998,"Mustang","Ecoboost Premium","2016"
"229",FALSE,"Ford Mustang","Ford","115,000 miles",14998,"Mustang Ecoboost Premium","2016 Ford","carmax",115000,14998,"Mustang","Ecoboost Premium","2016"
"230",FALSE,"Ford Mustang","Ford","119,000 miles",16998,"Mustang Ecoboost Premium","2016 Ford","carmax",119000,16998,"Mustang","Ecoboost Premium","2016"
"231",FALSE,"Ford Mustang","Ford","82,000 miles",19998,"Mustang Ecoboost Premium","2016 Ford","carmax",82000,19998,"Mustang","Ecoboost Premium","2016"
"232",FALSE,"Ford Mustang","Ford","108,000 miles",25998,"Mustang GT Premium","2016 Ford","carmax",108000,25998,"Mustang","GT Premium","2016"
"233",FALSE,"Ford Mustang","Ford","31,000 miles",32998,"Mustang GT Premium","2016 Ford","carmax",31000,32998,"Mustang","GT Premium","2016"
"234",FALSE,"Ford Mustang","Ford","102,000 miles",28998,"Mustang GT Premium","2016 Ford","carmax",102000,28998,"Mustang","GT Premium","2016"
"235",FALSE,"Ford Mustang","Ford","127,000 miles",22998,"Mustang GT Premium","2016 Ford","carmax",127000,22998,"Mustang","GT Premium","2016"
"236",FALSE,"Ford Mustang","Ford","92,000 miles",25998,"Mustang GT Premium","2016 Ford","carmax",92000,25998,"Mustang","GT Premium","2016"
"237",FALSE,"Ford Mustang","Ford","55,000 miles",28998,"Mustang GT Premium","2016 Ford","carmax",55000,28998,"Mustang","GT Premium","2016"
"238",FALSE,"Ford Mustang","Ford","7,000 miles",34998,"Mustang GT Premium","2016 Ford","carmax",7000,34998,"Mustang","GT Premium","2016"
"239",FALSE,"Ford Mustang","Ford","3,000 miles",56998,"Mustang Shelby GT350","2016 Ford","carmax",3000,56998,"Mustang","Shelby GT350","2016"
"240",FALSE,"Ford Mustang","Ford","12,000 miles",52998,"Mustang Shelby GT350","2016 Ford","carmax",12000,52998,"Mustang","Shelby GT350","2016"
"241",FALSE,"Ford Mustang","Ford","18,000 miles",51998,"Mustang Shelby GT350","2016 Ford","carmax",18000,51998,"Mustang","Shelby GT350","2016"
"242",FALSE,"Dodge Challenger","Dodge","23,000 miles",35998,"Challenger 392 Hemi Scat Pack Shaker","2017 Dodge","carmax",23000,35998,"Challenger","392 Hemi Scat Pack Shaker","2017"
"243",FALSE,"Dodge Challenger","Dodge","64,000 miles",22998,"Challenger GT","2017 Dodge","carmax",64000,22998,"Challenger","GT","2017"
"244",FALSE,"Dodge Challenger","Dodge","80,000 miles",25998,"Challenger R/T","2017 Dodge","carmax",80000,25998,"Challenger","R/T","2017"
"245",FALSE,"Dodge Challenger","Dodge","101,000 miles",24998,"Challenger R/T","2017 Dodge","carmax",101000,24998,"Challenger","R/T","2017"
"246",FALSE,"Dodge Challenger","Dodge","87,000 miles",22998,"Challenger R/T","2017 Dodge","carmax",87000,22998,"Challenger","R/T","2017"
"247",FALSE,"Dodge Challenger","Dodge","82,000 miles",21998,"Challenger R/T","2017 Dodge","carmax",82000,21998,"Challenger","R/T","2017"
"248",FALSE,"Dodge Challenger","Dodge","63,000 miles",24998,"Challenger R/T","2017 Dodge","carmax",63000,24998,"Challenger","R/T","2017"
"249",FALSE,"Dodge Challenger","Dodge","71,000 miles",25998,"Challenger R/T Plus","2017 Dodge","carmax",71000,25998,"Challenger","R/T Plus","2017"
"250",FALSE,"Dodge Challenger","Dodge","49,000 miles",30998,"Challenger R/T Scat Pack","2017 Dodge","carmax",49000,30998,"Challenger","R/T Scat Pack","2017"
"251",FALSE,"Dodge Challenger","Dodge","37,000 miles",21998,"Challenger SXT","2017 Dodge","carmax",37000,21998,"Challenger","SXT","2017"
"252",FALSE,"Dodge Challenger","Dodge","92,000 miles",19998,"Challenger SXT","2017 Dodge","carmax",92000,19998,"Challenger","SXT","2017"
"253",FALSE,"Dodge Challenger","Dodge","66,000 miles",21998,"Challenger SXT","2017 Dodge","carmax",66000,21998,"Challenger","SXT","2017"
"254",FALSE,"Dodge Challenger","Dodge","78,000 miles",20998,"Challenger SXT","2017 Dodge","carmax",78000,20998,"Challenger","SXT","2017"
"255",FALSE,"Dodge Challenger","Dodge","113,000 miles",16998,"Challenger SXT","2017 Dodge","carmax",113000,16998,"Challenger","SXT","2017"
"256",FALSE,"Dodge Challenger","Dodge","57,000 miles",19998,"Challenger SXT","2017 Dodge","carmax",57000,19998,"Challenger","SXT","2017"
"257",FALSE,"Dodge Challenger","Dodge","86,000 miles",19998,"Challenger SXT Plus","2017 Dodge","carmax",86000,19998,"Challenger","SXT Plus","2017"
"258",FALSE,"Dodge Challenger","Dodge","94,000 miles",19998,"Challenger SXT Plus","2017 Dodge","carmax",94000,19998,"Challenger","SXT Plus","2017"
"259",FALSE,"Dodge Challenger","Dodge","75,000 miles",20998,"Challenger SXT Plus","2017 Dodge","carmax",75000,20998,"Challenger","SXT Plus","2017"
"260",FALSE,"Dodge Challenger","Dodge","69,000 miles",19998,"Challenger SXT Plus","2017 Dodge","carmax",69000,19998,"Challenger","SXT Plus","2017"
"261",FALSE,"Dodge Charger","Dodge","99,000 miles",27998,"Charger Daytona 392","2017 Dodge","carmax",99000,27998,"Charger","Daytona 392","2017"
"262",FALSE,"Dodge Charger","Dodge","50,000 miles",35998,"Charger Daytona 392","2017 Dodge","carmax",50000,35998,"Charger","Daytona 392","2017"
"263",FALSE,"Dodge Charger","Dodge","92,000 miles",22998,"Charger R/T","2017 Dodge","carmax",92000,22998,"Charger","R/T","2017"
"264",FALSE,"Dodge Charger","Dodge","61,000 miles",22998,"Charger R/T","2017 Dodge","carmax",61000,22998,"Charger","R/T","2017"
"265",FALSE,"Dodge Charger","Dodge","84,000 miles",22998,"Charger R/T","2017 Dodge","carmax",84000,22998,"Charger","R/T","2017"
"266",FALSE,"Dodge Charger","Dodge","53,000 miles",32998,"Charger R/T Scat Pack","2017 Dodge","carmax",53000,32998,"Charger","R/T Scat Pack","2017"
"267",FALSE,"Dodge Charger","Dodge","91,000 miles",28998,"Charger R/T Scat Pack","2017 Dodge","carmax",91000,28998,"Charger","R/T Scat Pack","2017"
"268",FALSE,"Dodge Charger","Dodge","110,000 miles",15998,"Charger SE","2017 Dodge","carmax",110000,15998,"Charger","SE","2017"
"269",FALSE,"Dodge Charger","Dodge","91,000 miles",18998,"Charger SE","2017 Dodge","carmax",91000,18998,"Charger","SE","2017"
"270",FALSE,"Dodge Charger","Dodge","91,000 miles",16998,"Charger SE","2017 Dodge","carmax",91000,16998,"Charger","SE","2017"
"271",FALSE,"Dodge Charger","Dodge","103,000 miles",15998,"Charger SE","2017 Dodge","carmax",103000,15998,"Charger","SE","2017"
"272",FALSE,"Dodge Charger","Dodge","28,000 miles",21998,"Charger SE","2017 Dodge","carmax",28000,21998,"Charger","SE","2017"
"273",FALSE,"Dodge Charger","Dodge","127,000 miles",14998,"Charger SXT","2017 Dodge","carmax",127000,14998,"Charger","SXT","2017"
"274",FALSE,"Dodge Charger","Dodge","108,000 miles",14998,"Charger SXT","2017 Dodge","carmax",108000,14998,"Charger","SXT","2017"
"275",FALSE,"Dodge Charger","Dodge","98,000 miles",17998,"Charger SXT","2017 Dodge","carmax",98000,17998,"Charger","SXT","2017"
"276",FALSE,"Dodge Charger","Dodge","77,000 miles",19998,"Charger SXT","2017 Dodge","carmax",77000,19998,"Charger","SXT","2017"
"277",FALSE,"Dodge Charger","Dodge","90,000 miles",20998,"Charger SXT","2017 Dodge","carmax",90000,20998,"Charger","SXT","2017"
"278",FALSE,"Dodge Durango","Dodge","70,000 miles",21998,"Durango GT","2017 Dodge","carmax",70000,21998,"Durango","GT","2017"
"279",FALSE,"Dodge Durango","Dodge","70,000 miles",22998,"Durango GT","2017 Dodge","carmax",70000,22998,"Durango","GT","2017"
"280",FALSE,"Dodge Durango","Dodge","29,000 miles",31998,"Durango R/T","2017 Dodge","carmax",29000,31998,"Durango","R/T","2017"
"281",FALSE,"Dodge Durango","Dodge","68,000 miles",28998,"Durango R/T","2017 Dodge","carmax",68000,28998,"Durango","R/T","2017"
"282",FALSE,"Dodge Durango","Dodge","53,000 miles",26998,"Durango R/T","2017 Dodge","carmax",53000,26998,"Durango","R/T","2017"
"283",FALSE,"Ford Mustang","Ford","80,000 miles",18998,"Mustang","2017 Ford","carmax",80000,18998,"Mustang","","2017"
"284",FALSE,"Ford Mustang","Ford","107,000 miles",17998,"Mustang","2017 Ford","carmax",107000,17998,"Mustang","","2017"
"285",FALSE,"Ford Mustang","Ford","60,000 miles",19998,"Mustang","2017 Ford","carmax",60000,19998,"Mustang","","2017"
"286",FALSE,"Ford Mustang","Ford","84,000 miles",18998,"Mustang","2017 Ford","carmax",84000,18998,"Mustang","","2017"
"287",FALSE,"Ford Mustang","Ford","90,000 miles",19998,"Mustang Ecoboost","2017 Ford","carmax",90000,19998,"Mustang","Ecoboost","2017"
"288",FALSE,"Ford Mustang","Ford","83,000 miles",18998,"Mustang Ecoboost","2017 Ford","carmax",83000,18998,"Mustang","Ecoboost","2017"
"289",FALSE,"Ford Mustang","Ford","62,000 miles",19998,"Mustang Ecoboost","2017 Ford","carmax",62000,19998,"Mustang","Ecoboost","2017"
"290",FALSE,"Ford Mustang","Ford","74,000 miles",20998,"Mustang Ecoboost","2017 Ford","carmax",74000,20998,"Mustang","Ecoboost","2017"
"291",FALSE,"Ford Mustang","Ford","108,000 miles",17998,"Mustang Ecoboost","2017 Ford","carmax",108000,17998,"Mustang","Ecoboost","2017"
"292",FALSE,"Ford Mustang","Ford","92,000 miles",19998,"Mustang Ecoboost Premium","2017 Ford","carmax",92000,19998,"Mustang","Ecoboost Premium","2017"
"293",FALSE,"Ford Mustang","Ford","109,000 miles",18998,"Mustang Ecoboost Premium","2017 Ford","carmax",109000,18998,"Mustang","Ecoboost Premium","2017"
"294",FALSE,"Ford Mustang","Ford","40,000 miles",22998,"Mustang Ecoboost Premium","2017 Ford","carmax",40000,22998,"Mustang","Ecoboost Premium","2017"
"295",FALSE,"Ford Mustang","Ford","59,000 miles",21998,"Mustang Ecoboost Premium","2017 Ford","carmax",59000,21998,"Mustang","Ecoboost Premium","2017"
"296",FALSE,"Ford Mustang","Ford","81,000 miles",19998,"Mustang Ecoboost Premium","2017 Ford","carmax",81000,19998,"Mustang","Ecoboost Premium","2017"
"297",FALSE,"Ford Mustang","Ford","57,000 miles",19998,"Mustang Ecoboost Premium","2017 Ford","carmax",57000,19998,"Mustang","Ecoboost Premium","2017"
"298",FALSE,"Ford Mustang","Ford","111,000 miles",15998,"Mustang Ecoboost Premium","2017 Ford","carmax",111000,15998,"Mustang","Ecoboost Premium","2017"
"299",FALSE,"Ford Mustang","Ford","84,000 miles",20998,"Mustang Ecoboost Premium","2017 Ford","carmax",84000,20998,"Mustang","Ecoboost Premium","2017"
"300",FALSE,"Ford Mustang","Ford","95,000 miles",18998,"Mustang Ecoboost Premium","2017 Ford","carmax",95000,18998,"Mustang","Ecoboost Premium","2017"
"301",FALSE,"Ford Mustang","Ford","74,000 miles",20998,"Mustang Ecoboost Premium","2017 Ford","carmax",74000,20998,"Mustang","Ecoboost Premium","2017"
"302",FALSE,"Ford Mustang","Ford","48,000 miles",21998,"Mustang Ecoboost Premium","2017 Ford","carmax",48000,21998,"Mustang","Ecoboost Premium","2017"
"303",FALSE,"Ford Mustang","Ford","30,000 miles",32998,"Mustang GT","2017 Ford","carmax",30000,32998,"Mustang","GT","2017"
"304",FALSE,"Ford Mustang","Ford","46,000 miles",27998,"Mustang GT","2017 Ford","carmax",46000,27998,"Mustang","GT","2017"
"305",FALSE,"Ford Mustang","Ford","76,000 miles",27998,"Mustang GT","2017 Ford","carmax",76000,27998,"Mustang","GT","2017"
"306",FALSE,"Ford Mustang","Ford","82,000 miles",27998,"Mustang GT","2017 Ford","carmax",82000,27998,"Mustang","GT","2017"
"307",FALSE,"Ford Mustang","Ford","44,000 miles",29998,"Mustang GT","2017 Ford","carmax",44000,29998,"Mustang","GT","2017"
"308",FALSE,"Ford Mustang","Ford","31,000 miles",31998,"Mustang GT","2017 Ford","carmax",31000,31998,"Mustang","GT","2017"
"309",FALSE,"Ford Mustang","Ford","35,000 miles",30998,"Mustang GT","2017 Ford","carmax",35000,30998,"Mustang","GT","2017"
"310",FALSE,"Ford Mustang","Ford","53,000 miles",32998,"Mustang GT Premium","2017 Ford","carmax",53000,32998,"Mustang","GT Premium","2017"
"311",FALSE,"Ford Mustang","Ford","85,000 miles",24998,"Mustang GT Premium","2017 Ford","carmax",85000,24998,"Mustang","GT Premium","2017"
"312",FALSE,"Ford Mustang","Ford","61,000 miles",29998,"Mustang GT Premium","2017 Ford","carmax",61000,29998,"Mustang","GT Premium","2017"
"313",FALSE,"Ford Mustang","Ford","79,000 miles",27998,"Mustang GT Premium","2017 Ford","carmax",79000,27998,"Mustang","GT Premium","2017"
"314",FALSE,"Ford Mustang","Ford","43,000 miles",31998,"Mustang GT Premium","2017 Ford","carmax",43000,31998,"Mustang","GT Premium","2017"
"315",FALSE,"Ford Mustang","Ford","10,000 miles",32998,"Mustang GT Premium","2017 Ford","carmax",10000,32998,"Mustang","GT Premium","2017"
"316",FALSE,"Ford Mustang","Ford","77,000 miles",28998,"Mustang GT Premium","2017 Ford","carmax",77000,28998,"Mustang","GT Premium","2017"
"317",FALSE,"Ford Mustang","Ford","33,000 miles",56998,"Mustang Shelby GT350","2017 Ford","carmax",33000,56998,"Mustang","Shelby GT350","2017"
"318",FALSE,"Ford Mustang","Ford","25,000 miles",53998,"Mustang Shelby GT350","2017 Ford","carmax",25000,53998,"Mustang","Shelby GT350","2017"
"319",FALSE,"Ford Mustang","Ford","36,000 miles",48998,"Mustang Shelby GT350","2017 Ford","carmax",36000,48998,"Mustang","Shelby GT350","2017"
"320",FALSE,"Dodge Challenger","Dodge","93,000 miles",21998,"Challenger GT","2018 Dodge","carmax",93000,21998,"Challenger","GT","2018"
"321",FALSE,"Dodge Challenger","Dodge","61,000 miles",22998,"Challenger GT","2018 Dodge","carmax",61000,22998,"Challenger","GT","2018"
"322",FALSE,"Dodge Challenger","Dodge","94,000 miles",21998,"Challenger GT","2018 Dodge","carmax",94000,21998,"Challenger","GT","2018"
"323",FALSE,"Dodge Challenger","Dodge","80,000 miles",21998,"Challenger GT","2018 Dodge","carmax",80000,21998,"Challenger","GT","2018"
"324",FALSE,"Dodge Challenger","Dodge","20,000 miles",27998,"Challenger GT","2018 Dodge","carmax",20000,27998,"Challenger","GT","2018"
"325",FALSE,"Dodge Challenger","Dodge","122,000 miles",21998,"Challenger R/T","2018 Dodge","carmax",122000,21998,"Challenger","R/T","2018"
"326",FALSE,"Dodge Challenger","Dodge","72,000 miles",24998,"Challenger R/T Plus","2018 Dodge","carmax",72000,24998,"Challenger","R/T Plus","2018"
"327",FALSE,"Dodge Challenger","Dodge","52,000 miles",27998,"Challenger R/T Plus","2018 Dodge","carmax",52000,27998,"Challenger","R/T Plus","2018"
"328",FALSE,"Dodge Challenger","Dodge","58,000 miles",26998,"Challenger R/T Plus Shaker","2018 Dodge","carmax",58000,26998,"Challenger","R/T Plus Shaker","2018"
"329",FALSE,"Dodge Challenger","Dodge","123,000 miles",15998,"Challenger SXT","2018 Dodge","carmax",123000,15998,"Challenger","SXT","2018"
"330",FALSE,"Dodge Challenger","Dodge","101,000 miles",17998,"Challenger SXT","2018 Dodge","carmax",101000,17998,"Challenger","SXT","2018"
"331",FALSE,"Dodge Challenger","Dodge","61,000 miles",23998,"Challenger SXT Plus","2018 Dodge","carmax",61000,23998,"Challenger","SXT Plus","2018"
"332",FALSE,"Dodge Challenger","Dodge","116,000 miles",18998,"Challenger SXT Plus","2018 Dodge","carmax",116000,18998,"Challenger","SXT Plus","2018"
"333",FALSE,"Dodge Challenger","Dodge","77,000 miles",20998,"Challenger SXT Plus","2018 Dodge","carmax",77000,20998,"Challenger","SXT Plus","2018"
"334",FALSE,"Dodge Challenger","Dodge","26,000 miles",34998,"Challenger T/A 392","2018 Dodge","carmax",26000,34998,"Challenger","T/A 392","2018"
"335",FALSE,"Dodge Challenger","Dodge","18,000 miles",38998,"Challenger T/A 392","2018 Dodge","carmax",18000,38998,"Challenger","T/A 392","2018"
"336",FALSE,"Dodge Challenger","Dodge","51,000 miles",36998,"Challenger T/A 392","2018 Dodge","carmax",51000,36998,"Challenger","T/A 392","2018"
"337",FALSE,"Dodge Charger","Dodge","10,000 miles",42998,"Charger Daytona 392","2018 Dodge","carmax",10000,42998,"Charger","Daytona 392","2018"
"338",FALSE,"Dodge Charger","Dodge","40,000 miles",38998,"Charger Daytona 392","2018 Dodge","carmax",40000,38998,"Charger","Daytona 392","2018"
"339",FALSE,"Dodge Charger","Dodge","101,000 miles",19998,"Charger GT","2018 Dodge","carmax",101000,19998,"Charger","GT","2018"
"340",FALSE,"Dodge Charger","Dodge","65,000 miles",23998,"Charger GT","2018 Dodge","carmax",65000,23998,"Charger","GT","2018"
"341",FALSE,"Dodge Charger","Dodge","86,000 miles",20998,"Charger GT","2018 Dodge","carmax",86000,20998,"Charger","GT","2018"
"342",FALSE,"Dodge Charger","Dodge","70,000 miles",27998,"Charger R/T","2018 Dodge","carmax",70000,27998,"Charger","R/T","2018"
"343",FALSE,"Dodge Charger","Dodge","89,000 miles",23998,"Charger R/T","2018 Dodge","carmax",89000,23998,"Charger","R/T","2018"
"344",FALSE,"Dodge Charger","Dodge","67,000 miles",26998,"Charger R/T","2018 Dodge","carmax",67000,26998,"Charger","R/T","2018"
"345",FALSE,"Dodge Charger","Dodge","60,000 miles",23998,"Charger R/T","2018 Dodge","carmax",60000,23998,"Charger","R/T","2018"
"346",FALSE,"Dodge Charger","Dodge","93,000 miles",22998,"Charger R/T","2018 Dodge","carmax",93000,22998,"Charger","R/T","2018"
"347",FALSE,"Dodge Charger","Dodge","126,000 miles",19998,"Charger R/T","2018 Dodge","carmax",126000,19998,"Charger","R/T","2018"
"348",FALSE,"Dodge Charger","Dodge","63,000 miles",25998,"Charger R/T","2018 Dodge","carmax",63000,25998,"Charger","R/T","2018"
"349",FALSE,"Dodge Charger","Dodge","55,000 miles",24998,"Charger R/T","2018 Dodge","carmax",55000,24998,"Charger","R/T","2018"
"350",FALSE,"Dodge Charger","Dodge","44,000 miles",36998,"Charger R/T Scat Pack","2018 Dodge","carmax",44000,36998,"Charger","R/T Scat Pack","2018"
"351",FALSE,"Dodge Charger","Dodge","73,000 miles",31998,"Charger R/T Scat Pack","2018 Dodge","carmax",73000,31998,"Charger","R/T Scat Pack","2018"
"352",FALSE,"Dodge Charger","Dodge","108,000 miles",28998,"Charger R/T Scat Pack","2018 Dodge","carmax",108000,28998,"Charger","R/T Scat Pack","2018"
"353",FALSE,"Dodge Charger","Dodge","104,000 miles",17998,"Charger SXT","2018 Dodge","carmax",104000,17998,"Charger","SXT","2018"
"354",FALSE,"Dodge Charger","Dodge","107,000 miles",17998,"Charger SXT","2018 Dodge","carmax",107000,17998,"Charger","SXT","2018"
"355",FALSE,"Dodge Charger","Dodge","38,000 miles",20998,"Charger SXT","2018 Dodge","carmax",38000,20998,"Charger","SXT","2018"
"356",FALSE,"Dodge Charger","Dodge","120,000 miles",16998,"Charger SXT","2018 Dodge","carmax",120000,16998,"Charger","SXT","2018"
"357",FALSE,"Dodge Charger","Dodge","111,000 miles",17998,"Charger SXT","2018 Dodge","carmax",111000,17998,"Charger","SXT","2018"
"358",FALSE,"Dodge Charger","Dodge","89,000 miles",20998,"Charger SXT","2018 Dodge","carmax",89000,20998,"Charger","SXT","2018"
"359",FALSE,"Dodge Charger","Dodge","88,000 miles",18998,"Charger SXT","2018 Dodge","carmax",88000,18998,"Charger","SXT","2018"
"360",FALSE,"Dodge Charger","Dodge","68,000 miles",21998,"Charger SXT","2018 Dodge","carmax",68000,21998,"Charger","SXT","2018"
"361",FALSE,"Dodge Charger","Dodge","50,000 miles",19998,"Charger SXT","2018 Dodge","carmax",50000,19998,"Charger","SXT","2018"
"362",FALSE,"Dodge Charger","Dodge","80,000 miles",19998,"Charger SXT","2018 Dodge","carmax",80000,19998,"Charger","SXT","2018"
"363",FALSE,"Dodge Charger","Dodge","108,000 miles",15998,"Charger SXT","2018 Dodge","carmax",108000,15998,"Charger","SXT","2018"
"364",FALSE,"Dodge Charger","Dodge","86,000 miles",21998,"Charger SXT Plus","2018 Dodge","carmax",86000,21998,"Charger","SXT Plus","2018"
"365",FALSE,"Dodge Charger","Dodge","77,000 miles",22998,"Charger SXT Plus","2018 Dodge","carmax",77000,22998,"Charger","SXT Plus","2018"
"366",FALSE,"Dodge Charger","Dodge","115,000 miles",16998,"Charger SXT Plus","2018 Dodge","carmax",115000,16998,"Charger","SXT Plus","2018"
"367",FALSE,"Dodge Charger","Dodge","88,000 miles",22998,"Charger SXT Plus","2018 Dodge","carmax",88000,22998,"Charger","SXT Plus","2018"
"368",FALSE,"Dodge Durango","Dodge","60,000 miles",24998,"Durango GT","2018 Dodge","carmax",60000,24998,"Durango","GT","2018"
"369",FALSE,"Dodge Durango","Dodge","72,000 miles",25998,"Durango GT","2018 Dodge","carmax",72000,25998,"Durango","GT","2018"
"370",FALSE,"Dodge Durango","Dodge","55,000 miles",29998,"Durango R/T","2018 Dodge","carmax",55000,29998,"Durango","R/T","2018"
"371",FALSE,"Dodge Durango","Dodge","46,000 miles",48998,"Durango SRT","2018 Dodge","carmax",46000,48998,"Durango","SRT","2018"
"372",FALSE,"Dodge Durango","Dodge","53,000 miles",42998,"Durango SRT","2018 Dodge","carmax",53000,42998,"Durango","SRT","2018"
"373",FALSE,"Dodge Durango","Dodge","67,000 miles",43998,"Durango SRT","2018 Dodge","carmax",67000,43998,"Durango","SRT","2018"
"374",FALSE,"Dodge Durango","Dodge","69,000 miles",19998,"Durango SXT","2018 Dodge","carmax",69000,19998,"Durango","SXT","2018"
"375",FALSE,"Dodge Durango","Dodge","70,000 miles",20998,"Durango SXT","2018 Dodge","carmax",70000,20998,"Durango","SXT","2018"
"376",FALSE,"Ford Mustang","Ford","50,000 miles",19998,"Mustang Ecoboost","2018 Ford","carmax",50000,19998,"Mustang","Ecoboost","2018"
"377",FALSE,"Ford Mustang","Ford","9,000 miles",24998,"Mustang Ecoboost","2018 Ford","carmax",9000,24998,"Mustang","Ecoboost","2018"
"378",FALSE,"Ford Mustang","Ford","71,000 miles",20998,"Mustang Ecoboost","2018 Ford","carmax",71000,20998,"Mustang","Ecoboost","2018"
"379",FALSE,"Ford Mustang","Ford","69,000 miles",19998,"Mustang Ecoboost","2018 Ford","carmax",69000,19998,"Mustang","Ecoboost","2018"
"380",FALSE,"Ford Mustang","Ford","85,000 miles",18998,"Mustang Ecoboost","2018 Ford","carmax",85000,18998,"Mustang","Ecoboost","2018"
"381",FALSE,"Ford Mustang","Ford","86,000 miles",18998,"Mustang Ecoboost","2018 Ford","carmax",86000,18998,"Mustang","Ecoboost","2018"
"382",FALSE,"Ford Mustang","Ford","105,000 miles",16998,"Mustang Ecoboost","2018 Ford","carmax",105000,16998,"Mustang","Ecoboost","2018"
"383",FALSE,"Ford Mustang","Ford","56,000 miles",20998,"Mustang Ecoboost","2018 Ford","carmax",56000,20998,"Mustang","Ecoboost","2018"
"384",FALSE,"Ford Mustang","Ford","67,000 miles",20998,"Mustang Ecoboost","2018 Ford","carmax",67000,20998,"Mustang","Ecoboost","2018"
"385",FALSE,"Ford Mustang","Ford","28,000 miles",23998,"Mustang Ecoboost","2018 Ford","carmax",28000,23998,"Mustang","Ecoboost","2018"
"386",FALSE,"Ford Mustang","Ford","63,000 miles",20998,"Mustang Ecoboost","2018 Ford","carmax",63000,20998,"Mustang","Ecoboost","2018"
"387",FALSE,"Ford Mustang","Ford","42,000 miles",20998,"Mustang Ecoboost","2018 Ford","carmax",42000,20998,"Mustang","Ecoboost","2018"
"388",FALSE,"Ford Mustang","Ford","127,000 miles",18998,"Mustang Ecoboost Premium","2018 Ford","carmax",127000,18998,"Mustang","Ecoboost Premium","2018"
"389",FALSE,"Ford Mustang","Ford","79,000 miles",18998,"Mustang Ecoboost Premium","2018 Ford","carmax",79000,18998,"Mustang","Ecoboost Premium","2018"
"390",FALSE,"Ford Mustang","Ford","73,000 miles",20998,"Mustang Ecoboost Premium","2018 Ford","carmax",73000,20998,"Mustang","Ecoboost Premium","2018"
"391",FALSE,"Ford Mustang","Ford","87,000 miles",19998,"Mustang Ecoboost Premium","2018 Ford","carmax",87000,19998,"Mustang","Ecoboost Premium","2018"
"392",FALSE,"Ford Mustang","Ford","93,000 miles",19998,"Mustang Ecoboost Premium","2018 Ford","carmax",93000,19998,"Mustang","Ecoboost Premium","2018"
"393",FALSE,"Ford Mustang","Ford","53,000 miles",24998,"Mustang Ecoboost Premium","2018 Ford","carmax",53000,24998,"Mustang","Ecoboost Premium","2018"
"394",FALSE,"Ford Mustang","Ford","99,000 miles",18998,"Mustang Ecoboost Premium","2018 Ford","carmax",99000,18998,"Mustang","Ecoboost Premium","2018"
"395",FALSE,"Ford Mustang","Ford","101,000 miles",17998,"Mustang Ecoboost Premium","2018 Ford","carmax",101000,17998,"Mustang","Ecoboost Premium","2018"
"396",FALSE,"Ford Mustang","Ford","88,000 miles",16998,"Mustang Ecoboost Premium","2018 Ford","carmax",88000,16998,"Mustang","Ecoboost Premium","2018"
"397",FALSE,"Ford Mustang","Ford","80,000 miles",17998,"Mustang Ecoboost Premium","2018 Ford","carmax",80000,17998,"Mustang","Ecoboost Premium","2018"
"398",FALSE,"Ford Mustang","Ford","58,000 miles",20998,"Mustang Ecoboost Premium","2018 Ford","carmax",58000,20998,"Mustang","Ecoboost Premium","2018"
"399",FALSE,"Ford Mustang","Ford","112,000 miles",18998,"Mustang Ecoboost Premium","2018 Ford","carmax",112000,18998,"Mustang","Ecoboost Premium","2018"
"400",FALSE,"Ford Mustang","Ford","98,000 miles",19998,"Mustang Ecoboost Premium","2018 Ford","carmax",98000,19998,"Mustang","Ecoboost Premium","2018"
"401",FALSE,"Ford Mustang","Ford","70,000 miles",17998,"Mustang Ecoboost Premium","2018 Ford","carmax",70000,17998,"Mustang","Ecoboost Premium","2018"
"402",FALSE,"Ford Mustang","Ford","49,000 miles",22998,"Mustang Ecoboost Premium","2018 Ford","carmax",49000,22998,"Mustang","Ecoboost Premium","2018"
"403",FALSE,"Ford Mustang","Ford","88,000 miles",25998,"Mustang GT","2018 Ford","carmax",88000,25998,"Mustang","GT","2018"
"404",FALSE,"Ford Mustang","Ford","36,000 miles",32998,"Mustang GT","2018 Ford","carmax",36000,32998,"Mustang","GT","2018"
"405",FALSE,"Ford Mustang","Ford","20,000 miles",37998,"Mustang GT Premium","2018 Ford","carmax",20000,37998,"Mustang","GT Premium","2018"
"406",FALSE,"Ford Mustang","Ford","18,000 miles",38998,"Mustang GT Premium","2018 Ford","carmax",18000,38998,"Mustang","GT Premium","2018"
"407",FALSE,"Ford Mustang","Ford","66,000 miles",29998,"Mustang GT Premium","2018 Ford","carmax",66000,29998,"Mustang","GT Premium","2018"
"408",FALSE,"Ford Mustang","Ford","79,000 miles",29998,"Mustang GT Premium","2018 Ford","carmax",79000,29998,"Mustang","GT Premium","2018"
"409",FALSE,"Ford Mustang","Ford","62,000 miles",26998,"Mustang GT Premium","2018 Ford","carmax",62000,26998,"Mustang","GT Premium","2018"
"410",FALSE,"Ford Mustang","Ford","21,000 miles",35998,"Mustang GT Premium","2018 Ford","carmax",21000,35998,"Mustang","GT Premium","2018"
"411",FALSE,"Ford Mustang","Ford","54,000 miles",31998,"Mustang GT Premium","2018 Ford","carmax",54000,31998,"Mustang","GT Premium","2018"
"412",FALSE,"Ford Mustang","Ford","50,000 miles",50998,"Mustang Shelby GT350","2018 Ford","carmax",50000,50998,"Mustang","Shelby GT350","2018"
"413",FALSE,"Ford Mustang","Ford","46,000 miles",52998,"Mustang Shelby GT350","2018 Ford","carmax",46000,52998,"Mustang","Shelby GT350","2018"
"414",FALSE,"Ford Mustang","Ford","12,000 miles",58998,"Mustang Shelby GT350","2018 Ford","carmax",12000,58998,"Mustang","Shelby GT350","2018"
"415",FALSE,"Ford Mustang","Ford","58,000 miles",45998,"Mustang Shelby GT350","2018 Ford","carmax",58000,45998,"Mustang","Shelby GT350","2018"
"416",FALSE,"Ford Mustang","Ford","50,000 miles",51998,"Mustang Shelby GT350","2018 Ford","carmax",50000,51998,"Mustang","Shelby GT350","2018"
"417",FALSE,"Ford Mustang","Ford","65,000 miles",45998,"Mustang Shelby GT350","2018 Ford","carmax",65000,45998,"Mustang","Shelby GT350","2018"
"418",FALSE,"Dodge Challenger","Dodge","47,000 miles",24998,"Challenger GT","2019 Dodge","carmax",47000,24998,"Challenger","GT","2019"
"419",FALSE,"Dodge Challenger","Dodge","109,000 miles",20998,"Challenger GT","2019 Dodge","carmax",109000,20998,"Challenger","GT","2019"
"420",FALSE,"Dodge Challenger","Dodge","60,000 miles",27998,"Challenger GT","2019 Dodge","carmax",60000,27998,"Challenger","GT","2019"
"421",FALSE,"Dodge Challenger","Dodge","66,000 miles",24998,"Challenger GT","2019 Dodge","carmax",66000,24998,"Challenger","GT","2019"
"422",FALSE,"Dodge Challenger","Dodge","30,000 miles",25998,"Challenger GT","2019 Dodge","carmax",30000,25998,"Challenger","GT","2019"
"423",FALSE,"Dodge Challenger","Dodge","30,000 miles",26998,"Challenger GT Plus","2019 Dodge","carmax",30000,26998,"Challenger","GT Plus","2019"
"424",FALSE,"Dodge Challenger","Dodge","87,000 miles",25998,"Challenger R/T","2019 Dodge","carmax",87000,25998,"Challenger","R/T","2019"
"425",FALSE,"Dodge Challenger","Dodge","81,000 miles",23998,"Challenger R/T","2019 Dodge","carmax",81000,23998,"Challenger","R/T","2019"
"426",FALSE,"Dodge Challenger","Dodge","89,000 miles",25998,"Challenger R/T","2019 Dodge","carmax",89000,25998,"Challenger","R/T","2019"
"427",FALSE,"Dodge Challenger","Dodge","31,000 miles",29998,"Challenger R/T","2019 Dodge","carmax",31000,29998,"Challenger","R/T","2019"
"428",FALSE,"Dodge Challenger","Dodge","49,000 miles",26998,"Challenger R/T","2019 Dodge","carmax",49000,26998,"Challenger","R/T","2019"
"429",FALSE,"Dodge Challenger","Dodge","60,000 miles",26998,"Challenger R/T","2019 Dodge","carmax",60000,26998,"Challenger","R/T","2019"
"430",FALSE,"Dodge Challenger","Dodge","49,000 miles",27998,"Challenger R/T","2019 Dodge","carmax",49000,27998,"Challenger","R/T","2019"
"431",FALSE,"Dodge Challenger","Dodge","48,000 miles",26998,"Challenger R/T","2019 Dodge","carmax",48000,26998,"Challenger","R/T","2019"
"432",FALSE,"Dodge Challenger","Dodge","40,000 miles",28998,"Challenger R/T Plus","2019 Dodge","carmax",40000,28998,"Challenger","R/T Plus","2019"
"433",FALSE,"Dodge Challenger","Dodge","73,000 miles",27998,"Challenger R/T Plus","2019 Dodge","carmax",73000,27998,"Challenger","R/T Plus","2019"
"434",FALSE,"Dodge Challenger","Dodge","22,000 miles",39998,"Challenger R/T Scat Pack","2019 Dodge","carmax",22000,39998,"Challenger","R/T Scat Pack","2019"
"435",FALSE,"Dodge Challenger","Dodge","44,000 miles",34998,"Challenger R/T Scat Pack","2019 Dodge","carmax",44000,34998,"Challenger","R/T Scat Pack","2019"
"436",FALSE,"Dodge Challenger","Dodge","85,000 miles",31998,"Challenger R/T Scat Pack","2019 Dodge","carmax",85000,31998,"Challenger","R/T Scat Pack","2019"
"437",FALSE,"Dodge Challenger","Dodge","5,000 miles",39998,"Challenger R/T Scat Pack","2019 Dodge","carmax",5000,39998,"Challenger","R/T Scat Pack","2019"
"438",FALSE,"Dodge Challenger","Dodge","92,000 miles",31998,"Challenger R/T Scat Pack","2019 Dodge","carmax",92000,31998,"Challenger","R/T Scat Pack","2019"
"439",FALSE,"Dodge Challenger","Dodge","54,000 miles",32998,"Challenger R/T Scat Pack","2019 Dodge","carmax",54000,32998,"Challenger","R/T Scat Pack","2019"
"440",FALSE,"Dodge Challenger","Dodge","20,000 miles",46998,"Challenger R/T Scat Pack Widebody","2019 Dodge","carmax",20000,46998,"Challenger","R/T Scat Pack Widebody","2019"
"441",FALSE,"Dodge Challenger","Dodge","73,000 miles",35998,"Challenger R/T Scat Pack Widebody","2019 Dodge","carmax",73000,35998,"Challenger","R/T Scat Pack Widebody","2019"
"442",FALSE,"Dodge Challenger","Dodge","24,000 miles",45998,"Challenger R/T Scat Pack Widebody","2019 Dodge","carmax",24000,45998,"Challenger","R/T Scat Pack Widebody","2019"
"443",FALSE,"Dodge Challenger","Dodge","47,000 miles",36998,"Challenger R/T Scat Pack Widebody","2019 Dodge","carmax",47000,36998,"Challenger","R/T Scat Pack Widebody","2019"
"444",FALSE,"Dodge Challenger","Dodge","10,000 miles",47998,"Challenger R/T Scat Pack Widebody","2019 Dodge","carmax",10000,47998,"Challenger","R/T Scat Pack Widebody","2019"
"445",FALSE,"Dodge Challenger","Dodge","36,000 miles",24998,"Challenger SXT","2019 Dodge","carmax",36000,24998,"Challenger","SXT","2019"
"446",FALSE,"Dodge Challenger","Dodge","70,000 miles",20998,"Challenger SXT","2019 Dodge","carmax",70000,20998,"Challenger","SXT","2019"
"447",FALSE,"Dodge Challenger","Dodge","106,000 miles",17998,"Challenger SXT","2019 Dodge","carmax",106000,17998,"Challenger","SXT","2019"
"448",FALSE,"Dodge Challenger","Dodge","82,000 miles",19998,"Challenger SXT","2019 Dodge","carmax",82000,19998,"Challenger","SXT","2019"
"449",FALSE,"Dodge Challenger","Dodge","45,000 miles",22998,"Challenger SXT","2019 Dodge","carmax",45000,22998,"Challenger","SXT","2019"
"450",FALSE,"Dodge Challenger","Dodge","98,000 miles",20998,"Challenger SXT","2019 Dodge","carmax",98000,20998,"Challenger","SXT","2019"
"451",FALSE,"Dodge Challenger","Dodge","27,000 miles",23998,"Challenger SXT","2019 Dodge","carmax",27000,23998,"Challenger","SXT","2019"
"452",FALSE,"Dodge Challenger","Dodge","55,000 miles",21998,"Challenger SXT","2019 Dodge","carmax",55000,21998,"Challenger","SXT","2019"
"453",FALSE,"Dodge Challenger","Dodge","38,000 miles",21998,"Challenger SXT","2019 Dodge","carmax",38000,21998,"Challenger","SXT","2019"
"454",FALSE,"Dodge Challenger","Dodge","42,000 miles",25998,"Challenger SXT","2019 Dodge","carmax",42000,25998,"Challenger","SXT","2019"
"455",FALSE,"Dodge Challenger","Dodge","81,000 miles",19998,"Challenger SXT","2019 Dodge","carmax",81000,19998,"Challenger","SXT","2019"
"456",FALSE,"Dodge Challenger","Dodge","31,000 miles",22998,"Challenger SXT","2019 Dodge","carmax",31000,22998,"Challenger","SXT","2019"
"457",FALSE,"Dodge Challenger","Dodge","77,000 miles",23998,"Challenger SXT","2019 Dodge","carmax",77000,23998,"Challenger","SXT","2019"
"458",FALSE,"Dodge Challenger","Dodge","50,000 miles",20998,"Challenger SXT","2019 Dodge","carmax",50000,20998,"Challenger","SXT","2019"
"459",FALSE,"Dodge Challenger","Dodge","106,000 miles",20998,"Challenger SXT","2019 Dodge","carmax",106000,20998,"Challenger","SXT","2019"
"460",FALSE,"Dodge Challenger","Dodge","86,000 miles",19998,"Challenger SXT","2019 Dodge","carmax",86000,19998,"Challenger","SXT","2019"
"461",FALSE,"Dodge Challenger","Dodge","52,000 miles",21998,"Challenger SXT","2019 Dodge","carmax",52000,21998,"Challenger","SXT","2019"
"462",FALSE,"Dodge Challenger","Dodge","43,000 miles",23998,"Challenger SXT","2019 Dodge","carmax",43000,23998,"Challenger","SXT","2019"
"463",FALSE,"Dodge Challenger","Dodge","27,000 miles",22998,"Challenger SXT","2019 Dodge","carmax",27000,22998,"Challenger","SXT","2019"
"464",FALSE,"Dodge Challenger","Dodge","61,000 miles",21998,"Challenger SXT","2019 Dodge","carmax",61000,21998,"Challenger","SXT","2019"
"465",FALSE,"Dodge Challenger","Dodge","90,000 miles",19998,"Challenger SXT","2019 Dodge","carmax",90000,19998,"Challenger","SXT","2019"
"466",FALSE,"Dodge Challenger","Dodge","41,000 miles",21998,"Challenger SXT","2019 Dodge","carmax",41000,21998,"Challenger","SXT","2019"
"467",FALSE,"Dodge Challenger","Dodge","22,000 miles",25998,"Challenger SXT","2019 Dodge","carmax",22000,25998,"Challenger","SXT","2019"
"468",FALSE,"Dodge Challenger","Dodge","43,000 miles",22998,"Challenger SXT","2019 Dodge","carmax",43000,22998,"Challenger","SXT","2019"
"469",FALSE,"Dodge Challenger","Dodge","43,000 miles",21998,"Challenger SXT","2019 Dodge","carmax",43000,21998,"Challenger","SXT","2019"
"470",FALSE,"Dodge Challenger","Dodge","57,000 miles",21998,"Challenger SXT","2019 Dodge","carmax",57000,21998,"Challenger","SXT","2019"
"471",FALSE,"Dodge Challenger","Dodge","41,000 miles",25998,"Challenger SXT","2019 Dodge","carmax",41000,25998,"Challenger","SXT","2019"
"472",FALSE,"Dodge Challenger","Dodge","78,000 miles",20998,"Challenger SXT","2019 Dodge","carmax",78000,20998,"Challenger","SXT","2019"
"473",FALSE,"Dodge Challenger","Dodge","60,000 miles",21998,"Challenger SXT Plus","2019 Dodge","carmax",60000,21998,"Challenger","SXT Plus","2019"
"474",FALSE,"Dodge Challenger","Dodge","59,000 miles",21998,"Challenger SXT Plus","2019 Dodge","carmax",59000,21998,"Challenger","SXT Plus","2019"
"475",FALSE,"Dodge Charger","Dodge","58,000 miles",37998,"Charger Daytona 392","2019 Dodge","carmax",58000,37998,"Charger","Daytona 392","2019"
"476",FALSE,"Dodge Charger","Dodge","40,000 miles",23998,"Charger GT","2019 Dodge","carmax",40000,23998,"Charger","GT","2019"
"477",FALSE,"Dodge Charger","Dodge","71,000 miles",24998,"Charger GT","2019 Dodge","carmax",71000,24998,"Charger","GT","2019"
"478",FALSE,"Dodge Charger","Dodge","28,000 miles",29998,"Charger GT","2019 Dodge","carmax",28000,29998,"Charger","GT","2019"
"479",FALSE,"Dodge Charger","Dodge","115,000 miles",20998,"Charger GT","2019 Dodge","carmax",115000,20998,"Charger","GT","2019"
"480",FALSE,"Dodge Charger","Dodge","42,000 miles",23998,"Charger GT","2019 Dodge","carmax",42000,23998,"Charger","GT","2019"
"481",FALSE,"Dodge Charger","Dodge","67,000 miles",23998,"Charger GT","2019 Dodge","carmax",67000,23998,"Charger","GT","2019"
"482",FALSE,"Dodge Charger","Dodge","57,000 miles",24998,"Charger GT Plus","2019 Dodge","carmax",57000,24998,"Charger","GT Plus","2019"
"483",FALSE,"Dodge Charger","Dodge","50,000 miles",26998,"Charger GT Plus","2019 Dodge","carmax",50000,26998,"Charger","GT Plus","2019"
"484",FALSE,"Dodge Charger","Dodge","45,000 miles",27998,"Charger GT Plus","2019 Dodge","carmax",45000,27998,"Charger","GT Plus","2019"
"485",FALSE,"Dodge Charger","Dodge","114,000 miles",23998,"Charger R/T","2019 Dodge","carmax",114000,23998,"Charger","R/T","2019"
"486",FALSE,"Dodge Charger","Dodge","58,000 miles",30998,"Charger R/T","2019 Dodge","carmax",58000,30998,"Charger","R/T","2019"
"487",FALSE,"Dodge Charger","Dodge","120,000 miles",22998,"Charger R/T","2019 Dodge","carmax",120000,22998,"Charger","R/T","2019"
"488",FALSE,"Dodge Charger","Dodge","77,000 miles",25998,"Charger R/T","2019 Dodge","carmax",77000,25998,"Charger","R/T","2019"
"489",FALSE,"Dodge Charger","Dodge","80,000 miles",26998,"Charger R/T","2019 Dodge","carmax",80000,26998,"Charger","R/T","2019"
"490",FALSE,"Dodge Charger","Dodge","35,000 miles",29998,"Charger R/T","2019 Dodge","carmax",35000,29998,"Charger","R/T","2019"
"491",FALSE,"Dodge Charger","Dodge","58,000 miles",28998,"Charger R/T","2019 Dodge","carmax",58000,28998,"Charger","R/T","2019"
"492",FALSE,"Dodge Charger","Dodge","66,000 miles",27998,"Charger R/T Plus","2019 Dodge","carmax",66000,27998,"Charger","R/T Plus","2019"
"493",FALSE,"Dodge Charger","Dodge","72,000 miles",29998,"Charger R/T Plus","2019 Dodge","carmax",72000,29998,"Charger","R/T Plus","2019"
"494",FALSE,"Dodge Charger","Dodge","45,000 miles",38998,"Charger R/T Scat Pack","2019 Dodge","carmax",45000,38998,"Charger","R/T Scat Pack","2019"
"495",FALSE,"Dodge Charger","Dodge","51,000 miles",37998,"Charger R/T Scat Pack","2019 Dodge","carmax",51000,37998,"Charger","R/T Scat Pack","2019"
"496",FALSE,"Dodge Charger","Dodge","11,000 miles",43998,"Charger R/T Scat Pack","2019 Dodge","carmax",11000,43998,"Charger","R/T Scat Pack","2019"
"497",FALSE,"Dodge Charger","Dodge","44,000 miles",38998,"Charger R/T Scat Pack","2019 Dodge","carmax",44000,38998,"Charger","R/T Scat Pack","2019"
"498",FALSE,"Dodge Charger","Dodge","11,000 miles",41998,"Charger R/T Scat Pack","2019 Dodge","carmax",11000,41998,"Charger","R/T Scat Pack","2019"
"499",FALSE,"Dodge Charger","Dodge","55,000 miles",39998,"Charger R/T Scat Pack","2019 Dodge","carmax",55000,39998,"Charger","R/T Scat Pack","2019"
"500",FALSE,"Dodge Charger","Dodge","63,000 miles",35998,"Charger R/T Scat Pack","2019 Dodge","carmax",63000,35998,"Charger","R/T Scat Pack","2019"
"501",FALSE,"Dodge Charger","Dodge","33,000 miles",37998,"Charger R/T Scat Pack","2019 Dodge","carmax",33000,37998,"Charger","R/T Scat Pack","2019"
"502",FALSE,"Dodge Charger","Dodge","41,000 miles",39998,"Charger R/T Scat Pack","2019 Dodge","carmax",41000,39998,"Charger","R/T Scat Pack","2019"
"503",FALSE,"Dodge Charger","Dodge","61,000 miles",36998,"Charger R/T Scat Pack","2019 Dodge","carmax",61000,36998,"Charger","R/T Scat Pack","2019"
"504",FALSE,"Dodge Charger","Dodge","88,000 miles",30998,"Charger R/T Scat Pack","2019 Dodge","carmax",88000,30998,"Charger","R/T Scat Pack","2019"
"505",FALSE,"Dodge Charger","Dodge","22,000 miles",39998,"Charger R/T Scat Pack","2019 Dodge","carmax",22000,39998,"Charger","R/T Scat Pack","2019"
"506",FALSE,"Dodge Charger","Dodge","36,000 miles",38998,"Charger R/T Scat Pack Plus","2019 Dodge","carmax",36000,38998,"Charger","R/T Scat Pack Plus","2019"
"507",FALSE,"Dodge Charger","Dodge","53,000 miles",22998,"Charger SXT","2019 Dodge","carmax",53000,22998,"Charger","SXT","2019"
"508",FALSE,"Dodge Charger","Dodge","59,000 miles",22998,"Charger SXT","2019 Dodge","carmax",59000,22998,"Charger","SXT","2019"
"509",FALSE,"Dodge Charger","Dodge","108,000 miles",18998,"Charger SXT","2019 Dodge","carmax",108000,18998,"Charger","SXT","2019"
"510",FALSE,"Dodge Charger","Dodge","19,000 miles",24998,"Charger SXT","2019 Dodge","carmax",19000,24998,"Charger","SXT","2019"
"511",FALSE,"Dodge Charger","Dodge","83,000 miles",20998,"Charger SXT","2019 Dodge","carmax",83000,20998,"Charger","SXT","2019"
"512",FALSE,"Dodge Charger","Dodge","96,000 miles",18998,"Charger SXT","2019 Dodge","carmax",96000,18998,"Charger","SXT","2019"
"513",FALSE,"Dodge Charger","Dodge","43,000 miles",22998,"Charger SXT","2019 Dodge","carmax",43000,22998,"Charger","SXT","2019"
"514",FALSE,"Dodge Charger","Dodge","59,000 miles",19998,"Charger SXT","2019 Dodge","carmax",59000,19998,"Charger","SXT","2019"
"515",FALSE,"Dodge Charger","Dodge","126,000 miles",17998,"Charger SXT","2019 Dodge","carmax",126000,17998,"Charger","SXT","2019"
"516",FALSE,"Dodge Charger","Dodge","32,000 miles",21998,"Charger SXT","2019 Dodge","carmax",32000,21998,"Charger","SXT","2019"
"517",FALSE,"Dodge Charger","Dodge","76,000 miles",19998,"Charger SXT","2019 Dodge","carmax",76000,19998,"Charger","SXT","2019"
"518",FALSE,"Dodge Charger","Dodge","50,000 miles",18998,"Charger SXT","2019 Dodge","carmax",50000,18998,"Charger","SXT","2019"
"519",FALSE,"Dodge Charger","Dodge","47,000 miles",19998,"Charger SXT","2019 Dodge","carmax",47000,19998,"Charger","SXT","2019"
"520",FALSE,"Dodge Charger","Dodge","72,000 miles",20998,"Charger SXT","2019 Dodge","carmax",72000,20998,"Charger","SXT","2019"
"521",FALSE,"Dodge Charger","Dodge","86,000 miles",19998,"Charger SXT Plus","2019 Dodge","carmax",86000,19998,"Charger","SXT Plus","2019"
"522",FALSE,"Dodge Durango","Dodge","70,000 miles",24998,"Durango GT","2019 Dodge","carmax",70000,24998,"Durango","GT","2019"
"523",FALSE,"Dodge Durango","Dodge","53,000 miles",25998,"Durango GT Plus","2019 Dodge","carmax",53000,25998,"Durango","GT Plus","2019"
"524",FALSE,"Dodge Durango","Dodge","60,000 miles",24998,"Durango GT Plus","2019 Dodge","carmax",60000,24998,"Durango","GT Plus","2019"
"525",FALSE,"Dodge Durango","Dodge","67,000 miles",22998,"Durango GT Plus","2019 Dodge","carmax",67000,22998,"Durango","GT Plus","2019"
"526",FALSE,"Dodge Durango","Dodge","61,000 miles",26998,"Durango R/T","2019 Dodge","carmax",61000,26998,"Durango","R/T","2019"
"527",FALSE,"Dodge Durango","Dodge","60,000 miles",30998,"Durango R/T","2019 Dodge","carmax",60000,30998,"Durango","R/T","2019"
"528",FALSE,"Dodge Durango","Dodge","65,000 miles",28998,"Durango R/T","2019 Dodge","carmax",65000,28998,"Durango","R/T","2019"
"529",FALSE,"Dodge Durango","Dodge","48,000 miles",21998,"Durango SXT","2019 Dodge","carmax",48000,21998,"Durango","SXT","2019"
"530",FALSE,"Dodge Durango","Dodge","45,000 miles",23998,"Durango SXT","2019 Dodge","carmax",45000,23998,"Durango","SXT","2019"
"531",FALSE,"Ford Mustang","Ford","53,000 miles",36998,"Mustang Bullitt","2019 Ford","carmax",53000,36998,"Mustang","Bullitt","2019"
"532",FALSE,"Ford Mustang","Ford","19,000 miles",23998,"Mustang Ecoboost","2019 Ford","carmax",19000,23998,"Mustang","Ecoboost","2019"
"533",FALSE,"Ford Mustang","Ford","110,000 miles",19998,"Mustang Ecoboost","2019 Ford","carmax",110000,19998,"Mustang","Ecoboost","2019"
"534",FALSE,"Ford Mustang","Ford","43,000 miles",22998,"Mustang Ecoboost","2019 Ford","carmax",43000,22998,"Mustang","Ecoboost","2019"
"535",FALSE,"Ford Mustang","Ford","29,000 miles",24998,"Mustang Ecoboost","2019 Ford","carmax",29000,24998,"Mustang","Ecoboost","2019"
"536",FALSE,"Ford Mustang","Ford","104,000 miles",18998,"Mustang Ecoboost","2019 Ford","carmax",104000,18998,"Mustang","Ecoboost","2019"
"537",FALSE,"Ford Mustang","Ford","55,000 miles",20998,"Mustang Ecoboost","2019 Ford","carmax",55000,20998,"Mustang","Ecoboost","2019"
"538",FALSE,"Ford Mustang","Ford","42,000 miles",23998,"Mustang Ecoboost","2019 Ford","carmax",42000,23998,"Mustang","Ecoboost","2019"
"539",FALSE,"Ford Mustang","Ford","78,000 miles",20998,"Mustang Ecoboost","2019 Ford","carmax",78000,20998,"Mustang","Ecoboost","2019"
"540",FALSE,"Ford Mustang","Ford","71,000 miles",19998,"Mustang Ecoboost","2019 Ford","carmax",71000,19998,"Mustang","Ecoboost","2019"
"541",FALSE,"Ford Mustang","Ford","32,000 miles",22998,"Mustang Ecoboost","2019 Ford","carmax",32000,22998,"Mustang","Ecoboost","2019"
"542",FALSE,"Ford Mustang","Ford","107,000 miles",15998,"Mustang Ecoboost","2019 Ford","carmax",107000,15998,"Mustang","Ecoboost","2019"
"543",FALSE,"Ford Mustang","Ford","64,000 miles",19998,"Mustang Ecoboost","2019 Ford","carmax",64000,19998,"Mustang","Ecoboost","2019"
"544",FALSE,"Ford Mustang","Ford","100,000 miles",17998,"Mustang Ecoboost","2019 Ford","carmax",100000,17998,"Mustang","Ecoboost","2019"
"545",FALSE,"Ford Mustang","Ford","2,000 miles",26998,"Mustang Ecoboost","2019 Ford","carmax",2000,26998,"Mustang","Ecoboost","2019"
"546",FALSE,"Ford Mustang","Ford","50,000 miles",21998,"Mustang Ecoboost","2019 Ford","carmax",50000,21998,"Mustang","Ecoboost","2019"
"547",FALSE,"Ford Mustang","Ford","57,000 miles",19998,"Mustang Ecoboost","2019 Ford","carmax",57000,19998,"Mustang","Ecoboost","2019"
"548",FALSE,"Ford Mustang","Ford","41,000 miles",23998,"Mustang Ecoboost","2019 Ford","carmax",41000,23998,"Mustang","Ecoboost","2019"
"549",FALSE,"Ford Mustang","Ford","12,000 miles",25998,"Mustang Ecoboost","2019 Ford","carmax",12000,25998,"Mustang","Ecoboost","2019"
"550",FALSE,"Ford Mustang","Ford","88,000 miles",19998,"Mustang Ecoboost","2019 Ford","carmax",88000,19998,"Mustang","Ecoboost","2019"
"551",FALSE,"Ford Mustang","Ford","52,000 miles",21998,"Mustang Ecoboost","2019 Ford","carmax",52000,21998,"Mustang","Ecoboost","2019"
"552",FALSE,"Ford Mustang","Ford","48,000 miles",20998,"Mustang Ecoboost","2019 Ford","carmax",48000,20998,"Mustang","Ecoboost","2019"
"553",FALSE,"Ford Mustang","Ford","113,000 miles",19998,"Mustang Ecoboost","2019 Ford","carmax",113000,19998,"Mustang","Ecoboost","2019"
"554",FALSE,"Ford Mustang","Ford","40,000 miles",22998,"Mustang Ecoboost","2019 Ford","carmax",40000,22998,"Mustang","Ecoboost","2019"
"555",FALSE,"Ford Mustang","Ford","49,000 miles",22998,"Mustang Ecoboost Premium","2019 Ford","carmax",49000,22998,"Mustang","Ecoboost Premium","2019"
"556",FALSE,"Ford Mustang","Ford","55,000 miles",22998,"Mustang Ecoboost Premium","2019 Ford","carmax",55000,22998,"Mustang","Ecoboost Premium","2019"
"557",FALSE,"Ford Mustang","Ford","45,000 miles",23998,"Mustang Ecoboost Premium","2019 Ford","carmax",45000,23998,"Mustang","Ecoboost Premium","2019"
"558",FALSE,"Ford Mustang","Ford","33,000 miles",23998,"Mustang Ecoboost Premium","2019 Ford","carmax",33000,23998,"Mustang","Ecoboost Premium","2019"
"559",FALSE,"Ford Mustang","Ford","107,000 miles",19998,"Mustang Ecoboost Premium","2019 Ford","carmax",107000,19998,"Mustang","Ecoboost Premium","2019"
"560",FALSE,"Ford Mustang","Ford","83,000 miles",22998,"Mustang Ecoboost Premium","2019 Ford","carmax",83000,22998,"Mustang","Ecoboost Premium","2019"
"561",FALSE,"Ford Mustang","Ford","32,000 miles",24998,"Mustang Ecoboost Premium","2019 Ford","carmax",32000,24998,"Mustang","Ecoboost Premium","2019"
"562",FALSE,"Ford Mustang","Ford","53,000 miles",21998,"Mustang Ecoboost Premium","2019 Ford","carmax",53000,21998,"Mustang","Ecoboost Premium","2019"
"563",FALSE,"Ford Mustang","Ford","40,000 miles",25998,"Mustang Ecoboost Premium","2019 Ford","carmax",40000,25998,"Mustang","Ecoboost Premium","2019"
"564",FALSE,"Ford Mustang","Ford","22,000 miles",25998,"Mustang Ecoboost Premium","2019 Ford","carmax",22000,25998,"Mustang","Ecoboost Premium","2019"
"565",FALSE,"Ford Mustang","Ford","56,000 miles",23998,"Mustang Ecoboost Premium","2019 Ford","carmax",56000,23998,"Mustang","Ecoboost Premium","2019"
"566",FALSE,"Ford Mustang","Ford","116,000 miles",15998,"Mustang Ecoboost Premium","2019 Ford","carmax",116000,15998,"Mustang","Ecoboost Premium","2019"
"567",FALSE,"Ford Mustang","Ford","47,000 miles",24998,"Mustang Ecoboost Premium","2019 Ford","carmax",47000,24998,"Mustang","Ecoboost Premium","2019"
"568",FALSE,"Ford Mustang","Ford","45,000 miles",25998,"Mustang Ecoboost Premium","2019 Ford","carmax",45000,25998,"Mustang","Ecoboost Premium","2019"
"569",FALSE,"Ford Mustang","Ford","113,000 miles",17998,"Mustang Ecoboost Premium","2019 Ford","carmax",113000,17998,"Mustang","Ecoboost Premium","2019"
"570",FALSE,"Ford Mustang","Ford","77,000 miles",27998,"Mustang GT","2019 Ford","carmax",77000,27998,"Mustang","GT","2019"
"571",FALSE,"Ford Mustang","Ford","29,000 miles",30998,"Mustang GT","2019 Ford","carmax",29000,30998,"Mustang","GT","2019"
"572",FALSE,"Ford Mustang","Ford","62,000 miles",29998,"Mustang GT","2019 Ford","carmax",62000,29998,"Mustang","GT","2019"
"573",FALSE,"Ford Mustang","Ford","10,000 miles",36998,"Mustang GT","2019 Ford","carmax",10000,36998,"Mustang","GT","2019"
"574",FALSE,"Ford Mustang","Ford","55,000 miles",29998,"Mustang GT","2019 Ford","carmax",55000,29998,"Mustang","GT","2019"
"575",FALSE,"Ford Mustang","Ford","42,000 miles",33998,"Mustang GT","2019 Ford","carmax",42000,33998,"Mustang","GT","2019"
"576",FALSE,"Ford Mustang","Ford","44,000 miles",30998,"Mustang GT","2019 Ford","carmax",44000,30998,"Mustang","GT","2019"
"577",FALSE,"Ford Mustang","Ford","68,000 miles",32998,"Mustang GT Premium","2019 Ford","carmax",68000,32998,"Mustang","GT Premium","2019"
"578",FALSE,"Ford Mustang","Ford","30,000 miles",33998,"Mustang GT Premium","2019 Ford","carmax",30000,33998,"Mustang","GT Premium","2019"
"579",FALSE,"Ford Mustang","Ford","23,000 miles",37998,"Mustang GT Premium","2019 Ford","carmax",23000,37998,"Mustang","GT Premium","2019"
"580",FALSE,"Ford Mustang","Ford","27,000 miles",33998,"Mustang GT Premium","2019 Ford","carmax",27000,33998,"Mustang","GT Premium","2019"
"581",FALSE,"Ford Mustang","Ford","15,000 miles",36998,"Mustang GT Premium","2019 Ford","carmax",15000,36998,"Mustang","GT Premium","2019"
"582",FALSE,"Ford Mustang","Ford","64,000 miles",30998,"Mustang GT Premium","2019 Ford","carmax",64000,30998,"Mustang","GT Premium","2019"
"583",FALSE,"Ford Mustang","Ford","53,000 miles",32998,"Mustang GT Premium","2019 Ford","carmax",53000,32998,"Mustang","GT Premium","2019"
"584",FALSE,"Ford Mustang","Ford","26,000 miles",37998,"Mustang GT Premium","2019 Ford","carmax",26000,37998,"Mustang","GT Premium","2019"
"585",FALSE,"Ford Mustang","Ford","20,000 miles",37998,"Mustang GT Premium","2019 Ford","carmax",20000,37998,"Mustang","GT Premium","2019"
"586",FALSE,"Ford Mustang","Ford","44,000 miles",30998,"Mustang GT Premium","2019 Ford","carmax",44000,30998,"Mustang","GT Premium","2019"
"587",FALSE,"Ford Mustang","Ford","31,000 miles",32998,"Mustang GT Premium","2019 Ford","carmax",31000,32998,"Mustang","GT Premium","2019"
"588",FALSE,"Ford Mustang","Ford","84,000 miles",29998,"Mustang GT Premium","2019 Ford","carmax",84000,29998,"Mustang","GT Premium","2019"
"589",FALSE,"Ford Mustang","Ford","66,000 miles",30998,"Mustang GT Premium","2019 Ford","carmax",66000,30998,"Mustang","GT Premium","2019"
"590",FALSE,"Dodge Challenger","Dodge","60,000 miles",23998,"Challenger GT","2020 Dodge","carmax",60000,23998,"Challenger","GT","2020"
"591",FALSE,"Dodge Challenger","Dodge","50,000 miles",25998,"Challenger GT","2020 Dodge","carmax",50000,25998,"Challenger","GT","2020"
"592",FALSE,"Dodge Challenger","Dodge","102,000 miles",18998,"Challenger GT","2020 Dodge","carmax",102000,18998,"Challenger","GT","2020"
"593",FALSE,"Dodge Challenger","Dodge","71,000 miles",21998,"Challenger GT","2020 Dodge","carmax",71000,21998,"Challenger","GT","2020"
"594",FALSE,"Dodge Challenger","Dodge","44,000 miles",25998,"Challenger GT","2020 Dodge","carmax",44000,25998,"Challenger","GT","2020"
"595",FALSE,"Dodge Challenger","Dodge","59,000 miles",28998,"Challenger R/T","2020 Dodge","carmax",59000,28998,"Challenger","R/T","2020"
"596",FALSE,"Dodge Challenger","Dodge","43,000 miles",29998,"Challenger R/T","2020 Dodge","carmax",43000,29998,"Challenger","R/T","2020"
"597",FALSE,"Dodge Challenger","Dodge","33,000 miles",30998,"Challenger R/T","2020 Dodge","carmax",33000,30998,"Challenger","R/T","2020"
"598",FALSE,"Dodge Challenger","Dodge","57,000 miles",28998,"Challenger R/T","2020 Dodge","carmax",57000,28998,"Challenger","R/T","2020"
"599",FALSE,"Dodge Challenger","Dodge","46,000 miles",29998,"Challenger R/T","2020 Dodge","carmax",46000,29998,"Challenger","R/T","2020"
"600",FALSE,"Dodge Challenger","Dodge","16,000 miles",32998,"Challenger R/T","2020 Dodge","carmax",16000,32998,"Challenger","R/T","2020"
"601",FALSE,"Dodge Challenger","Dodge","20,000 miles",29998,"Challenger R/T","2020 Dodge","carmax",20000,29998,"Challenger","R/T","2020"
"602",FALSE,"Dodge Challenger","Dodge","17,000 miles",34998,"Challenger R/T","2020 Dodge","carmax",17000,34998,"Challenger","R/T","2020"
"603",FALSE,"Dodge Challenger","Dodge","18,000 miles",32998,"Challenger R/T","2020 Dodge","carmax",18000,32998,"Challenger","R/T","2020"
"604",FALSE,"Dodge Challenger","Dodge","32,000 miles",34998,"Challenger R/T 50th Anniversary","2020 Dodge","carmax",32000,34998,"Challenger","R/T 50th Anniversary","2020"
"605",FALSE,"Dodge Challenger","Dodge","25,000 miles",39998,"Challenger R/T Scat Pack","2020 Dodge","carmax",25000,39998,"Challenger","R/T Scat Pack","2020"
"606",FALSE,"Dodge Challenger","Dodge","35,000 miles",36998,"Challenger R/T Scat Pack","2020 Dodge","carmax",35000,36998,"Challenger","R/T Scat Pack","2020"
"607",FALSE,"Dodge Challenger","Dodge","28,000 miles",38998,"Challenger R/T Scat Pack","2020 Dodge","carmax",28000,38998,"Challenger","R/T Scat Pack","2020"
"608",FALSE,"Dodge Challenger","Dodge","120,000 miles",27998,"Challenger R/T Scat Pack","2020 Dodge","carmax",120000,27998,"Challenger","R/T Scat Pack","2020"
"609",FALSE,"Dodge Challenger","Dodge","9,000 miles",40998,"Challenger R/T Scat Pack","2020 Dodge","carmax",9000,40998,"Challenger","R/T Scat Pack","2020"
"610",FALSE,"Dodge Challenger","Dodge","24,000 miles",38998,"Challenger R/T Scat Pack","2020 Dodge","carmax",24000,38998,"Challenger","R/T Scat Pack","2020"
"611",FALSE,"Dodge Challenger","Dodge","25,000 miles",38998,"Challenger R/T Scat Pack","2020 Dodge","carmax",25000,38998,"Challenger","R/T Scat Pack","2020"
"612",FALSE,"Dodge Challenger","Dodge","11,000 miles",38998,"Challenger R/T Scat Pack","2020 Dodge","carmax",11000,38998,"Challenger","R/T Scat Pack","2020"
"613",FALSE,"Dodge Challenger","Dodge","31,000 miles",36998,"Challenger R/T Scat Pack","2020 Dodge","carmax",31000,36998,"Challenger","R/T Scat Pack","2020"
"614",FALSE,"Dodge Challenger","Dodge","6,000 miles",38998,"Challenger R/T Scat Pack","2020 Dodge","carmax",6000,38998,"Challenger","R/T Scat Pack","2020"
"615",FALSE,"Dodge Challenger","Dodge","43,000 miles",35998,"Challenger R/T Scat Pack","2020 Dodge","carmax",43000,35998,"Challenger","R/T Scat Pack","2020"
"616",FALSE,"Dodge Challenger","Dodge","35,000 miles",40998,"Challenger R/T Scat Pack Widebody","2020 Dodge","carmax",35000,40998,"Challenger","R/T Scat Pack Widebody","2020"
"617",FALSE,"Dodge Challenger","Dodge","25,000 miles",43998,"Challenger R/T Scat Pack Widebody","2020 Dodge","carmax",25000,43998,"Challenger","R/T Scat Pack Widebody","2020"
"618",FALSE,"Dodge Challenger","Dodge","37,000 miles",43998,"Challenger R/T Scat Pack Widebody","2020 Dodge","carmax",37000,43998,"Challenger","R/T Scat Pack Widebody","2020"
"619",FALSE,"Dodge Challenger","Dodge","32,000 miles",46998,"Challenger R/T Scat Pack Widebody","2020 Dodge","carmax",32000,46998,"Challenger","R/T Scat Pack Widebody","2020"
"620",FALSE,"Dodge Challenger","Dodge","46,000 miles",42998,"Challenger R/T Scat Pack Widebody","2020 Dodge","carmax",46000,42998,"Challenger","R/T Scat Pack Widebody","2020"
"621",FALSE,"Dodge Challenger","Dodge","13,000 miles",43998,"Challenger R/T Scat Pack Widebody","2020 Dodge","carmax",13000,43998,"Challenger","R/T Scat Pack Widebody","2020"
"622",FALSE,"Dodge Challenger","Dodge","47,000 miles",25998,"Challenger SXT","2020 Dodge","carmax",47000,25998,"Challenger","SXT","2020"
"623",FALSE,"Dodge Challenger","Dodge","64,000 miles",20998,"Challenger SXT","2020 Dodge","carmax",64000,20998,"Challenger","SXT","2020"
"624",FALSE,"Dodge Challenger","Dodge","67,000 miles",20998,"Challenger SXT","2020 Dodge","carmax",67000,20998,"Challenger","SXT","2020"
"625",FALSE,"Dodge Challenger","Dodge","85,000 miles",20998,"Challenger SXT","2020 Dodge","carmax",85000,20998,"Challenger","SXT","2020"
"626",FALSE,"Dodge Challenger","Dodge","57,000 miles",22998,"Challenger SXT","2020 Dodge","carmax",57000,22998,"Challenger","SXT","2020"
"627",FALSE,"Dodge Challenger","Dodge","55,000 miles",23998,"Challenger SXT","2020 Dodge","carmax",55000,23998,"Challenger","SXT","2020"
"628",FALSE,"Dodge Challenger","Dodge","50,000 miles",23998,"Challenger SXT","2020 Dodge","carmax",50000,23998,"Challenger","SXT","2020"
"629",FALSE,"Dodge Challenger","Dodge","57,000 miles",23998,"Challenger SXT","2020 Dodge","carmax",57000,23998,"Challenger","SXT","2020"
"630",FALSE,"Dodge Challenger","Dodge","77,000 miles",23998,"Challenger SXT","2020 Dodge","carmax",77000,23998,"Challenger","SXT","2020"
"631",FALSE,"Dodge Challenger","Dodge","27,000 miles",24998,"Challenger SXT","2020 Dodge","carmax",27000,24998,"Challenger","SXT","2020"
"632",FALSE,"Dodge Challenger","Dodge","46,000 miles",22998,"Challenger SXT","2020 Dodge","carmax",46000,22998,"Challenger","SXT","2020"
"633",FALSE,"Dodge Challenger","Dodge","52,000 miles",20998,"Challenger SXT","2020 Dodge","carmax",52000,20998,"Challenger","SXT","2020"
"634",FALSE,"Dodge Challenger","Dodge","19,000 miles",24998,"Challenger SXT","2020 Dodge","carmax",19000,24998,"Challenger","SXT","2020"
"635",FALSE,"Dodge Challenger","Dodge","45,000 miles",27998,"Challenger SXT","2020 Dodge","carmax",45000,27998,"Challenger","SXT","2020"
"636",FALSE,"Dodge Challenger","Dodge","56,000 miles",22998,"Challenger SXT","2020 Dodge","carmax",56000,22998,"Challenger","SXT","2020"
"637",FALSE,"Dodge Charger","Dodge","35,000 miles",28998,"Charger GT","2020 Dodge","carmax",35000,28998,"Charger","GT","2020"
"638",FALSE,"Dodge Charger","Dodge","60,000 miles",24998,"Charger GT","2020 Dodge","carmax",60000,24998,"Charger","GT","2020"
"639",FALSE,"Dodge Charger","Dodge","21,000 miles",29998,"Charger GT","2020 Dodge","carmax",21000,29998,"Charger","GT","2020"
"640",FALSE,"Dodge Charger","Dodge","52,000 miles",27998,"Charger GT","2020 Dodge","carmax",52000,27998,"Charger","GT","2020"
"641",FALSE,"Dodge Charger","Dodge","53,000 miles",26998,"Charger GT","2020 Dodge","carmax",53000,26998,"Charger","GT","2020"
"642",FALSE,"Dodge Charger","Dodge","122,000 miles",20998,"Charger GT","2020 Dodge","carmax",122000,20998,"Charger","GT","2020"
"643",FALSE,"Dodge Charger","Dodge","83,000 miles",20998,"Charger GT","2020 Dodge","carmax",83000,20998,"Charger","GT","2020"
"644",FALSE,"Dodge Charger","Dodge","32,000 miles",35998,"Charger R/T","2020 Dodge","carmax",32000,35998,"Charger","R/T","2020"
"645",FALSE,"Dodge Charger","Dodge","66,000 miles",29998,"Charger R/T","2020 Dodge","carmax",66000,29998,"Charger","R/T","2020"
"646",FALSE,"Dodge Charger","Dodge","84,000 miles",26998,"Charger R/T","2020 Dodge","carmax",84000,26998,"Charger","R/T","2020"
"647",FALSE,"Dodge Charger","Dodge","76,000 miles",28998,"Charger R/T","2020 Dodge","carmax",76000,28998,"Charger","R/T","2020"
"648",FALSE,"Dodge Charger","Dodge","13,000 miles",36998,"Charger R/T","2020 Dodge","carmax",13000,36998,"Charger","R/T","2020"
"649",FALSE,"Dodge Charger","Dodge","40,000 miles",31998,"Charger R/T","2020 Dodge","carmax",40000,31998,"Charger","R/T","2020"
"650",FALSE,"Dodge Charger","Dodge","51,000 miles",28998,"Charger R/T","2020 Dodge","carmax",51000,28998,"Charger","R/T","2020"
"651",FALSE,"Dodge Charger","Dodge","59,000 miles",29998,"Charger R/T","2020 Dodge","carmax",59000,29998,"Charger","R/T","2020"
"652",FALSE,"Dodge Charger","Dodge","60,000 miles",31998,"Charger R/T","2020 Dodge","carmax",60000,31998,"Charger","R/T","2020"
"653",FALSE,"Dodge Charger","Dodge","60,000 miles",30998,"Charger R/T","2020 Dodge","carmax",60000,30998,"Charger","R/T","2020"
"654",FALSE,"Dodge Charger","Dodge","32,000 miles",33998,"Charger R/T","2020 Dodge","carmax",32000,33998,"Charger","R/T","2020"
"655",FALSE,"Dodge Charger","Dodge","50,000 miles",31998,"Charger R/T","2020 Dodge","carmax",50000,31998,"Charger","R/T","2020"
"656",FALSE,"Dodge Charger","Dodge","68,000 miles",29998,"Charger R/T","2020 Dodge","carmax",68000,29998,"Charger","R/T","2020"
"657",FALSE,"Dodge Charger","Dodge","60,000 miles",19998,"Charger SXT","2020 Dodge","carmax",60000,19998,"Charger","SXT","2020"
"658",FALSE,"Dodge Charger","Dodge","46,000 miles",21998,"Charger SXT","2020 Dodge","carmax",46000,21998,"Charger","SXT","2020"
"659",FALSE,"Dodge Charger","Dodge","43,000 miles",23998,"Charger SXT","2020 Dodge","carmax",43000,23998,"Charger","SXT","2020"
"660",FALSE,"Dodge Charger","Dodge","81,000 miles",20998,"Charger SXT","2020 Dodge","carmax",81000,20998,"Charger","SXT","2020"
"661",FALSE,"Dodge Charger","Dodge","88,000 miles",18998,"Charger SXT","2020 Dodge","carmax",88000,18998,"Charger","SXT","2020"
"662",FALSE,"Dodge Charger","Dodge","33,000 miles",25998,"Charger SXT","2020 Dodge","carmax",33000,25998,"Charger","SXT","2020"
"663",FALSE,"Dodge Charger","Dodge","48,000 miles",22998,"Charger SXT","2020 Dodge","carmax",48000,22998,"Charger","SXT","2020"
"664",FALSE,"Dodge Charger","Dodge","52,000 miles",21998,"Charger SXT","2020 Dodge","carmax",52000,21998,"Charger","SXT","2020"
"665",FALSE,"Dodge Charger","Dodge","49,000 miles",23998,"Charger SXT","2020 Dodge","carmax",49000,23998,"Charger","SXT","2020"
"666",FALSE,"Dodge Charger","Dodge","55,000 miles",22998,"Charger SXT","2020 Dodge","carmax",55000,22998,"Charger","SXT","2020"
"667",FALSE,"Dodge Charger","Dodge","59,000 miles",21998,"Charger SXT","2020 Dodge","carmax",59000,21998,"Charger","SXT","2020"
"668",FALSE,"Dodge Charger","Dodge","42,000 miles",23998,"Charger SXT","2020 Dodge","carmax",42000,23998,"Charger","SXT","2020"
"669",FALSE,"Dodge Charger","Dodge","17,000 miles",26998,"Charger SXT","2020 Dodge","carmax",17000,26998,"Charger","SXT","2020"
"670",FALSE,"Dodge Charger","Dodge","48,000 miles",24998,"Charger SXT","2020 Dodge","carmax",48000,24998,"Charger","SXT","2020"
"671",FALSE,"Dodge Charger","Dodge","42,000 miles",23998,"Charger SXT","2020 Dodge","carmax",42000,23998,"Charger","SXT","2020"
"672",FALSE,"Dodge Charger","Dodge","25,000 miles",40998,"Charger Scat Pack","2020 Dodge","carmax",25000,40998,"Charger","Scat Pack","2020"
"673",FALSE,"Dodge Charger","Dodge","65,000 miles",38998,"Charger Scat Pack","2020 Dodge","carmax",65000,38998,"Charger","Scat Pack","2020"
"674",FALSE,"Dodge Charger","Dodge","56,000 miles",38998,"Charger Scat Pack","2020 Dodge","carmax",56000,38998,"Charger","Scat Pack","2020"
"675",FALSE,"Dodge Charger","Dodge","56,000 miles",38998,"Charger Scat Pack","2020 Dodge","carmax",56000,38998,"Charger","Scat Pack","2020"
"676",FALSE,"Dodge Charger","Dodge","42,000 miles",41998,"Charger Scat Pack","2020 Dodge","carmax",42000,41998,"Charger","Scat Pack","2020"
"677",FALSE,"Dodge Charger","Dodge","22,000 miles",41998,"Charger Scat Pack","2020 Dodge","carmax",22000,41998,"Charger","Scat Pack","2020"
"678",FALSE,"Dodge Charger","Dodge","23,000 miles",39998,"Charger Scat Pack","2020 Dodge","carmax",23000,39998,"Charger","Scat Pack","2020"
"679",FALSE,"Dodge Charger","Dodge","46,000 miles",38998,"Charger Scat Pack","2020 Dodge","carmax",46000,38998,"Charger","Scat Pack","2020"
"680",FALSE,"Dodge Charger","Dodge","42,000 miles",38998,"Charger Scat Pack","2020 Dodge","carmax",42000,38998,"Charger","Scat Pack","2020"
"681",FALSE,"Dodge Charger","Dodge","40,000 miles",41998,"Charger Scat Pack","2020 Dodge","carmax",40000,41998,"Charger","Scat Pack","2020"
"682",FALSE,"Dodge Charger","Dodge","99,000 miles",32998,"Charger Scat Pack","2020 Dodge","carmax",99000,32998,"Charger","Scat Pack","2020"
"683",FALSE,"Dodge Charger","Dodge","60,000 miles",36998,"Charger Scat Pack","2020 Dodge","carmax",60000,36998,"Charger","Scat Pack","2020"
"684",FALSE,"Dodge Charger","Dodge","4,000 miles",49998,"Charger Scat Pack","2020 Dodge","carmax",4000,49998,"Charger","Scat Pack","2020"
"685",FALSE,"Dodge Charger","Dodge","34,000 miles",46998,"Charger Scat Pack Widebody","2020 Dodge","carmax",34000,46998,"Charger","Scat Pack Widebody","2020"
"686",FALSE,"Dodge Charger","Dodge","17,000 miles",47998,"Charger Scat Pack Widebody","2020 Dodge","carmax",17000,47998,"Charger","Scat Pack Widebody","2020"
"687",FALSE,"Dodge Charger","Dodge","22,000 miles",50998,"Charger Scat Pack Widebody","2020 Dodge","carmax",22000,50998,"Charger","Scat Pack Widebody","2020"
"688",FALSE,"Dodge Charger","Dodge","56,000 miles",42998,"Charger Scat Pack Widebody","2020 Dodge","carmax",56000,42998,"Charger","Scat Pack Widebody","2020"
"689",FALSE,"Dodge Charger","Dodge","10,000 miles",54998,"Charger Scat Pack Widebody","2020 Dodge","carmax",10000,54998,"Charger","Scat Pack Widebody","2020"
"690",FALSE,"Dodge Charger","Dodge","12,000 miles",51998,"Charger Scat Pack Widebody","2020 Dodge","carmax",12000,51998,"Charger","Scat Pack Widebody","2020"
"691",FALSE,"Dodge Charger","Dodge","73,000 miles",39998,"Charger Scat Pack Widebody","2020 Dodge","carmax",73000,39998,"Charger","Scat Pack Widebody","2020"
"692",FALSE,"Dodge Durango","Dodge","40,000 miles",25998,"Durango GT","2020 Dodge","carmax",40000,25998,"Durango","GT","2020"
"693",FALSE,"Dodge Durango","Dodge","54,000 miles",24998,"Durango GT","2020 Dodge","carmax",54000,24998,"Durango","GT","2020"
"694",FALSE,"Dodge Durango","Dodge","42,000 miles",29998,"Durango GT Plus","2020 Dodge","carmax",42000,29998,"Durango","GT Plus","2020"
"695",FALSE,"Dodge Durango","Dodge","62,000 miles",24998,"Durango GT Plus","2020 Dodge","carmax",62000,24998,"Durango","GT Plus","2020"
"696",FALSE,"Dodge Durango","Dodge","72,000 miles",24998,"Durango GT Plus","2020 Dodge","carmax",72000,24998,"Durango","GT Plus","2020"
"697",FALSE,"Dodge Durango","Dodge","48,000 miles",26998,"Durango GT Plus","2020 Dodge","carmax",48000,26998,"Durango","GT Plus","2020"
"698",FALSE,"Dodge Durango","Dodge","71,000 miles",30998,"Durango R/T","2020 Dodge","carmax",71000,30998,"Durango","R/T","2020"
"699",FALSE,"Dodge Durango","Dodge","52,000 miles",35998,"Durango R/T","2020 Dodge","carmax",52000,35998,"Durango","R/T","2020"
"700",FALSE,"Dodge Durango","Dodge","55,000 miles",33998,"Durango R/T","2020 Dodge","carmax",55000,33998,"Durango","R/T","2020"
"701",FALSE,"Dodge Durango","Dodge","30,000 miles",36998,"Durango R/T","2020 Dodge","carmax",30000,36998,"Durango","R/T","2020"
"702",FALSE,"Dodge Durango","Dodge","50,000 miles",30998,"Durango R/T","2020 Dodge","carmax",50000,30998,"Durango","R/T","2020"
"703",FALSE,"Dodge Durango","Dodge","41,000 miles",33998,"Durango R/T","2020 Dodge","carmax",41000,33998,"Durango","R/T","2020"
"704",FALSE,"Dodge Durango","Dodge","24,000 miles",38998,"Durango R/T","2020 Dodge","carmax",24000,38998,"Durango","R/T","2020"
"705",FALSE,"Dodge Durango","Dodge","25,000 miles",54998,"Durango SRT","2020 Dodge","carmax",25000,54998,"Durango","SRT","2020"
"706",FALSE,"Dodge Durango","Dodge","68,000 miles",47998,"Durango SRT","2020 Dodge","carmax",68000,47998,"Durango","SRT","2020"
"707",FALSE,"Dodge Durango","Dodge","17,000 miles",27998,"Durango SXT","2020 Dodge","carmax",17000,27998,"Durango","SXT","2020"
"708",FALSE,"Dodge Durango","Dodge","55,000 miles",23998,"Durango SXT Plus","2020 Dodge","carmax",55000,23998,"Durango","SXT Plus","2020"
"709",FALSE,"Ford Mustang","Ford","44,000 miles",24998,"Mustang Ecoboost","2020 Ford","carmax",44000,24998,"Mustang","Ecoboost","2020"
"710",FALSE,"Ford Mustang","Ford","35,000 miles",24998,"Mustang Ecoboost","2020 Ford","carmax",35000,24998,"Mustang","Ecoboost","2020"
"711",FALSE,"Ford Mustang","Ford","27,000 miles",24998,"Mustang Ecoboost","2020 Ford","carmax",27000,24998,"Mustang","Ecoboost","2020"
"712",FALSE,"Ford Mustang","Ford","33,000 miles",25998,"Mustang Ecoboost","2020 Ford","carmax",33000,25998,"Mustang","Ecoboost","2020"
"713",FALSE,"Ford Mustang","Ford","26,000 miles",25998,"Mustang Ecoboost","2020 Ford","carmax",26000,25998,"Mustang","Ecoboost","2020"
"714",FALSE,"Ford Mustang","Ford","56,000 miles",22998,"Mustang Ecoboost","2020 Ford","carmax",56000,22998,"Mustang","Ecoboost","2020"
"715",FALSE,"Ford Mustang","Ford","34,000 miles",23998,"Mustang Ecoboost","2020 Ford","carmax",34000,23998,"Mustang","Ecoboost","2020"
"716",FALSE,"Ford Mustang","Ford","127,000 miles",17998,"Mustang Ecoboost","2020 Ford","carmax",127000,17998,"Mustang","Ecoboost","2020"
"717",FALSE,"Ford Mustang","Ford","63,000 miles",22998,"Mustang Ecoboost","2020 Ford","carmax",63000,22998,"Mustang","Ecoboost","2020"
"718",FALSE,"Ford Mustang","Ford","44,000 miles",23998,"Mustang Ecoboost","2020 Ford","carmax",44000,23998,"Mustang","Ecoboost","2020"
"719",FALSE,"Ford Mustang","Ford","75,000 miles",20998,"Mustang Ecoboost","2020 Ford","carmax",75000,20998,"Mustang","Ecoboost","2020"
"720",FALSE,"Ford Mustang","Ford","15,000 miles",24998,"Mustang Ecoboost","2020 Ford","carmax",15000,24998,"Mustang","Ecoboost","2020"
"721",FALSE,"Ford Mustang","Ford","75,000 miles",20998,"Mustang Ecoboost","2020 Ford","carmax",75000,20998,"Mustang","Ecoboost","2020"
"722",FALSE,"Ford Mustang","Ford","37,000 miles",22998,"Mustang Ecoboost","2020 Ford","carmax",37000,22998,"Mustang","Ecoboost","2020"
"723",FALSE,"Ford Mustang","Ford","42,000 miles",24998,"Mustang Ecoboost","2020 Ford","carmax",42000,24998,"Mustang","Ecoboost","2020"
"724",FALSE,"Ford Mustang","Ford","37,000 miles",23998,"Mustang Ecoboost","2020 Ford","carmax",37000,23998,"Mustang","Ecoboost","2020"
"725",FALSE,"Ford Mustang","Ford","43,000 miles",22998,"Mustang Ecoboost","2020 Ford","carmax",43000,22998,"Mustang","Ecoboost","2020"
"726",FALSE,"Ford Mustang","Ford","32,000 miles",23998,"Mustang Ecoboost","2020 Ford","carmax",32000,23998,"Mustang","Ecoboost","2020"
"727",FALSE,"Ford Mustang","Ford","65,000 miles",20998,"Mustang Ecoboost","2020 Ford","carmax",65000,20998,"Mustang","Ecoboost","2020"
"728",FALSE,"Ford Mustang","Ford","18,000 miles",25998,"Mustang Ecoboost","2020 Ford","carmax",18000,25998,"Mustang","Ecoboost","2020"
"729",FALSE,"Ford Mustang","Ford","45,000 miles",23998,"Mustang Ecoboost","2020 Ford","carmax",45000,23998,"Mustang","Ecoboost","2020"
"730",FALSE,"Ford Mustang","Ford","50,000 miles",23998,"Mustang Ecoboost","2020 Ford","carmax",50000,23998,"Mustang","Ecoboost","2020"
"731",FALSE,"Ford Mustang","Ford","53,000 miles",21998,"Mustang Ecoboost","2020 Ford","carmax",53000,21998,"Mustang","Ecoboost","2020"
"732",FALSE,"Ford Mustang","Ford","34,000 miles",24998,"Mustang Ecoboost","2020 Ford","carmax",34000,24998,"Mustang","Ecoboost","2020"
"733",FALSE,"Ford Mustang","Ford","36,000 miles",22998,"Mustang Ecoboost","2020 Ford","carmax",36000,22998,"Mustang","Ecoboost","2020"
"734",FALSE,"Ford Mustang","Ford","53,000 miles",21998,"Mustang Ecoboost","2020 Ford","carmax",53000,21998,"Mustang","Ecoboost","2020"
"735",FALSE,"Ford Mustang","Ford","45,000 miles",23998,"Mustang Ecoboost","2020 Ford","carmax",45000,23998,"Mustang","Ecoboost","2020"
"736",FALSE,"Ford Mustang","Ford","40,000 miles",24998,"Mustang Ecoboost","2020 Ford","carmax",40000,24998,"Mustang","Ecoboost","2020"
"737",FALSE,"Ford Mustang","Ford","39,000 miles",24998,"Mustang Ecoboost","2020 Ford","carmax",39000,24998,"Mustang","Ecoboost","2020"
"738",FALSE,"Ford Mustang","Ford","37,000 miles",23998,"Mustang Ecoboost","2020 Ford","carmax",37000,23998,"Mustang","Ecoboost","2020"
"739",FALSE,"Ford Mustang","Ford","58,000 miles",21998,"Mustang Ecoboost","2020 Ford","carmax",58000,21998,"Mustang","Ecoboost","2020"
"740",FALSE,"Ford Mustang","Ford","57,000 miles",22998,"Mustang Ecoboost","2020 Ford","carmax",57000,22998,"Mustang","Ecoboost","2020"
"741",FALSE,"Ford Mustang","Ford","55,000 miles",22998,"Mustang Ecoboost","2020 Ford","carmax",55000,22998,"Mustang","Ecoboost","2020"
"742",FALSE,"Ford Mustang","Ford","43,000 miles",23998,"Mustang Ecoboost Premium","2020 Ford","carmax",43000,23998,"Mustang","Ecoboost Premium","2020"
"743",FALSE,"Ford Mustang","Ford","30,000 miles",25998,"Mustang Ecoboost Premium","2020 Ford","carmax",30000,25998,"Mustang","Ecoboost Premium","2020"
"744",FALSE,"Ford Mustang","Ford","88,000 miles",21998,"Mustang Ecoboost Premium","2020 Ford","carmax",88000,21998,"Mustang","Ecoboost Premium","2020"
"745",FALSE,"Ford Mustang","Ford","33,000 miles",27998,"Mustang Ecoboost Premium","2020 Ford","carmax",33000,27998,"Mustang","Ecoboost Premium","2020"
"746",FALSE,"Ford Mustang","Ford","33,000 miles",27998,"Mustang Ecoboost Premium","2020 Ford","carmax",33000,27998,"Mustang","Ecoboost Premium","2020"
"747",FALSE,"Ford Mustang","Ford","80,000 miles",22998,"Mustang Ecoboost Premium","2020 Ford","carmax",80000,22998,"Mustang","Ecoboost Premium","2020"
"748",FALSE,"Ford Mustang","Ford","66,000 miles",21998,"Mustang Ecoboost Premium","2020 Ford","carmax",66000,21998,"Mustang","Ecoboost Premium","2020"
"749",FALSE,"Ford Mustang","Ford","26,000 miles",26998,"Mustang Ecoboost Premium","2020 Ford","carmax",26000,26998,"Mustang","Ecoboost Premium","2020"
"750",FALSE,"Ford Mustang","Ford","28,000 miles",26998,"Mustang Ecoboost Premium","2020 Ford","carmax",28000,26998,"Mustang","Ecoboost Premium","2020"
"751",FALSE,"Ford Mustang","Ford","57,000 miles",25998,"Mustang Ecoboost Premium","2020 Ford","carmax",57000,25998,"Mustang","Ecoboost Premium","2020"
"752",FALSE,"Ford Mustang","Ford","39,000 miles",25998,"Mustang Ecoboost Premium","2020 Ford","carmax",39000,25998,"Mustang","Ecoboost Premium","2020"
"753",FALSE,"Ford Mustang","Ford","8,000 miles",28998,"Mustang Ecoboost Premium","2020 Ford","carmax",8000,28998,"Mustang","Ecoboost Premium","2020"
"754",FALSE,"Ford Mustang","Ford","69,000 miles",21998,"Mustang Ecoboost Premium","2020 Ford","carmax",69000,21998,"Mustang","Ecoboost Premium","2020"
"755",FALSE,"Ford Mustang","Ford","32,000 miles",28998,"Mustang Ecoboost Premium","2020 Ford","carmax",32000,28998,"Mustang","Ecoboost Premium","2020"
"756",FALSE,"Ford Mustang","Ford","43,000 miles",23998,"Mustang Ecoboost Premium","2020 Ford","carmax",43000,23998,"Mustang","Ecoboost Premium","2020"
"757",FALSE,"Ford Mustang","Ford","76,000 miles",19998,"Mustang Ecoboost Premium","2020 Ford","carmax",76000,19998,"Mustang","Ecoboost Premium","2020"
"758",FALSE,"Ford Mustang","Ford","19,000 miles",26998,"Mustang Ecoboost Premium","2020 Ford","carmax",19000,26998,"Mustang","Ecoboost Premium","2020"
"759",FALSE,"Ford Mustang","Ford","56,000 miles",24998,"Mustang Ecoboost Premium","2020 Ford","carmax",56000,24998,"Mustang","Ecoboost Premium","2020"
"760",FALSE,"Ford Mustang","Ford","30,000 miles",27998,"Mustang Ecoboost Premium","2020 Ford","carmax",30000,27998,"Mustang","Ecoboost Premium","2020"
"761",FALSE,"Ford Mustang","Ford","37,000 miles",33998,"Mustang GT","2020 Ford","carmax",37000,33998,"Mustang","GT","2020"
"762",FALSE,"Ford Mustang","Ford","8,000 miles",35998,"Mustang GT","2020 Ford","carmax",8000,35998,"Mustang","GT","2020"
"763",FALSE,"Ford Mustang","Ford","53,000 miles",30998,"Mustang GT","2020 Ford","carmax",53000,30998,"Mustang","GT","2020"
"764",FALSE,"Ford Mustang","Ford","40,000 miles",34998,"Mustang GT","2020 Ford","carmax",40000,34998,"Mustang","GT","2020"
"765",FALSE,"Ford Mustang","Ford","17,000 miles",33998,"Mustang GT","2020 Ford","carmax",17000,33998,"Mustang","GT","2020"
"766",FALSE,"Ford Mustang","Ford","29,000 miles",33998,"Mustang GT","2020 Ford","carmax",29000,33998,"Mustang","GT","2020"
"767",FALSE,"Ford Mustang","Ford","33,000 miles",34998,"Mustang GT","2020 Ford","carmax",33000,34998,"Mustang","GT","2020"
"768",FALSE,"Ford Mustang","Ford","40,000 miles",30998,"Mustang GT","2020 Ford","carmax",40000,30998,"Mustang","GT","2020"
"769",FALSE,"Ford Mustang","Ford","29,000 miles",33998,"Mustang GT","2020 Ford","carmax",29000,33998,"Mustang","GT","2020"
"770",FALSE,"Ford Mustang","Ford","15,000 miles",38998,"Mustang GT","2020 Ford","carmax",15000,38998,"Mustang","GT","2020"
"771",FALSE,"Ford Mustang","Ford","50,000 miles",31998,"Mustang GT","2020 Ford","carmax",50000,31998,"Mustang","GT","2020"
"772",FALSE,"Ford Mustang","Ford","27,000 miles",37998,"Mustang GT Premium","2020 Ford","carmax",27000,37998,"Mustang","GT Premium","2020"
"773",FALSE,"Ford Mustang","Ford","12,000 miles",36998,"Mustang GT Premium","2020 Ford","carmax",12000,36998,"Mustang","GT Premium","2020"
"774",FALSE,"Ford Mustang","Ford","47,000 miles",31998,"Mustang GT Premium","2020 Ford","carmax",47000,31998,"Mustang","GT Premium","2020"
"775",FALSE,"Ford Mustang","Ford","29,000 miles",34998,"Mustang GT Premium","2020 Ford","carmax",29000,34998,"Mustang","GT Premium","2020"
"776",FALSE,"Ford Mustang","Ford","32,000 miles",33998,"Mustang GT Premium","2020 Ford","carmax",32000,33998,"Mustang","GT Premium","2020"
"777",FALSE,"Ford Mustang","Ford","40,000 miles",35998,"Mustang GT Premium","2020 Ford","carmax",40000,35998,"Mustang","GT Premium","2020"
"778",FALSE,"Ford Mustang","Ford","55,000 miles",33998,"Mustang GT Premium","2020 Ford","carmax",55000,33998,"Mustang","GT Premium","2020"
"779",FALSE,"Ford Mustang","Ford","25,000 miles",37998,"Mustang GT Premium","2020 Ford","carmax",25000,37998,"Mustang","GT Premium","2020"
"780",FALSE,"Ford Mustang","Ford","24,000 miles",35998,"Mustang GT Premium","2020 Ford","carmax",24000,35998,"Mustang","GT Premium","2020"
"781",FALSE,"Ford Mustang","Ford","44,000 miles",33998,"Mustang GT Premium","2020 Ford","carmax",44000,33998,"Mustang","GT Premium","2020"
"782",FALSE,"Ford Mustang","Ford","6,000 miles",40998,"Mustang GT Premium","2020 Ford","carmax",6000,40998,"Mustang","GT Premium","2020"
"783",FALSE,"Ford Mustang","Ford","13,000 miles",37998,"Mustang GT Premium","2020 Ford","carmax",13000,37998,"Mustang","GT Premium","2020"
"784",FALSE,"Ford Mustang","Ford","11,000 miles",69998,"Mustang Shelby GT350","2020 Ford","carmax",11000,69998,"Mustang","Shelby GT350","2020"
"785",FALSE,"Ford Mustang","Ford","49,000 miles",66998,"Mustang Shelby GT500","2020 Ford","carmax",49000,66998,"Mustang","Shelby GT500","2020"
"786",FALSE,"Ford Mustang","Ford","21,000 miles",77998,"Mustang Shelby GT500","2020 Ford","carmax",21000,77998,"Mustang","Shelby GT500","2020"
"787",FALSE,"Dodge Challenger","Dodge","25,000 miles",26998,"Challenger GT","2021 Dodge","carmax",25000,26998,"Challenger","GT","2021"
"788",FALSE,"Dodge Challenger","Dodge","27,000 miles",25998,"Challenger GT","2021 Dodge","carmax",27000,25998,"Challenger","GT","2021"
"789",FALSE,"Dodge Challenger","Dodge","48,000 miles",24998,"Challenger GT","2021 Dodge","carmax",48000,24998,"Challenger","GT","2021"
"790",FALSE,"Dodge Challenger","Dodge","61,000 miles",22998,"Challenger GT","2021 Dodge","carmax",61000,22998,"Challenger","GT","2021"
"791",FALSE,"Dodge Challenger","Dodge","52,000 miles",25998,"Challenger GT","2021 Dodge","carmax",52000,25998,"Challenger","GT","2021"
"792",FALSE,"Dodge Challenger","Dodge","33,000 miles",28998,"Challenger GT","2021 Dodge","carmax",33000,28998,"Challenger","GT","2021"
"793",FALSE,"Dodge Challenger","Dodge","3,000 miles",30998,"Challenger GT","2021 Dodge","carmax",3000,30998,"Challenger","GT","2021"
"794",FALSE,"Dodge Challenger","Dodge","47,000 miles",27998,"Challenger GT","2021 Dodge","carmax",47000,27998,"Challenger","GT","2021"
"795",FALSE,"Dodge Challenger","Dodge","28,000 miles",26998,"Challenger GT","2021 Dodge","carmax",28000,26998,"Challenger","GT","2021"
"796",FALSE,"Dodge Challenger","Dodge","48,000 miles",27998,"Challenger GT","2021 Dodge","carmax",48000,27998,"Challenger","GT","2021"
"797",FALSE,"Dodge Challenger","Dodge","34,000 miles",26998,"Challenger GT","2021 Dodge","carmax",34000,26998,"Challenger","GT","2021"
"798",FALSE,"Dodge Challenger","Dodge","55,000 miles",25998,"Challenger GT","2021 Dodge","carmax",55000,25998,"Challenger","GT","2021"
"799",FALSE,"Dodge Challenger","Dodge","47,000 miles",23998,"Challenger GT","2021 Dodge","carmax",47000,23998,"Challenger","GT","2021"
"800",FALSE,"Dodge Challenger","Dodge","25,000 miles",24998,"Challenger GT","2021 Dodge","carmax",25000,24998,"Challenger","GT","2021"
"801",FALSE,"Dodge Challenger","Dodge","10,000 miles",34998,"Challenger R/T","2021 Dodge","carmax",10000,34998,"Challenger","R/T","2021"
"802",FALSE,"Dodge Challenger","Dodge","36,000 miles",30998,"Challenger R/T","2021 Dodge","carmax",36000,30998,"Challenger","R/T","2021"
"803",FALSE,"Dodge Challenger","Dodge","49,000 miles",27998,"Challenger R/T","2021 Dodge","carmax",49000,27998,"Challenger","R/T","2021"
"804",FALSE,"Dodge Challenger","Dodge","54,000 miles",28998,"Challenger R/T","2021 Dodge","carmax",54000,28998,"Challenger","R/T","2021"
"805",FALSE,"Dodge Challenger","Dodge","27,000 miles",30998,"Challenger R/T","2021 Dodge","carmax",27000,30998,"Challenger","R/T","2021"
"806",FALSE,"Dodge Challenger","Dodge","48,000 miles",30998,"Challenger R/T","2021 Dodge","carmax",48000,30998,"Challenger","R/T","2021"
"807",FALSE,"Dodge Challenger","Dodge","47,000 miles",30998,"Challenger R/T","2021 Dodge","carmax",47000,30998,"Challenger","R/T","2021"
"808",FALSE,"Dodge Challenger","Dodge","14,000 miles",31998,"Challenger R/T","2021 Dodge","carmax",14000,31998,"Challenger","R/T","2021"
"809",FALSE,"Dodge Challenger","Dodge","32,000 miles",31998,"Challenger R/T","2021 Dodge","carmax",32000,31998,"Challenger","R/T","2021"
"810",FALSE,"Dodge Challenger","Dodge","60,000 miles",30998,"Challenger R/T","2021 Dodge","carmax",60000,30998,"Challenger","R/T","2021"
"811",FALSE,"Dodge Challenger","Dodge","28,000 miles",31998,"Challenger R/T","2021 Dodge","carmax",28000,31998,"Challenger","R/T","2021"
"812",FALSE,"Dodge Challenger","Dodge","51,000 miles",29998,"Challenger R/T","2021 Dodge","carmax",51000,29998,"Challenger","R/T","2021"
"813",FALSE,"Dodge Challenger","Dodge","27,000 miles",30998,"Challenger R/T","2021 Dodge","carmax",27000,30998,"Challenger","R/T","2021"
"814",FALSE,"Dodge Challenger","Dodge","18,000 miles",30998,"Challenger R/T","2021 Dodge","carmax",18000,30998,"Challenger","R/T","2021"
"815",FALSE,"Dodge Challenger","Dodge","47,000 miles",29998,"Challenger R/T","2021 Dodge","carmax",47000,29998,"Challenger","R/T","2021"
"816",FALSE,"Dodge Challenger","Dodge","1,000 miles",34998,"Challenger R/T","2021 Dodge","carmax",1000,34998,"Challenger","R/T","2021"
"817",FALSE,"Dodge Challenger","Dodge","33,000 miles",29998,"Challenger R/T","2021 Dodge","carmax",33000,29998,"Challenger","R/T","2021"
"818",FALSE,"Dodge Challenger","Dodge","34,000 miles",36998,"Challenger R/T Scat Pack","2021 Dodge","carmax",34000,36998,"Challenger","R/T Scat Pack","2021"
"819",FALSE,"Dodge Challenger","Dodge","30,000 miles",37998,"Challenger R/T Scat Pack","2021 Dodge","carmax",30000,37998,"Challenger","R/T Scat Pack","2021"
"820",FALSE,"Dodge Challenger","Dodge","24,000 miles",40998,"Challenger R/T Scat Pack","2021 Dodge","carmax",24000,40998,"Challenger","R/T Scat Pack","2021"
"821",FALSE,"Dodge Challenger","Dodge","56,000 miles",34998,"Challenger R/T Scat Pack","2021 Dodge","carmax",56000,34998,"Challenger","R/T Scat Pack","2021"
"822",FALSE,"Dodge Challenger","Dodge","51,000 miles",36998,"Challenger R/T Scat Pack","2021 Dodge","carmax",51000,36998,"Challenger","R/T Scat Pack","2021"
"823",FALSE,"Dodge Challenger","Dodge","44,000 miles",35998,"Challenger R/T Scat Pack","2021 Dodge","carmax",44000,35998,"Challenger","R/T Scat Pack","2021"
"824",FALSE,"Dodge Challenger","Dodge","10,000 miles",39998,"Challenger R/T Scat Pack","2021 Dodge","carmax",10000,39998,"Challenger","R/T Scat Pack","2021"
"825",FALSE,"Dodge Challenger","Dodge","32,000 miles",37998,"Challenger R/T Scat Pack","2021 Dodge","carmax",32000,37998,"Challenger","R/T Scat Pack","2021"
"826",FALSE,"Dodge Challenger","Dodge","29,000 miles",37998,"Challenger R/T Scat Pack","2021 Dodge","carmax",29000,37998,"Challenger","R/T Scat Pack","2021"
"827",FALSE,"Dodge Challenger","Dodge","38,000 miles",36998,"Challenger R/T Scat Pack","2021 Dodge","carmax",38000,36998,"Challenger","R/T Scat Pack","2021"
"828",FALSE,"Dodge Challenger","Dodge","29,000 miles",37998,"Challenger R/T Scat Pack","2021 Dodge","carmax",29000,37998,"Challenger","R/T Scat Pack","2021"
"829",FALSE,"Dodge Challenger","Dodge","50,000 miles",36998,"Challenger R/T Scat Pack","2021 Dodge","carmax",50000,36998,"Challenger","R/T Scat Pack","2021"
"830",FALSE,"Dodge Challenger","Dodge","5,000 miles",51998,"Challenger R/T Scat Pack Widebody","2021 Dodge","carmax",5000,51998,"Challenger","R/T Scat Pack Widebody","2021"
"831",FALSE,"Dodge Challenger","Dodge","15,000 miles",48998,"Challenger R/T Scat Pack Widebody","2021 Dodge","carmax",15000,48998,"Challenger","R/T Scat Pack Widebody","2021"
"832",FALSE,"Dodge Challenger","Dodge","9,000 miles",50998,"Challenger R/T Scat Pack Widebody","2021 Dodge","carmax",9000,50998,"Challenger","R/T Scat Pack Widebody","2021"
"833",FALSE,"Dodge Challenger","Dodge","42,000 miles",42998,"Challenger R/T Scat Pack Widebody","2021 Dodge","carmax",42000,42998,"Challenger","R/T Scat Pack Widebody","2021"
"834",FALSE,"Dodge Challenger","Dodge","43,000 miles",41998,"Challenger R/T Scat Pack Widebody","2021 Dodge","carmax",43000,41998,"Challenger","R/T Scat Pack Widebody","2021"
"835",FALSE,"Dodge Challenger","Dodge","55,000 miles",43998,"Challenger R/T Scat Pack Widebody","2021 Dodge","carmax",55000,43998,"Challenger","R/T Scat Pack Widebody","2021"
"836",FALSE,"Dodge Challenger","Dodge","15,000 miles",48998,"Challenger R/T Scat Pack Widebody","2021 Dodge","carmax",15000,48998,"Challenger","R/T Scat Pack Widebody","2021"
"837",FALSE,"Dodge Challenger","Dodge","53,000 miles",23998,"Challenger SXT","2021 Dodge","carmax",53000,23998,"Challenger","SXT","2021"
"838",FALSE,"Dodge Challenger","Dodge","53,000 miles",23998,"Challenger SXT","2021 Dodge","carmax",53000,23998,"Challenger","SXT","2021"
"839",FALSE,"Dodge Challenger","Dodge","55,000 miles",23998,"Challenger SXT","2021 Dodge","carmax",55000,23998,"Challenger","SXT","2021"
"840",FALSE,"Dodge Challenger","Dodge","48,000 miles",23998,"Challenger SXT","2021 Dodge","carmax",48000,23998,"Challenger","SXT","2021"
"841",FALSE,"Dodge Challenger","Dodge","33,000 miles",26998,"Challenger SXT","2021 Dodge","carmax",33000,26998,"Challenger","SXT","2021"
"842",FALSE,"Dodge Challenger","Dodge","32,000 miles",25998,"Challenger SXT","2021 Dodge","carmax",32000,25998,"Challenger","SXT","2021"
"843",FALSE,"Dodge Challenger","Dodge","18,000 miles",26998,"Challenger SXT","2021 Dodge","carmax",18000,26998,"Challenger","SXT","2021"
"844",FALSE,"Dodge Challenger","Dodge","52,000 miles",21998,"Challenger SXT","2021 Dodge","carmax",52000,21998,"Challenger","SXT","2021"
"845",FALSE,"Dodge Challenger","Dodge","60,000 miles",21998,"Challenger SXT","2021 Dodge","carmax",60000,21998,"Challenger","SXT","2021"
"846",FALSE,"Dodge Challenger","Dodge","24,000 miles",24998,"Challenger SXT","2021 Dodge","carmax",24000,24998,"Challenger","SXT","2021"
"847",FALSE,"Dodge Challenger","Dodge","38,000 miles",22998,"Challenger SXT","2021 Dodge","carmax",38000,22998,"Challenger","SXT","2021"
"848",FALSE,"Dodge Challenger","Dodge","53,000 miles",23998,"Challenger SXT","2021 Dodge","carmax",53000,23998,"Challenger","SXT","2021"
"849",FALSE,"Dodge Challenger","Dodge","30,000 miles",25998,"Challenger SXT","2021 Dodge","carmax",30000,25998,"Challenger","SXT","2021"
"850",FALSE,"Dodge Challenger","Dodge","78,000 miles",20998,"Challenger SXT","2021 Dodge","carmax",78000,20998,"Challenger","SXT","2021"
"851",FALSE,"Dodge Challenger","Dodge","45,000 miles",22998,"Challenger SXT","2021 Dodge","carmax",45000,22998,"Challenger","SXT","2021"
"852",FALSE,"Dodge Challenger","Dodge","34,000 miles",24998,"Challenger SXT","2021 Dodge","carmax",34000,24998,"Challenger","SXT","2021"
"853",FALSE,"Dodge Challenger","Dodge","73,000 miles",19998,"Challenger SXT","2021 Dodge","carmax",73000,19998,"Challenger","SXT","2021"
"854",FALSE,"Dodge Challenger","Dodge","45,000 miles",23998,"Challenger SXT","2021 Dodge","carmax",45000,23998,"Challenger","SXT","2021"
"855",FALSE,"Dodge Challenger","Dodge","30,000 miles",24998,"Challenger SXT","2021 Dodge","carmax",30000,24998,"Challenger","SXT","2021"
"856",FALSE,"Dodge Challenger","Dodge","57,000 miles",23998,"Challenger SXT","2021 Dodge","carmax",57000,23998,"Challenger","SXT","2021"
"857",FALSE,"Dodge Challenger","Dodge","55,000 miles",23998,"Challenger SXT","2021 Dodge","carmax",55000,23998,"Challenger","SXT","2021"
"858",FALSE,"Dodge Charger","Dodge","48,000 miles",29998,"Charger GT","2021 Dodge","carmax",48000,29998,"Charger","GT","2021"
"859",FALSE,"Dodge Charger","Dodge","35,000 miles",28998,"Charger GT","2021 Dodge","carmax",35000,28998,"Charger","GT","2021"
"860",FALSE,"Dodge Charger","Dodge","53,000 miles",27998,"Charger GT","2021 Dodge","carmax",53000,27998,"Charger","GT","2021"
"861",FALSE,"Dodge Charger","Dodge","51,000 miles",25998,"Charger GT","2021 Dodge","carmax",51000,25998,"Charger","GT","2021"
"862",FALSE,"Dodge Charger","Dodge","53,000 miles",27998,"Charger GT","2021 Dodge","carmax",53000,27998,"Charger","GT","2021"
"863",FALSE,"Dodge Charger","Dodge","48,000 miles",26998,"Charger GT","2021 Dodge","carmax",48000,26998,"Charger","GT","2021"
"864",FALSE,"Dodge Charger","Dodge","51,000 miles",24998,"Charger GT","2021 Dodge","carmax",51000,24998,"Charger","GT","2021"
"865",FALSE,"Dodge Charger","Dodge","47,000 miles",24998,"Charger GT","2021 Dodge","carmax",47000,24998,"Charger","GT","2021"
"866",FALSE,"Dodge Charger","Dodge","52,000 miles",26998,"Charger GT","2021 Dodge","carmax",52000,26998,"Charger","GT","2021"
"867",FALSE,"Dodge Charger","Dodge","68,000 miles",23998,"Charger GT","2021 Dodge","carmax",68000,23998,"Charger","GT","2021"
"868",FALSE,"Dodge Charger","Dodge","39,000 miles",31998,"Charger GT","2021 Dodge","carmax",39000,31998,"Charger","GT","2021"
"869",FALSE,"Dodge Charger","Dodge","44,000 miles",26998,"Charger GT","2021 Dodge","carmax",44000,26998,"Charger","GT","2021"
"870",FALSE,"Dodge Charger","Dodge","18,000 miles",29998,"Charger GT","2021 Dodge","carmax",18000,29998,"Charger","GT","2021"
"871",FALSE,"Dodge Charger","Dodge","35,000 miles",26998,"Charger GT","2021 Dodge","carmax",35000,26998,"Charger","GT","2021"
"872",FALSE,"Dodge Charger","Dodge","65,000 miles",23998,"Charger GT","2021 Dodge","carmax",65000,23998,"Charger","GT","2021"
"873",FALSE,"Dodge Charger","Dodge","40,000 miles",26998,"Charger GT","2021 Dodge","carmax",40000,26998,"Charger","GT","2021"
"874",FALSE,"Dodge Charger","Dodge","44,000 miles",27998,"Charger GT","2021 Dodge","carmax",44000,27998,"Charger","GT","2021"
"875",FALSE,"Dodge Charger","Dodge","23,000 miles",30998,"Charger GT","2021 Dodge","carmax",23000,30998,"Charger","GT","2021"
"876",FALSE,"Dodge Charger","Dodge","38,000 miles",27998,"Charger GT","2021 Dodge","carmax",38000,27998,"Charger","GT","2021"
"877",FALSE,"Dodge Charger","Dodge","27,000 miles",35998,"Charger R/T","2021 Dodge","carmax",27000,35998,"Charger","R/T","2021"
"878",FALSE,"Dodge Charger","Dodge","50,000 miles",31998,"Charger R/T","2021 Dodge","carmax",50000,31998,"Charger","R/T","2021"
"879",FALSE,"Dodge Charger","Dodge","34,000 miles",32998,"Charger R/T","2021 Dodge","carmax",34000,32998,"Charger","R/T","2021"
"880",FALSE,"Dodge Charger","Dodge","5,000 miles",37998,"Charger R/T","2021 Dodge","carmax",5000,37998,"Charger","R/T","2021"
"881",FALSE,"Dodge Charger","Dodge","44,000 miles",31998,"Charger R/T","2021 Dodge","carmax",44000,31998,"Charger","R/T","2021"
"882",FALSE,"Dodge Charger","Dodge","41,000 miles",32998,"Charger R/T","2021 Dodge","carmax",41000,32998,"Charger","R/T","2021"
"883",FALSE,"Dodge Charger","Dodge","36,000 miles",34998,"Charger R/T","2021 Dodge","carmax",36000,34998,"Charger","R/T","2021"
"884",FALSE,"Dodge Charger","Dodge","26,000 miles",33998,"Charger R/T","2021 Dodge","carmax",26000,33998,"Charger","R/T","2021"
"885",FALSE,"Dodge Charger","Dodge","39,000 miles",31998,"Charger R/T","2021 Dodge","carmax",39000,31998,"Charger","R/T","2021"
"886",FALSE,"Dodge Charger","Dodge","32,000 miles",33998,"Charger R/T","2021 Dodge","carmax",32000,33998,"Charger","R/T","2021"
"887",FALSE,"Dodge Charger","Dodge","57,000 miles",29998,"Charger R/T","2021 Dodge","carmax",57000,29998,"Charger","R/T","2021"
"888",FALSE,"Dodge Charger","Dodge","59,000 miles",28998,"Charger R/T","2021 Dodge","carmax",59000,28998,"Charger","R/T","2021"
"889",FALSE,"Dodge Charger","Dodge","16,000 miles",35998,"Charger R/T","2021 Dodge","carmax",16000,35998,"Charger","R/T","2021"
"890",FALSE,"Dodge Charger","Dodge","30,000 miles",31998,"Charger R/T","2021 Dodge","carmax",30000,31998,"Charger","R/T","2021"
"891",FALSE,"Dodge Charger","Dodge","49,000 miles",33998,"Charger R/T","2021 Dodge","carmax",49000,33998,"Charger","R/T","2021"
"892",FALSE,"Dodge Charger","Dodge","49,000 miles",22998,"Charger SXT","2021 Dodge","carmax",49000,22998,"Charger","SXT","2021"
"893",FALSE,"Dodge Charger","Dodge","60,000 miles",23998,"Charger SXT","2021 Dodge","carmax",60000,23998,"Charger","SXT","2021"
"894",FALSE,"Dodge Charger","Dodge","51,000 miles",22998,"Charger SXT","2021 Dodge","carmax",51000,22998,"Charger","SXT","2021"
"895",FALSE,"Dodge Charger","Dodge","41,000 miles",21998,"Charger SXT","2021 Dodge","carmax",41000,21998,"Charger","SXT","2021"
"896",FALSE,"Dodge Charger","Dodge","47,000 miles",21998,"Charger SXT","2021 Dodge","carmax",47000,21998,"Charger","SXT","2021"
"897",FALSE,"Dodge Charger","Dodge","50,000 miles",22998,"Charger SXT","2021 Dodge","carmax",50000,22998,"Charger","SXT","2021"
"898",FALSE,"Dodge Charger","Dodge","37,000 miles",21998,"Charger SXT","2021 Dodge","carmax",37000,21998,"Charger","SXT","2021"
"899",FALSE,"Dodge Charger","Dodge","43,000 miles",21998,"Charger SXT","2021 Dodge","carmax",43000,21998,"Charger","SXT","2021"
"900",FALSE,"Dodge Charger","Dodge","41,000 miles",21998,"Charger SXT","2021 Dodge","carmax",41000,21998,"Charger","SXT","2021"
"901",FALSE,"Dodge Charger","Dodge","44,000 miles",20998,"Charger SXT","2021 Dodge","carmax",44000,20998,"Charger","SXT","2021"
"902",FALSE,"Dodge Charger","Dodge","45,000 miles",21998,"Charger SXT","2021 Dodge","carmax",45000,21998,"Charger","SXT","2021"
"903",FALSE,"Dodge Charger","Dodge","35,000 miles",21998,"Charger SXT","2021 Dodge","carmax",35000,21998,"Charger","SXT","2021"
"904",FALSE,"Dodge Charger","Dodge","40,000 miles",21998,"Charger SXT","2021 Dodge","carmax",40000,21998,"Charger","SXT","2021"
"905",FALSE,"Dodge Charger","Dodge","43,000 miles",21998,"Charger SXT","2021 Dodge","carmax",43000,21998,"Charger","SXT","2021"
"906",FALSE,"Dodge Charger","Dodge","46,000 miles",22998,"Charger SXT","2021 Dodge","carmax",46000,22998,"Charger","SXT","2021"
"907",FALSE,"Dodge Charger","Dodge","48,000 miles",20998,"Charger SXT","2021 Dodge","carmax",48000,20998,"Charger","SXT","2021"
"908",FALSE,"Dodge Charger","Dodge","55,000 miles",19998,"Charger SXT","2021 Dodge","carmax",55000,19998,"Charger","SXT","2021"
"909",FALSE,"Dodge Charger","Dodge","35,000 miles",21998,"Charger SXT","2021 Dodge","carmax",35000,21998,"Charger","SXT","2021"
"910",FALSE,"Dodge Charger","Dodge","48,000 miles",23998,"Charger SXT","2021 Dodge","carmax",48000,23998,"Charger","SXT","2021"
"911",FALSE,"Dodge Charger","Dodge","48,000 miles",20998,"Charger SXT","2021 Dodge","carmax",48000,20998,"Charger","SXT","2021"
"912",FALSE,"Dodge Charger","Dodge","43,000 miles",19998,"Charger SXT","2021 Dodge","carmax",43000,19998,"Charger","SXT","2021"
"913",FALSE,"Dodge Charger","Dodge","37,000 miles",24998,"Charger SXT","2021 Dodge","carmax",37000,24998,"Charger","SXT","2021"
"914",FALSE,"Dodge Charger","Dodge","12,000 miles",29998,"Charger SXT","2021 Dodge","carmax",12000,29998,"Charger","SXT","2021"
"915",FALSE,"Dodge Charger","Dodge","51,000 miles",21998,"Charger SXT","2021 Dodge","carmax",51000,21998,"Charger","SXT","2021"
"916",FALSE,"Dodge Charger","Dodge","36,000 miles",22998,"Charger SXT","2021 Dodge","carmax",36000,22998,"Charger","SXT","2021"
"917",FALSE,"Dodge Charger","Dodge","31,000 miles",24998,"Charger SXT","2021 Dodge","carmax",31000,24998,"Charger","SXT","2021"
"918",FALSE,"Dodge Charger","Dodge","41,000 miles",24998,"Charger SXT","2021 Dodge","carmax",41000,24998,"Charger","SXT","2021"
"919",FALSE,"Dodge Charger","Dodge","41,000 miles",23998,"Charger SXT","2021 Dodge","carmax",41000,23998,"Charger","SXT","2021"
"920",FALSE,"Dodge Charger","Dodge","43,000 miles",21998,"Charger SXT","2021 Dodge","carmax",43000,21998,"Charger","SXT","2021"
"921",FALSE,"Dodge Charger","Dodge","33,000 miles",24998,"Charger SXT","2021 Dodge","carmax",33000,24998,"Charger","SXT","2021"
"922",FALSE,"Dodge Charger","Dodge","76,000 miles",18998,"Charger SXT","2021 Dodge","carmax",76000,18998,"Charger","SXT","2021"
"923",FALSE,"Dodge Charger","Dodge","35,000 miles",24998,"Charger SXT","2021 Dodge","carmax",35000,24998,"Charger","SXT","2021"
"924",FALSE,"Dodge Charger","Dodge","39,000 miles",22998,"Charger SXT","2021 Dodge","carmax",39000,22998,"Charger","SXT","2021"
"925",FALSE,"Dodge Charger","Dodge","22,000 miles",25998,"Charger SXT","2021 Dodge","carmax",22000,25998,"Charger","SXT","2021"
"926",FALSE,"Dodge Charger","Dodge","15,000 miles",41998,"Charger Scat Pack","2021 Dodge","carmax",15000,41998,"Charger","Scat Pack","2021"
"927",FALSE,"Dodge Charger","Dodge","4,000 miles",47998,"Charger Scat Pack","2021 Dodge","carmax",4000,47998,"Charger","Scat Pack","2021"
"928",FALSE,"Dodge Charger","Dodge","36,000 miles",39998,"Charger Scat Pack","2021 Dodge","carmax",36000,39998,"Charger","Scat Pack","2021"
"929",FALSE,"Dodge Charger","Dodge","94,000 miles",33998,"Charger Scat Pack","2021 Dodge","carmax",94000,33998,"Charger","Scat Pack","2021"
"930",FALSE,"Dodge Charger","Dodge","32,000 miles",41998,"Charger Scat Pack","2021 Dodge","carmax",32000,41998,"Charger","Scat Pack","2021"
"931",FALSE,"Dodge Charger","Dodge","66,000 miles",34998,"Charger Scat Pack","2021 Dodge","carmax",66000,34998,"Charger","Scat Pack","2021"
"932",FALSE,"Dodge Charger","Dodge","21,000 miles",44998,"Charger Scat Pack","2021 Dodge","carmax",21000,44998,"Charger","Scat Pack","2021"
"933",FALSE,"Dodge Charger","Dodge","39,000 miles",41998,"Charger Scat Pack","2021 Dodge","carmax",39000,41998,"Charger","Scat Pack","2021"
"934",FALSE,"Dodge Charger","Dodge","12,000 miles",44998,"Charger Scat Pack","2021 Dodge","carmax",12000,44998,"Charger","Scat Pack","2021"
"935",FALSE,"Dodge Charger","Dodge","30,000 miles",40998,"Charger Scat Pack","2021 Dodge","carmax",30000,40998,"Charger","Scat Pack","2021"
"936",FALSE,"Dodge Charger","Dodge","57,000 miles",37998,"Charger Scat Pack","2021 Dodge","carmax",57000,37998,"Charger","Scat Pack","2021"
"937",FALSE,"Dodge Charger","Dodge","71,000 miles",36998,"Charger Scat Pack","2021 Dodge","carmax",71000,36998,"Charger","Scat Pack","2021"
"938",FALSE,"Dodge Charger","Dodge","89,000 miles",37998,"Charger Scat Pack","2021 Dodge","carmax",89000,37998,"Charger","Scat Pack","2021"
"939",FALSE,"Dodge Charger","Dodge","9,000 miles",47998,"Charger Scat Pack","2021 Dodge","carmax",9000,47998,"Charger","Scat Pack","2021"
"940",FALSE,"Dodge Charger","Dodge","23,000 miles",44998,"Charger Scat Pack","2021 Dodge","carmax",23000,44998,"Charger","Scat Pack","2021"
"941",FALSE,"Dodge Charger","Dodge","43,000 miles",37998,"Charger Scat Pack","2021 Dodge","carmax",43000,37998,"Charger","Scat Pack","2021"
"942",FALSE,"Dodge Charger","Dodge","18,000 miles",42998,"Charger Scat Pack","2021 Dodge","carmax",18000,42998,"Charger","Scat Pack","2021"
"943",FALSE,"Dodge Charger","Dodge","44,000 miles",37998,"Charger Scat Pack","2021 Dodge","carmax",44000,37998,"Charger","Scat Pack","2021"
"944",FALSE,"Dodge Charger","Dodge","38,000 miles",39998,"Charger Scat Pack","2021 Dodge","carmax",38000,39998,"Charger","Scat Pack","2021"
"945",FALSE,"Dodge Charger","Dodge","66,000 miles",38998,"Charger Scat Pack","2021 Dodge","carmax",66000,38998,"Charger","Scat Pack","2021"
"946",FALSE,"Dodge Charger","Dodge","11,000 miles",55998,"Charger Scat Pack Widebody","2021 Dodge","carmax",11000,55998,"Charger","Scat Pack Widebody","2021"
"947",FALSE,"Dodge Charger","Dodge","13,000 miles",55998,"Charger Scat Pack Widebody","2021 Dodge","carmax",13000,55998,"Charger","Scat Pack Widebody","2021"
"948",FALSE,"Dodge Charger","Dodge","14,000 miles",50998,"Charger Scat Pack Widebody","2021 Dodge","carmax",14000,50998,"Charger","Scat Pack Widebody","2021"
"949",FALSE,"Dodge Charger","Dodge","28,000 miles",51998,"Charger Scat Pack Widebody","2021 Dodge","carmax",28000,51998,"Charger","Scat Pack Widebody","2021"
"950",FALSE,"Dodge Charger","Dodge","21,000 miles",52998,"Charger Scat Pack Widebody","2021 Dodge","carmax",21000,52998,"Charger","Scat Pack Widebody","2021"
"951",FALSE,"Dodge Charger","Dodge","27,000 miles",50998,"Charger Scat Pack Widebody","2021 Dodge","carmax",27000,50998,"Charger","Scat Pack Widebody","2021"
"952",FALSE,"Dodge Charger","Dodge","16,000 miles",51998,"Charger Scat Pack Widebody","2021 Dodge","carmax",16000,51998,"Charger","Scat Pack Widebody","2021"
"953",FALSE,"Dodge Charger","Dodge","5,000 miles",55998,"Charger Scat Pack Widebody","2021 Dodge","carmax",5000,55998,"Charger","Scat Pack Widebody","2021"
"954",FALSE,"Dodge Charger","Dodge","71,000 miles",43998,"Charger Scat Pack Widebody","2021 Dodge","carmax",71000,43998,"Charger","Scat Pack Widebody","2021"
"955",FALSE,"Dodge Charger","Dodge","17,000 miles",51998,"Charger Scat Pack Widebody","2021 Dodge","carmax",17000,51998,"Charger","Scat Pack Widebody","2021"
"956",FALSE,"Dodge Charger","Dodge","38,000 miles",47998,"Charger Scat Pack Widebody","2021 Dodge","carmax",38000,47998,"Charger","Scat Pack Widebody","2021"
"957",FALSE,"Dodge Durango","Dodge","48,000 miles",29998,"Durango Citadel","2021 Dodge","carmax",48000,29998,"Durango","Citadel","2021"
"958",FALSE,"Dodge Durango","Dodge","37,000 miles",34998,"Durango Citadel","2021 Dodge","carmax",37000,34998,"Durango","Citadel","2021"
"959",FALSE,"Dodge Durango","Dodge","24,000 miles",34998,"Durango Citadel","2021 Dodge","carmax",24000,34998,"Durango","Citadel","2021"
"960",FALSE,"Dodge Durango","Dodge","32,000 miles",33998,"Durango Citadel","2021 Dodge","carmax",32000,33998,"Durango","Citadel","2021"
"961",FALSE,"Dodge Durango","Dodge","4,000 miles",33998,"Durango GT","2021 Dodge","carmax",4000,33998,"Durango","GT","2021"
"962",FALSE,"Dodge Durango","Dodge","36,000 miles",26998,"Durango GT","2021 Dodge","carmax",36000,26998,"Durango","GT","2021"
"963",FALSE,"Dodge Durango","Dodge","51,000 miles",27998,"Durango GT","2021 Dodge","carmax",51000,27998,"Durango","GT","2021"
"964",FALSE,"Dodge Durango","Dodge","42,000 miles",30998,"Durango GT","2021 Dodge","carmax",42000,30998,"Durango","GT","2021"
"965",FALSE,"Dodge Durango","Dodge","6,000 miles",33998,"Durango GT","2021 Dodge","carmax",6000,33998,"Durango","GT","2021"
"966",FALSE,"Dodge Durango","Dodge","3,000 miles",33998,"Durango GT","2021 Dodge","carmax",3000,33998,"Durango","GT","2021"
"967",FALSE,"Dodge Durango","Dodge","69,000 miles",25998,"Durango GT","2021 Dodge","carmax",69000,25998,"Durango","GT","2021"
"968",FALSE,"Dodge Durango","Dodge","53,000 miles",29998,"Durango GT Plus","2021 Dodge","carmax",53000,29998,"Durango","GT Plus","2021"
"969",FALSE,"Dodge Durango","Dodge","86,000 miles",25998,"Durango GT Plus","2021 Dodge","carmax",86000,25998,"Durango","GT Plus","2021"
"970",FALSE,"Dodge Durango","Dodge","58,000 miles",26998,"Durango GT Plus","2021 Dodge","carmax",58000,26998,"Durango","GT Plus","2021"
"971",FALSE,"Dodge Durango","Dodge","37,000 miles",28998,"Durango GT Plus","2021 Dodge","carmax",37000,28998,"Durango","GT Plus","2021"
"972",FALSE,"Dodge Durango","Dodge","51,000 miles",29998,"Durango GT Plus","2021 Dodge","carmax",51000,29998,"Durango","GT Plus","2021"
"973",FALSE,"Dodge Durango","Dodge","50,000 miles",27998,"Durango GT Plus","2021 Dodge","carmax",50000,27998,"Durango","GT Plus","2021"
"974",FALSE,"Dodge Durango","Dodge","41,000 miles",31998,"Durango GT Plus","2021 Dodge","carmax",41000,31998,"Durango","GT Plus","2021"
"975",FALSE,"Dodge Durango","Dodge","27,000 miles",31998,"Durango GT Plus","2021 Dodge","carmax",27000,31998,"Durango","GT Plus","2021"
"976",FALSE,"Dodge Durango","Dodge","57,000 miles",27998,"Durango GT Plus","2021 Dodge","carmax",57000,27998,"Durango","GT Plus","2021"
"977",FALSE,"Dodge Durango","Dodge","28,000 miles",39998,"Durango R/T","2021 Dodge","carmax",28000,39998,"Durango","R/T","2021"
"978",FALSE,"Dodge Durango","Dodge","27,000 miles",36998,"Durango R/T","2021 Dodge","carmax",27000,36998,"Durango","R/T","2021"
"979",FALSE,"Dodge Durango","Dodge","55,000 miles",33998,"Durango R/T","2021 Dodge","carmax",55000,33998,"Durango","R/T","2021"
"980",FALSE,"Dodge Durango","Dodge","51,000 miles",31998,"Durango R/T","2021 Dodge","carmax",51000,31998,"Durango","R/T","2021"
"981",FALSE,"Dodge Durango","Dodge","66,000 miles",33998,"Durango R/T","2021 Dodge","carmax",66000,33998,"Durango","R/T","2021"
"982",FALSE,"Dodge Durango","Dodge","62,000 miles",34998,"Durango R/T","2021 Dodge","carmax",62000,34998,"Durango","R/T","2021"
"983",FALSE,"Dodge Durango","Dodge","32,000 miles",41998,"Durango R/T","2021 Dodge","carmax",32000,41998,"Durango","R/T","2021"
"984",FALSE,"Dodge Durango","Dodge","41,000 miles",38998,"Durango R/T","2021 Dodge","carmax",41000,38998,"Durango","R/T","2021"
"985",FALSE,"Dodge Durango","Dodge","27,000 miles",39998,"Durango R/T","2021 Dodge","carmax",27000,39998,"Durango","R/T","2021"
"986",FALSE,"Dodge Durango","Dodge","36,000 miles",35998,"Durango R/T","2021 Dodge","carmax",36000,35998,"Durango","R/T","2021"
"987",FALSE,"Dodge Durango","Dodge","31,000 miles",38998,"Durango R/T","2021 Dodge","carmax",31000,38998,"Durango","R/T","2021"
"988",FALSE,"Dodge Durango","Dodge","57,000 miles",36998,"Durango R/T","2021 Dodge","carmax",57000,36998,"Durango","R/T","2021"
"989",FALSE,"Dodge Durango","Dodge","37,000 miles",34998,"Durango R/T","2021 Dodge","carmax",37000,34998,"Durango","R/T","2021"
"990",FALSE,"Dodge Durango","Dodge","50,000 miles",23998,"Durango SXT","2021 Dodge","carmax",50000,23998,"Durango","SXT","2021"
"991",FALSE,"Dodge Durango","Dodge","46,000 miles",23998,"Durango SXT","2021 Dodge","carmax",46000,23998,"Durango","SXT","2021"
"992",FALSE,"Dodge Durango","Dodge","43,000 miles",27998,"Durango SXT","2021 Dodge","carmax",43000,27998,"Durango","SXT","2021"
"993",FALSE,"Dodge Durango","Dodge","52,000 miles",27998,"Durango SXT Plus","2021 Dodge","carmax",52000,27998,"Durango","SXT Plus","2021"
"994",FALSE,"Dodge Durango","Dodge","56,000 miles",28998,"Durango SXT Plus","2021 Dodge","carmax",56000,28998,"Durango","SXT Plus","2021"
"995",FALSE,"Dodge Durango","Dodge","53,000 miles",26998,"Durango SXT Plus","2021 Dodge","carmax",53000,26998,"Durango","SXT Plus","2021"
"996",FALSE,"Ford Mustang","Ford","32,000 miles",23998,"Mustang Ecoboost","2021 Ford","carmax",32000,23998,"Mustang","Ecoboost","2021"
"997",FALSE,"Ford Mustang","Ford","24,000 miles",25998,"Mustang Ecoboost","2021 Ford","carmax",24000,25998,"Mustang","Ecoboost","2021"
"998",FALSE,"Ford Mustang","Ford","37,000 miles",25998,"Mustang Ecoboost","2021 Ford","carmax",37000,25998,"Mustang","Ecoboost","2021"
"999",FALSE,"Ford Mustang","Ford","7,000 miles",27998,"Mustang Ecoboost","2021 Ford","carmax",7000,27998,"Mustang","Ecoboost","2021"
"1000",FALSE,"Ford Mustang","Ford","35,000 miles",28998,"Mustang Ecoboost","2021 Ford","carmax",35000,28998,"Mustang","Ecoboost","2021"
"1001",FALSE,"Ford Mustang","Ford","35,000 miles",25998,"Mustang Ecoboost","2021 Ford","carmax",35000,25998,"Mustang","Ecoboost","2021"
"1002",FALSE,"Ford Mustang","Ford","24,000 miles",24998,"Mustang Ecoboost","2021 Ford","carmax",24000,24998,"Mustang","Ecoboost","2021"
"1003",FALSE,"Ford Mustang","Ford","5,000 miles",27998,"Mustang Ecoboost","2021 Ford","carmax",5000,27998,"Mustang","Ecoboost","2021"
"1004",FALSE,"Ford Mustang","Ford","19,000 miles",25998,"Mustang Ecoboost","2021 Ford","carmax",19000,25998,"Mustang","Ecoboost","2021"
"1005",FALSE,"Ford Mustang","Ford","24,000 miles",25998,"Mustang Ecoboost","2021 Ford","carmax",24000,25998,"Mustang","Ecoboost","2021"
"1006",FALSE,"Ford Mustang","Ford","25,000 miles",25998,"Mustang Ecoboost","2021 Ford","carmax",25000,25998,"Mustang","Ecoboost","2021"
"1007",FALSE,"Ford Mustang","Ford","49,000 miles",23998,"Mustang Ecoboost","2021 Ford","carmax",49000,23998,"Mustang","Ecoboost","2021"
"1008",FALSE,"Ford Mustang","Ford","27,000 miles",26998,"Mustang Ecoboost","2021 Ford","carmax",27000,26998,"Mustang","Ecoboost","2021"
"1009",FALSE,"Ford Mustang","Ford","25,000 miles",26998,"Mustang Ecoboost","2021 Ford","carmax",25000,26998,"Mustang","Ecoboost","2021"
"1010",FALSE,"Ford Mustang","Ford","21,000 miles",26998,"Mustang Ecoboost","2021 Ford","carmax",21000,26998,"Mustang","Ecoboost","2021"
"1011",FALSE,"Ford Mustang","Ford","54,000 miles",23998,"Mustang Ecoboost Premium","2021 Ford","carmax",54000,23998,"Mustang","Ecoboost Premium","2021"
"1012",FALSE,"Ford Mustang","Ford","56,000 miles",24998,"Mustang Ecoboost Premium","2021 Ford","carmax",56000,24998,"Mustang","Ecoboost Premium","2021"
"1013",FALSE,"Ford Mustang","Ford","46,000 miles",24998,"Mustang Ecoboost Premium","2021 Ford","carmax",46000,24998,"Mustang","Ecoboost Premium","2021"
"1014",FALSE,"Ford Mustang","Ford","37,000 miles",27998,"Mustang Ecoboost Premium","2021 Ford","carmax",37000,27998,"Mustang","Ecoboost Premium","2021"
"1015",FALSE,"Ford Mustang","Ford","75,000 miles",22998,"Mustang Ecoboost Premium","2021 Ford","carmax",75000,22998,"Mustang","Ecoboost Premium","2021"
"1016",FALSE,"Ford Mustang","Ford","34,000 miles",27998,"Mustang Ecoboost Premium","2021 Ford","carmax",34000,27998,"Mustang","Ecoboost Premium","2021"
"1017",FALSE,"Ford Mustang","Ford","40,000 miles",24998,"Mustang Ecoboost Premium","2021 Ford","carmax",40000,24998,"Mustang","Ecoboost Premium","2021"
"1018",FALSE,"Ford Mustang","Ford","16,000 miles",28998,"Mustang Ecoboost Premium","2021 Ford","carmax",16000,28998,"Mustang","Ecoboost Premium","2021"
"1019",FALSE,"Ford Mustang","Ford","48,000 miles",24998,"Mustang Ecoboost Premium","2021 Ford","carmax",48000,24998,"Mustang","Ecoboost Premium","2021"
"1020",FALSE,"Ford Mustang","Ford","41,000 miles",27998,"Mustang Ecoboost Premium","2021 Ford","carmax",41000,27998,"Mustang","Ecoboost Premium","2021"
"1021",FALSE,"Ford Mustang","Ford","30,000 miles",26998,"Mustang Ecoboost Premium","2021 Ford","carmax",30000,26998,"Mustang","Ecoboost Premium","2021"
"1022",FALSE,"Ford Mustang","Ford","112,000 miles",18998,"Mustang Ecoboost Premium","2021 Ford","carmax",112000,18998,"Mustang","Ecoboost Premium","2021"
"1023",FALSE,"Ford Mustang","Ford","22,000 miles",29998,"Mustang Ecoboost Premium","2021 Ford","carmax",22000,29998,"Mustang","Ecoboost Premium","2021"
"1024",FALSE,"Ford Mustang","Ford","63,000 miles",23998,"Mustang Ecoboost Premium","2021 Ford","carmax",63000,23998,"Mustang","Ecoboost Premium","2021"
"1025",FALSE,"Ford Mustang","Ford","16,000 miles",28998,"Mustang Ecoboost Premium","2021 Ford","carmax",16000,28998,"Mustang","Ecoboost Premium","2021"
"1026",FALSE,"Ford Mustang","Ford","22,000 miles",26998,"Mustang Ecoboost Premium","2021 Ford","carmax",22000,26998,"Mustang","Ecoboost Premium","2021"
"1027",FALSE,"Ford Mustang","Ford","43,000 miles",32998,"Mustang GT","2021 Ford","carmax",43000,32998,"Mustang","GT","2021"
"1028",FALSE,"Ford Mustang","Ford","43,000 miles",30998,"Mustang GT","2021 Ford","carmax",43000,30998,"Mustang","GT","2021"
"1029",FALSE,"Ford Mustang","Ford","29,000 miles",33998,"Mustang GT","2021 Ford","carmax",29000,33998,"Mustang","GT","2021"
"1030",FALSE,"Ford Mustang","Ford","14,000 miles",33998,"Mustang GT","2021 Ford","carmax",14000,33998,"Mustang","GT","2021"
"1031",FALSE,"Ford Mustang","Ford","10,000 miles",35998,"Mustang GT","2021 Ford","carmax",10000,35998,"Mustang","GT","2021"
"1032",FALSE,"Ford Mustang","Ford","39,000 miles",30998,"Mustang GT","2021 Ford","carmax",39000,30998,"Mustang","GT","2021"
"1033",FALSE,"Ford Mustang","Ford","86,000 miles",28998,"Mustang GT","2021 Ford","carmax",86000,28998,"Mustang","GT","2021"
"1034",FALSE,"Ford Mustang","Ford","59,000 miles",29998,"Mustang GT","2021 Ford","carmax",59000,29998,"Mustang","GT","2021"
"1035",FALSE,"Ford Mustang","Ford","11,000 miles",35998,"Mustang GT","2021 Ford","carmax",11000,35998,"Mustang","GT","2021"
"1036",FALSE,"Ford Mustang","Ford","36,000 miles",32998,"Mustang GT","2021 Ford","carmax",36000,32998,"Mustang","GT","2021"
"1037",FALSE,"Ford Mustang","Ford","35,000 miles",37998,"Mustang GT Premium","2021 Ford","carmax",35000,37998,"Mustang","GT Premium","2021"
"1038",FALSE,"Ford Mustang","Ford","14,000 miles",39998,"Mustang GT Premium","2021 Ford","carmax",14000,39998,"Mustang","GT Premium","2021"
"1039",FALSE,"Ford Mustang","Ford","37,000 miles",36998,"Mustang GT Premium","2021 Ford","carmax",37000,36998,"Mustang","GT Premium","2021"
"1040",FALSE,"Ford Mustang","Ford","18,000 miles",39998,"Mustang GT Premium","2021 Ford","carmax",18000,39998,"Mustang","GT Premium","2021"
"1041",FALSE,"Ford Mustang","Ford","39,000 miles",33998,"Mustang GT Premium","2021 Ford","carmax",39000,33998,"Mustang","GT Premium","2021"
"1042",FALSE,"Ford Mustang","Ford","3,000 miles",38998,"Mustang GT Premium","2021 Ford","carmax",3000,38998,"Mustang","GT Premium","2021"
"1043",FALSE,"Ford Mustang","Ford","12,000 miles",37998,"Mustang GT Premium","2021 Ford","carmax",12000,37998,"Mustang","GT Premium","2021"
"1044",FALSE,"Ford Mustang","Ford","15,000 miles",36998,"Mustang GT Premium","2021 Ford","carmax",15000,36998,"Mustang","GT Premium","2021"
"1045",FALSE,"Ford Mustang","Ford","20,000 miles",36998,"Mustang GT Premium","2021 Ford","carmax",20000,36998,"Mustang","GT Premium","2021"
"1046",FALSE,"Ford Mustang","Ford","36,000 miles",36998,"Mustang GT Premium","2021 Ford","carmax",36000,36998,"Mustang","GT Premium","2021"
"1047",FALSE,"Ford Mustang","Ford","2,000 miles",39998,"Mustang GT Premium","2021 Ford","carmax",2000,39998,"Mustang","GT Premium","2021"
"1048",FALSE,"Ford Mustang","Ford","7,000 miles",42998,"Mustang GT Premium","2021 Ford","carmax",7000,42998,"Mustang","GT Premium","2021"
"1049",FALSE,"Ford Mustang","Ford","13,000 miles",40998,"Mustang GT Premium","2021 Ford","carmax",13000,40998,"Mustang","GT Premium","2021"
"1050",FALSE,"Ford Mustang","Ford","24,000 miles",36998,"Mustang GT Premium","2021 Ford","carmax",24000,36998,"Mustang","GT Premium","2021"
"1051",FALSE,"Ford Mustang","Ford","12,000 miles",38998,"Mustang GT Premium","2021 Ford","carmax",12000,38998,"Mustang","GT Premium","2021"
"1052",FALSE,"Ford Mustang","Ford","15,000 miles",39998,"Mustang GT Premium","2021 Ford","carmax",15000,39998,"Mustang","GT Premium","2021"
"1053",FALSE,"Ford Mustang","Ford","34,000 miles",36998,"Mustang GT Premium","2021 Ford","carmax",34000,36998,"Mustang","GT Premium","2021"
"1054",FALSE,"Ford Mustang","Ford","40,000 miles",34998,"Mustang GT Premium","2021 Ford","carmax",40000,34998,"Mustang","GT Premium","2021"
"1055",FALSE,"Ford Mustang","Ford","51,000 miles",34998,"Mustang GT Premium","2021 Ford","carmax",51000,34998,"Mustang","GT Premium","2021"
"1056",FALSE,"Ford Mustang","Ford","7,000 miles",40998,"Mustang GT Premium","2021 Ford","carmax",7000,40998,"Mustang","GT Premium","2021"
"1057",FALSE,"Ford Mustang","Ford","47,000 miles",34998,"Mustang GT Premium","2021 Ford","carmax",47000,34998,"Mustang","GT Premium","2021"
"1058",FALSE,"Ford Mustang","Ford","5,000 miles",53998,"Mustang Mach 1","2021 Ford","carmax",5000,53998,"Mustang","Mach 1","2021"
"1059",FALSE,"Ford Mustang","Ford","26,000 miles",50998,"Mustang Mach 1","2021 Ford","carmax",26000,50998,"Mustang","Mach 1","2021"
"1060",FALSE,"Ford Mustang","Ford","7,000 miles",53998,"Mustang Mach 1","2021 Ford","carmax",7000,53998,"Mustang","Mach 1","2021"
"1061",FALSE,"Ford Mustang","Ford","40,000 miles",46998,"Mustang Mach 1","2021 Ford","carmax",40000,46998,"Mustang","Mach 1","2021"
"1062",FALSE,"Ford Mustang","Ford","66,000 miles",43998,"Mustang Mach 1","2021 Ford","carmax",66000,43998,"Mustang","Mach 1","2021"
"1063",FALSE,"Ford Mustang","Ford","24,000 miles",79998,"Mustang Shelby GT500","2021 Ford","carmax",24000,79998,"Mustang","Shelby GT500","2021"
"1064",FALSE,"Ford Mustang","Ford","3,000 miles",85998,"Mustang Shelby GT500","2021 Ford","carmax",3000,85998,"Mustang","Shelby GT500","2021"
"1065",FALSE,"Dodge Challenger","Dodge","35,000 miles",25998,"Challenger GT","2022 Dodge","carmax",35000,25998,"Challenger","GT","2022"
"1066",FALSE,"Dodge Challenger","Dodge","55,000 miles",24998,"Challenger GT","2022 Dodge","carmax",55000,24998,"Challenger","GT","2022"
"1067",FALSE,"Dodge Challenger","Dodge","19,000 miles",27998,"Challenger GT","2022 Dodge","carmax",19000,27998,"Challenger","GT","2022"
"1068",FALSE,"Dodge Challenger","Dodge","34,000 miles",24998,"Challenger GT","2022 Dodge","carmax",34000,24998,"Challenger","GT","2022"
"1069",FALSE,"Dodge Challenger","Dodge","15,000 miles",29998,"Challenger GT","2022 Dodge","carmax",15000,29998,"Challenger","GT","2022"
"1070",FALSE,"Dodge Challenger","Dodge","57,000 miles",26998,"Challenger GT","2022 Dodge","carmax",57000,26998,"Challenger","GT","2022"
"1071",FALSE,"Dodge Challenger","Dodge","58,000 miles",22998,"Challenger GT","2022 Dodge","carmax",58000,22998,"Challenger","GT","2022"
"1072",FALSE,"Dodge Challenger","Dodge","8,000 miles",31998,"Challenger GT","2022 Dodge","carmax",8000,31998,"Challenger","GT","2022"
"1073",FALSE,"Dodge Challenger","Dodge","57,000 miles",24998,"Challenger GT","2022 Dodge","carmax",57000,24998,"Challenger","GT","2022"
"1074",FALSE,"Dodge Challenger","Dodge","36,000 miles",28998,"Challenger GT","2022 Dodge","carmax",36000,28998,"Challenger","GT","2022"
"1075",FALSE,"Dodge Challenger","Dodge","44,000 miles",25998,"Challenger GT","2022 Dodge","carmax",44000,25998,"Challenger","GT","2022"
"1076",FALSE,"Dodge Challenger","Dodge","60,000 miles",25998,"Challenger GT","2022 Dodge","carmax",60000,25998,"Challenger","GT","2022"
"1077",FALSE,"Dodge Challenger","Dodge","47,000 miles",24998,"Challenger GT","2022 Dodge","carmax",47000,24998,"Challenger","GT","2022"
"1078",FALSE,"Dodge Challenger","Dodge","49,000 miles",25998,"Challenger GT","2022 Dodge","carmax",49000,25998,"Challenger","GT","2022"
"1079",FALSE,"Dodge Challenger","Dodge","36,000 miles",25998,"Challenger GT","2022 Dodge","carmax",36000,25998,"Challenger","GT","2022"
"1080",FALSE,"Dodge Challenger","Dodge","42,000 miles",25998,"Challenger GT","2022 Dodge","carmax",42000,25998,"Challenger","GT","2022"
"1081",FALSE,"Dodge Challenger","Dodge","36,000 miles",34998,"Challenger R/T","2022 Dodge","carmax",36000,34998,"Challenger","R/T","2022"
"1082",FALSE,"Dodge Challenger","Dodge","36,000 miles",30998,"Challenger R/T","2022 Dodge","carmax",36000,30998,"Challenger","R/T","2022"
"1083",FALSE,"Dodge Challenger","Dodge","41,000 miles",29998,"Challenger R/T","2022 Dodge","carmax",41000,29998,"Challenger","R/T","2022"
"1084",FALSE,"Dodge Challenger","Dodge","13,000 miles",34998,"Challenger R/T","2022 Dodge","carmax",13000,34998,"Challenger","R/T","2022"
"1085",FALSE,"Dodge Challenger","Dodge","28,000 miles",32998,"Challenger R/T","2022 Dodge","carmax",28000,32998,"Challenger","R/T","2022"
"1086",FALSE,"Dodge Challenger","Dodge","60,000 miles",28998,"Challenger R/T","2022 Dodge","carmax",60000,28998,"Challenger","R/T","2022"
"1087",FALSE,"Dodge Challenger","Dodge","26,000 miles",30998,"Challenger R/T","2022 Dodge","carmax",26000,30998,"Challenger","R/T","2022"
"1088",FALSE,"Dodge Challenger","Dodge","47,000 miles",30998,"Challenger R/T","2022 Dodge","carmax",47000,30998,"Challenger","R/T","2022"
"1089",FALSE,"Dodge Challenger","Dodge","4,000 miles",35998,"Challenger R/T","2022 Dodge","carmax",4000,35998,"Challenger","R/T","2022"
"1090",FALSE,"Dodge Challenger","Dodge","8,000 miles",33998,"Challenger R/T","2022 Dodge","carmax",8000,33998,"Challenger","R/T","2022"
"1091",FALSE,"Dodge Challenger","Dodge","41,000 miles",31998,"Challenger R/T","2022 Dodge","carmax",41000,31998,"Challenger","R/T","2022"
"1092",FALSE,"Dodge Challenger","Dodge","63,000 miles",30998,"Challenger R/T","2022 Dodge","carmax",63000,30998,"Challenger","R/T","2022"
"1093",FALSE,"Dodge Challenger","Dodge","21,000 miles",31998,"Challenger R/T","2022 Dodge","carmax",21000,31998,"Challenger","R/T","2022"
"1094",FALSE,"Dodge Challenger","Dodge","7,000 miles",34998,"Challenger R/T","2022 Dodge","carmax",7000,34998,"Challenger","R/T","2022"
"1095",FALSE,"Dodge Challenger","Dodge","24,000 miles",38998,"Challenger R/T Scat Pack","2022 Dodge","carmax",24000,38998,"Challenger","R/T Scat Pack","2022"
"1096",FALSE,"Dodge Challenger","Dodge","25,000 miles",38998,"Challenger R/T Scat Pack","2022 Dodge","carmax",25000,38998,"Challenger","R/T Scat Pack","2022"
"1097",FALSE,"Dodge Challenger","Dodge","26,000 miles",35998,"Challenger R/T Scat Pack","2022 Dodge","carmax",26000,35998,"Challenger","R/T Scat Pack","2022"
"1098",FALSE,"Dodge Challenger","Dodge","27,000 miles",38998,"Challenger R/T Scat Pack","2022 Dodge","carmax",27000,38998,"Challenger","R/T Scat Pack","2022"
"1099",FALSE,"Dodge Challenger","Dodge","38,000 miles",36998,"Challenger R/T Scat Pack","2022 Dodge","carmax",38000,36998,"Challenger","R/T Scat Pack","2022"
"1100",FALSE,"Dodge Challenger","Dodge","46,000 miles",44998,"Challenger R/T Scat Pack","2022 Dodge","carmax",46000,44998,"Challenger","R/T Scat Pack","2022"
"1101",FALSE,"Dodge Challenger","Dodge","36,000 miles",38998,"Challenger R/T Scat Pack","2022 Dodge","carmax",36000,38998,"Challenger","R/T Scat Pack","2022"
"1102",FALSE,"Dodge Challenger","Dodge","44,000 miles",36998,"Challenger R/T Scat Pack","2022 Dodge","carmax",44000,36998,"Challenger","R/T Scat Pack","2022"
"1103",FALSE,"Dodge Challenger","Dodge","21,000 miles",36998,"Challenger R/T Scat Pack","2022 Dodge","carmax",21000,36998,"Challenger","R/T Scat Pack","2022"
"1104",FALSE,"Dodge Challenger","Dodge","14,000 miles",39998,"Challenger R/T Scat Pack","2022 Dodge","carmax",14000,39998,"Challenger","R/T Scat Pack","2022"
"1105",FALSE,"Dodge Challenger","Dodge","19,000 miles",46998,"Challenger R/T Scat Pack Widebody","2022 Dodge","carmax",19000,46998,"Challenger","R/T Scat Pack Widebody","2022"
"1106",FALSE,"Dodge Challenger","Dodge","13,000 miles",48998,"Challenger R/T Scat Pack Widebody","2022 Dodge","carmax",13000,48998,"Challenger","R/T Scat Pack Widebody","2022"
"1107",FALSE,"Dodge Challenger","Dodge","31,000 miles",43998,"Challenger R/T Scat Pack Widebody","2022 Dodge","carmax",31000,43998,"Challenger","R/T Scat Pack Widebody","2022"
"1108",FALSE,"Dodge Challenger","Dodge","26,000 miles",49998,"Challenger R/T Scat Pack Widebody","2022 Dodge","carmax",26000,49998,"Challenger","R/T Scat Pack Widebody","2022"
"1109",FALSE,"Dodge Challenger","Dodge","38,000 miles",46998,"Challenger R/T Scat Pack Widebody","2022 Dodge","carmax",38000,46998,"Challenger","R/T Scat Pack Widebody","2022"
"1110",FALSE,"Dodge Challenger","Dodge","39,000 miles",44998,"Challenger R/T Scat Pack Widebody","2022 Dodge","carmax",39000,44998,"Challenger","R/T Scat Pack Widebody","2022"
"1111",FALSE,"Dodge Challenger","Dodge","39,000 miles",45998,"Challenger R/T Scat Pack Widebody","2022 Dodge","carmax",39000,45998,"Challenger","R/T Scat Pack Widebody","2022"
"1112",FALSE,"Dodge Challenger","Dodge","9,000 miles",26998,"Challenger SXT","2022 Dodge","carmax",9000,26998,"Challenger","SXT","2022"
"1113",FALSE,"Dodge Challenger","Dodge","33,000 miles",29998,"Challenger SXT","2022 Dodge","carmax",33000,29998,"Challenger","SXT","2022"
"1114",FALSE,"Dodge Challenger","Dodge","30,000 miles",26998,"Challenger SXT","2022 Dodge","carmax",30000,26998,"Challenger","SXT","2022"
"1115",FALSE,"Dodge Challenger","Dodge","30,000 miles",25998,"Challenger SXT","2022 Dodge","carmax",30000,25998,"Challenger","SXT","2022"
"1116",FALSE,"Dodge Challenger","Dodge","35,000 miles",25998,"Challenger SXT","2022 Dodge","carmax",35000,25998,"Challenger","SXT","2022"
"1117",FALSE,"Dodge Challenger","Dodge","50,000 miles",22998,"Challenger SXT","2022 Dodge","carmax",50000,22998,"Challenger","SXT","2022"
"1118",FALSE,"Dodge Challenger","Dodge","36,000 miles",26998,"Challenger SXT","2022 Dodge","carmax",36000,26998,"Challenger","SXT","2022"
"1119",FALSE,"Dodge Challenger","Dodge","14,000 miles",27998,"Challenger SXT","2022 Dodge","carmax",14000,27998,"Challenger","SXT","2022"
"1120",FALSE,"Dodge Challenger","Dodge","48,000 miles",24998,"Challenger SXT","2022 Dodge","carmax",48000,24998,"Challenger","SXT","2022"
"1121",FALSE,"Dodge Challenger","Dodge","60,000 miles",22998,"Challenger SXT","2022 Dodge","carmax",60000,22998,"Challenger","SXT","2022"
"1122",FALSE,"Dodge Challenger","Dodge","42,000 miles",24998,"Challenger SXT","2022 Dodge","carmax",42000,24998,"Challenger","SXT","2022"
"1123",FALSE,"Dodge Challenger","Dodge","54,000 miles",22998,"Challenger SXT","2022 Dodge","carmax",54000,22998,"Challenger","SXT","2022"
"1124",FALSE,"Dodge Challenger","Dodge","21,000 miles",26998,"Challenger SXT","2022 Dodge","carmax",21000,26998,"Challenger","SXT","2022"
"1125",FALSE,"Dodge Challenger","Dodge","29,000 miles",25998,"Challenger SXT","2022 Dodge","carmax",29000,25998,"Challenger","SXT","2022"
"1126",FALSE,"Dodge Challenger","Dodge","51,000 miles",23998,"Challenger SXT","2022 Dodge","carmax",51000,23998,"Challenger","SXT","2022"
"1127",FALSE,"Dodge Challenger","Dodge","31,000 miles",26998,"Challenger SXT","2022 Dodge","carmax",31000,26998,"Challenger","SXT","2022"
"1128",FALSE,"Dodge Challenger","Dodge","55,000 miles",21998,"Challenger SXT","2022 Dodge","carmax",55000,21998,"Challenger","SXT","2022"
"1129",FALSE,"Dodge Challenger","Dodge","23,000 miles",26998,"Challenger SXT","2022 Dodge","carmax",23000,26998,"Challenger","SXT","2022"
"1130",FALSE,"Dodge Challenger","Dodge","48,000 miles",25998,"Challenger SXT","2022 Dodge","carmax",48000,25998,"Challenger","SXT","2022"
"1131",FALSE,"Dodge Challenger","Dodge","51,000 miles",23998,"Challenger SXT","2022 Dodge","carmax",51000,23998,"Challenger","SXT","2022"
"1132",FALSE,"Dodge Challenger","Dodge","89,000 miles",22998,"Challenger SXT","2022 Dodge","carmax",89000,22998,"Challenger","SXT","2022"
"1133",FALSE,"Dodge Charger","Dodge","53,000 miles",26998,"Charger GT","2022 Dodge","carmax",53000,26998,"Charger","GT","2022"
"1134",FALSE,"Dodge Charger","Dodge","45,000 miles",25998,"Charger GT","2022 Dodge","carmax",45000,25998,"Charger","GT","2022"
"1135",FALSE,"Dodge Charger","Dodge","37,000 miles",27998,"Charger GT","2022 Dodge","carmax",37000,27998,"Charger","GT","2022"
"1136",FALSE,"Dodge Charger","Dodge","39,000 miles",25998,"Charger GT","2022 Dodge","carmax",39000,25998,"Charger","GT","2022"
"1137",FALSE,"Dodge Charger","Dodge","20,000 miles",29998,"Charger GT","2022 Dodge","carmax",20000,29998,"Charger","GT","2022"
"1138",FALSE,"Dodge Charger","Dodge","23,000 miles",28998,"Charger GT","2022 Dodge","carmax",23000,28998,"Charger","GT","2022"
"1139",FALSE,"Dodge Charger","Dodge","44,000 miles",25998,"Charger GT","2022 Dodge","carmax",44000,25998,"Charger","GT","2022"
"1140",FALSE,"Dodge Charger","Dodge","44,000 miles",28998,"Charger GT","2022 Dodge","carmax",44000,28998,"Charger","GT","2022"
"1141",FALSE,"Dodge Charger","Dodge","57,000 miles",25998,"Charger GT","2022 Dodge","carmax",57000,25998,"Charger","GT","2022"
"1142",FALSE,"Dodge Charger","Dodge","44,000 miles",25998,"Charger GT","2022 Dodge","carmax",44000,25998,"Charger","GT","2022"
"1143",FALSE,"Dodge Charger","Dodge","48,000 miles",26998,"Charger GT","2022 Dodge","carmax",48000,26998,"Charger","GT","2022"
"1144",FALSE,"Dodge Charger","Dodge","55,000 miles",23998,"Charger GT","2022 Dodge","carmax",55000,23998,"Charger","GT","2022"
"1145",FALSE,"Dodge Charger","Dodge","38,000 miles",26998,"Charger GT","2022 Dodge","carmax",38000,26998,"Charger","GT","2022"
"1146",FALSE,"Dodge Charger","Dodge","34,000 miles",26998,"Charger GT","2022 Dodge","carmax",34000,26998,"Charger","GT","2022"
"1147",FALSE,"Dodge Charger","Dodge","40,000 miles",25998,"Charger GT","2022 Dodge","carmax",40000,25998,"Charger","GT","2022"
"1148",FALSE,"Dodge Charger","Dodge","54,000 miles",24998,"Charger GT","2022 Dodge","carmax",54000,24998,"Charger","GT","2022"
"1149",FALSE,"Dodge Charger","Dodge","39,000 miles",27998,"Charger GT","2022 Dodge","carmax",39000,27998,"Charger","GT","2022"
"1150",FALSE,"Dodge Charger","Dodge","34,000 miles",27998,"Charger GT","2022 Dodge","carmax",34000,27998,"Charger","GT","2022"
"1151",FALSE,"Dodge Charger","Dodge","47,000 miles",26998,"Charger GT","2022 Dodge","carmax",47000,26998,"Charger","GT","2022"
"1152",FALSE,"Dodge Charger","Dodge","55,000 miles",25998,"Charger GT","2022 Dodge","carmax",55000,25998,"Charger","GT","2022"
"1153",FALSE,"Dodge Charger","Dodge","19,000 miles",34998,"Charger R/T","2022 Dodge","carmax",19000,34998,"Charger","R/T","2022"
"1154",FALSE,"Dodge Charger","Dodge","30,000 miles",32998,"Charger R/T","2022 Dodge","carmax",30000,32998,"Charger","R/T","2022"
"1155",FALSE,"Dodge Charger","Dodge","34,000 miles",32998,"Charger R/T","2022 Dodge","carmax",34000,32998,"Charger","R/T","2022"
"1156",FALSE,"Dodge Charger","Dodge","52,000 miles",33998,"Charger R/T","2022 Dodge","carmax",52000,33998,"Charger","R/T","2022"
"1157",FALSE,"Dodge Charger","Dodge","12,000 miles",37998,"Charger R/T","2022 Dodge","carmax",12000,37998,"Charger","R/T","2022"
"1158",FALSE,"Dodge Charger","Dodge","50,000 miles",29998,"Charger R/T","2022 Dodge","carmax",50000,29998,"Charger","R/T","2022"
"1159",FALSE,"Dodge Charger","Dodge","52,000 miles",30998,"Charger R/T","2022 Dodge","carmax",52000,30998,"Charger","R/T","2022"
"1160",FALSE,"Dodge Charger","Dodge","37,000 miles",34998,"Charger R/T","2022 Dodge","carmax",37000,34998,"Charger","R/T","2022"
"1161",FALSE,"Dodge Charger","Dodge","6,000 miles",38998,"Charger R/T","2022 Dodge","carmax",6000,38998,"Charger","R/T","2022"
"1162",FALSE,"Dodge Charger","Dodge","22,000 miles",22998,"Charger SXT","2022 Dodge","carmax",22000,22998,"Charger","SXT","2022"
"1163",FALSE,"Dodge Charger","Dodge","54,000 miles",20998,"Charger SXT","2022 Dodge","carmax",54000,20998,"Charger","SXT","2022"
"1164",FALSE,"Dodge Charger","Dodge","21,000 miles",23998,"Charger SXT","2022 Dodge","carmax",21000,23998,"Charger","SXT","2022"
"1165",FALSE,"Dodge Charger","Dodge","59,000 miles",21998,"Charger SXT","2022 Dodge","carmax",59000,21998,"Charger","SXT","2022"
"1166",FALSE,"Dodge Charger","Dodge","58,000 miles",20998,"Charger SXT","2022 Dodge","carmax",58000,20998,"Charger","SXT","2022"
"1167",FALSE,"Dodge Charger","Dodge","42,000 miles",23998,"Charger SXT","2022 Dodge","carmax",42000,23998,"Charger","SXT","2022"
"1168",FALSE,"Dodge Charger","Dodge","52,000 miles",20998,"Charger SXT","2022 Dodge","carmax",52000,20998,"Charger","SXT","2022"
"1169",FALSE,"Dodge Charger","Dodge","47,000 miles",22998,"Charger SXT","2022 Dodge","carmax",47000,22998,"Charger","SXT","2022"
"1170",FALSE,"Dodge Charger","Dodge","20,000 miles",25998,"Charger SXT","2022 Dodge","carmax",20000,25998,"Charger","SXT","2022"
"1171",FALSE,"Dodge Charger","Dodge","28,000 miles",23998,"Charger SXT","2022 Dodge","carmax",28000,23998,"Charger","SXT","2022"
"1172",FALSE,"Dodge Charger","Dodge","41,000 miles",21998,"Charger SXT","2022 Dodge","carmax",41000,21998,"Charger","SXT","2022"
"1173",FALSE,"Dodge Charger","Dodge","54,000 miles",21998,"Charger SXT","2022 Dodge","carmax",54000,21998,"Charger","SXT","2022"
"1174",FALSE,"Dodge Charger","Dodge","35,000 miles",22998,"Charger SXT","2022 Dodge","carmax",35000,22998,"Charger","SXT","2022"
"1175",FALSE,"Dodge Charger","Dodge","23,000 miles",24998,"Charger SXT","2022 Dodge","carmax",23000,24998,"Charger","SXT","2022"
"1176",FALSE,"Dodge Charger","Dodge","48,000 miles",22998,"Charger SXT","2022 Dodge","carmax",48000,22998,"Charger","SXT","2022"
"1177",FALSE,"Dodge Charger","Dodge","53,000 miles",23998,"Charger SXT","2022 Dodge","carmax",53000,23998,"Charger","SXT","2022"
"1178",FALSE,"Dodge Charger","Dodge","40,000 miles",22998,"Charger SXT","2022 Dodge","carmax",40000,22998,"Charger","SXT","2022"
"1179",FALSE,"Dodge Charger","Dodge","21,000 miles",22998,"Charger SXT","2022 Dodge","carmax",21000,22998,"Charger","SXT","2022"
"1180",FALSE,"Dodge Charger","Dodge","56,000 miles",21998,"Charger SXT","2022 Dodge","carmax",56000,21998,"Charger","SXT","2022"
"1181",FALSE,"Dodge Charger","Dodge","33,000 miles",25998,"Charger SXT","2022 Dodge","carmax",33000,25998,"Charger","SXT","2022"
"1182",FALSE,"Dodge Charger","Dodge","42,000 miles",20998,"Charger SXT","2022 Dodge","carmax",42000,20998,"Charger","SXT","2022"
"1183",FALSE,"Dodge Charger","Dodge","55,000 miles",21998,"Charger SXT","2022 Dodge","carmax",55000,21998,"Charger","SXT","2022"
"1184",FALSE,"Dodge Charger","Dodge","43,000 miles",24998,"Charger SXT","2022 Dodge","carmax",43000,24998,"Charger","SXT","2022"
"1185",FALSE,"Dodge Charger","Dodge","37,000 miles",22998,"Charger SXT","2022 Dodge","carmax",37000,22998,"Charger","SXT","2022"
"1186",FALSE,"Dodge Charger","Dodge","25,000 miles",26998,"Charger SXT","2022 Dodge","carmax",25000,26998,"Charger","SXT","2022"
"1187",FALSE,"Dodge Charger","Dodge","37,000 miles",23998,"Charger SXT","2022 Dodge","carmax",37000,23998,"Charger","SXT","2022"
"1188",FALSE,"Dodge Charger","Dodge","24,000 miles",25998,"Charger SXT","2022 Dodge","carmax",24000,25998,"Charger","SXT","2022"
"1189",FALSE,"Dodge Charger","Dodge","32,000 miles",24998,"Charger SXT","2022 Dodge","carmax",32000,24998,"Charger","SXT","2022"
"1190",FALSE,"Dodge Charger","Dodge","55,000 miles",22998,"Charger SXT","2022 Dodge","carmax",55000,22998,"Charger","SXT","2022"
"1191",FALSE,"Dodge Charger","Dodge","67,000 miles",21998,"Charger SXT","2022 Dodge","carmax",67000,21998,"Charger","SXT","2022"
"1192",FALSE,"Dodge Charger","Dodge","26,000 miles",25998,"Charger SXT","2022 Dodge","carmax",26000,25998,"Charger","SXT","2022"
"1193",FALSE,"Dodge Charger","Dodge","57,000 miles",21998,"Charger SXT","2022 Dodge","carmax",57000,21998,"Charger","SXT","2022"
"1194",FALSE,"Dodge Charger","Dodge","48,000 miles",21998,"Charger SXT","2022 Dodge","carmax",48000,21998,"Charger","SXT","2022"
"1195",FALSE,"Dodge Charger","Dodge","36,000 miles",25998,"Charger SXT","2022 Dodge","carmax",36000,25998,"Charger","SXT","2022"
"1196",FALSE,"Dodge Charger","Dodge","58,000 miles",21998,"Charger SXT","2022 Dodge","carmax",58000,21998,"Charger","SXT","2022"
"1197",FALSE,"Dodge Charger","Dodge","46,000 miles",23998,"Charger SXT","2022 Dodge","carmax",46000,23998,"Charger","SXT","2022"
"1198",FALSE,"Dodge Charger","Dodge","24,000 miles",25998,"Charger SXT","2022 Dodge","carmax",24000,25998,"Charger","SXT","2022"
"1199",FALSE,"Dodge Charger","Dodge","46,000 miles",21998,"Charger SXT","2022 Dodge","carmax",46000,21998,"Charger","SXT","2022"
"1200",FALSE,"Dodge Charger","Dodge","22,000 miles",29998,"Charger SXT","2022 Dodge","carmax",22000,29998,"Charger","SXT","2022"
"1201",FALSE,"Dodge Charger","Dodge","45,000 miles",20998,"Charger SXT","2022 Dodge","carmax",45000,20998,"Charger","SXT","2022"
"1202",FALSE,"Dodge Charger","Dodge","40,000 miles",22998,"Charger SXT","2022 Dodge","carmax",40000,22998,"Charger","SXT","2022"
"1203",FALSE,"Dodge Charger","Dodge","17,000 miles",26998,"Charger SXT","2022 Dodge","carmax",17000,26998,"Charger","SXT","2022"
"1204",FALSE,"Dodge Charger","Dodge","37,000 miles",25998,"Charger SXT","2022 Dodge","carmax",37000,25998,"Charger","SXT","2022"
"1205",FALSE,"Dodge Charger","Dodge","57,000 miles",20998,"Charger SXT","2022 Dodge","carmax",57000,20998,"Charger","SXT","2022"
"1206",FALSE,"Dodge Charger","Dodge","40,000 miles",22998,"Charger SXT","2022 Dodge","carmax",40000,22998,"Charger","SXT","2022"
"1207",FALSE,"Dodge Charger","Dodge","7,000 miles",44998,"Charger Scat Pack","2022 Dodge","carmax",7000,44998,"Charger","Scat Pack","2022"
"1208",FALSE,"Dodge Charger","Dodge","23,000 miles",42998,"Charger Scat Pack","2022 Dodge","carmax",23000,42998,"Charger","Scat Pack","2022"
"1209",FALSE,"Dodge Charger","Dodge","56,000 miles",38998,"Charger Scat Pack","2022 Dodge","carmax",56000,38998,"Charger","Scat Pack","2022"
"1210",FALSE,"Dodge Charger","Dodge","30,000 miles",41998,"Charger Scat Pack","2022 Dodge","carmax",30000,41998,"Charger","Scat Pack","2022"
"1211",FALSE,"Dodge Charger","Dodge","14,000 miles",45998,"Charger Scat Pack","2022 Dodge","carmax",14000,45998,"Charger","Scat Pack","2022"
"1212",FALSE,"Dodge Charger","Dodge","35,000 miles",41998,"Charger Scat Pack","2022 Dodge","carmax",35000,41998,"Charger","Scat Pack","2022"
"1213",FALSE,"Dodge Charger","Dodge","56,000 miles",38998,"Charger Scat Pack","2022 Dodge","carmax",56000,38998,"Charger","Scat Pack","2022"
"1214",FALSE,"Dodge Charger","Dodge","3,000 miles",48998,"Charger Scat Pack","2022 Dodge","carmax",3000,48998,"Charger","Scat Pack","2022"
"1215",FALSE,"Dodge Charger","Dodge","33,000 miles",43998,"Charger Scat Pack","2022 Dodge","carmax",33000,43998,"Charger","Scat Pack","2022"
"1216",FALSE,"Dodge Charger","Dodge","5,000 miles",46998,"Charger Scat Pack","2022 Dodge","carmax",5000,46998,"Charger","Scat Pack","2022"
"1217",FALSE,"Dodge Charger","Dodge","34,000 miles",41998,"Charger Scat Pack","2022 Dodge","carmax",34000,41998,"Charger","Scat Pack","2022"
"1218",FALSE,"Dodge Charger","Dodge","26,000 miles",43998,"Charger Scat Pack","2022 Dodge","carmax",26000,43998,"Charger","Scat Pack","2022"
"1219",FALSE,"Dodge Charger","Dodge","14,000 miles",45998,"Charger Scat Pack","2022 Dodge","carmax",14000,45998,"Charger","Scat Pack","2022"
"1220",FALSE,"Dodge Charger","Dodge","52,000 miles",39998,"Charger Scat Pack","2022 Dodge","carmax",52000,39998,"Charger","Scat Pack","2022"
"1221",FALSE,"Dodge Charger","Dodge","27,000 miles",48998,"Charger Scat Pack Widebody","2022 Dodge","carmax",27000,48998,"Charger","Scat Pack Widebody","2022"
"1222",FALSE,"Dodge Charger","Dodge","44,000 miles",46998,"Charger Scat Pack Widebody","2022 Dodge","carmax",44000,46998,"Charger","Scat Pack Widebody","2022"
"1223",FALSE,"Dodge Charger","Dodge","16,000 miles",50998,"Charger Scat Pack Widebody","2022 Dodge","carmax",16000,50998,"Charger","Scat Pack Widebody","2022"
"1224",FALSE,"Dodge Charger","Dodge","28,000 miles",49998,"Charger Scat Pack Widebody","2022 Dodge","carmax",28000,49998,"Charger","Scat Pack Widebody","2022"
"1225",FALSE,"Dodge Charger","Dodge","61,000 miles",43998,"Charger Scat Pack Widebody","2022 Dodge","carmax",61000,43998,"Charger","Scat Pack Widebody","2022"
"1226",FALSE,"Dodge Charger","Dodge","14,000 miles",54998,"Charger Scat Pack Widebody","2022 Dodge","carmax",14000,54998,"Charger","Scat Pack Widebody","2022"
"1227",FALSE,"Dodge Durango","Dodge","37,000 miles",30998,"Durango GT","2022 Dodge","carmax",37000,30998,"Durango","GT","2022"
"1228",FALSE,"Dodge Durango","Dodge","15,000 miles",31998,"Durango GT","2022 Dodge","carmax",15000,31998,"Durango","GT","2022"
"1229",FALSE,"Dodge Durango","Dodge","40,000 miles",28998,"Durango GT","2022 Dodge","carmax",40000,28998,"Durango","GT","2022"
"1230",FALSE,"Dodge Durango","Dodge","31,000 miles",31998,"Durango GT Plus","2022 Dodge","carmax",31000,31998,"Durango","GT Plus","2022"
"1231",FALSE,"Dodge Durango","Dodge","9,000 miles",34998,"Durango GT Plus","2022 Dodge","carmax",9000,34998,"Durango","GT Plus","2022"
"1232",FALSE,"Dodge Durango","Dodge","57,000 miles",27998,"Durango GT Plus","2022 Dodge","carmax",57000,27998,"Durango","GT Plus","2022"
"1233",FALSE,"Dodge Durango","Dodge","37,000 miles",28998,"Durango GT Plus","2022 Dodge","carmax",37000,28998,"Durango","GT Plus","2022"
"1234",FALSE,"Dodge Durango","Dodge","19,000 miles",29998,"Durango GT Plus","2022 Dodge","carmax",19000,29998,"Durango","GT Plus","2022"
"1235",FALSE,"Dodge Durango","Dodge","52,000 miles",26998,"Durango GT Plus","2022 Dodge","carmax",52000,26998,"Durango","GT Plus","2022"
"1236",FALSE,"Dodge Durango","Dodge","43,000 miles",34998,"Durango R/T","2022 Dodge","carmax",43000,34998,"Durango","R/T","2022"
"1237",FALSE,"Dodge Durango","Dodge","52,000 miles",34998,"Durango R/T","2022 Dodge","carmax",52000,34998,"Durango","R/T","2022"
"1238",FALSE,"Dodge Durango","Dodge","64,000 miles",31998,"Durango R/T","2022 Dodge","carmax",64000,31998,"Durango","R/T","2022"
"1239",FALSE,"Dodge Durango","Dodge","46,000 miles",36998,"Durango R/T","2022 Dodge","carmax",46000,36998,"Durango","R/T","2022"
"1240",FALSE,"Dodge Durango","Dodge","34,000 miles",38998,"Durango R/T","2022 Dodge","carmax",34000,38998,"Durango","R/T","2022"
"1241",FALSE,"Dodge Durango","Dodge","53,000 miles",32998,"Durango R/T","2022 Dodge","carmax",53000,32998,"Durango","R/T","2022"
"1242",FALSE,"Dodge Durango","Dodge","65,000 miles",33998,"Durango R/T","2022 Dodge","carmax",65000,33998,"Durango","R/T","2022"
"1243",FALSE,"Dodge Durango","Dodge","15,000 miles",45998,"Durango R/T","2022 Dodge","carmax",15000,45998,"Durango","R/T","2022"
"1244",FALSE,"Dodge Durango","Dodge","30,000 miles",37998,"Durango R/T","2022 Dodge","carmax",30000,37998,"Durango","R/T","2022"
"1245",FALSE,"Dodge Durango","Dodge","34,000 miles",36998,"Durango R/T Plus","2022 Dodge","carmax",34000,36998,"Durango","R/T Plus","2022"
"1246",FALSE,"Dodge Durango","Dodge","45,000 miles",35998,"Durango R/T Plus","2022 Dodge","carmax",45000,35998,"Durango","R/T Plus","2022"
"1247",FALSE,"Dodge Durango","Dodge","10,000 miles",44998,"Durango R/T Plus","2022 Dodge","carmax",10000,44998,"Durango","R/T Plus","2022"
"1248",FALSE,"Dodge Durango","Dodge","17,000 miles",43998,"Durango R/T Plus","2022 Dodge","carmax",17000,43998,"Durango","R/T Plus","2022"
"1249",FALSE,"Dodge Durango","Dodge","33,000 miles",55998,"Durango SRT 392","2022 Dodge","carmax",33000,55998,"Durango","SRT 392","2022"
"1250",FALSE,"Dodge Durango","Dodge","44,000 miles",26998,"Durango SXT","2022 Dodge","carmax",44000,26998,"Durango","SXT","2022"
"1251",FALSE,"Dodge Durango","Dodge","42,000 miles",25998,"Durango SXT","2022 Dodge","carmax",42000,25998,"Durango","SXT","2022"
"1252",FALSE,"Ford Mustang","Ford","37,000 miles",25998,"Mustang Ecoboost","2022 Ford","carmax",37000,25998,"Mustang","Ecoboost","2022"
"1253",FALSE,"Ford Mustang","Ford","16,000 miles",26998,"Mustang Ecoboost","2022 Ford","carmax",16000,26998,"Mustang","Ecoboost","2022"
"1254",FALSE,"Ford Mustang","Ford","27,000 miles",25998,"Mustang Ecoboost","2022 Ford","carmax",27000,25998,"Mustang","Ecoboost","2022"
"1255",FALSE,"Ford Mustang","Ford","35,000 miles",25998,"Mustang Ecoboost","2022 Ford","carmax",35000,25998,"Mustang","Ecoboost","2022"
"1256",FALSE,"Ford Mustang","Ford","28,000 miles",24998,"Mustang Ecoboost","2022 Ford","carmax",28000,24998,"Mustang","Ecoboost","2022"
"1257",FALSE,"Ford Mustang","Ford","38,000 miles",24998,"Mustang Ecoboost","2022 Ford","carmax",38000,24998,"Mustang","Ecoboost","2022"
"1258",FALSE,"Ford Mustang","Ford","46,000 miles",21998,"Mustang Ecoboost","2022 Ford","carmax",46000,21998,"Mustang","Ecoboost","2022"
"1259",FALSE,"Ford Mustang","Ford","40,000 miles",24998,"Mustang Ecoboost","2022 Ford","carmax",40000,24998,"Mustang","Ecoboost","2022"
"1260",FALSE,"Ford Mustang","Ford","67,000 miles",22998,"Mustang Ecoboost","2022 Ford","carmax",67000,22998,"Mustang","Ecoboost","2022"
"1261",FALSE,"Ford Mustang","Ford","29,000 miles",25998,"Mustang Ecoboost","2022 Ford","carmax",29000,25998,"Mustang","Ecoboost","2022"
"1262",FALSE,"Ford Mustang","Ford","12,000 miles",29998,"Mustang Ecoboost Premium","2022 Ford","carmax",12000,29998,"Mustang","Ecoboost Premium","2022"
"1263",FALSE,"Ford Mustang","Ford","58,000 miles",25998,"Mustang Ecoboost Premium","2022 Ford","carmax",58000,25998,"Mustang","Ecoboost Premium","2022"
"1264",FALSE,"Ford Mustang","Ford","61,000 miles",24998,"Mustang Ecoboost Premium","2022 Ford","carmax",61000,24998,"Mustang","Ecoboost Premium","2022"
"1265",FALSE,"Ford Mustang","Ford","31,000 miles",27998,"Mustang Ecoboost Premium","2022 Ford","carmax",31000,27998,"Mustang","Ecoboost Premium","2022"
"1266",FALSE,"Ford Mustang","Ford","26,000 miles",28998,"Mustang Ecoboost Premium","2022 Ford","carmax",26000,28998,"Mustang","Ecoboost Premium","2022"
"1267",FALSE,"Ford Mustang","Ford","27,000 miles",27998,"Mustang Ecoboost Premium","2022 Ford","carmax",27000,27998,"Mustang","Ecoboost Premium","2022"
"1268",FALSE,"Ford Mustang","Ford","47,000 miles",23998,"Mustang Ecoboost Premium","2022 Ford","carmax",47000,23998,"Mustang","Ecoboost Premium","2022"
"1269",FALSE,"Ford Mustang","Ford","15,000 miles",29998,"Mustang Ecoboost Premium","2022 Ford","carmax",15000,29998,"Mustang","Ecoboost Premium","2022"
"1270",FALSE,"Ford Mustang","Ford","26,000 miles",29998,"Mustang Ecoboost Premium","2022 Ford","carmax",26000,29998,"Mustang","Ecoboost Premium","2022"
"1271",FALSE,"Ford Mustang","Ford","79,000 miles",21998,"Mustang Ecoboost Premium","2022 Ford","carmax",79000,21998,"Mustang","Ecoboost Premium","2022"
"1272",FALSE,"Ford Mustang","Ford","5,000 miles",33998,"Mustang Ecoboost Premium","2022 Ford","carmax",5000,33998,"Mustang","Ecoboost Premium","2022"
"1273",FALSE,"Ford Mustang","Ford","57,000 miles",23998,"Mustang Ecoboost Premium","2022 Ford","carmax",57000,23998,"Mustang","Ecoboost Premium","2022"
"1274",FALSE,"Ford Mustang","Ford","12,000 miles",31998,"Mustang Ecoboost Premium","2022 Ford","carmax",12000,31998,"Mustang","Ecoboost Premium","2022"
"1275",FALSE,"Ford Mustang","Ford","65,000 miles",21998,"Mustang Ecoboost Premium","2022 Ford","carmax",65000,21998,"Mustang","Ecoboost Premium","2022"
"1276",FALSE,"Ford Mustang","Ford","12,000 miles",31998,"Mustang Ecoboost Premium","2022 Ford","carmax",12000,31998,"Mustang","Ecoboost Premium","2022"
"1277",FALSE,"Ford Mustang","Ford","28,000 miles",28998,"Mustang Ecoboost Premium","2022 Ford","carmax",28000,28998,"Mustang","Ecoboost Premium","2022"
"1278",FALSE,"Ford Mustang","Ford","35,000 miles",28998,"Mustang Ecoboost Premium","2022 Ford","carmax",35000,28998,"Mustang","Ecoboost Premium","2022"
"1279",FALSE,"Ford Mustang","Ford","15,000 miles",31998,"Mustang Ecoboost Premium","2022 Ford","carmax",15000,31998,"Mustang","Ecoboost Premium","2022"
"1280",FALSE,"Ford Mustang","Ford","11,000 miles",31998,"Mustang Ecoboost Premium","2022 Ford","carmax",11000,31998,"Mustang","Ecoboost Premium","2022"
"1281",FALSE,"Ford Mustang","Ford","34,000 miles",27998,"Mustang Ecoboost Premium","2022 Ford","carmax",34000,27998,"Mustang","Ecoboost Premium","2022"
"1282",FALSE,"Ford Mustang","Ford","17,000 miles",34998,"Mustang GT","2022 Ford","carmax",17000,34998,"Mustang","GT","2022"
"1283",FALSE,"Ford Mustang","Ford","27,000 miles",34998,"Mustang GT","2022 Ford","carmax",27000,34998,"Mustang","GT","2022"
"1284",FALSE,"Ford Mustang","Ford","28,000 miles",32998,"Mustang GT","2022 Ford","carmax",28000,32998,"Mustang","GT","2022"
"1285",FALSE,"Ford Mustang","Ford","22,000 miles",34998,"Mustang GT","2022 Ford","carmax",22000,34998,"Mustang","GT","2022"
"1286",FALSE,"Ford Mustang","Ford","6,000 miles",41998,"Mustang GT Premium","2022 Ford","carmax",6000,41998,"Mustang","GT Premium","2022"
"1287",FALSE,"Ford Mustang","Ford","24,000 miles",39998,"Mustang GT Premium","2022 Ford","carmax",24000,39998,"Mustang","GT Premium","2022"
"1288",FALSE,"Ford Mustang","Ford","17,000 miles",38998,"Mustang GT Premium","2022 Ford","carmax",17000,38998,"Mustang","GT Premium","2022"
"1289",FALSE,"Ford Mustang","Ford","25,000 miles",38998,"Mustang GT Premium","2022 Ford","carmax",25000,38998,"Mustang","GT Premium","2022"
"1290",FALSE,"Ford Mustang","Ford","25,000 miles",41998,"Mustang GT Premium","2022 Ford","carmax",25000,41998,"Mustang","GT Premium","2022"
"1291",FALSE,"Ford Mustang","Ford","32,000 miles",36998,"Mustang GT Premium","2022 Ford","carmax",32000,36998,"Mustang","GT Premium","2022"
"1292",FALSE,"Ford Mustang","Ford","9,000 miles",37998,"Mustang GT Premium","2022 Ford","carmax",9000,37998,"Mustang","GT Premium","2022"
"1293",FALSE,"Ford Mustang","Ford","25,000 miles",36998,"Mustang GT Premium","2022 Ford","carmax",25000,36998,"Mustang","GT Premium","2022"
"1294",FALSE,"Ford Mustang","Ford","15,000 miles",37998,"Mustang GT Premium","2022 Ford","carmax",15000,37998,"Mustang","GT Premium","2022"
"1295",FALSE,"Ford Mustang","Ford","9,000 miles",37998,"Mustang GT Premium","2022 Ford","carmax",9000,37998,"Mustang","GT Premium","2022"
"1296",FALSE,"Ford Mustang","Ford","23,000 miles",39998,"Mustang GT Premium","2022 Ford","carmax",23000,39998,"Mustang","GT Premium","2022"
"1297",FALSE,"Ford Mustang","Ford","43,000 miles",35998,"Mustang GT Premium","2022 Ford","carmax",43000,35998,"Mustang","GT Premium","2022"
"1298",FALSE,"Ford Mustang","Ford","19,000 miles",36998,"Mustang GT Premium","2022 Ford","carmax",19000,36998,"Mustang","GT Premium","2022"
"1299",FALSE,"Ford Mustang","Ford","40,000 miles",35998,"Mustang GT Premium","2022 Ford","carmax",40000,35998,"Mustang","GT Premium","2022"
"1300",FALSE,"Ford Mustang","Ford","24,000 miles",48998,"Mustang Mach 1","2022 Ford","carmax",24000,48998,"Mustang","Mach 1","2022"
"1301",FALSE,"Ford Mustang","Ford","4,000 miles",95998,"Mustang Shelby GT500","2022 Ford","carmax",4000,95998,"Mustang","Shelby GT500","2022"
"1302",FALSE,"Dodge Challenger","Dodge","34,000 miles",29998,"Challenger GT","2023 Dodge","carmax",34000,29998,"Challenger","GT","2023"
"1303",FALSE,"Dodge Challenger","Dodge","23,000 miles",29998,"Challenger GT","2023 Dodge","carmax",23000,29998,"Challenger","GT","2023"
"1304",FALSE,"Dodge Challenger","Dodge","15,000 miles",28998,"Challenger GT","2023 Dodge","carmax",15000,28998,"Challenger","GT","2023"
"1305",FALSE,"Dodge Challenger","Dodge","11,000 miles",29998,"Challenger GT","2023 Dodge","carmax",11000,29998,"Challenger","GT","2023"
"1306",FALSE,"Dodge Challenger","Dodge","39,000 miles",26998,"Challenger GT","2023 Dodge","carmax",39000,26998,"Challenger","GT","2023"
"1307",FALSE,"Dodge Challenger","Dodge","23,000 miles",29998,"Challenger GT","2023 Dodge","carmax",23000,29998,"Challenger","GT","2023"
"1308",FALSE,"Dodge Challenger","Dodge","36,000 miles",28998,"Challenger GT","2023 Dodge","carmax",36000,28998,"Challenger","GT","2023"
"1309",FALSE,"Dodge Challenger","Dodge","35,000 miles",28998,"Challenger GT","2023 Dodge","carmax",35000,28998,"Challenger","GT","2023"
"1310",FALSE,"Dodge Challenger","Dodge","13,000 miles",32998,"Challenger GT","2023 Dodge","carmax",13000,32998,"Challenger","GT","2023"
"1311",FALSE,"Dodge Challenger","Dodge","14,000 miles",33998,"Challenger R/T","2023 Dodge","carmax",14000,33998,"Challenger","R/T","2023"
"1312",FALSE,"Dodge Challenger","Dodge","27,000 miles",31998,"Challenger R/T","2023 Dodge","carmax",27000,31998,"Challenger","R/T","2023"
"1313",FALSE,"Dodge Challenger","Dodge","1,000 miles",38998,"Challenger R/T","2023 Dodge","carmax",1000,38998,"Challenger","R/T","2023"
"1314",FALSE,"Dodge Challenger","Dodge","38,000 miles",33998,"Challenger R/T","2023 Dodge","carmax",38000,33998,"Challenger","R/T","2023"
"1315",FALSE,"Dodge Challenger","Dodge","12,000 miles",40998,"Challenger R/T","2023 Dodge","carmax",12000,40998,"Challenger","R/T","2023"
"1316",FALSE,"Dodge Challenger","Dodge","12,000 miles",33998,"Challenger R/T","2023 Dodge","carmax",12000,33998,"Challenger","R/T","2023"
"1317",FALSE,"Dodge Challenger","Dodge","20,000 miles",40998,"Challenger R/T Scat Pack","2023 Dodge","carmax",20000,40998,"Challenger","R/T Scat Pack","2023"
"1318",FALSE,"Dodge Challenger","Dodge","3,000 miles",43998,"Challenger R/T Scat Pack","2023 Dodge","carmax",3000,43998,"Challenger","R/T Scat Pack","2023"
"1319",FALSE,"Dodge Challenger","Dodge","15,000 miles",38998,"Challenger R/T Scat Pack","2023 Dodge","carmax",15000,38998,"Challenger","R/T Scat Pack","2023"
"1320",FALSE,"Dodge Challenger","Dodge","4,000 miles",44998,"Challenger R/T Scat Pack","2023 Dodge","carmax",4000,44998,"Challenger","R/T Scat Pack","2023"
"1321",FALSE,"Dodge Challenger","Dodge","9,000 miles",50998,"Challenger R/T Scat Pack Widebody","2023 Dodge","carmax",9000,50998,"Challenger","R/T Scat Pack Widebody","2023"
"1322",FALSE,"Dodge Challenger","Dodge","1,000 miles",57998,"Challenger R/T Scat Pack Widebody","2023 Dodge","carmax",1000,57998,"Challenger","R/T Scat Pack Widebody","2023"
"1323",FALSE,"Dodge Challenger","Dodge","19,000 miles",50998,"Challenger R/T Scat Pack Widebody","2023 Dodge","carmax",19000,50998,"Challenger","R/T Scat Pack Widebody","2023"
"1324",FALSE,"Dodge Challenger","Dodge","18,000 miles",29998,"Challenger SXT","2023 Dodge","carmax",18000,29998,"Challenger","SXT","2023"
"1325",FALSE,"Dodge Challenger","Dodge","38,000 miles",24998,"Challenger SXT","2023 Dodge","carmax",38000,24998,"Challenger","SXT","2023"
"1326",FALSE,"Dodge Challenger","Dodge","56,000 miles",25998,"Challenger SXT","2023 Dodge","carmax",56000,25998,"Challenger","SXT","2023"
"1327",FALSE,"Dodge Challenger","Dodge","54,000 miles",24998,"Challenger SXT","2023 Dodge","carmax",54000,24998,"Challenger","SXT","2023"
"1328",FALSE,"Dodge Challenger","Dodge","37,000 miles",26998,"Challenger SXT","2023 Dodge","carmax",37000,26998,"Challenger","SXT","2023"
"1329",FALSE,"Dodge Challenger","Dodge","2,000 miles",29998,"Challenger SXT","2023 Dodge","carmax",2000,29998,"Challenger","SXT","2023"
"1330",FALSE,"Dodge Challenger","Dodge","11,000 miles",27998,"Challenger SXT","2023 Dodge","carmax",11000,27998,"Challenger","SXT","2023"
"1331",FALSE,"Dodge Challenger","Dodge","20,000 miles",27998,"Challenger SXT","2023 Dodge","carmax",20000,27998,"Challenger","SXT","2023"
"1332",FALSE,"Dodge Challenger","Dodge","10,000 miles",30998,"Challenger SXT","2023 Dodge","carmax",10000,30998,"Challenger","SXT","2023"
"1333",FALSE,"Dodge Challenger","Dodge","3,000 miles",29998,"Challenger SXT","2023 Dodge","carmax",3000,29998,"Challenger","SXT","2023"
"1334",FALSE,"Dodge Challenger","Dodge","41,000 miles",25998,"Challenger SXT","2023 Dodge","carmax",41000,25998,"Challenger","SXT","2023"
"1335",FALSE,"Dodge Challenger","Dodge","54,000 miles",23998,"Challenger SXT","2023 Dodge","carmax",54000,23998,"Challenger","SXT","2023"
"1336",FALSE,"Dodge Challenger","Dodge","13,000 miles",28998,"Challenger SXT","2023 Dodge","carmax",13000,28998,"Challenger","SXT","2023"
"1337",FALSE,"Dodge Challenger","Dodge","28,000 miles",26998,"Challenger SXT","2023 Dodge","carmax",28000,26998,"Challenger","SXT","2023"
"1338",FALSE,"Dodge Challenger","Dodge","35,000 miles",25998,"Challenger SXT","2023 Dodge","carmax",35000,25998,"Challenger","SXT","2023"
"1339",FALSE,"Dodge Challenger","Dodge","11,000 miles",27998,"Challenger SXT","2023 Dodge","carmax",11000,27998,"Challenger","SXT","2023"
"1340",FALSE,"Dodge Challenger","Dodge","13,000 miles",26998,"Challenger SXT","2023 Dodge","carmax",13000,26998,"Challenger","SXT","2023"
"1341",FALSE,"Dodge Challenger","Dodge","3,000 miles",29998,"Challenger SXT","2023 Dodge","carmax",3000,29998,"Challenger","SXT","2023"
"1342",FALSE,"Dodge Challenger","Dodge","18,000 miles",26998,"Challenger SXT","2023 Dodge","carmax",18000,26998,"Challenger","SXT","2023"
"1343",FALSE,"Dodge Challenger","Dodge","21,000 miles",26998,"Challenger SXT","2023 Dodge","carmax",21000,26998,"Challenger","SXT","2023"
"1344",FALSE,"Dodge Challenger","Dodge","19,000 miles",27998,"Challenger SXT","2023 Dodge","carmax",19000,27998,"Challenger","SXT","2023"
"1345",FALSE,"Dodge Challenger","Dodge","9,000 miles",29998,"Challenger SXT","2023 Dodge","carmax",9000,29998,"Challenger","SXT","2023"
"1346",FALSE,"Dodge Challenger","Dodge","25,000 miles",25998,"Challenger SXT","2023 Dodge","carmax",25000,25998,"Challenger","SXT","2023"
"1347",FALSE,"Dodge Charger","Dodge","13,000 miles",29998,"Charger GT","2023 Dodge","carmax",13000,29998,"Charger","GT","2023"
"1348",FALSE,"Dodge Charger","Dodge","5,000 miles",32998,"Charger GT","2023 Dodge","carmax",5000,32998,"Charger","GT","2023"
"1349",FALSE,"Dodge Charger","Dodge","53,000 miles",24998,"Charger GT","2023 Dodge","carmax",53000,24998,"Charger","GT","2023"
"1350",FALSE,"Dodge Charger","Dodge","15,000 miles",29998,"Charger GT","2023 Dodge","carmax",15000,29998,"Charger","GT","2023"
"1351",FALSE,"Dodge Charger","Dodge","52,000 miles",27998,"Charger GT","2023 Dodge","carmax",52000,27998,"Charger","GT","2023"
"1352",FALSE,"Dodge Charger","Dodge","45,000 miles",25998,"Charger GT","2023 Dodge","carmax",45000,25998,"Charger","GT","2023"
"1353",FALSE,"Dodge Charger","Dodge","44,000 miles",24998,"Charger GT","2023 Dodge","carmax",44000,24998,"Charger","GT","2023"
"1354",FALSE,"Dodge Charger","Dodge","56,000 miles",27998,"Charger GT","2023 Dodge","carmax",56000,27998,"Charger","GT","2023"
"1355",FALSE,"Dodge Charger","Dodge","60,000 miles",25998,"Charger GT","2023 Dodge","carmax",60000,25998,"Charger","GT","2023"
"1356",FALSE,"Dodge Charger","Dodge","52,000 miles",27998,"Charger GT","2023 Dodge","carmax",52000,27998,"Charger","GT","2023"
"1357",FALSE,"Dodge Charger","Dodge","44,000 miles",24998,"Charger GT","2023 Dodge","carmax",44000,24998,"Charger","GT","2023"
"1358",FALSE,"Dodge Charger","Dodge","50,000 miles",24998,"Charger GT","2023 Dodge","carmax",50000,24998,"Charger","GT","2023"
"1359",FALSE,"Dodge Charger","Dodge","59,000 miles",24998,"Charger GT","2023 Dodge","carmax",59000,24998,"Charger","GT","2023"
"1360",FALSE,"Dodge Charger","Dodge","55,000 miles",26998,"Charger GT","2023 Dodge","carmax",55000,26998,"Charger","GT","2023"
"1361",FALSE,"Dodge Charger","Dodge","26,000 miles",31998,"Charger GT","2023 Dodge","carmax",26000,31998,"Charger","GT","2023"
"1362",FALSE,"Dodge Charger","Dodge","58,000 miles",25998,"Charger GT","2023 Dodge","carmax",58000,25998,"Charger","GT","2023"
"1363",FALSE,"Dodge Charger","Dodge","45,000 miles",26998,"Charger GT","2023 Dodge","carmax",45000,26998,"Charger","GT","2023"
"1364",FALSE,"Dodge Charger","Dodge","55,000 miles",26998,"Charger GT","2023 Dodge","carmax",55000,26998,"Charger","GT","2023"
"1365",FALSE,"Dodge Charger","Dodge","34,000 miles",29998,"Charger GT","2023 Dodge","carmax",34000,29998,"Charger","GT","2023"
"1366",FALSE,"Dodge Charger","Dodge","56,000 miles",25998,"Charger GT","2023 Dodge","carmax",56000,25998,"Charger","GT","2023"
"1367",FALSE,"Dodge Charger","Dodge","31,000 miles",28998,"Charger GT","2023 Dodge","carmax",31000,28998,"Charger","GT","2023"
"1368",FALSE,"Dodge Charger","Dodge","36,000 miles",27998,"Charger GT","2023 Dodge","carmax",36000,27998,"Charger","GT","2023"
"1369",FALSE,"Dodge Charger","Dodge","2,000 miles",31998,"Charger GT","2023 Dodge","carmax",2000,31998,"Charger","GT","2023"
"1370",FALSE,"Dodge Charger","Dodge","43,000 miles",25998,"Charger GT","2023 Dodge","carmax",43000,25998,"Charger","GT","2023"
"1371",FALSE,"Dodge Charger","Dodge","49,000 miles",24998,"Charger GT","2023 Dodge","carmax",49000,24998,"Charger","GT","2023"
"1372",FALSE,"Dodge Charger","Dodge","27,000 miles",30998,"Charger GT","2023 Dodge","carmax",27000,30998,"Charger","GT","2023"
"1373",FALSE,"Dodge Charger","Dodge","35,000 miles",33998,"Charger R/T","2023 Dodge","carmax",35000,33998,"Charger","R/T","2023"
"1374",FALSE,"Dodge Charger","Dodge","9,000 miles",37998,"Charger R/T","2023 Dodge","carmax",9000,37998,"Charger","R/T","2023"
"1375",FALSE,"Dodge Charger","Dodge","6,000 miles",41998,"Charger R/T","2023 Dodge","carmax",6000,41998,"Charger","R/T","2023"
"1376",FALSE,"Dodge Charger","Dodge","24,000 miles",36998,"Charger R/T","2023 Dodge","carmax",24000,36998,"Charger","R/T","2023"
"1377",FALSE,"Dodge Charger","Dodge","10,000 miles",38998,"Charger R/T","2023 Dodge","carmax",10000,38998,"Charger","R/T","2023"
"1378",FALSE,"Dodge Charger","Dodge","7,000 miles",26998,"Charger SXT","2023 Dodge","carmax",7000,26998,"Charger","SXT","2023"
"1379",FALSE,"Dodge Charger","Dodge","54,000 miles",22998,"Charger SXT","2023 Dodge","carmax",54000,22998,"Charger","SXT","2023"
"1380",FALSE,"Dodge Charger","Dodge","60,000 miles",21998,"Charger SXT","2023 Dodge","carmax",60000,21998,"Charger","SXT","2023"
"1381",FALSE,"Dodge Charger","Dodge","3,000 miles",29998,"Charger SXT","2023 Dodge","carmax",3000,29998,"Charger","SXT","2023"
"1382",FALSE,"Dodge Charger","Dodge","57,000 miles",20998,"Charger SXT","2023 Dodge","carmax",57000,20998,"Charger","SXT","2023"
"1383",FALSE,"Dodge Charger","Dodge","52,000 miles",21998,"Charger SXT","2023 Dodge","carmax",52000,21998,"Charger","SXT","2023"
"1384",FALSE,"Dodge Charger","Dodge","7,000 miles",26998,"Charger SXT","2023 Dodge","carmax",7000,26998,"Charger","SXT","2023"
"1385",FALSE,"Dodge Charger","Dodge","53,000 miles",22998,"Charger SXT","2023 Dodge","carmax",53000,22998,"Charger","SXT","2023"
"1386",FALSE,"Dodge Charger","Dodge","42,000 miles",22998,"Charger SXT","2023 Dodge","carmax",42000,22998,"Charger","SXT","2023"
"1387",FALSE,"Dodge Charger","Dodge","51,000 miles",22998,"Charger SXT","2023 Dodge","carmax",51000,22998,"Charger","SXT","2023"
"1388",FALSE,"Dodge Charger","Dodge","60,000 miles",22998,"Charger SXT","2023 Dodge","carmax",60000,22998,"Charger","SXT","2023"
"1389",FALSE,"Dodge Charger","Dodge","60,000 miles",21998,"Charger SXT","2023 Dodge","carmax",60000,21998,"Charger","SXT","2023"
"1390",FALSE,"Dodge Charger","Dodge","34,000 miles",22998,"Charger SXT","2023 Dodge","carmax",34000,22998,"Charger","SXT","2023"
"1391",FALSE,"Dodge Charger","Dodge","39,000 miles",25998,"Charger SXT","2023 Dodge","carmax",39000,25998,"Charger","SXT","2023"
"1392",FALSE,"Dodge Charger","Dodge","48,000 miles",23998,"Charger SXT","2023 Dodge","carmax",48000,23998,"Charger","SXT","2023"
"1393",FALSE,"Dodge Charger","Dodge","40,000 miles",24998,"Charger SXT","2023 Dodge","carmax",40000,24998,"Charger","SXT","2023"
"1394",FALSE,"Dodge Charger","Dodge","52,000 miles",21998,"Charger SXT","2023 Dodge","carmax",52000,21998,"Charger","SXT","2023"
"1395",FALSE,"Dodge Charger","Dodge","54,000 miles",21998,"Charger SXT","2023 Dodge","carmax",54000,21998,"Charger","SXT","2023"
"1396",FALSE,"Dodge Charger","Dodge","38,000 miles",23998,"Charger SXT","2023 Dodge","carmax",38000,23998,"Charger","SXT","2023"
"1397",FALSE,"Dodge Charger","Dodge","22,000 miles",26998,"Charger SXT","2023 Dodge","carmax",22000,26998,"Charger","SXT","2023"
"1398",FALSE,"Dodge Charger","Dodge","53,000 miles",22998,"Charger SXT","2023 Dodge","carmax",53000,22998,"Charger","SXT","2023"
"1399",FALSE,"Dodge Charger","Dodge","10,000 miles",25998,"Charger SXT","2023 Dodge","carmax",10000,25998,"Charger","SXT","2023"
"1400",FALSE,"Dodge Charger","Dodge","45,000 miles",23998,"Charger SXT","2023 Dodge","carmax",45000,23998,"Charger","SXT","2023"
"1401",FALSE,"Dodge Charger","Dodge","32,000 miles",24998,"Charger SXT","2023 Dodge","carmax",32000,24998,"Charger","SXT","2023"
"1402",FALSE,"Dodge Charger","Dodge","35,000 miles",23998,"Charger SXT","2023 Dodge","carmax",35000,23998,"Charger","SXT","2023"
"1403",FALSE,"Dodge Charger","Dodge","53,000 miles",22998,"Charger SXT","2023 Dodge","carmax",53000,22998,"Charger","SXT","2023"
"1404",FALSE,"Dodge Charger","Dodge","54,000 miles",21998,"Charger SXT","2023 Dodge","carmax",54000,21998,"Charger","SXT","2023"
"1405",FALSE,"Dodge Charger","Dodge","60,000 miles",21998,"Charger SXT","2023 Dodge","carmax",60000,21998,"Charger","SXT","2023"
"1406",FALSE,"Dodge Charger","Dodge","35,000 miles",24998,"Charger SXT","2023 Dodge","carmax",35000,24998,"Charger","SXT","2023"
"1407",FALSE,"Dodge Charger","Dodge","37,000 miles",24998,"Charger SXT","2023 Dodge","carmax",37000,24998,"Charger","SXT","2023"
"1408",FALSE,"Dodge Charger","Dodge","29,000 miles",23998,"Charger SXT","2023 Dodge","carmax",29000,23998,"Charger","SXT","2023"
"1409",FALSE,"Dodge Charger","Dodge","41,000 miles",22998,"Charger SXT","2023 Dodge","carmax",41000,22998,"Charger","SXT","2023"
"1410",FALSE,"Dodge Charger","Dodge","21,000 miles",26998,"Charger SXT","2023 Dodge","carmax",21000,26998,"Charger","SXT","2023"
"1411",FALSE,"Dodge Charger","Dodge","8,000 miles",26998,"Charger SXT","2023 Dodge","carmax",8000,26998,"Charger","SXT","2023"
"1412",FALSE,"Dodge Charger","Dodge","52,000 miles",20998,"Charger SXT","2023 Dodge","carmax",52000,20998,"Charger","SXT","2023"
"1413",FALSE,"Dodge Charger","Dodge","57,000 miles",23998,"Charger SXT","2023 Dodge","carmax",57000,23998,"Charger","SXT","2023"
"1414",FALSE,"Dodge Charger","Dodge","4,000 miles",30998,"Charger SXT","2023 Dodge","carmax",4000,30998,"Charger","SXT","2023"
"1415",FALSE,"Dodge Charger","Dodge","55,000 miles",22998,"Charger SXT","2023 Dodge","carmax",55000,22998,"Charger","SXT","2023"
"1416",FALSE,"Dodge Charger","Dodge","27,000 miles",24998,"Charger SXT","2023 Dodge","carmax",27000,24998,"Charger","SXT","2023"
"1417",FALSE,"Dodge Charger","Dodge","36,000 miles",25998,"Charger SXT","2023 Dodge","carmax",36000,25998,"Charger","SXT","2023"
"1418",FALSE,"Dodge Charger","Dodge","48,000 miles",25998,"Charger SXT","2023 Dodge","carmax",48000,25998,"Charger","SXT","2023"
"1419",FALSE,"Dodge Charger","Dodge","16,000 miles",25998,"Charger SXT","2023 Dodge","carmax",16000,25998,"Charger","SXT","2023"
"1420",FALSE,"Dodge Charger","Dodge","26,000 miles",26998,"Charger SXT","2023 Dodge","carmax",26000,26998,"Charger","SXT","2023"
"1421",FALSE,"Dodge Charger","Dodge","26,000 miles",24998,"Charger SXT","2023 Dodge","carmax",26000,24998,"Charger","SXT","2023"
"1422",FALSE,"Dodge Charger","Dodge","59,000 miles",21998,"Charger SXT","2023 Dodge","carmax",59000,21998,"Charger","SXT","2023"
"1423",FALSE,"Dodge Charger","Dodge","9,000 miles",25998,"Charger SXT","2023 Dodge","carmax",9000,25998,"Charger","SXT","2023"
"1424",FALSE,"Dodge Charger","Dodge","15,000 miles",26998,"Charger SXT","2023 Dodge","carmax",15000,26998,"Charger","SXT","2023"
"1425",FALSE,"Dodge Charger","Dodge","54,000 miles",21998,"Charger SXT","2023 Dodge","carmax",54000,21998,"Charger","SXT","2023"
"1426",FALSE,"Dodge Charger","Dodge","57,000 miles",21998,"Charger SXT","2023 Dodge","carmax",57000,21998,"Charger","SXT","2023"
"1427",FALSE,"Dodge Charger","Dodge","58,000 miles",21998,"Charger SXT","2023 Dodge","carmax",58000,21998,"Charger","SXT","2023"
"1428",FALSE,"Dodge Charger","Dodge","52,000 miles",20998,"Charger SXT","2023 Dodge","carmax",52000,20998,"Charger","SXT","2023"
"1429",FALSE,"Dodge Charger","Dodge","37,000 miles",24998,"Charger SXT","2023 Dodge","carmax",37000,24998,"Charger","SXT","2023"
"1430",FALSE,"Dodge Charger","Dodge","54,000 miles",22998,"Charger SXT","2023 Dodge","carmax",54000,22998,"Charger","SXT","2023"
"1431",FALSE,"Dodge Charger","Dodge","75,000 miles",22998,"Charger SXT","2023 Dodge","carmax",75000,22998,"Charger","SXT","2023"
"1432",FALSE,"Dodge Charger","Dodge","57,000 miles",20998,"Charger SXT","2023 Dodge","carmax",57000,20998,"Charger","SXT","2023"
"1433",FALSE,"Dodge Charger","Dodge","57,000 miles",22998,"Charger SXT","2023 Dodge","carmax",57000,22998,"Charger","SXT","2023"
"1434",FALSE,"Dodge Charger","Dodge","45,000 miles",25998,"Charger SXT","2023 Dodge","carmax",45000,25998,"Charger","SXT","2023"
"1435",FALSE,"Dodge Charger","Dodge","57,000 miles",22998,"Charger SXT","2023 Dodge","carmax",57000,22998,"Charger","SXT","2023"
"1436",FALSE,"Dodge Charger","Dodge","55,000 miles",21998,"Charger SXT","2023 Dodge","carmax",55000,21998,"Charger","SXT","2023"
"1437",FALSE,"Dodge Charger","Dodge","60,000 miles",22998,"Charger SXT","2023 Dodge","carmax",60000,22998,"Charger","SXT","2023"
"1438",FALSE,"Dodge Charger","Dodge","44,000 miles",23998,"Charger SXT","2023 Dodge","carmax",44000,23998,"Charger","SXT","2023"
"1439",FALSE,"Dodge Charger","Dodge","56,000 miles",21998,"Charger SXT","2023 Dodge","carmax",56000,21998,"Charger","SXT","2023"
"1440",FALSE,"Dodge Charger","Dodge","9,000 miles",25998,"Charger SXT","2023 Dodge","carmax",9000,25998,"Charger","SXT","2023"
"1441",FALSE,"Dodge Charger","Dodge","2,000 miles",29998,"Charger SXT","2023 Dodge","carmax",2000,29998,"Charger","SXT","2023"
"1442",FALSE,"Dodge Charger","Dodge","32,000 miles",25998,"Charger SXT","2023 Dodge","carmax",32000,25998,"Charger","SXT","2023"
"1443",FALSE,"Dodge Charger","Dodge","56,000 miles",20998,"Charger SXT","2023 Dodge","carmax",56000,20998,"Charger","SXT","2023"
"1444",FALSE,"Dodge Charger","Dodge","55,000 miles",21998,"Charger SXT","2023 Dodge","carmax",55000,21998,"Charger","SXT","2023"
"1445",FALSE,"Dodge Charger","Dodge","17,000 miles",25998,"Charger SXT","2023 Dodge","carmax",17000,25998,"Charger","SXT","2023"
"1446",FALSE,"Dodge Charger","Dodge","53,000 miles",21998,"Charger SXT","2023 Dodge","carmax",53000,21998,"Charger","SXT","2023"
"1447",FALSE,"Dodge Charger","Dodge","5,000 miles",26998,"Charger SXT","2023 Dodge","carmax",5000,26998,"Charger","SXT","2023"
"1448",FALSE,"Dodge Charger","Dodge","37,000 miles",25998,"Charger SXT","2023 Dodge","carmax",37000,25998,"Charger","SXT","2023"
"1449",FALSE,"Dodge Charger","Dodge","36,000 miles",25998,"Charger SXT","2023 Dodge","carmax",36000,25998,"Charger","SXT","2023"
"1450",FALSE,"Dodge Charger","Dodge","47,000 miles",21998,"Charger SXT","2023 Dodge","carmax",47000,21998,"Charger","SXT","2023"
"1451",FALSE,"Dodge Charger","Dodge","41,000 miles",21998,"Charger SXT","2023 Dodge","carmax",41000,21998,"Charger","SXT","2023"
"1452",FALSE,"Dodge Charger","Dodge","22,000 miles",24998,"Charger SXT","2023 Dodge","carmax",22000,24998,"Charger","SXT","2023"
"1453",FALSE,"Dodge Charger","Dodge","14,000 miles",25998,"Charger SXT","2023 Dodge","carmax",14000,25998,"Charger","SXT","2023"
"1454",FALSE,"Dodge Charger","Dodge","4,000 miles",25998,"Charger SXT","2023 Dodge","carmax",4000,25998,"Charger","SXT","2023"
"1455",FALSE,"Dodge Charger","Dodge","56,000 miles",20998,"Charger SXT","2023 Dodge","carmax",56000,20998,"Charger","SXT","2023"
"1456",FALSE,"Dodge Charger","Dodge","58,000 miles",20998,"Charger SXT","2023 Dodge","carmax",58000,20998,"Charger","SXT","2023"
"1457",FALSE,"Dodge Charger","Dodge","54,000 miles",22998,"Charger SXT","2023 Dodge","carmax",54000,22998,"Charger","SXT","2023"
"1458",FALSE,"Dodge Charger","Dodge","16,000 miles",26998,"Charger SXT","2023 Dodge","carmax",16000,26998,"Charger","SXT","2023"
"1459",FALSE,"Dodge Charger","Dodge","35,000 miles",25998,"Charger SXT","2023 Dodge","carmax",35000,25998,"Charger","SXT","2023"
"1460",FALSE,"Dodge Charger","Dodge","35,000 miles",25998,"Charger SXT","2023 Dodge","carmax",35000,25998,"Charger","SXT","2023"
"1461",FALSE,"Dodge Charger","Dodge","35,000 miles",24998,"Charger SXT","2023 Dodge","carmax",35000,24998,"Charger","SXT","2023"
"1462",FALSE,"Dodge Charger","Dodge","31,000 miles",26998,"Charger SXT","2023 Dodge","carmax",31000,26998,"Charger","SXT","2023"
"1463",FALSE,"Dodge Charger","Dodge","19,000 miles",26998,"Charger SXT","2023 Dodge","carmax",19000,26998,"Charger","SXT","2023"
"1464",FALSE,"Dodge Charger","Dodge","27,000 miles",23998,"Charger SXT","2023 Dodge","carmax",27000,23998,"Charger","SXT","2023"
"1465",FALSE,"Dodge Charger","Dodge","35,000 miles",23998,"Charger SXT","2023 Dodge","carmax",35000,23998,"Charger","SXT","2023"
"1466",FALSE,"Dodge Charger","Dodge","28,000 miles",26998,"Charger SXT","2023 Dodge","carmax",28000,26998,"Charger","SXT","2023"
"1467",FALSE,"Dodge Charger","Dodge","12,000 miles",26998,"Charger SXT","2023 Dodge","carmax",12000,26998,"Charger","SXT","2023"
"1468",FALSE,"Dodge Charger","Dodge","24,000 miles",24998,"Charger SXT","2023 Dodge","carmax",24000,24998,"Charger","SXT","2023"
"1469",FALSE,"Dodge Charger","Dodge","25,000 miles",24998,"Charger SXT","2023 Dodge","carmax",25000,24998,"Charger","SXT","2023"
"1470",FALSE,"Dodge Charger","Dodge","35,000 miles",22998,"Charger SXT","2023 Dodge","carmax",35000,22998,"Charger","SXT","2023"
"1471",FALSE,"Dodge Charger","Dodge","1,000 miles",50998,"Charger Scat Pack","2023 Dodge","carmax",1000,50998,"Charger","Scat Pack","2023"
"1472",FALSE,"Dodge Charger","Dodge","1,000 miles",56998,"Charger Scat Pack","2023 Dodge","carmax",1000,56998,"Charger","Scat Pack","2023"
"1473",FALSE,"Dodge Charger","Dodge","13,000 miles",46998,"Charger Scat Pack","2023 Dodge","carmax",13000,46998,"Charger","Scat Pack","2023"
"1474",FALSE,"Dodge Charger","Dodge","4,000 miles",50998,"Charger Scat Pack","2023 Dodge","carmax",4000,50998,"Charger","Scat Pack","2023"
"1475",FALSE,"Dodge Charger","Dodge","6,000 miles",50998,"Charger Scat Pack","2023 Dodge","carmax",6000,50998,"Charger","Scat Pack","2023"
"1476",FALSE,"Dodge Charger","Dodge","4,000 miles",46998,"Charger Scat Pack","2023 Dodge","carmax",4000,46998,"Charger","Scat Pack","2023"
"1477",FALSE,"Dodge Charger","Dodge","14,000 miles",45998,"Charger Scat Pack","2023 Dodge","carmax",14000,45998,"Charger","Scat Pack","2023"
"1478",FALSE,"Dodge Charger","Dodge","11,000 miles",50998,"Charger Scat Pack","2023 Dodge","carmax",11000,50998,"Charger","Scat Pack","2023"
"1479",FALSE,"Dodge Charger","Dodge","15,000 miles",49998,"Charger Scat Pack","2023 Dodge","carmax",15000,49998,"Charger","Scat Pack","2023"
"1480",FALSE,"Dodge Charger","Dodge","9,000 miles",54998,"Charger Scat Pack","2023 Dodge","carmax",9000,54998,"Charger","Scat Pack","2023"
"1481",FALSE,"Dodge Charger","Dodge","1,000 miles",49998,"Charger Scat Pack","2023 Dodge","carmax",1000,49998,"Charger","Scat Pack","2023"
"1482",FALSE,"Dodge Charger","Dodge","2,000 miles",48998,"Charger Scat Pack","2023 Dodge","carmax",2000,48998,"Charger","Scat Pack","2023"
"1483",FALSE,"Dodge Charger","Dodge","6,000 miles",49998,"Charger Scat Pack","2023 Dodge","carmax",6000,49998,"Charger","Scat Pack","2023"
"1484",FALSE,"Dodge Charger","Dodge","2,000 miles",52998,"Charger Scat Pack","2023 Dodge","carmax",2000,52998,"Charger","Scat Pack","2023"
"1485",FALSE,"Dodge Charger","Dodge","11,000 miles",50998,"Charger Scat Pack","2023 Dodge","carmax",11000,50998,"Charger","Scat Pack","2023"
"1486",FALSE,"Dodge Charger","Dodge","3,000 miles",58998,"Charger Scat Pack Widebody","2023 Dodge","carmax",3000,58998,"Charger","Scat Pack Widebody","2023"
"1487",FALSE,"Dodge Charger","Dodge","19,000 miles",51998,"Charger Scat Pack Widebody","2023 Dodge","carmax",19000,51998,"Charger","Scat Pack Widebody","2023"
"1488",FALSE,"Dodge Charger","Dodge","3,000 miles",56998,"Charger Scat Pack Widebody","2023 Dodge","carmax",3000,56998,"Charger","Scat Pack Widebody","2023"
"1489",FALSE,"Dodge Charger","Dodge","9,000 miles",55998,"Charger Scat Pack Widebody","2023 Dodge","carmax",9000,55998,"Charger","Scat Pack Widebody","2023"
"1490",FALSE,"Dodge Charger","Dodge","13,000 miles",51998,"Charger Scat Pack Widebody","2023 Dodge","carmax",13000,51998,"Charger","Scat Pack Widebody","2023"
"1491",FALSE,"Dodge Charger","Dodge","4,000 miles",56998,"Charger Scat Pack Widebody","2023 Dodge","carmax",4000,56998,"Charger","Scat Pack Widebody","2023"
"1492",FALSE,"Dodge Durango","Dodge","23,000 miles",30998,"Durango GT","2023 Dodge","carmax",23000,30998,"Durango","GT","2023"
"1493",FALSE,"Dodge Durango","Dodge","22,000 miles",32998,"Durango GT","2023 Dodge","carmax",22000,32998,"Durango","GT","2023"
"1494",FALSE,"Dodge Durango","Dodge","16,000 miles",32998,"Durango GT","2023 Dodge","carmax",16000,32998,"Durango","GT","2023"
"1495",FALSE,"Dodge Durango","Dodge","13,000 miles",31998,"Durango GT","2023 Dodge","carmax",13000,31998,"Durango","GT","2023"
"1496",FALSE,"Dodge Durango","Dodge","29,000 miles",31998,"Durango GT Launch Edition","2023 Dodge","carmax",29000,31998,"Durango","GT Launch Edition","2023"
"1497",FALSE,"Dodge Durango","Dodge","53,000 miles",27998,"Durango GT Launch Edition","2023 Dodge","carmax",53000,27998,"Durango","GT Launch Edition","2023"
"1498",FALSE,"Dodge Durango","Dodge","39,000 miles",31998,"Durango GT Plus","2023 Dodge","carmax",39000,31998,"Durango","GT Plus","2023"
"1499",FALSE,"Dodge Durango","Dodge","51,000 miles",29998,"Durango GT Plus","2023 Dodge","carmax",51000,29998,"Durango","GT Plus","2023"
"1500",FALSE,"Dodge Durango","Dodge","28,000 miles",35998,"Durango GT Plus","2023 Dodge","carmax",28000,35998,"Durango","GT Plus","2023"
"1501",FALSE,"Dodge Durango","Dodge","48,000 miles",30998,"Durango GT Plus","2023 Dodge","carmax",48000,30998,"Durango","GT Plus","2023"
"1502",FALSE,"Dodge Durango","Dodge","55,000 miles",28998,"Durango GT Plus","2023 Dodge","carmax",55000,28998,"Durango","GT Plus","2023"
"1503",FALSE,"Dodge Durango","Dodge","54,000 miles",28998,"Durango GT Plus","2023 Dodge","carmax",54000,28998,"Durango","GT Plus","2023"
"1504",FALSE,"Dodge Durango","Dodge","47,000 miles",30998,"Durango GT Premium","2023 Dodge","carmax",47000,30998,"Durango","GT Premium","2023"
"1505",FALSE,"Dodge Durango","Dodge","47,000 miles",31998,"Durango GT Premium","2023 Dodge","carmax",47000,31998,"Durango","GT Premium","2023"
"1506",FALSE,"Dodge Durango","Dodge","45,000 miles",31998,"Durango GT Premium","2023 Dodge","carmax",45000,31998,"Durango","GT Premium","2023"
"1507",FALSE,"Dodge Durango","Dodge","27,000 miles",31998,"Durango GT Premium","2023 Dodge","carmax",27000,31998,"Durango","GT Premium","2023"
"1508",FALSE,"Dodge Durango","Dodge","14,000 miles",37998,"Durango GT Premium","2023 Dodge","carmax",14000,37998,"Durango","GT Premium","2023"
"1509",FALSE,"Dodge Durango","Dodge","19,000 miles",34998,"Durango GT Premium","2023 Dodge","carmax",19000,34998,"Durango","GT Premium","2023"
"1510",FALSE,"Dodge Durango","Dodge","37,000 miles",34998,"Durango GT Premium","2023 Dodge","carmax",37000,34998,"Durango","GT Premium","2023"
"1511",FALSE,"Dodge Durango","Dodge","40,000 miles",31998,"Durango GT Premium","2023 Dodge","carmax",40000,31998,"Durango","GT Premium","2023"
"1512",FALSE,"Dodge Durango","Dodge","52,000 miles",29998,"Durango GT Premium","2023 Dodge","carmax",52000,29998,"Durango","GT Premium","2023"
"1513",FALSE,"Dodge Durango","Dodge","19,000 miles",45998,"Durango Hemi Orange","2023 Dodge","carmax",19000,45998,"Durango","Hemi Orange","2023"
"1514",FALSE,"Dodge Durango","Dodge","26,000 miles",41998,"Durango Hemi Orange","2023 Dodge","carmax",26000,41998,"Durango","Hemi Orange","2023"
"1515",FALSE,"Dodge Durango","Dodge","56,000 miles",34998,"Durango R/T","2023 Dodge","carmax",56000,34998,"Durango","R/T","2023"
"1516",FALSE,"Dodge Durango","Dodge","18,000 miles",36998,"Durango R/T","2023 Dodge","carmax",18000,36998,"Durango","R/T","2023"
"1517",FALSE,"Dodge Durango","Dodge","25,000 miles",38998,"Durango R/T","2023 Dodge","carmax",25000,38998,"Durango","R/T","2023"
"1518",FALSE,"Dodge Durango","Dodge","37,000 miles",37998,"Durango R/T Plus","2023 Dodge","carmax",37000,37998,"Durango","R/T Plus","2023"
"1519",FALSE,"Dodge Durango","Dodge","36,000 miles",37998,"Durango R/T Plus","2023 Dodge","carmax",36000,37998,"Durango","R/T Plus","2023"
"1520",FALSE,"Dodge Durango","Dodge","24,000 miles",39998,"Durango R/T Plus","2023 Dodge","carmax",24000,39998,"Durango","R/T Plus","2023"
"1521",FALSE,"Dodge Durango","Dodge","59,000 miles",35998,"Durango R/T Plus","2023 Dodge","carmax",59000,35998,"Durango","R/T Plus","2023"
"1522",FALSE,"Dodge Durango","Dodge","35,000 miles",38998,"Durango R/T Plus","2023 Dodge","carmax",35000,38998,"Durango","R/T Plus","2023"
"1523",FALSE,"Dodge Durango","Dodge","23,000 miles",40998,"Durango R/T Plus","2023 Dodge","carmax",23000,40998,"Durango","R/T Plus","2023"
"1524",FALSE,"Dodge Durango","Dodge","25,000 miles",42998,"Durango R/T Plus","2023 Dodge","carmax",25000,42998,"Durango","R/T Plus","2023"
"1525",FALSE,"Dodge Durango","Dodge","12,000 miles",44998,"Durango R/T Plus","2023 Dodge","carmax",12000,44998,"Durango","R/T Plus","2023"
"1526",FALSE,"Dodge Durango","Dodge","44,000 miles",38998,"Durango R/T Premium","2023 Dodge","carmax",44000,38998,"Durango","R/T Premium","2023"
"1527",FALSE,"Dodge Durango","Dodge","56,000 miles",24998,"Durango SXT","2023 Dodge","carmax",56000,24998,"Durango","SXT","2023"
"1528",FALSE,"Dodge Durango","Dodge","56,000 miles",24998,"Durango SXT","2023 Dodge","carmax",56000,24998,"Durango","SXT","2023"
"1529",FALSE,"Dodge Durango","Dodge","50,000 miles",24998,"Durango SXT","2023 Dodge","carmax",50000,24998,"Durango","SXT","2023"
"1530",FALSE,"Dodge Durango","Dodge","47,000 miles",24998,"Durango SXT","2023 Dodge","carmax",47000,24998,"Durango","SXT","2023"
"1531",FALSE,"Dodge Durango","Dodge","49,000 miles",24998,"Durango SXT","2023 Dodge","carmax",49000,24998,"Durango","SXT","2023"
"1532",FALSE,"Dodge Durango","Dodge","43,000 miles",28998,"Durango SXT Launch Edition","2023 Dodge","carmax",43000,28998,"Durango","SXT Launch Edition","2023"
"1533",FALSE,"Dodge Durango","Dodge","46,000 miles",27998,"Durango SXT Launch Edition","2023 Dodge","carmax",46000,27998,"Durango","SXT Launch Edition","2023"
"1534",FALSE,"Dodge Durango","Dodge","39,000 miles",27998,"Durango SXT Plus","2023 Dodge","carmax",39000,27998,"Durango","SXT Plus","2023"
"1535",FALSE,"Ford Mustang","Ford","45,000 miles",25998,"Mustang Ecoboost","2023 Ford","carmax",45000,25998,"Mustang","Ecoboost","2023"
"1536",FALSE,"Ford Mustang","Ford","39,000 miles",26998,"Mustang Ecoboost","2023 Ford","carmax",39000,26998,"Mustang","Ecoboost","2023"
"1537",FALSE,"Ford Mustang","Ford","54,000 miles",25998,"Mustang Ecoboost Premium","2023 Ford","carmax",54000,25998,"Mustang","Ecoboost Premium","2023"
"1538",FALSE,"Ford Mustang","Ford","41,000 miles",27998,"Mustang Ecoboost Premium","2023 Ford","carmax",41000,27998,"Mustang","Ecoboost Premium","2023"
"1539",FALSE,"Ford Mustang","Ford","43,000 miles",25998,"Mustang Ecoboost Premium","2023 Ford","carmax",43000,25998,"Mustang","Ecoboost Premium","2023"
"1540",FALSE,"Ford Mustang","Ford","12,000 miles",29998,"Mustang Ecoboost Premium","2023 Ford","carmax",12000,29998,"Mustang","Ecoboost Premium","2023"
"1541",FALSE,"Ford Mustang","Ford","21,000 miles",28998,"Mustang Ecoboost Premium","2023 Ford","carmax",21000,28998,"Mustang","Ecoboost Premium","2023"
"1542",FALSE,"Ford Mustang","Ford","35,000 miles",27998,"Mustang Ecoboost Premium","2023 Ford","carmax",35000,27998,"Mustang","Ecoboost Premium","2023"
"1543",FALSE,"Ford Mustang","Ford","35,000 miles",28998,"Mustang Ecoboost Premium","2023 Ford","carmax",35000,28998,"Mustang","Ecoboost Premium","2023"
"1544",FALSE,"Ford Mustang","Ford","24,000 miles",28998,"Mustang Ecoboost Premium","2023 Ford","carmax",24000,28998,"Mustang","Ecoboost Premium","2023"
"1545",FALSE,"Ford Mustang","Ford","47,000 miles",25998,"Mustang Ecoboost Premium","2023 Ford","carmax",47000,25998,"Mustang","Ecoboost Premium","2023"
"1546",FALSE,"Ford Mustang","Ford","39,000 miles",24998,"Mustang Ecoboost Premium","2023 Ford","carmax",39000,24998,"Mustang","Ecoboost Premium","2023"
"1547",FALSE,"Ford Mustang","Ford","45,000 miles",25998,"Mustang Ecoboost Premium","2023 Ford","carmax",45000,25998,"Mustang","Ecoboost Premium","2023"
"1548",FALSE,"Ford Mustang","Ford","19,000 miles",28998,"Mustang Ecoboost Premium","2023 Ford","carmax",19000,28998,"Mustang","Ecoboost Premium","2023"
"1549",FALSE,"Ford Mustang","Ford","45,000 miles",25998,"Mustang Ecoboost Premium","2023 Ford","carmax",45000,25998,"Mustang","Ecoboost Premium","2023"
"1550",FALSE,"Ford Mustang","Ford","42,000 miles",26998,"Mustang Ecoboost Premium","2023 Ford","carmax",42000,26998,"Mustang","Ecoboost Premium","2023"
"1551",FALSE,"Ford Mustang","Ford","56,000 miles",24998,"Mustang Ecoboost Premium","2023 Ford","carmax",56000,24998,"Mustang","Ecoboost Premium","2023"
"1552",FALSE,"Ford Mustang","Ford","24,000 miles",29998,"Mustang Ecoboost Premium","2023 Ford","carmax",24000,29998,"Mustang","Ecoboost Premium","2023"
"1553",FALSE,"Ford Mustang","Ford","43,000 miles",26998,"Mustang Ecoboost Premium","2023 Ford","carmax",43000,26998,"Mustang","Ecoboost Premium","2023"
"1554",FALSE,"Ford Mustang","Ford","29,000 miles",28998,"Mustang Ecoboost Premium","2023 Ford","carmax",29000,28998,"Mustang","Ecoboost Premium","2023"
"1555",FALSE,"Ford Mustang","Ford","47,000 miles",25998,"Mustang Ecoboost Premium","2023 Ford","carmax",47000,25998,"Mustang","Ecoboost Premium","2023"
"1556",FALSE,"Ford Mustang","Ford","37,000 miles",26998,"Mustang Ecoboost Premium","2023 Ford","carmax",37000,26998,"Mustang","Ecoboost Premium","2023"
"1557",FALSE,"Ford Mustang","Ford","48,000 miles",25998,"Mustang Ecoboost Premium","2023 Ford","carmax",48000,25998,"Mustang","Ecoboost Premium","2023"
"1558",FALSE,"Ford Mustang","Ford","40,000 miles",32998,"Mustang GT","2023 Ford","carmax",40000,32998,"Mustang","GT","2023"
"1559",FALSE,"Ford Mustang","Ford","17,000 miles",37998,"Mustang GT","2023 Ford","carmax",17000,37998,"Mustang","GT","2023"
"1560",FALSE,"Ford Mustang","Ford","23,000 miles",42998,"Mustang GT Premium","2023 Ford","carmax",23000,42998,"Mustang","GT Premium","2023"
"1561",FALSE,"Ford Mustang","Ford","24,000 miles",39998,"Mustang GT Premium","2023 Ford","carmax",24000,39998,"Mustang","GT Premium","2023"
"1562",FALSE,"Ford Mustang","Ford","9,000 miles",40998,"Mustang GT Premium","2023 Ford","carmax",9000,40998,"Mustang","GT Premium","2023"
"1563",FALSE,"Ford Mustang","Ford","41,000 miles",38998,"Mustang GT Premium","2023 Ford","carmax",41000,38998,"Mustang","GT Premium","2023"
"1564",FALSE,"Ford Mustang","Ford","20,000 miles",39998,"Mustang GT Premium","2023 Ford","carmax",20000,39998,"Mustang","GT Premium","2023"
"1565",FALSE,"Ford Mustang","Ford","7,000 miles",40998,"Mustang GT Premium","2023 Ford","carmax",7000,40998,"Mustang","GT Premium","2023"
"1566",FALSE,"Ford Mustang","Ford","25,000 miles",37998,"Mustang GT Premium","2023 Ford","carmax",25000,37998,"Mustang","GT Premium","2023"
"1567",FALSE,"Ford Mustang","Ford","3,000 miles",44998,"Mustang GT Premium","2023 Ford","carmax",3000,44998,"Mustang","GT Premium","2023"
"1568",FALSE,"Ford Mustang","Ford","8,000 miles",42998,"Mustang GT Premium","2023 Ford","carmax",8000,42998,"Mustang","GT Premium","2023"
"1569",FALSE,"Ford Mustang","Ford","14,000 miles",40998,"Mustang GT Premium","2023 Ford","carmax",14000,40998,"Mustang","GT Premium","2023"
"1570",FALSE,"Ford Mustang","Ford","15,000 miles",42998,"Mustang GT Premium","2023 Ford","carmax",15000,42998,"Mustang","GT Premium","2023"
"1571",FALSE,"Ford Mustang","Ford","22,000 miles",50998,"Mustang Mach 1","2023 Ford","carmax",22000,50998,"Mustang","Mach 1","2023"
"1572",FALSE,"Ford Mustang","Ford","13,000 miles",54998,"Mustang Mach 1","2023 Ford","carmax",13000,54998,"Mustang","Mach 1","2023"
"1573",FALSE,"Ford Mustang","Ford","2,000 miles",62998,"Mustang Dark Horse","2024 Ford","carmax",2000,62998,"Mustang","Dark Horse","2024"
"1574",FALSE,"Ford Mustang","Ford","4,000 miles",62998,"Mustang Dark Horse","2024 Ford","carmax",4000,62998,"Mustang","Dark Horse","2024"
"1575",FALSE,"Ford Mustang","Ford","4,000 miles",60998,"Mustang Dark Horse","2024 Ford","carmax",4000,60998,"Mustang","Dark Horse","2024"
"1576",FALSE,"Ford Mustang","Ford","5,000 miles",60998,"Mustang Dark Horse","2024 Ford","carmax",5000,60998,"Mustang","Dark Horse","2024"
"1577",FALSE,"Ford Mustang","Ford","4,000 miles",60998,"Mustang Dark Horse","2024 Ford","carmax",4000,60998,"Mustang","Dark Horse","2024"
"1578",FALSE,"Ford Mustang","Ford","3,000 miles",61998,"Mustang Dark Horse","2024 Ford","carmax",3000,61998,"Mustang","Dark Horse","2024"
"1579",FALSE,"Ford Mustang","Ford","3,000 miles",59998,"Mustang Dark Horse","2024 Ford","carmax",3000,59998,"Mustang","Dark Horse","2024"
"1580",FALSE,"Ford Mustang","Ford","9,000 miles",59998,"Mustang Dark Horse","2024 Ford","carmax",9000,59998,"Mustang","Dark Horse","2024"
"1581",FALSE,"Ford Mustang","Ford","4,000 miles",32998,"Mustang Ecoboost","2024 Ford","carmax",4000,32998,"Mustang","Ecoboost","2024"
"1582",FALSE,"Ford Mustang","Ford","1,000 miles",31998,"Mustang Ecoboost","2024 Ford","carmax",1000,31998,"Mustang","Ecoboost","2024"
"1583",FALSE,"Ford Mustang","Ford","14,000 miles",29998,"Mustang Ecoboost","2024 Ford","carmax",14000,29998,"Mustang","Ecoboost","2024"
"1584",FALSE,"Ford Mustang","Ford","8,000 miles",31998,"Mustang Ecoboost","2024 Ford","carmax",8000,31998,"Mustang","Ecoboost","2024"
"1585",FALSE,"Ford Mustang","Ford","7,000 miles",31998,"Mustang Ecoboost","2024 Ford","carmax",7000,31998,"Mustang","Ecoboost","2024"
"1586",FALSE,"Ford Mustang","Ford","18,000 miles",31998,"Mustang Ecoboost","2024 Ford","carmax",18000,31998,"Mustang","Ecoboost","2024"
"1587",FALSE,"Ford Mustang","Ford","14,000 miles",32998,"Mustang Ecoboost","2024 Ford","carmax",14000,32998,"Mustang","Ecoboost","2024"
"1588",FALSE,"Ford Mustang","Ford","15,000 miles",31998,"Mustang Ecoboost","2024 Ford","carmax",15000,31998,"Mustang","Ecoboost","2024"
"1589",FALSE,"Ford Mustang","Ford","4,000 miles",30998,"Mustang Ecoboost","2024 Ford","carmax",4000,30998,"Mustang","Ecoboost","2024"
"1590",FALSE,"Ford Mustang","Ford","3,000 miles",31998,"Mustang Ecoboost","2024 Ford","carmax",3000,31998,"Mustang","Ecoboost","2024"
"1591",FALSE,"Ford Mustang","Ford","7,000 miles",29998,"Mustang Ecoboost","2024 Ford","carmax",7000,29998,"Mustang","Ecoboost","2024"
"1592",FALSE,"Ford Mustang","Ford","22,000 miles",30998,"Mustang Ecoboost","2024 Ford","carmax",22000,30998,"Mustang","Ecoboost","2024"
"1593",FALSE,"Ford Mustang","Ford","38,000 miles",27998,"Mustang Ecoboost","2024 Ford","carmax",38000,27998,"Mustang","Ecoboost","2024"
"1594",FALSE,"Ford Mustang","Ford","32,000 miles",29998,"Mustang Ecoboost","2024 Ford","carmax",32000,29998,"Mustang","Ecoboost","2024"
"1595",FALSE,"Ford Mustang","Ford","17,000 miles",30998,"Mustang Ecoboost","2024 Ford","carmax",17000,30998,"Mustang","Ecoboost","2024"
"1596",FALSE,"Ford Mustang","Ford","18,000 miles",35998,"Mustang Ecoboost","2024 Ford","carmax",18000,35998,"Mustang","Ecoboost","2024"
"1597",FALSE,"Ford Mustang","Ford","6,000 miles",34998,"Mustang Ecoboost Premium","2024 Ford","carmax",6000,34998,"Mustang","Ecoboost Premium","2024"
"1598",FALSE,"Ford Mustang","Ford","3,000 miles",37998,"Mustang Ecoboost Premium","2024 Ford","carmax",3000,37998,"Mustang","Ecoboost Premium","2024"
"1599",FALSE,"Ford Mustang","Ford","17,000 miles",31998,"Mustang Ecoboost Premium","2024 Ford","carmax",17000,31998,"Mustang","Ecoboost Premium","2024"
"1600",FALSE,"Ford Mustang","Ford","15,000 miles",34998,"Mustang Ecoboost Premium","2024 Ford","carmax",15000,34998,"Mustang","Ecoboost Premium","2024"
"1601",FALSE,"Ford Mustang","Ford","10,000 miles",35998,"Mustang Ecoboost Premium","2024 Ford","carmax",10000,35998,"Mustang","Ecoboost Premium","2024"
"1602",FALSE,"Ford Mustang","Ford","10,000 miles",33998,"Mustang Ecoboost Premium","2024 Ford","carmax",10000,33998,"Mustang","Ecoboost Premium","2024"
"1603",FALSE,"Ford Mustang","Ford","14,000 miles",32998,"Mustang Ecoboost Premium","2024 Ford","carmax",14000,32998,"Mustang","Ecoboost Premium","2024"
"1604",FALSE,"Ford Mustang","Ford","3,000 miles",34998,"Mustang Ecoboost Premium","2024 Ford","carmax",3000,34998,"Mustang","Ecoboost Premium","2024"
"1605",FALSE,"Ford Mustang","Ford","10,000 miles",37998,"Mustang Ecoboost Premium","2024 Ford","carmax",10000,37998,"Mustang","Ecoboost Premium","2024"
"1606",FALSE,"Ford Mustang","Ford","1,000 miles",42998,"Mustang GT","2024 Ford","carmax",1000,42998,"Mustang","GT","2024"
"1607",FALSE,"Ford Mustang","Ford","4,000 miles",44998,"Mustang GT","2024 Ford","carmax",4000,44998,"Mustang","GT","2024"
"1608",FALSE,"Ford Mustang","Ford","3,000 miles",41998,"Mustang GT","2024 Ford","carmax",3000,41998,"Mustang","GT","2024"
"1609",FALSE,"Ford Mustang","Ford","4,000 miles",39998,"Mustang GT","2024 Ford","carmax",4000,39998,"Mustang","GT","2024"
"1610",FALSE,"Ford Mustang","Ford","6,000 miles",41998,"Mustang GT","2024 Ford","carmax",6000,41998,"Mustang","GT","2024"
"1611",FALSE,"Ford Mustang","Ford","13,000 miles",44998,"Mustang GT","2024 Ford","carmax",13000,44998,"Mustang","GT","2024"
"1612",FALSE,"Ford Mustang","Ford","23,000 miles",42998,"Mustang GT","2024 Ford","carmax",23000,42998,"Mustang","GT","2024"
"1613",FALSE,"Ford Mustang","Ford","11,000 miles",43998,"Mustang GT","2024 Ford","carmax",11000,43998,"Mustang","GT","2024"
"1614",FALSE,"Ford Mustang","Ford","18,000 miles",39998,"Mustang GT","2024 Ford","carmax",18000,39998,"Mustang","GT","2024"
"1615",FALSE,"Ford Mustang","Ford","37,000 miles",40998,"Mustang GT","2024 Ford","carmax",37000,40998,"Mustang","GT","2024"
"1616",FALSE,"Ford Mustang","Ford","14,000 miles",39998,"Mustang GT","2024 Ford","carmax",14000,39998,"Mustang","GT","2024"
"1617",FALSE,"Ford Mustang","Ford","15,000 miles",39998,"Mustang GT","2024 Ford","carmax",15000,39998,"Mustang","GT","2024"
"1618",FALSE,"Ford Mustang","Ford","3,000 miles",46998,"Mustang GT","2024 Ford","carmax",3000,46998,"Mustang","GT","2024"
"1619",FALSE,"Ford Mustang","Ford","16,000 miles",45998,"Mustang GT","2024 Ford","carmax",16000,45998,"Mustang","GT","2024"
"1620",FALSE,"Ford Mustang","Ford","7,000 miles",40998,"Mustang GT","2024 Ford","carmax",7000,40998,"Mustang","GT","2024"
"1621",FALSE,"Ford Mustang","Ford","35,000 miles",40998,"Mustang GT","2024 Ford","carmax",35000,40998,"Mustang","GT","2024"
"1622",FALSE,"Ford Mustang","Ford","3,000 miles",41998,"Mustang GT","2024 Ford","carmax",3000,41998,"Mustang","GT","2024"
"1623",FALSE,"Ford Mustang","Ford","10,000 miles",40998,"Mustang GT","2024 Ford","carmax",10000,40998,"Mustang","GT","2024"
"1624",FALSE,"Ford Mustang","Ford","6,000 miles",43998,"Mustang GT","2024 Ford","carmax",6000,43998,"Mustang","GT","2024"
"1625",FALSE,"Ford Mustang","Ford","7,000 miles",47998,"Mustang GT Premium","2024 Ford","carmax",7000,47998,"Mustang","GT Premium","2024"
"1626",FALSE,"Ford Mustang","Ford","7,000 miles",45998,"Mustang GT Premium","2024 Ford","carmax",7000,45998,"Mustang","GT Premium","2024"
"1627",FALSE,"Ford Mustang","Ford","13,000 miles",43998,"Mustang GT Premium","2024 Ford","carmax",13000,43998,"Mustang","GT Premium","2024"
"1628",FALSE,"Ford Mustang","Ford","15,000 miles",48998,"Mustang GT Premium","2024 Ford","carmax",15000,48998,"Mustang","GT Premium","2024"
"1629",FALSE,"Ford Mustang","Ford","8,000 miles",47998,"Mustang GT Premium","2024 Ford","carmax",8000,47998,"Mustang","GT Premium","2024"
"1630",FALSE,"Ford Mustang","Ford","8,000 miles",45998,"Mustang GT Premium","2024 Ford","carmax",8000,45998,"Mustang","GT Premium","2024"
"1631",FALSE,"Ford Mustang","Ford","9,000 miles",43998,"Mustang GT Premium","2024 Ford","carmax",9000,43998,"Mustang","GT Premium","2024"
"1632",FALSE,"Ford Mustang","Ford","9,000 miles",47998,"Mustang GT Premium","2024 Ford","carmax",9000,47998,"Mustang","GT Premium","2024"
"1633",FALSE,"Ford Mustang","Ford","9,000 miles",47998,"Mustang GT Premium","2024 Ford","carmax",9000,47998,"Mustang","GT Premium","2024"
"1634",FALSE,"Ford Mustang","Ford","18,000 miles",41998,"Mustang GT Premium","2024 Ford","carmax",18000,41998,"Mustang","GT Premium","2024"
"1635",FALSE,"Ford Mustang","Ford","21,000 miles",41998,"Mustang GT Premium","2024 Ford","carmax",21000,41998,"Mustang","GT Premium","2024"
"1636",FALSE,"Ford Mustang","Ford","14,000 miles",43998,"Mustang GT Premium","2024 Ford","carmax",14000,43998,"Mustang","GT Premium","2024"
"1637",FALSE,"Ford Mustang","Ford","2,000 miles",47998,"Mustang GT Premium","2024 Ford","carmax",2000,47998,"Mustang","GT Premium","2024"
"1638",FALSE,"Ford Mustang","Ford","13,000 miles",45998,"Mustang GT Premium","2024 Ford","carmax",13000,45998,"Mustang","GT Premium","2024"
"1639",FALSE,"Ford Mustang","Ford","1,000 miles",49998,"Mustang GT Premium","2024 Ford","carmax",1000,49998,"Mustang","GT Premium","2024"
"1640",FALSE,"Ford Mustang","Ford","8,000 miles",49998,"Mustang GT Premium","2024 Ford","carmax",8000,49998,"Mustang","GT Premium","2024"
"1641",FALSE,"Ford Mustang","Ford","22,000 miles",42998,"Mustang GT Premium","2024 Ford","carmax",22000,42998,"Mustang","GT Premium","2024"
"1642",FALSE,"Ford Mustang","Ford","16,000 miles",49998,"Mustang GT Premium","2024 Ford","carmax",16000,49998,"Mustang","GT Premium","2024"
"1643",FALSE,"Ford Mustang","Ford","14,000 miles",45998,"Mustang GT Premium","2024 Ford","carmax",14000,45998,"Mustang","GT Premium","2024"
"1644",FALSE,"Ford Mustang","Ford","10,000 miles",47998,"Mustang GT Premium","2024 Ford","carmax",10000,47998,"Mustang","GT Premium","2024"
"1645",FALSE,"Ford Mustang","Ford","9,000 miles",49998,"Mustang GT Premium","2024 Ford","carmax",9000,49998,"Mustang","GT Premium","2024"
"1646",FALSE,"Ford Mustang","Ford","4,000 miles",47998,"Mustang GT Premium","2024 Ford","carmax",4000,47998,"Mustang","GT Premium","2024"
"1647",FALSE,"Ford Mustang","Ford","4,000 miles",47998,"Mustang GT Premium","2024 Ford","carmax",4000,47998,"Mustang","GT Premium","2024"
"1648",FALSE,"Ford Mustang","Ford","15,000 miles",44998,"Mustang GT Premium","2024 Ford","carmax",15000,44998,"Mustang","GT Premium","2024"
"1649",FALSE,"Ford Mustang","Ford","9,000 miles",48998,"Mustang GT Premium","2024 Ford","carmax",9000,48998,"Mustang","GT Premium","2024"
"1650",FALSE,"Ford Mustang","Ford","20,000 miles",44998,"Mustang GT Premium","2024 Ford","carmax",20000,44998,"Mustang","GT Premium","2024"
"1651",FALSE,"Ford Mustang","Ford","9,000 miles",47998,"Mustang GT Premium","2024 Ford","carmax",9000,47998,"Mustang","GT Premium","2024"
"1652",FALSE,"Ford Mustang","Ford","26,000 miles",46998,"Mustang GT Premium","2024 Ford","carmax",26000,46998,"Mustang","GT Premium","2024"
"1653",FALSE,"Ford Mustang","Ford","27,000 miles",43998,"Mustang GT Premium","2024 Ford","carmax",27000,43998,"Mustang","GT Premium","2024"
"1654",FALSE,"Ford Mustang","Ford","2,000 miles",52998,"Mustang GT Premium","2024 Ford","carmax",2000,52998,"Mustang","GT Premium","2024"
"1655",FALSE,"Ford Mustang","Ford","1,000 miles",48998,"Mustang GT Premium","2024 Ford","carmax",1000,48998,"Mustang","GT Premium","2024"
"1656",FALSE,"Ford Mustang","Ford","10,000 miles",48998,"Mustang GT Premium","2024 Ford","carmax",10000,48998,"Mustang","GT Premium","2024"
"1657",FALSE,"Ford Mustang","Ford","17,000 miles",45998,"Mustang GT Premium","2024 Ford","carmax",17000,45998,"Mustang","GT Premium","2024"
"1658",FALSE,"Ford Mustang","Ford","27,000 miles",41998,"Mustang GT Premium","2024 Ford","carmax",27000,41998,"Mustang","GT Premium","2024"
"1659",FALSE,"Ford Mustang","Ford","2,000 miles",62998,"Mustang Dark Horse","2025 Ford","carmax",2000,62998,"Mustang","Dark Horse","2025"
"1660",FALSE,"Ford Mustang","Ford","2,000 miles",62998,"Mustang Dark Horse","2025 Ford","carmax",2000,62998,"Mustang","Dark Horse","2025"
"1661",FALSE,"Ford Mustang","Ford","3,000 miles",63998,"Mustang Dark Horse","2025 Ford","carmax",3000,63998,"Mustang","Dark Horse","2025"
"1662",FALSE,"Ford Mustang","Ford","1,000 miles",31998,"Mustang Ecoboost","2025 Ford","carmax",1000,31998,"Mustang","Ecoboost","2025"
"1663",FALSE,"Ford Mustang","Ford","4,000 miles",31998,"Mustang Ecoboost","2025 Ford","carmax",4000,31998,"Mustang","Ecoboost","2025"
"1664",FALSE,"Ford Mustang","Ford","10,000 miles",40998,"Mustang Ecoboost Premium","2025 Ford","carmax",10000,40998,"Mustang","Ecoboost Premium","2025"
"1665",FALSE,"Ford Mustang","Ford","4,000 miles",43998,"Mustang GT","2025 Ford","carmax",4000,43998,"Mustang","GT","2025"
"1666",FALSE,"Ford Mustang","Ford","3,000 miles",41998,"Mustang GT","2025 Ford","carmax",3000,41998,"Mustang","GT","2025"
"1667",FALSE,"Ford Mustang","Ford","2,000 miles",44998,"Mustang GT","2025 Ford","carmax",2000,44998,"Mustang","GT","2025"
"1668",FALSE,"Ford Mustang","Ford","6,000 miles",51998,"Mustang GT","2025 Ford","carmax",6000,51998,"Mustang","GT","2025"
"1669",FALSE,"Ford Mustang","Ford","2,000 miles",46998,"Mustang GT Premium","2025 Ford","carmax",2000,46998,"Mustang","GT Premium","2025"
"1670",FALSE,"Ford Mustang","Ford","1,000 miles",47998,"Mustang GT Premium","2025 Ford","carmax",1000,47998,"Mustang","GT Premium","2025"
"1671",TRUE,"Chevrolet Tahoe","Chevrolet","107,000 miles",16998,"Tahoe LS","2013 Chevrolet","carmax",107000,16998,"Tahoe","LS","2013"
"1672",TRUE,"Chevrolet Tahoe","Chevrolet","75,000 miles",25998,"Tahoe LTZ","2013 Chevrolet","carmax",75000,25998,"Tahoe","LTZ","2013"
"1673",TRUE,"Chevrolet Tahoe","Chevrolet","99,000 miles",22998,"Tahoe LTZ","2013 Chevrolet","carmax",99000,22998,"Tahoe","LTZ","2013"
"1674",TRUE,"GMC Yukon","GMC","78,000 miles",18998,"Yukon SLE","2013 GMC","carmax",78000,18998,"Yukon","SLE","2013"
"1675",FALSE,"Lexus LS 460","Lexus","82,000 miles",25998,"LS 460","2013 Lexus","carmax",82000,25998,"LS 460","","2013"
"1676",FALSE,"Lexus LS 460","Lexus","56,000 miles",26998,"LS 460","2013 Lexus","carmax",56000,26998,"LS 460","","2013"
"1677",FALSE,"Lexus LS 460","Lexus","81,000 miles",21998,"LS 460","2013 Lexus","carmax",81000,21998,"LS 460","","2013"
"1678",FALSE,"Lexus LS 460","Lexus","85,000 miles",25998,"LS 460","2013 Lexus","carmax",85000,25998,"LS 460","","2013"
"1679",FALSE,"Lexus LS 460","Lexus","85,000 miles",25998,"LS 460 L","2013 Lexus","carmax",85000,25998,"LS 460","L","2013"
"1680",FALSE,"Lexus LX 570","Lexus","45,000 miles",45998,"LX 570","2013 Lexus","carmax",45000,45998,"LX 570","","2013"
"1681",FALSE,"Lexus LX 570","Lexus","65,000 miles",39998,"LX 570","2013 Lexus","carmax",65000,39998,"LX 570","","2013"
"1682",FALSE,"Toyota 4Runner","Toyota","100,000 miles",26998,"4Runner Limited","2013 Toyota","carmax",100000,26998,"4Runner","Limited","2013"
"1683",FALSE,"Toyota 4Runner","Toyota","66,000 miles",26998,"4Runner SR5","2013 Toyota","carmax",66000,26998,"4Runner","SR5","2013"
"1684",FALSE,"Toyota 4Runner","Toyota","92,000 miles",23998,"4Runner SR5","2013 Toyota","carmax",92000,23998,"4Runner","SR5","2013"
"1685",FALSE,"Toyota 4Runner","Toyota","79,000 miles",27998,"4Runner SR5","2013 Toyota","carmax",79000,27998,"4Runner","SR5","2013"
"1686",FALSE,"Toyota 4Runner","Toyota","92,000 miles",26998,"4Runner SR5","2013 Toyota","carmax",92000,26998,"4Runner","SR5","2013"
"1687",FALSE,"Toyota 4Runner","Toyota","124,000 miles",25998,"4Runner Trail","2013 Toyota","carmax",124000,25998,"4Runner","Trail","2013"
"1688",FALSE,"Toyota Highlander","Toyota","80,000 miles",17998,"Highlander","2013 Toyota","carmax",80000,17998,"Highlander","","2013"
"1689",FALSE,"Toyota Highlander","Toyota","113,000 miles",16998,"Highlander","2013 Toyota","carmax",113000,16998,"Highlander","","2013"
"1690",FALSE,"Toyota Highlander","Toyota","92,000 miles",18998,"Highlander","2013 Toyota","carmax",92000,18998,"Highlander","","2013"
"1691",FALSE,"Toyota Highlander","Toyota","69,000 miles",18998,"Highlander","2013 Toyota","carmax",69000,18998,"Highlander","","2013"
"1692",FALSE,"Toyota Highlander","Toyota","91,000 miles",20998,"Highlander Limited","2013 Toyota","carmax",91000,20998,"Highlander","Limited","2013"
"1693",FALSE,"Toyota Highlander","Toyota","107,000 miles",19998,"Highlander Limited","2013 Toyota","carmax",107000,19998,"Highlander","Limited","2013"
"1694",FALSE,"Toyota Highlander","Toyota","123,000 miles",16998,"Highlander Limited","2013 Toyota","carmax",123000,16998,"Highlander","Limited","2013"
"1695",FALSE,"Toyota Highlander","Toyota","122,000 miles",18998,"Highlander Limited","2013 Toyota","carmax",122000,18998,"Highlander","Limited","2013"
"1696",FALSE,"Toyota Highlander","Toyota","66,000 miles",23998,"Highlander Limited","2013 Toyota","carmax",66000,23998,"Highlander","Limited","2013"
"1697",FALSE,"Toyota Highlander","Toyota","71,000 miles",22998,"Highlander Limited","2013 Toyota","carmax",71000,22998,"Highlander","Limited","2013"
"1698",FALSE,"Toyota Highlander","Toyota","43,000 miles",25998,"Highlander Limited","2013 Toyota","carmax",43000,25998,"Highlander","Limited","2013"
"1699",FALSE,"Toyota Highlander","Toyota","104,000 miles",18998,"Highlander Limited","2013 Toyota","carmax",104000,18998,"Highlander","Limited","2013"
"1700",FALSE,"Toyota Highlander","Toyota","107,000 miles",16998,"Highlander SE","2013 Toyota","carmax",107000,16998,"Highlander","SE","2013"
"1701",FALSE,"Toyota Highlander","Toyota","97,000 miles",19998,"Highlander SE","2013 Toyota","carmax",97000,19998,"Highlander","SE","2013"
"1702",FALSE,"Toyota Highlander","Toyota","125,000 miles",16998,"Highlander SE","2013 Toyota","carmax",125000,16998,"Highlander","SE","2013"
"1703",FALSE,"Toyota Highlander","Toyota","120,000 miles",16998,"Highlander SE","2013 Toyota","carmax",120000,16998,"Highlander","SE","2013"
"1704",FALSE,"Toyota Highlander","Toyota","106,000 miles",18998,"Highlander SE","2013 Toyota","carmax",106000,18998,"Highlander","SE","2013"
"1705",FALSE,"Toyota Highlander","Toyota","73,000 miles",19998,"Highlander SE","2013 Toyota","carmax",73000,19998,"Highlander","SE","2013"
"1706",FALSE,"Toyota Highlander","Toyota","94,000 miles",19998,"Highlander SE","2013 Toyota","carmax",94000,19998,"Highlander","SE","2013"
"1707",FALSE,"Toyota Highlander","Toyota","122,000 miles",16998,"Highlander SE","2013 Toyota","carmax",122000,16998,"Highlander","SE","2013"
"1708",FALSE,"Toyota Highlander","Toyota","107,000 miles",17998,"Highlander SE","2013 Toyota","carmax",107000,17998,"Highlander","SE","2013"
"1709",FALSE,"Toyota Highlander","Toyota","82,000 miles",19998,"Highlander SE","2013 Toyota","carmax",82000,19998,"Highlander","SE","2013"
"1710",FALSE,"Toyota Sequoia","Toyota","110,000 miles",24998,"Sequoia Limited","2013 Toyota","carmax",110000,24998,"Sequoia","Limited","2013"
"1711",FALSE,"Toyota Sequoia","Toyota","71,000 miles",30998,"Sequoia Platinum","2013 Toyota","carmax",71000,30998,"Sequoia","Platinum","2013"
"1712",FALSE,"Toyota Sequoia","Toyota","114,000 miles",24998,"Sequoia Platinum","2013 Toyota","carmax",114000,24998,"Sequoia","Platinum","2013"
"1713",FALSE,"Toyota Sequoia","Toyota","113,000 miles",26998,"Sequoia Platinum","2013 Toyota","carmax",113000,26998,"Sequoia","Platinum","2013"
"1714",FALSE,"Toyota Sequoia","Toyota","109,000 miles",21998,"Sequoia SR5","2013 Toyota","carmax",109000,21998,"Sequoia","SR5","2013"
"1715",TRUE,"Chevrolet Suburban 1500","Chevrolet","71,000 miles",26998,"Suburban 1500 LTZ","2014 Chevrolet","carmax",71000,26998,"Suburban 1500","LTZ","2014"
"1716",TRUE,"Chevrolet Tahoe","Chevrolet","103,000 miles",20998,"Tahoe LS","2014 Chevrolet","carmax",103000,20998,"Tahoe","LS","2014"
"1717",TRUE,"Chevrolet Tahoe","Chevrolet","101,000 miles",23998,"Tahoe LT","2014 Chevrolet","carmax",101000,23998,"Tahoe","LT","2014"
"1718",TRUE,"GMC Yukon","GMC","76,000 miles",26998,"Yukon Denali","2014 GMC","carmax",76000,26998,"Yukon","Denali","2014"
"1719",FALSE,"Lexus LS 460","Lexus","76,000 miles",24998,"LS 460","2014 Lexus","carmax",76000,24998,"LS 460","","2014"
"1720",FALSE,"Lexus LS 460","Lexus","51,000 miles",26998,"LS 460","2014 Lexus","carmax",51000,26998,"LS 460","","2014"
"1721",FALSE,"Lexus LS 460","Lexus","72,000 miles",25998,"LS 460","2014 Lexus","carmax",72000,25998,"LS 460","","2014"
"1722",FALSE,"Lexus LS 460","Lexus","66,000 miles",29998,"LS 460","2014 Lexus","carmax",66000,29998,"LS 460","","2014"
"1723",FALSE,"Lexus LS 460","Lexus","77,000 miles",28998,"LS 460 L","2014 Lexus","carmax",77000,28998,"LS 460","L","2014"
"1724",FALSE,"Lexus LS 460","Lexus","85,000 miles",28998,"LS 460 L","2014 Lexus","carmax",85000,28998,"LS 460","L","2014"
"1725",FALSE,"Lexus LX 570","Lexus","90,000 miles",39998,"LX 570","2014 Lexus","carmax",90000,39998,"LX 570","","2014"
"1726",FALSE,"Lexus LX 570","Lexus","45,000 miles",49998,"LX 570","2014 Lexus","carmax",45000,49998,"LX 570","","2014"
"1727",FALSE,"Toyota 4Runner","Toyota","96,000 miles",27998,"4Runner Limited","2014 Toyota","carmax",96000,27998,"4Runner","Limited","2014"
"1728",FALSE,"Toyota 4Runner","Toyota","78,000 miles",30998,"4Runner Limited","2014 Toyota","carmax",78000,30998,"4Runner","Limited","2014"
"1729",FALSE,"Toyota 4Runner","Toyota","69,000 miles",28998,"4Runner Limited","2014 Toyota","carmax",69000,28998,"4Runner","Limited","2014"
"1730",FALSE,"Toyota 4Runner","Toyota","85,000 miles",29998,"4Runner Limited","2014 Toyota","carmax",85000,29998,"4Runner","Limited","2014"
"1731",FALSE,"Toyota 4Runner","Toyota","76,000 miles",27998,"4Runner Limited","2014 Toyota","carmax",76000,27998,"4Runner","Limited","2014"
"1732",FALSE,"Toyota 4Runner","Toyota","73,000 miles",28998,"4Runner Limited","2014 Toyota","carmax",73000,28998,"4Runner","Limited","2014"
"1733",FALSE,"Toyota 4Runner","Toyota","71,000 miles",26998,"4Runner Limited","2014 Toyota","carmax",71000,26998,"4Runner","Limited","2014"
"1734",FALSE,"Toyota 4Runner","Toyota","97,000 miles",28998,"4Runner Limited","2014 Toyota","carmax",97000,28998,"4Runner","Limited","2014"
"1735",FALSE,"Toyota 4Runner","Toyota","120,000 miles",24998,"4Runner Limited","2014 Toyota","carmax",120000,24998,"4Runner","Limited","2014"
"1736",FALSE,"Toyota 4Runner","Toyota","56,000 miles",30998,"4Runner SR5","2014 Toyota","carmax",56000,30998,"4Runner","SR5","2014"
"1737",FALSE,"Toyota 4Runner","Toyota","114,000 miles",23998,"4Runner SR5","2014 Toyota","carmax",114000,23998,"4Runner","SR5","2014"
"1738",FALSE,"Toyota 4Runner","Toyota","63,000 miles",27998,"4Runner SR5 Premium","2014 Toyota","carmax",63000,27998,"4Runner","SR5 Premium","2014"
"1739",FALSE,"Toyota 4Runner","Toyota","79,000 miles",26998,"4Runner SR5 Premium","2014 Toyota","carmax",79000,26998,"4Runner","SR5 Premium","2014"
"1740",FALSE,"Toyota 4Runner","Toyota","76,000 miles",29998,"4Runner Trail","2014 Toyota","carmax",76000,29998,"4Runner","Trail","2014"
"1741",FALSE,"Toyota Highlander","Toyota","89,000 miles",23998,"Highlander Hybrid Limited","2014 Toyota","carmax",89000,23998,"Highlander","Hybrid Limited","2014"
"1742",FALSE,"Toyota Highlander","Toyota","94,000 miles",18998,"Highlander LE","2014 Toyota","carmax",94000,18998,"Highlander","LE","2014"
"1743",FALSE,"Toyota Highlander","Toyota","114,000 miles",15998,"Highlander LE","2014 Toyota","carmax",114000,15998,"Highlander","LE","2014"
"1744",FALSE,"Toyota Highlander","Toyota","107,000 miles",18998,"Highlander LE Plus","2014 Toyota","carmax",107000,18998,"Highlander","LE Plus","2014"
"1745",FALSE,"Toyota Highlander","Toyota","106,000 miles",19998,"Highlander Limited","2014 Toyota","carmax",106000,19998,"Highlander","Limited","2014"
"1746",FALSE,"Toyota Highlander","Toyota","75,000 miles",23998,"Highlander Limited","2014 Toyota","carmax",75000,23998,"Highlander","Limited","2014"
"1747",FALSE,"Toyota Highlander","Toyota","128,000 miles",18998,"Highlander Limited","2014 Toyota","carmax",128000,18998,"Highlander","Limited","2014"
"1748",FALSE,"Toyota Highlander","Toyota","97,000 miles",22998,"Highlander Limited Platinum","2014 Toyota","carmax",97000,22998,"Highlander","Limited Platinum","2014"
"1749",FALSE,"Toyota Highlander","Toyota","71,000 miles",21998,"Highlander XLE","2014 Toyota","carmax",71000,21998,"Highlander","XLE","2014"
"1750",FALSE,"Toyota Highlander","Toyota","112,000 miles",18998,"Highlander XLE","2014 Toyota","carmax",112000,18998,"Highlander","XLE","2014"
"1751",FALSE,"Toyota Highlander","Toyota","81,000 miles",22998,"Highlander XLE","2014 Toyota","carmax",81000,22998,"Highlander","XLE","2014"
"1752",FALSE,"Toyota Highlander","Toyota","30,000 miles",26998,"Highlander XLE","2014 Toyota","carmax",30000,26998,"Highlander","XLE","2014"
"1753",FALSE,"Toyota Highlander","Toyota","113,000 miles",19998,"Highlander XLE","2014 Toyota","carmax",113000,19998,"Highlander","XLE","2014"
"1754",FALSE,"Toyota Highlander","Toyota","99,000 miles",20998,"Highlander XLE","2014 Toyota","carmax",99000,20998,"Highlander","XLE","2014"
"1755",FALSE,"Toyota Highlander","Toyota","74,000 miles",21998,"Highlander XLE","2014 Toyota","carmax",74000,21998,"Highlander","XLE","2014"
"1756",FALSE,"Toyota Highlander","Toyota","116,000 miles",19998,"Highlander XLE","2014 Toyota","carmax",116000,19998,"Highlander","XLE","2014"
"1757",FALSE,"Toyota Land Cruiser","Toyota","80,000 miles",48998,"Land Cruiser","2014 Toyota","carmax",80000,48998,"Land Cruiser","","2014"
"1758",FALSE,"Toyota Sequoia","Toyota","121,000 miles",26998,"Sequoia Platinum","2014 Toyota","carmax",121000,26998,"Sequoia","Platinum","2014"
"1759",TRUE,"Cadillac Escalade","Cadillac","57,000 miles",38998,"Escalade ESV Platinum","2015 Cadillac","carmax",57000,38998,"Escalade","Platinum","2015"
"1760",TRUE,"Cadillac Escalade","Cadillac","53,000 miles",35998,"Escalade ESV Premium","2015 Cadillac","carmax",53000,35998,"Escalade","Premium","2015"
"1761",TRUE,"Cadillac Escalade","Cadillac","31,000 miles",38998,"Escalade Luxury","2015 Cadillac","carmax",31000,38998,"Escalade","Luxury","2015"
"1762",TRUE,"Cadillac Escalade","Cadillac","54,000 miles",37998,"Escalade Platinum","2015 Cadillac","carmax",54000,37998,"Escalade","Platinum","2015"
"1763",TRUE,"Cadillac Escalade","Cadillac","51,000 miles",36998,"Escalade Platinum","2015 Cadillac","carmax",51000,36998,"Escalade","Platinum","2015"
"1764",TRUE,"Cadillac Escalade","Cadillac","59,000 miles",36998,"Escalade Premium","2015 Cadillac","carmax",59000,36998,"Escalade","Premium","2015"
"1765",TRUE,"Chevrolet Suburban 1500","Chevrolet","73,000 miles",27998,"Suburban 1500 LT","2015 Chevrolet","carmax",73000,27998,"Suburban 1500","LT","2015"
"1766",TRUE,"Chevrolet Tahoe","Chevrolet","104,000 miles",22998,"Tahoe LS","2015 Chevrolet","carmax",104000,22998,"Tahoe","LS","2015"
"1767",TRUE,"Chevrolet Tahoe","Chevrolet","78,000 miles",24998,"Tahoe LS","2015 Chevrolet","carmax",78000,24998,"Tahoe","LS","2015"
"1768",TRUE,"Chevrolet Tahoe","Chevrolet","70,000 miles",25998,"Tahoe LS","2015 Chevrolet","carmax",70000,25998,"Tahoe","LS","2015"
"1769",TRUE,"Chevrolet Tahoe","Chevrolet","100,000 miles",23998,"Tahoe LT","2015 Chevrolet","carmax",100000,23998,"Tahoe","LT","2015"
"1770",TRUE,"Chevrolet Tahoe","Chevrolet","100,000 miles",23998,"Tahoe LT","2015 Chevrolet","carmax",100000,23998,"Tahoe","LT","2015"
"1771",TRUE,"Chevrolet Tahoe","Chevrolet","103,000 miles",24998,"Tahoe LT","2015 Chevrolet","carmax",103000,24998,"Tahoe","LT","2015"
"1772",TRUE,"Chevrolet Tahoe","Chevrolet","93,000 miles",25998,"Tahoe LT","2015 Chevrolet","carmax",93000,25998,"Tahoe","LT","2015"
"1773",TRUE,"Chevrolet Tahoe","Chevrolet","93,000 miles",24998,"Tahoe LT","2015 Chevrolet","carmax",93000,24998,"Tahoe","LT","2015"
"1774",TRUE,"Chevrolet Tahoe","Chevrolet","101,000 miles",23998,"Tahoe LT","2015 Chevrolet","carmax",101000,23998,"Tahoe","LT","2015"
"1775",TRUE,"Chevrolet Tahoe","Chevrolet","93,000 miles",24998,"Tahoe LT","2015 Chevrolet","carmax",93000,24998,"Tahoe","LT","2015"
"1776",TRUE,"Chevrolet Tahoe","Chevrolet","104,000 miles",23998,"Tahoe LT","2015 Chevrolet","carmax",104000,23998,"Tahoe","LT","2015"
"1777",TRUE,"Chevrolet Tahoe","Chevrolet","94,000 miles",25998,"Tahoe LT","2015 Chevrolet","carmax",94000,25998,"Tahoe","LT","2015"
"1778",TRUE,"Chevrolet Tahoe","Chevrolet","99,000 miles",23998,"Tahoe LT","2015 Chevrolet","carmax",99000,23998,"Tahoe","LT","2015"
"1779",TRUE,"Chevrolet Tahoe","Chevrolet","86,000 miles",26998,"Tahoe LT","2015 Chevrolet","carmax",86000,26998,"Tahoe","LT","2015"
"1780",TRUE,"Chevrolet Tahoe","Chevrolet","81,000 miles",29998,"Tahoe LTZ","2015 Chevrolet","carmax",81000,29998,"Tahoe","LTZ","2015"
"1781",TRUE,"Chevrolet Tahoe","Chevrolet","105,000 miles",25998,"Tahoe LTZ","2015 Chevrolet","carmax",105000,25998,"Tahoe","LTZ","2015"
"1782",TRUE,"Chevrolet Tahoe","Chevrolet","86,000 miles",29998,"Tahoe LTZ","2015 Chevrolet","carmax",86000,29998,"Tahoe","LTZ","2015"
"1783",TRUE,"Chevrolet Tahoe","Chevrolet","105,000 miles",24998,"Tahoe LTZ","2015 Chevrolet","carmax",105000,24998,"Tahoe","LTZ","2015"
"1784",TRUE,"GMC Yukon","GMC","51,000 miles",36998,"Yukon Denali","2015 GMC","carmax",51000,36998,"Yukon","Denali","2015"
"1785",TRUE,"GMC Yukon","GMC","60,000 miles",33998,"Yukon Denali","2015 GMC","carmax",60000,33998,"Yukon","Denali","2015"
"1786",TRUE,"GMC Yukon XL 1500","GMC","60,000 miles",30998,"Yukon XL 1500 SLT","2015 GMC","carmax",60000,30998,"Yukon XL 1500","SLT","2015"
"1787",FALSE,"Lexus LS 460","Lexus","64,000 miles",30998,"LS 460","2015 Lexus","carmax",64000,30998,"LS 460","","2015"
"1788",FALSE,"Lexus LS 460","Lexus","53,000 miles",27998,"LS 460","2015 Lexus","carmax",53000,27998,"LS 460","","2015"
"1789",FALSE,"Lexus LS 460","Lexus","75,000 miles",25998,"LS 460","2015 Lexus","carmax",75000,25998,"LS 460","","2015"
"1790",FALSE,"Lexus LS 460","Lexus","30,000 miles",31998,"LS 460","2015 Lexus","carmax",30000,31998,"LS 460","","2015"
"1791",FALSE,"Lexus LS 460","Lexus","39,000 miles",33998,"LS 460","2015 Lexus","carmax",39000,33998,"LS 460","","2015"
"1792",FALSE,"Lexus LS 460","Lexus","75,000 miles",31998,"LS 460 L","2015 Lexus","carmax",75000,31998,"LS 460","L","2015"
"1793",FALSE,"Lexus LX 570","Lexus","97,000 miles",34998,"LX 570","2015 Lexus","carmax",97000,34998,"LX 570","","2015"
"1794",FALSE,"Lexus LX 570","Lexus","72,000 miles",42998,"LX 570","2015 Lexus","carmax",72000,42998,"LX 570","","2015"
"1795",FALSE,"Lexus LX 570","Lexus","104,000 miles",38998,"LX 570","2015 Lexus","carmax",104000,38998,"LX 570","","2015"
"1796",FALSE,"Lexus RC F","Lexus","70,000 miles",39998,"RC F","2015 Lexus","carmax",70000,39998,"RC F","","2015"
"1797",FALSE,"Lexus RC F","Lexus","77,000 miles",37998,"RC F","2015 Lexus","carmax",77000,37998,"RC F","","2015"
"1798",FALSE,"Toyota 4Runner","Toyota","101,000 miles",24998,"4Runner Limited","2015 Toyota","carmax",101000,24998,"4Runner","Limited","2015"
"1799",FALSE,"Toyota 4Runner","Toyota","90,000 miles",26998,"4Runner Limited","2015 Toyota","carmax",90000,26998,"4Runner","Limited","2015"
"1800",FALSE,"Toyota 4Runner","Toyota","91,000 miles",25998,"4Runner Limited","2015 Toyota","carmax",91000,25998,"4Runner","Limited","2015"
"1801",FALSE,"Toyota 4Runner","Toyota","86,000 miles",29998,"4Runner Limited","2015 Toyota","carmax",86000,29998,"4Runner","Limited","2015"
"1802",FALSE,"Toyota 4Runner","Toyota","111,000 miles",24998,"4Runner Limited","2015 Toyota","carmax",111000,24998,"4Runner","Limited","2015"
"1803",FALSE,"Toyota 4Runner","Toyota","129,000 miles",26998,"4Runner SR5","2015 Toyota","carmax",129000,26998,"4Runner","SR5","2015"
"1804",FALSE,"Toyota 4Runner","Toyota","126,000 miles",24998,"4Runner SR5","2015 Toyota","carmax",126000,24998,"4Runner","SR5","2015"
"1805",FALSE,"Toyota 4Runner","Toyota","62,000 miles",27998,"4Runner SR5","2015 Toyota","carmax",62000,27998,"4Runner","SR5","2015"
"1806",FALSE,"Toyota 4Runner","Toyota","62,000 miles",28998,"4Runner SR5","2015 Toyota","carmax",62000,28998,"4Runner","SR5","2015"
"1807",FALSE,"Toyota 4Runner","Toyota","114,000 miles",22998,"4Runner SR5","2015 Toyota","carmax",114000,22998,"4Runner","SR5","2015"
"1808",FALSE,"Toyota 4Runner","Toyota","110,000 miles",25998,"4Runner SR5 Premium","2015 Toyota","carmax",110000,25998,"4Runner","SR5 Premium","2015"
"1809",FALSE,"Toyota 4Runner","Toyota","96,000 miles",26998,"4Runner SR5 Premium","2015 Toyota","carmax",96000,26998,"4Runner","SR5 Premium","2015"
"1810",FALSE,"Toyota 4Runner","Toyota","108,000 miles",26998,"4Runner SR5 Premium","2015 Toyota","carmax",108000,26998,"4Runner","SR5 Premium","2015"
"1811",FALSE,"Toyota 4Runner","Toyota","78,000 miles",29998,"4Runner SR5 Premium","2015 Toyota","carmax",78000,29998,"4Runner","SR5 Premium","2015"
"1812",FALSE,"Toyota 4Runner","Toyota","65,000 miles",37998,"4Runner TRD Pro","2015 Toyota","carmax",65000,37998,"4Runner","TRD Pro","2015"
"1813",FALSE,"Toyota Highlander","Toyota","63,000 miles",26998,"Highlander Hybrid Limited","2015 Toyota","carmax",63000,26998,"Highlander","Hybrid Limited","2015"
"1814",FALSE,"Toyota Highlander","Toyota","72,000 miles",25998,"Highlander Hybrid Limited","2015 Toyota","carmax",72000,25998,"Highlander","Hybrid Limited","2015"
"1815",FALSE,"Toyota Highlander","Toyota","65,000 miles",27998,"Highlander Hybrid Limited","2015 Toyota","carmax",65000,27998,"Highlander","Hybrid Limited","2015"
"1816",FALSE,"Toyota Highlander","Toyota","60,000 miles",30998,"Highlander Hybrid Limited Platinum","2015 Toyota","carmax",60000,30998,"Highlander","Hybrid Limited Platinum","2015"
"1817",FALSE,"Toyota Highlander","Toyota","120,000 miles",16998,"Highlander LE","2015 Toyota","carmax",120000,16998,"Highlander","LE","2015"
"1818",FALSE,"Toyota Highlander","Toyota","100,000 miles",16998,"Highlander LE","2015 Toyota","carmax",100000,16998,"Highlander","LE","2015"
"1819",FALSE,"Toyota Highlander","Toyota","114,000 miles",18998,"Highlander LE","2015 Toyota","carmax",114000,18998,"Highlander","LE","2015"
"1820",FALSE,"Toyota Highlander","Toyota","95,000 miles",20998,"Highlander LE Plus","2015 Toyota","carmax",95000,20998,"Highlander","LE Plus","2015"
"1821",FALSE,"Toyota Highlander","Toyota","75,000 miles",21998,"Highlander LE Plus","2015 Toyota","carmax",75000,21998,"Highlander","LE Plus","2015"
"1822",FALSE,"Toyota Highlander","Toyota","118,000 miles",18998,"Highlander LE Plus","2015 Toyota","carmax",118000,18998,"Highlander","LE Plus","2015"
"1823",FALSE,"Toyota Highlander","Toyota","79,000 miles",23998,"Highlander Limited","2015 Toyota","carmax",79000,23998,"Highlander","Limited","2015"
"1824",FALSE,"Toyota Highlander","Toyota","118,000 miles",21998,"Highlander Limited","2015 Toyota","carmax",118000,21998,"Highlander","Limited","2015"
"1825",FALSE,"Toyota Highlander","Toyota","105,000 miles",20998,"Highlander Limited","2015 Toyota","carmax",105000,20998,"Highlander","Limited","2015"
"1826",FALSE,"Toyota Highlander","Toyota","49,000 miles",24998,"Highlander Limited","2015 Toyota","carmax",49000,24998,"Highlander","Limited","2015"
"1827",FALSE,"Toyota Highlander","Toyota","109,000 miles",19998,"Highlander Limited","2015 Toyota","carmax",109000,19998,"Highlander","Limited","2015"
"1828",FALSE,"Toyota Highlander","Toyota","79,000 miles",22998,"Highlander Limited","2015 Toyota","carmax",79000,22998,"Highlander","Limited","2015"
"1829",FALSE,"Toyota Highlander","Toyota","109,000 miles",20998,"Highlander Limited","2015 Toyota","carmax",109000,20998,"Highlander","Limited","2015"
"1830",FALSE,"Toyota Highlander","Toyota","93,000 miles",23998,"Highlander Limited","2015 Toyota","carmax",93000,23998,"Highlander","Limited","2015"
"1831",FALSE,"Toyota Highlander","Toyota","121,000 miles",19998,"Highlander Limited","2015 Toyota","carmax",121000,19998,"Highlander","Limited","2015"
"1832",FALSE,"Toyota Highlander","Toyota","73,000 miles",24998,"Highlander Limited","2015 Toyota","carmax",73000,24998,"Highlander","Limited","2015"
"1833",FALSE,"Toyota Highlander","Toyota","72,000 miles",22998,"Highlander Limited","2015 Toyota","carmax",72000,22998,"Highlander","Limited","2015"
"1834",FALSE,"Toyota Highlander","Toyota","119,000 miles",21998,"Highlander Limited Platinum","2015 Toyota","carmax",119000,21998,"Highlander","Limited Platinum","2015"
"1835",FALSE,"Toyota Highlander","Toyota","31,000 miles",29998,"Highlander Limited Platinum","2015 Toyota","carmax",31000,29998,"Highlander","Limited Platinum","2015"
"1836",FALSE,"Toyota Highlander","Toyota","126,000 miles",18998,"Highlander Limited Platinum","2015 Toyota","carmax",126000,18998,"Highlander","Limited Platinum","2015"
"1837",FALSE,"Toyota Highlander","Toyota","88,000 miles",22998,"Highlander XLE","2015 Toyota","carmax",88000,22998,"Highlander","XLE","2015"
"1838",FALSE,"Toyota Highlander","Toyota","104,000 miles",20998,"Highlander XLE","2015 Toyota","carmax",104000,20998,"Highlander","XLE","2015"
"1839",FALSE,"Toyota Highlander","Toyota","111,000 miles",19998,"Highlander XLE","2015 Toyota","carmax",111000,19998,"Highlander","XLE","2015"
"1840",FALSE,"Toyota Highlander","Toyota","72,000 miles",22998,"Highlander XLE","2015 Toyota","carmax",72000,22998,"Highlander","XLE","2015"
"1841",FALSE,"Toyota Highlander","Toyota","62,000 miles",22998,"Highlander XLE","2015 Toyota","carmax",62000,22998,"Highlander","XLE","2015"
"1842",FALSE,"Toyota Highlander","Toyota","112,000 miles",18998,"Highlander XLE","2015 Toyota","carmax",112000,18998,"Highlander","XLE","2015"
"1843",FALSE,"Toyota Highlander","Toyota","43,000 miles",24998,"Highlander XLE","2015 Toyota","carmax",43000,24998,"Highlander","XLE","2015"
"1844",FALSE,"Toyota Highlander","Toyota","114,000 miles",19998,"Highlander XLE","2015 Toyota","carmax",114000,19998,"Highlander","XLE","2015"
"1845",FALSE,"Toyota Highlander","Toyota","125,000 miles",17998,"Highlander XLE","2015 Toyota","carmax",125000,17998,"Highlander","XLE","2015"
"1846",FALSE,"Toyota Highlander","Toyota","97,000 miles",19998,"Highlander XLE","2015 Toyota","carmax",97000,19998,"Highlander","XLE","2015"
"1847",FALSE,"Toyota Highlander","Toyota","67,000 miles",23998,"Highlander XLE","2015 Toyota","carmax",67000,23998,"Highlander","XLE","2015"
"1848",FALSE,"Toyota Highlander","Toyota","80,000 miles",22998,"Highlander XLE","2015 Toyota","carmax",80000,22998,"Highlander","XLE","2015"
"1849",FALSE,"Toyota Highlander","Toyota","97,000 miles",20998,"Highlander XLE","2015 Toyota","carmax",97000,20998,"Highlander","XLE","2015"
"1850",FALSE,"Toyota Land Cruiser","Toyota","91,000 miles",48998,"Land Cruiser","2015 Toyota","carmax",91000,48998,"Land Cruiser","","2015"
"1851",FALSE,"Toyota Sequoia","Toyota","119,000 miles",28998,"Sequoia Limited","2015 Toyota","carmax",119000,28998,"Sequoia","Limited","2015"
"1852",TRUE,"Cadillac Escalade","Cadillac","53,000 miles",39998,"Escalade ESV Luxury","2016 Cadillac","carmax",53000,39998,"Escalade","Luxury","2016"
"1853",TRUE,"Cadillac Escalade","Cadillac","30,000 miles",37998,"Escalade Luxury","2016 Cadillac","carmax",30000,37998,"Escalade","Luxury","2016"
"1854",TRUE,"Chevrolet Suburban 1500","Chevrolet","66,000 miles",33998,"Suburban 1500 LT","2016 Chevrolet","carmax",66000,33998,"Suburban 1500","LT","2016"
"1855",TRUE,"Chevrolet Tahoe","Chevrolet","82,000 miles",26998,"Tahoe LS","2016 Chevrolet","carmax",82000,26998,"Tahoe","LS","2016"
"1856",TRUE,"Chevrolet Tahoe","Chevrolet","101,000 miles",23998,"Tahoe LS","2016 Chevrolet","carmax",101000,23998,"Tahoe","LS","2016"
"1857",TRUE,"Chevrolet Tahoe","Chevrolet","87,000 miles",26998,"Tahoe LS","2016 Chevrolet","carmax",87000,26998,"Tahoe","LS","2016"
"1858",TRUE,"Chevrolet Tahoe","Chevrolet","106,000 miles",21998,"Tahoe LS","2016 Chevrolet","carmax",106000,21998,"Tahoe","LS","2016"
"1859",TRUE,"Chevrolet Tahoe","Chevrolet","74,000 miles",31998,"Tahoe LT","2016 Chevrolet","carmax",74000,31998,"Tahoe","LT","2016"
"1860",TRUE,"Chevrolet Tahoe","Chevrolet","71,000 miles",31998,"Tahoe LT","2016 Chevrolet","carmax",71000,31998,"Tahoe","LT","2016"
"1861",TRUE,"Chevrolet Tahoe","Chevrolet","87,000 miles",29998,"Tahoe LT","2016 Chevrolet","carmax",87000,29998,"Tahoe","LT","2016"
"1862",TRUE,"Chevrolet Tahoe","Chevrolet","31,000 miles",33998,"Tahoe LT","2016 Chevrolet","carmax",31000,33998,"Tahoe","LT","2016"
"1863",TRUE,"Chevrolet Tahoe","Chevrolet","87,000 miles",28998,"Tahoe LT","2016 Chevrolet","carmax",87000,28998,"Tahoe","LT","2016"
"1864",TRUE,"Chevrolet Tahoe","Chevrolet","102,000 miles",25998,"Tahoe LT","2016 Chevrolet","carmax",102000,25998,"Tahoe","LT","2016"
"1865",TRUE,"Chevrolet Tahoe","Chevrolet","80,000 miles",28998,"Tahoe LT","2016 Chevrolet","carmax",80000,28998,"Tahoe","LT","2016"
"1866",TRUE,"Chevrolet Tahoe","Chevrolet","79,000 miles",28998,"Tahoe LT","2016 Chevrolet","carmax",79000,28998,"Tahoe","LT","2016"
"1867",TRUE,"Chevrolet Tahoe","Chevrolet","69,000 miles",30998,"Tahoe LT","2016 Chevrolet","carmax",69000,30998,"Tahoe","LT","2016"
"1868",TRUE,"Chevrolet Tahoe","Chevrolet","93,000 miles",24998,"Tahoe LT","2016 Chevrolet","carmax",93000,24998,"Tahoe","LT","2016"
"1869",TRUE,"Chevrolet Tahoe","Chevrolet","69,000 miles",31998,"Tahoe LT","2016 Chevrolet","carmax",69000,31998,"Tahoe","LT","2016"
"1870",TRUE,"Chevrolet Tahoe","Chevrolet","95,000 miles",27998,"Tahoe LT","2016 Chevrolet","carmax",95000,27998,"Tahoe","LT","2016"
"1871",TRUE,"Chevrolet Tahoe","Chevrolet","105,000 miles",25998,"Tahoe LT","2016 Chevrolet","carmax",105000,25998,"Tahoe","LT","2016"
"1872",TRUE,"Chevrolet Tahoe","Chevrolet","70,000 miles",33998,"Tahoe LTZ","2016 Chevrolet","carmax",70000,33998,"Tahoe","LTZ","2016"
"1873",TRUE,"Chevrolet Tahoe","Chevrolet","100,000 miles",29998,"Tahoe LTZ","2016 Chevrolet","carmax",100000,29998,"Tahoe","LTZ","2016"
"1874",TRUE,"Chevrolet Tahoe","Chevrolet","97,000 miles",27998,"Tahoe LTZ","2016 Chevrolet","carmax",97000,27998,"Tahoe","LTZ","2016"
"1875",TRUE,"Chevrolet Tahoe","Chevrolet","44,000 miles",38998,"Tahoe LTZ","2016 Chevrolet","carmax",44000,38998,"Tahoe","LTZ","2016"
"1876",TRUE,"Chevrolet Tahoe","Chevrolet","84,000 miles",29998,"Tahoe LTZ","2016 Chevrolet","carmax",84000,29998,"Tahoe","LTZ","2016"
"1877",TRUE,"Chevrolet Tahoe","Chevrolet","56,000 miles",33998,"Tahoe LTZ","2016 Chevrolet","carmax",56000,33998,"Tahoe","LTZ","2016"
"1878",TRUE,"Chevrolet Tahoe","Chevrolet","100,000 miles",27998,"Tahoe LTZ","2016 Chevrolet","carmax",100000,27998,"Tahoe","LTZ","2016"
"1879",TRUE,"Chevrolet Tahoe","Chevrolet","69,000 miles",32998,"Tahoe LTZ","2016 Chevrolet","carmax",69000,32998,"Tahoe","LTZ","2016"
"1880",TRUE,"GMC Yukon","GMC","72,000 miles",33998,"Yukon Denali","2016 GMC","carmax",72000,33998,"Yukon","Denali","2016"
"1881",TRUE,"GMC Yukon","GMC","85,000 miles",31998,"Yukon Denali","2016 GMC","carmax",85000,31998,"Yukon","Denali","2016"
"1882",TRUE,"GMC Yukon","GMC","89,000 miles",29998,"Yukon Denali","2016 GMC","carmax",89000,29998,"Yukon","Denali","2016"
"1883",TRUE,"GMC Yukon","GMC","73,000 miles",33998,"Yukon Denali","2016 GMC","carmax",73000,33998,"Yukon","Denali","2016"
"1884",TRUE,"GMC Yukon","GMC","68,000 miles",27998,"Yukon SLE","2016 GMC","carmax",68000,27998,"Yukon","SLE","2016"
"1885",TRUE,"GMC Yukon","GMC","79,000 miles",29998,"Yukon SLT","2016 GMC","carmax",79000,29998,"Yukon","SLT","2016"
"1886",TRUE,"GMC Yukon","GMC","87,000 miles",29998,"Yukon SLT","2016 GMC","carmax",87000,29998,"Yukon","SLT","2016"
"1887",TRUE,"GMC Yukon","GMC","86,000 miles",28998,"Yukon SLT","2016 GMC","carmax",86000,28998,"Yukon","SLT","2016"
"1888",TRUE,"GMC Yukon XL 1500","GMC","38,000 miles",38998,"Yukon XL 1500 SLT","2016 GMC","carmax",38000,38998,"Yukon XL 1500","SLT","2016"
"1889",FALSE,"Lexus LS 460","Lexus","34,000 miles",33998,"LS 460","2016 Lexus","carmax",34000,33998,"LS 460","","2016"
"1890",FALSE,"Lexus LS 460","Lexus","77,000 miles",26998,"LS 460","2016 Lexus","carmax",77000,26998,"LS 460","","2016"
"1891",FALSE,"Lexus LS 460","Lexus","55,000 miles",29998,"LS 460","2016 Lexus","carmax",55000,29998,"LS 460","","2016"
"1892",FALSE,"Lexus LS 460","Lexus","56,000 miles",30998,"LS 460","2016 Lexus","carmax",56000,30998,"LS 460","","2016"
"1893",FALSE,"Toyota 4Runner","Toyota","85,000 miles",31998,"4Runner Limited","2016 Toyota","carmax",85000,31998,"4Runner","Limited","2016"
"1894",FALSE,"Toyota 4Runner","Toyota","82,000 miles",31998,"4Runner Limited","2016 Toyota","carmax",82000,31998,"4Runner","Limited","2016"
"1895",FALSE,"Toyota 4Runner","Toyota","92,000 miles",26998,"4Runner Limited","2016 Toyota","carmax",92000,26998,"4Runner","Limited","2016"
"1896",FALSE,"Toyota 4Runner","Toyota","114,000 miles",24998,"4Runner Limited","2016 Toyota","carmax",114000,24998,"4Runner","Limited","2016"
"1897",FALSE,"Toyota 4Runner","Toyota","64,000 miles",30998,"4Runner Limited","2016 Toyota","carmax",64000,30998,"4Runner","Limited","2016"
"1898",FALSE,"Toyota 4Runner","Toyota","74,000 miles",29998,"4Runner Limited","2016 Toyota","carmax",74000,29998,"4Runner","Limited","2016"
"1899",FALSE,"Toyota 4Runner","Toyota","75,000 miles",29998,"4Runner Limited","2016 Toyota","carmax",75000,29998,"4Runner","Limited","2016"
"1900",FALSE,"Toyota 4Runner","Toyota","52,000 miles",29998,"4Runner Limited","2016 Toyota","carmax",52000,29998,"4Runner","Limited","2016"
"1901",FALSE,"Toyota 4Runner","Toyota","75,000 miles",31998,"4Runner Limited","2016 Toyota","carmax",75000,31998,"4Runner","Limited","2016"
"1902",FALSE,"Toyota 4Runner","Toyota","104,000 miles",25998,"4Runner Limited","2016 Toyota","carmax",104000,25998,"4Runner","Limited","2016"
"1903",FALSE,"Toyota 4Runner","Toyota","50,000 miles",35998,"4Runner Limited","2016 Toyota","carmax",50000,35998,"4Runner","Limited","2016"
"1904",FALSE,"Toyota 4Runner","Toyota","60,000 miles",32998,"4Runner Limited","2016 Toyota","carmax",60000,32998,"4Runner","Limited","2016"
"1905",FALSE,"Toyota 4Runner","Toyota","68,000 miles",31998,"4Runner Limited","2016 Toyota","carmax",68000,31998,"4Runner","Limited","2016"
"1906",FALSE,"Toyota 4Runner","Toyota","73,000 miles",29998,"4Runner SR5","2016 Toyota","carmax",73000,29998,"4Runner","SR5","2016"
"1907",FALSE,"Toyota 4Runner","Toyota","115,000 miles",25998,"4Runner SR5","2016 Toyota","carmax",115000,25998,"4Runner","SR5","2016"
"1908",FALSE,"Toyota 4Runner","Toyota","68,000 miles",29998,"4Runner SR5","2016 Toyota","carmax",68000,29998,"4Runner","SR5","2016"
"1909",FALSE,"Toyota 4Runner","Toyota","88,000 miles",25998,"4Runner SR5","2016 Toyota","carmax",88000,25998,"4Runner","SR5","2016"
"1910",FALSE,"Toyota 4Runner","Toyota","92,000 miles",25998,"4Runner SR5","2016 Toyota","carmax",92000,25998,"4Runner","SR5","2016"
"1911",FALSE,"Toyota 4Runner","Toyota","129,000 miles",25998,"4Runner SR5","2016 Toyota","carmax",129000,25998,"4Runner","SR5","2016"
"1912",FALSE,"Toyota 4Runner","Toyota","119,000 miles",23998,"4Runner SR5","2016 Toyota","carmax",119000,23998,"4Runner","SR5","2016"
"1913",FALSE,"Toyota 4Runner","Toyota","82,000 miles",27998,"4Runner SR5","2016 Toyota","carmax",82000,27998,"4Runner","SR5","2016"
"1914",FALSE,"Toyota 4Runner","Toyota","126,000 miles",22998,"4Runner SR5","2016 Toyota","carmax",126000,22998,"4Runner","SR5","2016"
"1915",FALSE,"Toyota 4Runner","Toyota","120,000 miles",22998,"4Runner SR5","2016 Toyota","carmax",120000,22998,"4Runner","SR5","2016"
"1916",FALSE,"Toyota 4Runner","Toyota","120,000 miles",22998,"4Runner SR5","2016 Toyota","carmax",120000,22998,"4Runner","SR5","2016"
"1917",FALSE,"Toyota 4Runner","Toyota","81,000 miles",28998,"4Runner SR5","2016 Toyota","carmax",81000,28998,"4Runner","SR5","2016"
"1918",FALSE,"Toyota 4Runner","Toyota","103,000 miles",24998,"4Runner SR5","2016 Toyota","carmax",103000,24998,"4Runner","SR5","2016"
"1919",FALSE,"Toyota 4Runner","Toyota","75,000 miles",29998,"4Runner SR5","2016 Toyota","carmax",75000,29998,"4Runner","SR5","2016"
"1920",FALSE,"Toyota 4Runner","Toyota","87,000 miles",28998,"4Runner SR5","2016 Toyota","carmax",87000,28998,"4Runner","SR5","2016"
"1921",FALSE,"Toyota 4Runner","Toyota","64,000 miles",29998,"4Runner SR5","2016 Toyota","carmax",64000,29998,"4Runner","SR5","2016"
"1922",FALSE,"Toyota 4Runner","Toyota","119,000 miles",25998,"4Runner SR5","2016 Toyota","carmax",119000,25998,"4Runner","SR5","2016"
"1923",FALSE,"Toyota 4Runner","Toyota","64,000 miles",28998,"4Runner SR5","2016 Toyota","carmax",64000,28998,"4Runner","SR5","2016"
"1924",FALSE,"Toyota 4Runner","Toyota","98,000 miles",26998,"4Runner SR5","2016 Toyota","carmax",98000,26998,"4Runner","SR5","2016"
"1925",FALSE,"Toyota 4Runner","Toyota","125,000 miles",24998,"4Runner SR5","2016 Toyota","carmax",125000,24998,"4Runner","SR5","2016"
"1926",FALSE,"Toyota 4Runner","Toyota","65,000 miles",31998,"4Runner SR5 Premium","2016 Toyota","carmax",65000,31998,"4Runner","SR5 Premium","2016"
"1927",FALSE,"Toyota 4Runner","Toyota","91,000 miles",26998,"4Runner SR5 Premium","2016 Toyota","carmax",91000,26998,"4Runner","SR5 Premium","2016"
"1928",FALSE,"Toyota 4Runner","Toyota","127,000 miles",27998,"4Runner SR5 Premium","2016 Toyota","carmax",127000,27998,"4Runner","SR5 Premium","2016"
"1929",FALSE,"Toyota 4Runner","Toyota","110,000 miles",28998,"4Runner SR5 Premium","2016 Toyota","carmax",110000,28998,"4Runner","SR5 Premium","2016"
"1930",FALSE,"Toyota 4Runner","Toyota","36,000 miles",30998,"4Runner SR5 Premium","2016 Toyota","carmax",36000,30998,"4Runner","SR5 Premium","2016"
"1931",FALSE,"Toyota 4Runner","Toyota","97,000 miles",26998,"4Runner SR5 Premium","2016 Toyota","carmax",97000,26998,"4Runner","SR5 Premium","2016"
"1932",FALSE,"Toyota 4Runner","Toyota","67,000 miles",30998,"4Runner SR5 Premium","2016 Toyota","carmax",67000,30998,"4Runner","SR5 Premium","2016"
"1933",FALSE,"Toyota 4Runner","Toyota","114,000 miles",28998,"4Runner SR5 Premium","2016 Toyota","carmax",114000,28998,"4Runner","SR5 Premium","2016"
"1934",FALSE,"Toyota 4Runner","Toyota","92,000 miles",28998,"4Runner SR5 Premium","2016 Toyota","carmax",92000,28998,"4Runner","SR5 Premium","2016"
"1935",FALSE,"Toyota 4Runner","Toyota","70,000 miles",30998,"4Runner SR5 Premium","2016 Toyota","carmax",70000,30998,"4Runner","SR5 Premium","2016"
"1936",FALSE,"Toyota 4Runner","Toyota","71,000 miles",32998,"4Runner SR5 Premium","2016 Toyota","carmax",71000,32998,"4Runner","SR5 Premium","2016"
"1937",FALSE,"Toyota 4Runner","Toyota","75,000 miles",29998,"4Runner SR5 Premium","2016 Toyota","carmax",75000,29998,"4Runner","SR5 Premium","2016"
"1938",FALSE,"Toyota 4Runner","Toyota","120,000 miles",32998,"4Runner TRD Pro","2016 Toyota","carmax",120000,32998,"4Runner","TRD Pro","2016"
"1939",FALSE,"Toyota 4Runner","Toyota","120,000 miles",29998,"4Runner TRD Pro","2016 Toyota","carmax",120000,29998,"4Runner","TRD Pro","2016"
"1940",FALSE,"Toyota 4Runner","Toyota","96,000 miles",32998,"4Runner TRD Pro","2016 Toyota","carmax",96000,32998,"4Runner","TRD Pro","2016"
"1941",FALSE,"Toyota 4Runner","Toyota","65,000 miles",32998,"4Runner Trail Premium","2016 Toyota","carmax",65000,32998,"4Runner","Trail Premium","2016"
"1942",FALSE,"Toyota 4Runner","Toyota","99,000 miles",31998,"4Runner Trail Premium","2016 Toyota","carmax",99000,31998,"4Runner","Trail Premium","2016"
"1943",FALSE,"Toyota 4Runner","Toyota","45,000 miles",34998,"4Runner Trail Premium","2016 Toyota","carmax",45000,34998,"4Runner","Trail Premium","2016"
"1944",FALSE,"Toyota Highlander","Toyota","70,000 miles",27998,"Highlander Hybrid Limited Platinum","2016 Toyota","carmax",70000,27998,"Highlander","Hybrid Limited Platinum","2016"
"1945",FALSE,"Toyota Highlander","Toyota","64,000 miles",29998,"Highlander Hybrid Limited Platinum","2016 Toyota","carmax",64000,29998,"Highlander","Hybrid Limited Platinum","2016"
"1946",FALSE,"Toyota Highlander","Toyota","89,000 miles",26998,"Highlander Hybrid Limited Platinum","2016 Toyota","carmax",89000,26998,"Highlander","Hybrid Limited Platinum","2016"
"1947",FALSE,"Toyota Highlander","Toyota","116,000 miles",18998,"Highlander LE","2016 Toyota","carmax",116000,18998,"Highlander","LE","2016"
"1948",FALSE,"Toyota Highlander","Toyota","107,000 miles",19998,"Highlander LE","2016 Toyota","carmax",107000,19998,"Highlander","LE","2016"
"1949",FALSE,"Toyota Highlander","Toyota","120,000 miles",17998,"Highlander LE","2016 Toyota","carmax",120000,17998,"Highlander","LE","2016"
"1950",FALSE,"Toyota Highlander","Toyota","115,000 miles",18998,"Highlander LE","2016 Toyota","carmax",115000,18998,"Highlander","LE","2016"
"1951",FALSE,"Toyota Highlander","Toyota","118,000 miles",17998,"Highlander LE","2016 Toyota","carmax",118000,17998,"Highlander","LE","2016"
"1952",FALSE,"Toyota Highlander","Toyota","70,000 miles",20998,"Highlander LE","2016 Toyota","carmax",70000,20998,"Highlander","LE","2016"
"1953",FALSE,"Toyota Highlander","Toyota","59,000 miles",22998,"Highlander LE","2016 Toyota","carmax",59000,22998,"Highlander","LE","2016"
"1954",FALSE,"Toyota Highlander","Toyota","100,000 miles",19998,"Highlander LE","2016 Toyota","carmax",100000,19998,"Highlander","LE","2016"
"1955",FALSE,"Toyota Highlander","Toyota","115,000 miles",16998,"Highlander LE","2016 Toyota","carmax",115000,16998,"Highlander","LE","2016"
"1956",FALSE,"Toyota Highlander","Toyota","124,000 miles",20998,"Highlander Limited","2016 Toyota","carmax",124000,20998,"Highlander","Limited","2016"
"1957",FALSE,"Toyota Highlander","Toyota","58,000 miles",26998,"Highlander Limited","2016 Toyota","carmax",58000,26998,"Highlander","Limited","2016"
"1958",FALSE,"Toyota Highlander","Toyota","86,000 miles",23998,"Highlander Limited","2016 Toyota","carmax",86000,23998,"Highlander","Limited","2016"
"1959",FALSE,"Toyota Highlander","Toyota","108,000 miles",21998,"Highlander Limited","2016 Toyota","carmax",108000,21998,"Highlander","Limited","2016"
"1960",FALSE,"Toyota Highlander","Toyota","82,000 miles",24998,"Highlander Limited","2016 Toyota","carmax",82000,24998,"Highlander","Limited","2016"
"1961",FALSE,"Toyota Highlander","Toyota","68,000 miles",25998,"Highlander Limited","2016 Toyota","carmax",68000,25998,"Highlander","Limited","2016"
"1962",FALSE,"Toyota Highlander","Toyota","106,000 miles",21998,"Highlander Limited","2016 Toyota","carmax",106000,21998,"Highlander","Limited","2016"
"1963",FALSE,"Toyota Highlander","Toyota","117,000 miles",21998,"Highlander Limited Platinum","2016 Toyota","carmax",117000,21998,"Highlander","Limited Platinum","2016"
"1964",FALSE,"Toyota Highlander","Toyota","126,000 miles",21998,"Highlander Limited Platinum","2016 Toyota","carmax",126000,21998,"Highlander","Limited Platinum","2016"
"1965",FALSE,"Toyota Highlander","Toyota","76,000 miles",24998,"Highlander Limited Platinum","2016 Toyota","carmax",76000,24998,"Highlander","Limited Platinum","2016"
"1966",FALSE,"Toyota Highlander","Toyota","64,000 miles",25998,"Highlander Limited Platinum","2016 Toyota","carmax",64000,25998,"Highlander","Limited Platinum","2016"
"1967",FALSE,"Toyota Highlander","Toyota","98,000 miles",23998,"Highlander Limited Platinum","2016 Toyota","carmax",98000,23998,"Highlander","Limited Platinum","2016"
"1968",FALSE,"Toyota Highlander","Toyota","61,000 miles",25998,"Highlander XLE","2016 Toyota","carmax",61000,25998,"Highlander","XLE","2016"
"1969",FALSE,"Toyota Highlander","Toyota","119,000 miles",19998,"Highlander XLE","2016 Toyota","carmax",119000,19998,"Highlander","XLE","2016"
"1970",FALSE,"Toyota Highlander","Toyota","80,000 miles",23998,"Highlander XLE","2016 Toyota","carmax",80000,23998,"Highlander","XLE","2016"
"1971",FALSE,"Toyota Highlander","Toyota","93,000 miles",21998,"Highlander XLE","2016 Toyota","carmax",93000,21998,"Highlander","XLE","2016"
"1972",FALSE,"Toyota Highlander","Toyota","116,000 miles",19998,"Highlander XLE","2016 Toyota","carmax",116000,19998,"Highlander","XLE","2016"
"1973",FALSE,"Toyota Highlander","Toyota","57,000 miles",25998,"Highlander XLE","2016 Toyota","carmax",57000,25998,"Highlander","XLE","2016"
"1974",FALSE,"Toyota Highlander","Toyota","77,000 miles",22998,"Highlander XLE","2016 Toyota","carmax",77000,22998,"Highlander","XLE","2016"
"1975",FALSE,"Toyota Highlander","Toyota","103,000 miles",20998,"Highlander XLE","2016 Toyota","carmax",103000,20998,"Highlander","XLE","2016"
"1976",FALSE,"Toyota Highlander","Toyota","85,000 miles",21998,"Highlander XLE","2016 Toyota","carmax",85000,21998,"Highlander","XLE","2016"
"1977",FALSE,"Toyota Highlander","Toyota","85,000 miles",22998,"Highlander XLE","2016 Toyota","carmax",85000,22998,"Highlander","XLE","2016"
"1978",FALSE,"Toyota Highlander","Toyota","91,000 miles",20998,"Highlander XLE","2016 Toyota","carmax",91000,20998,"Highlander","XLE","2016"
"1979",FALSE,"Toyota Highlander","Toyota","45,000 miles",27998,"Highlander XLE","2016 Toyota","carmax",45000,27998,"Highlander","XLE","2016"
"1980",FALSE,"Toyota Highlander","Toyota","78,000 miles",24998,"Highlander XLE","2016 Toyota","carmax",78000,24998,"Highlander","XLE","2016"
"1981",FALSE,"Toyota Highlander","Toyota","62,000 miles",25998,"Highlander XLE","2016 Toyota","carmax",62000,25998,"Highlander","XLE","2016"
"1982",FALSE,"Toyota Highlander","Toyota","87,000 miles",24998,"Highlander XLE","2016 Toyota","carmax",87000,24998,"Highlander","XLE","2016"
"1983",FALSE,"Toyota Highlander","Toyota","70,000 miles",23998,"Highlander XLE","2016 Toyota","carmax",70000,23998,"Highlander","XLE","2016"
"1984",FALSE,"Toyota Highlander","Toyota","85,000 miles",23998,"Highlander XLE","2016 Toyota","carmax",85000,23998,"Highlander","XLE","2016"
"1985",FALSE,"Toyota Highlander","Toyota","110,000 miles",18998,"Highlander XLE","2016 Toyota","carmax",110000,18998,"Highlander","XLE","2016"
"1986",FALSE,"Toyota Highlander","Toyota","86,000 miles",22998,"Highlander XLE","2016 Toyota","carmax",86000,22998,"Highlander","XLE","2016"
"1987",FALSE,"Toyota Highlander","Toyota","75,000 miles",23998,"Highlander XLE","2016 Toyota","carmax",75000,23998,"Highlander","XLE","2016"
"1988",FALSE,"Toyota Highlander","Toyota","38,000 miles",28998,"Highlander XLE","2016 Toyota","carmax",38000,28998,"Highlander","XLE","2016"
"1989",FALSE,"Toyota Highlander","Toyota","112,000 miles",19998,"Highlander XLE","2016 Toyota","carmax",112000,19998,"Highlander","XLE","2016"
"1990",FALSE,"Toyota Highlander","Toyota","101,000 miles",19998,"Highlander XLE","2016 Toyota","carmax",101000,19998,"Highlander","XLE","2016"
"1991",FALSE,"Toyota Highlander","Toyota","71,000 miles",23998,"Highlander XLE","2016 Toyota","carmax",71000,23998,"Highlander","XLE","2016"
"1992",FALSE,"Toyota Highlander","Toyota","108,000 miles",19998,"Highlander XLE","2016 Toyota","carmax",108000,19998,"Highlander","XLE","2016"
"1993",FALSE,"Toyota Highlander","Toyota","47,000 miles",25998,"Highlander XLE","2016 Toyota","carmax",47000,25998,"Highlander","XLE","2016"
"1994",FALSE,"Toyota Highlander","Toyota","126,000 miles",19998,"Highlander XLE","2016 Toyota","carmax",126000,19998,"Highlander","XLE","2016"
"1995",FALSE,"Toyota Highlander","Toyota","105,000 miles",19998,"Highlander XLE","2016 Toyota","carmax",105000,19998,"Highlander","XLE","2016"
"1996",FALSE,"Toyota Highlander","Toyota","92,000 miles",22998,"Highlander XLE","2016 Toyota","carmax",92000,22998,"Highlander","XLE","2016"
"1997",FALSE,"Toyota Highlander","Toyota","68,000 miles",25998,"Highlander XLE","2016 Toyota","carmax",68000,25998,"Highlander","XLE","2016"
"1998",FALSE,"Toyota Land Cruiser","Toyota","67,000 miles",53998,"Land Cruiser","2016 Toyota","carmax",67000,53998,"Land Cruiser","","2016"
"1999",FALSE,"Toyota Land Cruiser","Toyota","72,000 miles",53998,"Land Cruiser","2016 Toyota","carmax",72000,53998,"Land Cruiser","","2016"
"2000",FALSE,"Toyota Sequoia","Toyota","103,000 miles",29998,"Sequoia Limited","2016 Toyota","carmax",103000,29998,"Sequoia","Limited","2016"
"2001",FALSE,"Toyota Sequoia","Toyota","62,000 miles",35998,"Sequoia Limited","2016 Toyota","carmax",62000,35998,"Sequoia","Limited","2016"
"2002",FALSE,"Toyota Sequoia","Toyota","91,000 miles",33998,"Sequoia Limited","2016 Toyota","carmax",91000,33998,"Sequoia","Limited","2016"
"2003",FALSE,"Toyota Sequoia","Toyota","73,000 miles",37998,"Sequoia Platinum","2016 Toyota","carmax",73000,37998,"Sequoia","Platinum","2016"
"2004",FALSE,"Toyota Sequoia","Toyota","103,000 miles",34998,"Sequoia Platinum","2016 Toyota","carmax",103000,34998,"Sequoia","Platinum","2016"
"2005",FALSE,"Toyota Sequoia","Toyota","56,000 miles",40998,"Sequoia Platinum","2016 Toyota","carmax",56000,40998,"Sequoia","Platinum","2016"
"2006",FALSE,"Toyota Sequoia","Toyota","69,000 miles",37998,"Sequoia Platinum","2016 Toyota","carmax",69000,37998,"Sequoia","Platinum","2016"
"2007",FALSE,"Toyota Sequoia","Toyota","58,000 miles",43998,"Sequoia Platinum","2016 Toyota","carmax",58000,43998,"Sequoia","Platinum","2016"
"2008",FALSE,"Toyota Sequoia","Toyota","121,000 miles",26998,"Sequoia SR5","2016 Toyota","carmax",121000,26998,"Sequoia","SR5","2016"
"2009",TRUE,"Cadillac Escalade","Cadillac","51,000 miles",41998,"Escalade ESV Premium Luxury","2017 Cadillac","carmax",51000,41998,"Escalade","Premium Luxury","2017"
"2010",TRUE,"Cadillac Escalade","Cadillac","41,000 miles",38998,"Escalade Luxury","2017 Cadillac","carmax",41000,38998,"Escalade","Luxury","2017"
"2011",TRUE,"Cadillac Escalade","Cadillac","59,000 miles",40998,"Escalade Platinum","2017 Cadillac","carmax",59000,40998,"Escalade","Platinum","2017"
"2012",TRUE,"Cadillac Escalade","Cadillac","49,000 miles",38998,"Escalade Premium Luxury","2017 Cadillac","carmax",49000,38998,"Escalade","Premium Luxury","2017"
"2013",TRUE,"Cadillac Escalade","Cadillac","7,000 miles",50998,"Escalade Premium Luxury","2017 Cadillac","carmax",7000,50998,"Escalade","Premium Luxury","2017"
"2014",TRUE,"Cadillac Escalade","Cadillac","30,000 miles",43998,"Escalade Premium Luxury","2017 Cadillac","carmax",30000,43998,"Escalade","Premium Luxury","2017"
"2015",TRUE,"Chevrolet Suburban 1500","Chevrolet","72,000 miles",27998,"Suburban 1500 LS","2017 Chevrolet","carmax",72000,27998,"Suburban 1500","LS","2017"
"2016",TRUE,"Chevrolet Suburban 1500","Chevrolet","47,000 miles",38998,"Suburban 1500 LT","2017 Chevrolet","carmax",47000,38998,"Suburban 1500","LT","2017"
"2017",TRUE,"Chevrolet Suburban 1500","Chevrolet","68,000 miles",41998,"Suburban 1500 Premier","2017 Chevrolet","carmax",68000,41998,"Suburban 1500","Premier","2017"
"2018",TRUE,"Chevrolet Suburban 1500","Chevrolet","68,000 miles",38998,"Suburban 1500 Premier","2017 Chevrolet","carmax",68000,38998,"Suburban 1500","Premier","2017"
"2019",TRUE,"Chevrolet Tahoe","Chevrolet","105,000 miles",24998,"Tahoe LS","2017 Chevrolet","carmax",105000,24998,"Tahoe","LS","2017"
"2020",TRUE,"Chevrolet Tahoe","Chevrolet","103,000 miles",23998,"Tahoe LS","2017 Chevrolet","carmax",103000,23998,"Tahoe","LS","2017"
"2021",TRUE,"Chevrolet Tahoe","Chevrolet","55,000 miles",27998,"Tahoe LS","2017 Chevrolet","carmax",55000,27998,"Tahoe","LS","2017"
"2022",TRUE,"Chevrolet Tahoe","Chevrolet","103,000 miles",24998,"Tahoe LS","2017 Chevrolet","carmax",103000,24998,"Tahoe","LS","2017"
"2023",TRUE,"Chevrolet Tahoe","Chevrolet","93,000 miles",24998,"Tahoe LS","2017 Chevrolet","carmax",93000,24998,"Tahoe","LS","2017"
"2024",TRUE,"Chevrolet Tahoe","Chevrolet","37,000 miles",35998,"Tahoe LT","2017 Chevrolet","carmax",37000,35998,"Tahoe","LT","2017"
"2025",TRUE,"Chevrolet Tahoe","Chevrolet","68,000 miles",32998,"Tahoe LT","2017 Chevrolet","carmax",68000,32998,"Tahoe","LT","2017"
"2026",TRUE,"Chevrolet Tahoe","Chevrolet","56,000 miles",32998,"Tahoe LT","2017 Chevrolet","carmax",56000,32998,"Tahoe","LT","2017"
"2027",TRUE,"Chevrolet Tahoe","Chevrolet","94,000 miles",28998,"Tahoe LT","2017 Chevrolet","carmax",94000,28998,"Tahoe","LT","2017"
"2028",TRUE,"Chevrolet Tahoe","Chevrolet","81,000 miles",33998,"Tahoe LT","2017 Chevrolet","carmax",81000,33998,"Tahoe","LT","2017"
"2029",TRUE,"Chevrolet Tahoe","Chevrolet","107,000 miles",29998,"Tahoe LT","2017 Chevrolet","carmax",107000,29998,"Tahoe","LT","2017"
"2030",TRUE,"Chevrolet Tahoe","Chevrolet","107,000 miles",23998,"Tahoe LT","2017 Chevrolet","carmax",107000,23998,"Tahoe","LT","2017"
"2031",TRUE,"Chevrolet Tahoe","Chevrolet","36,000 miles",38998,"Tahoe LT","2017 Chevrolet","carmax",36000,38998,"Tahoe","LT","2017"
"2032",TRUE,"Chevrolet Tahoe","Chevrolet","100,000 miles",27998,"Tahoe LT","2017 Chevrolet","carmax",100000,27998,"Tahoe","LT","2017"
"2033",TRUE,"Chevrolet Tahoe","Chevrolet","61,000 miles",33998,"Tahoe LT","2017 Chevrolet","carmax",61000,33998,"Tahoe","LT","2017"
"2034",TRUE,"Chevrolet Tahoe","Chevrolet","94,000 miles",26998,"Tahoe LT","2017 Chevrolet","carmax",94000,26998,"Tahoe","LT","2017"
"2035",TRUE,"Chevrolet Tahoe","Chevrolet","75,000 miles",30998,"Tahoe LT","2017 Chevrolet","carmax",75000,30998,"Tahoe","LT","2017"
"2036",TRUE,"Chevrolet Tahoe","Chevrolet","89,000 miles",28998,"Tahoe LT","2017 Chevrolet","carmax",89000,28998,"Tahoe","LT","2017"
"2037",TRUE,"Chevrolet Tahoe","Chevrolet","61,000 miles",33998,"Tahoe LT","2017 Chevrolet","carmax",61000,33998,"Tahoe","LT","2017"
"2038",TRUE,"Chevrolet Tahoe","Chevrolet","82,000 miles",30998,"Tahoe LT","2017 Chevrolet","carmax",82000,30998,"Tahoe","LT","2017"
"2039",TRUE,"Chevrolet Tahoe","Chevrolet","92,000 miles",29998,"Tahoe LT","2017 Chevrolet","carmax",92000,29998,"Tahoe","LT","2017"
"2040",TRUE,"Chevrolet Tahoe","Chevrolet","84,000 miles",33998,"Tahoe Premier","2017 Chevrolet","carmax",84000,33998,"Tahoe","Premier","2017"
"2041",TRUE,"Chevrolet Tahoe","Chevrolet","108,000 miles",29998,"Tahoe Premier","2017 Chevrolet","carmax",108000,29998,"Tahoe","Premier","2017"
"2042",TRUE,"Chevrolet Tahoe","Chevrolet","65,000 miles",33998,"Tahoe Premier","2017 Chevrolet","carmax",65000,33998,"Tahoe","Premier","2017"
"2043",TRUE,"Chevrolet Tahoe","Chevrolet","108,000 miles",25998,"Tahoe Premier","2017 Chevrolet","carmax",108000,25998,"Tahoe","Premier","2017"
"2044",TRUE,"Chevrolet Tahoe","Chevrolet","80,000 miles",30998,"Tahoe Premier","2017 Chevrolet","carmax",80000,30998,"Tahoe","Premier","2017"
"2045",TRUE,"GMC Yukon","GMC","73,000 miles",36998,"Yukon Denali","2017 GMC","carmax",73000,36998,"Yukon","Denali","2017"
"2046",TRUE,"GMC Yukon","GMC","77,000 miles",37998,"Yukon Denali","2017 GMC","carmax",77000,37998,"Yukon","Denali","2017"
"2047",TRUE,"GMC Yukon","GMC","43,000 miles",38998,"Yukon Denali","2017 GMC","carmax",43000,38998,"Yukon","Denali","2017"
"2048",TRUE,"GMC Yukon","GMC","52,000 miles",37998,"Yukon Denali","2017 GMC","carmax",52000,37998,"Yukon","Denali","2017"
"2049",TRUE,"GMC Yukon","GMC","78,000 miles",33998,"Yukon Denali","2017 GMC","carmax",78000,33998,"Yukon","Denali","2017"
"2050",TRUE,"GMC Yukon","GMC","56,000 miles",37998,"Yukon Denali","2017 GMC","carmax",56000,37998,"Yukon","Denali","2017"
"2051",TRUE,"GMC Yukon","GMC","52,000 miles",33998,"Yukon SLT","2017 GMC","carmax",52000,33998,"Yukon","SLT","2017"
"2052",TRUE,"GMC Yukon","GMC","67,000 miles",35998,"Yukon SLT","2017 GMC","carmax",67000,35998,"Yukon","SLT","2017"
"2053",TRUE,"GMC Yukon","GMC","41,000 miles",37998,"Yukon SLT","2017 GMC","carmax",41000,37998,"Yukon","SLT","2017"
"2054",TRUE,"GMC Yukon","GMC","33,000 miles",33998,"Yukon SLT","2017 GMC","carmax",33000,33998,"Yukon","SLT","2017"
"2055",TRUE,"GMC Yukon XL 1500","GMC","60,000 miles",39998,"Yukon XL 1500 Denali","2017 GMC","carmax",60000,39998,"Yukon XL 1500","Denali","2017"
"2056",TRUE,"GMC Yukon XL 1500","GMC","54,000 miles",32998,"Yukon XL 1500 SLT","2017 GMC","carmax",54000,32998,"Yukon XL 1500","SLT","2017"
"2057",FALSE,"Lexus LS 460","Lexus","52,000 miles",34998,"LS 460","2017 Lexus","carmax",52000,34998,"LS 460","","2017"
"2058",FALSE,"Lexus LS 460","Lexus","69,000 miles",31998,"LS 460","2017 Lexus","carmax",69000,31998,"LS 460","","2017"
"2059",FALSE,"Lexus LS 460","Lexus","18,000 miles",39998,"LS 460","2017 Lexus","carmax",18000,39998,"LS 460","","2017"
"2060",FALSE,"Lexus LS 460","Lexus","85,000 miles",28998,"LS 460","2017 Lexus","carmax",85000,28998,"LS 460","","2017"
"2061",FALSE,"Lexus LX 570","Lexus","85,000 miles",46998,"LX 570","2017 Lexus","carmax",85000,46998,"LX 570","","2017"
"2062",FALSE,"Lexus LX 570","Lexus","31,000 miles",66998,"LX 570","2017 Lexus","carmax",31000,66998,"LX 570","","2017"
"2063",FALSE,"Lexus LX 570","Lexus","52,000 miles",56998,"LX 570","2017 Lexus","carmax",52000,56998,"LX 570","","2017"
"2064",FALSE,"Lexus RC F","Lexus","71,000 miles",41998,"RC F","2017 Lexus","carmax",71000,41998,"RC F","","2017"
"2065",FALSE,"Toyota 4Runner","Toyota","87,000 miles",31998,"4Runner Limited","2017 Toyota","carmax",87000,31998,"4Runner","Limited","2017"
"2066",FALSE,"Toyota 4Runner","Toyota","41,000 miles",35998,"4Runner Limited","2017 Toyota","carmax",41000,35998,"4Runner","Limited","2017"
"2067",FALSE,"Toyota 4Runner","Toyota","111,000 miles",26998,"4Runner Limited","2017 Toyota","carmax",111000,26998,"4Runner","Limited","2017"
"2068",FALSE,"Toyota 4Runner","Toyota","102,000 miles",26998,"4Runner Limited","2017 Toyota","carmax",102000,26998,"4Runner","Limited","2017"
"2069",FALSE,"Toyota 4Runner","Toyota","80,000 miles",30998,"4Runner Limited","2017 Toyota","carmax",80000,30998,"4Runner","Limited","2017"
"2070",FALSE,"Toyota 4Runner","Toyota","56,000 miles",31998,"4Runner Limited","2017 Toyota","carmax",56000,31998,"4Runner","Limited","2017"
"2071",FALSE,"Toyota 4Runner","Toyota","107,000 miles",26998,"4Runner Limited","2017 Toyota","carmax",107000,26998,"4Runner","Limited","2017"
"2072",FALSE,"Toyota 4Runner","Toyota","115,000 miles",28998,"4Runner Limited","2017 Toyota","carmax",115000,28998,"4Runner","Limited","2017"
"2073",FALSE,"Toyota 4Runner","Toyota","116,000 miles",26998,"4Runner Limited","2017 Toyota","carmax",116000,26998,"4Runner","Limited","2017"
"2074",FALSE,"Toyota 4Runner","Toyota","124,000 miles",27998,"4Runner Limited","2017 Toyota","carmax",124000,27998,"4Runner","Limited","2017"
"2075",FALSE,"Toyota 4Runner","Toyota","68,000 miles",33998,"4Runner Limited","2017 Toyota","carmax",68000,33998,"4Runner","Limited","2017"
"2076",FALSE,"Toyota 4Runner","Toyota","81,000 miles",32998,"4Runner Limited","2017 Toyota","carmax",81000,32998,"4Runner","Limited","2017"
"2077",FALSE,"Toyota 4Runner","Toyota","60,000 miles",31998,"4Runner Limited","2017 Toyota","carmax",60000,31998,"4Runner","Limited","2017"
"2078",FALSE,"Toyota 4Runner","Toyota","126,000 miles",27998,"4Runner Limited","2017 Toyota","carmax",126000,27998,"4Runner","Limited","2017"
"2079",FALSE,"Toyota 4Runner","Toyota","100,000 miles",29998,"4Runner Limited","2017 Toyota","carmax",100000,29998,"4Runner","Limited","2017"
"2080",FALSE,"Toyota 4Runner","Toyota","21,000 miles",36998,"4Runner SR5","2017 Toyota","carmax",21000,36998,"4Runner","SR5","2017"
"2081",FALSE,"Toyota 4Runner","Toyota","91,000 miles",27998,"4Runner SR5","2017 Toyota","carmax",91000,27998,"4Runner","SR5","2017"
"2082",FALSE,"Toyota 4Runner","Toyota","106,000 miles",27998,"4Runner SR5","2017 Toyota","carmax",106000,27998,"4Runner","SR5","2017"
"2083",FALSE,"Toyota 4Runner","Toyota","123,000 miles",26998,"4Runner SR5","2017 Toyota","carmax",123000,26998,"4Runner","SR5","2017"
"2084",FALSE,"Toyota 4Runner","Toyota","108,000 miles",28998,"4Runner SR5","2017 Toyota","carmax",108000,28998,"4Runner","SR5","2017"
"2085",FALSE,"Toyota 4Runner","Toyota","118,000 miles",25998,"4Runner SR5","2017 Toyota","carmax",118000,25998,"4Runner","SR5","2017"
"2086",FALSE,"Toyota 4Runner","Toyota","110,000 miles",24998,"4Runner SR5","2017 Toyota","carmax",110000,24998,"4Runner","SR5","2017"
"2087",FALSE,"Toyota 4Runner","Toyota","93,000 miles",27998,"4Runner SR5","2017 Toyota","carmax",93000,27998,"4Runner","SR5","2017"
"2088",FALSE,"Toyota 4Runner","Toyota","70,000 miles",30998,"4Runner SR5","2017 Toyota","carmax",70000,30998,"4Runner","SR5","2017"
"2089",FALSE,"Toyota 4Runner","Toyota","105,000 miles",29998,"4Runner SR5 Premium","2017 Toyota","carmax",105000,29998,"4Runner","SR5 Premium","2017"
"2090",FALSE,"Toyota 4Runner","Toyota","108,000 miles",27998,"4Runner SR5 Premium","2017 Toyota","carmax",108000,27998,"4Runner","SR5 Premium","2017"
"2091",FALSE,"Toyota 4Runner","Toyota","105,000 miles",28998,"4Runner SR5 Premium","2017 Toyota","carmax",105000,28998,"4Runner","SR5 Premium","2017"
"2092",FALSE,"Toyota 4Runner","Toyota","128,000 miles",26998,"4Runner SR5 Premium","2017 Toyota","carmax",128000,26998,"4Runner","SR5 Premium","2017"
"2093",FALSE,"Toyota 4Runner","Toyota","77,000 miles",28998,"4Runner SR5 Premium","2017 Toyota","carmax",77000,28998,"4Runner","SR5 Premium","2017"
"2094",FALSE,"Toyota 4Runner","Toyota","35,000 miles",35998,"4Runner SR5 Premium","2017 Toyota","carmax",35000,35998,"4Runner","SR5 Premium","2017"
"2095",FALSE,"Toyota 4Runner","Toyota","94,000 miles",30998,"4Runner SR5 Premium","2017 Toyota","carmax",94000,30998,"4Runner","SR5 Premium","2017"
"2096",FALSE,"Toyota 4Runner","Toyota","112,000 miles",30998,"4Runner SR5 Premium","2017 Toyota","carmax",112000,30998,"4Runner","SR5 Premium","2017"
"2097",FALSE,"Toyota 4Runner","Toyota","34,000 miles",36998,"4Runner TRD Off Road","2017 Toyota","carmax",34000,36998,"4Runner","TRD Off Road","2017"
"2098",FALSE,"Toyota 4Runner","Toyota","80,000 miles",35998,"4Runner TRD Off Road Premium","2017 Toyota","carmax",80000,35998,"4Runner","TRD Off Road Premium","2017"
"2099",FALSE,"Toyota 4Runner","Toyota","48,000 miles",38998,"4Runner TRD Off Road Premium","2017 Toyota","carmax",48000,38998,"4Runner","TRD Off Road Premium","2017"
"2100",FALSE,"Toyota 4Runner","Toyota","53,000 miles",40998,"4Runner TRD Off Road Premium","2017 Toyota","carmax",53000,40998,"4Runner","TRD Off Road Premium","2017"
"2101",FALSE,"Toyota 4Runner","Toyota","102,000 miles",29998,"4Runner TRD Off Road Premium","2017 Toyota","carmax",102000,29998,"4Runner","TRD Off Road Premium","2017"
"2102",FALSE,"Toyota Highlander","Toyota","28,000 miles",34998,"Highlander Hybrid Limited Platinum","2017 Toyota","carmax",28000,34998,"Highlander","Hybrid Limited Platinum","2017"
"2103",FALSE,"Toyota Highlander","Toyota","119,000 miles",23998,"Highlander Hybrid Limited Platinum","2017 Toyota","carmax",119000,23998,"Highlander","Hybrid Limited Platinum","2017"
"2104",FALSE,"Toyota Highlander","Toyota","66,000 miles",30998,"Highlander Hybrid Limited Platinum","2017 Toyota","carmax",66000,30998,"Highlander","Hybrid Limited Platinum","2017"
"2105",FALSE,"Toyota Highlander","Toyota","123,000 miles",24998,"Highlander Hybrid Limited Platinum","2017 Toyota","carmax",123000,24998,"Highlander","Hybrid Limited Platinum","2017"
"2106",FALSE,"Toyota Highlander","Toyota","57,000 miles",29998,"Highlander Hybrid XLE","2017 Toyota","carmax",57000,29998,"Highlander","Hybrid XLE","2017"
"2107",FALSE,"Toyota Highlander","Toyota","106,000 miles",19998,"Highlander LE","2017 Toyota","carmax",106000,19998,"Highlander","LE","2017"
"2108",FALSE,"Toyota Highlander","Toyota","66,000 miles",21998,"Highlander LE","2017 Toyota","carmax",66000,21998,"Highlander","LE","2017"
"2109",FALSE,"Toyota Highlander","Toyota","55,000 miles",24998,"Highlander LE","2017 Toyota","carmax",55000,24998,"Highlander","LE","2017"
"2110",FALSE,"Toyota Highlander","Toyota","129,000 miles",18998,"Highlander LE","2017 Toyota","carmax",129000,18998,"Highlander","LE","2017"
"2111",FALSE,"Toyota Highlander","Toyota","95,000 miles",21998,"Highlander LE Plus","2017 Toyota","carmax",95000,21998,"Highlander","LE Plus","2017"
"2112",FALSE,"Toyota Highlander","Toyota","101,000 miles",19998,"Highlander LE Plus","2017 Toyota","carmax",101000,19998,"Highlander","LE Plus","2017"
"2113",FALSE,"Toyota Highlander","Toyota","79,000 miles",22998,"Highlander LE Plus","2017 Toyota","carmax",79000,22998,"Highlander","LE Plus","2017"
"2114",FALSE,"Toyota Highlander","Toyota","83,000 miles",21998,"Highlander LE Plus","2017 Toyota","carmax",83000,21998,"Highlander","LE Plus","2017"
"2115",FALSE,"Toyota Highlander","Toyota","93,000 miles",25998,"Highlander Limited","2017 Toyota","carmax",93000,25998,"Highlander","Limited","2017"
"2116",FALSE,"Toyota Highlander","Toyota","67,000 miles",26998,"Highlander Limited","2017 Toyota","carmax",67000,26998,"Highlander","Limited","2017"
"2117",FALSE,"Toyota Highlander","Toyota","101,000 miles",23998,"Highlander Limited","2017 Toyota","carmax",101000,23998,"Highlander","Limited","2017"
"2118",FALSE,"Toyota Highlander","Toyota","87,000 miles",26998,"Highlander Limited","2017 Toyota","carmax",87000,26998,"Highlander","Limited","2017"
"2119",FALSE,"Toyota Highlander","Toyota","37,000 miles",29998,"Highlander Limited","2017 Toyota","carmax",37000,29998,"Highlander","Limited","2017"
"2120",FALSE,"Toyota Highlander","Toyota","25,000 miles",31998,"Highlander Limited","2017 Toyota","carmax",25000,31998,"Highlander","Limited","2017"
"2121",FALSE,"Toyota Highlander","Toyota","79,000 miles",26998,"Highlander Limited","2017 Toyota","carmax",79000,26998,"Highlander","Limited","2017"
"2122",FALSE,"Toyota Highlander","Toyota","93,000 miles",23998,"Highlander Limited","2017 Toyota","carmax",93000,23998,"Highlander","Limited","2017"
"2123",FALSE,"Toyota Highlander","Toyota","43,000 miles",31998,"Highlander Limited","2017 Toyota","carmax",43000,31998,"Highlander","Limited","2017"
"2124",FALSE,"Toyota Highlander","Toyota","126,000 miles",21998,"Highlander Limited","2017 Toyota","carmax",126000,21998,"Highlander","Limited","2017"
"2125",FALSE,"Toyota Highlander","Toyota","101,000 miles",25998,"Highlander Limited","2017 Toyota","carmax",101000,25998,"Highlander","Limited","2017"
"2126",FALSE,"Toyota Highlander","Toyota","53,000 miles",26998,"Highlander Limited","2017 Toyota","carmax",53000,26998,"Highlander","Limited","2017"
"2127",FALSE,"Toyota Highlander","Toyota","128,000 miles",21998,"Highlander Limited","2017 Toyota","carmax",128000,21998,"Highlander","Limited","2017"
"2128",FALSE,"Toyota Highlander","Toyota","116,000 miles",20998,"Highlander Limited","2017 Toyota","carmax",116000,20998,"Highlander","Limited","2017"
"2129",FALSE,"Toyota Highlander","Toyota","105,000 miles",25998,"Highlander Limited Platinum","2017 Toyota","carmax",105000,25998,"Highlander","Limited Platinum","2017"
"2130",FALSE,"Toyota Highlander","Toyota","90,000 miles",24998,"Highlander Limited Platinum","2017 Toyota","carmax",90000,24998,"Highlander","Limited Platinum","2017"
"2131",FALSE,"Toyota Highlander","Toyota","105,000 miles",22998,"Highlander Limited Platinum","2017 Toyota","carmax",105000,22998,"Highlander","Limited Platinum","2017"
"2132",FALSE,"Toyota Highlander","Toyota","51,000 miles",29998,"Highlander Limited Platinum","2017 Toyota","carmax",51000,29998,"Highlander","Limited Platinum","2017"
"2133",FALSE,"Toyota Highlander","Toyota","65,000 miles",26998,"Highlander SE","2017 Toyota","carmax",65000,26998,"Highlander","SE","2017"
"2134",FALSE,"Toyota Highlander","Toyota","94,000 miles",24998,"Highlander XLE","2017 Toyota","carmax",94000,24998,"Highlander","XLE","2017"
"2135",FALSE,"Toyota Highlander","Toyota","41,000 miles",28998,"Highlander XLE","2017 Toyota","carmax",41000,28998,"Highlander","XLE","2017"
"2136",FALSE,"Toyota Highlander","Toyota","98,000 miles",22998,"Highlander XLE","2017 Toyota","carmax",98000,22998,"Highlander","XLE","2017"
"2137",FALSE,"Toyota Highlander","Toyota","93,000 miles",23998,"Highlander XLE","2017 Toyota","carmax",93000,23998,"Highlander","XLE","2017"
"2138",FALSE,"Toyota Highlander","Toyota","115,000 miles",20998,"Highlander XLE","2017 Toyota","carmax",115000,20998,"Highlander","XLE","2017"
"2139",FALSE,"Toyota Highlander","Toyota","78,000 miles",26998,"Highlander XLE","2017 Toyota","carmax",78000,26998,"Highlander","XLE","2017"
"2140",FALSE,"Toyota Highlander","Toyota","41,000 miles",29998,"Highlander XLE","2017 Toyota","carmax",41000,29998,"Highlander","XLE","2017"
"2141",FALSE,"Toyota Highlander","Toyota","85,000 miles",24998,"Highlander XLE","2017 Toyota","carmax",85000,24998,"Highlander","XLE","2017"
"2142",FALSE,"Toyota Highlander","Toyota","70,000 miles",26998,"Highlander XLE","2017 Toyota","carmax",70000,26998,"Highlander","XLE","2017"
"2143",FALSE,"Toyota Highlander","Toyota","46,000 miles",27998,"Highlander XLE","2017 Toyota","carmax",46000,27998,"Highlander","XLE","2017"
"2144",FALSE,"Toyota Highlander","Toyota","92,000 miles",24998,"Highlander XLE","2017 Toyota","carmax",92000,24998,"Highlander","XLE","2017"
"2145",FALSE,"Toyota Highlander","Toyota","36,000 miles",29998,"Highlander XLE","2017 Toyota","carmax",36000,29998,"Highlander","XLE","2017"
"2146",FALSE,"Toyota Highlander","Toyota","116,000 miles",20998,"Highlander XLE","2017 Toyota","carmax",116000,20998,"Highlander","XLE","2017"
"2147",FALSE,"Toyota Highlander","Toyota","125,000 miles",19998,"Highlander XLE","2017 Toyota","carmax",125000,19998,"Highlander","XLE","2017"
"2148",FALSE,"Toyota Highlander","Toyota","91,000 miles",21998,"Highlander XLE","2017 Toyota","carmax",91000,21998,"Highlander","XLE","2017"
"2149",FALSE,"Toyota Highlander","Toyota","52,000 miles",28998,"Highlander XLE","2017 Toyota","carmax",52000,28998,"Highlander","XLE","2017"
"2150",FALSE,"Toyota Highlander","Toyota","114,000 miles",19998,"Highlander XLE","2017 Toyota","carmax",114000,19998,"Highlander","XLE","2017"
"2151",FALSE,"Toyota Highlander","Toyota","52,000 miles",25998,"Highlander XLE","2017 Toyota","carmax",52000,25998,"Highlander","XLE","2017"
"2152",FALSE,"Toyota Highlander","Toyota","119,000 miles",21998,"Highlander XLE","2017 Toyota","carmax",119000,21998,"Highlander","XLE","2017"
"2153",FALSE,"Toyota Highlander","Toyota","119,000 miles",21998,"Highlander XLE","2017 Toyota","carmax",119000,21998,"Highlander","XLE","2017"
"2154",FALSE,"Toyota Highlander","Toyota","79,000 miles",24998,"Highlander XLE","2017 Toyota","carmax",79000,24998,"Highlander","XLE","2017"
"2155",FALSE,"Toyota Sequoia","Toyota","68,000 miles",42998,"Sequoia Platinum","2017 Toyota","carmax",68000,42998,"Sequoia","Platinum","2017"
"2156",FALSE,"Toyota Sequoia","Toyota","68,000 miles",35998,"Sequoia SR5","2017 Toyota","carmax",68000,35998,"Sequoia","SR5","2017"
"2157",FALSE,"Toyota Sequoia","Toyota","45,000 miles",46998,"Sequoia SR5","2017 Toyota","carmax",45000,46998,"Sequoia","SR5","2017"
"2158",TRUE,"Cadillac Escalade","Cadillac","46,000 miles",43998,"Escalade ESV Platinum","2018 Cadillac","carmax",46000,43998,"Escalade","Platinum","2018"
"2159",TRUE,"Cadillac Escalade","Cadillac","47,000 miles",46998,"Escalade ESV Platinum","2018 Cadillac","carmax",47000,46998,"Escalade","Platinum","2018"
"2160",TRUE,"Cadillac Escalade","Cadillac","61,000 miles",38998,"Escalade Luxury","2018 Cadillac","carmax",61000,38998,"Escalade","Luxury","2018"
"2161",TRUE,"Cadillac Escalade","Cadillac","48,000 miles",44998,"Escalade Platinum","2018 Cadillac","carmax",48000,44998,"Escalade","Platinum","2018"
"2162",TRUE,"Cadillac Escalade","Cadillac","50,000 miles",40998,"Escalade Premium Luxury","2018 Cadillac","carmax",50000,40998,"Escalade","Premium Luxury","2018"
"2163",TRUE,"Cadillac Escalade","Cadillac","29,000 miles",49998,"Escalade Premium Luxury","2018 Cadillac","carmax",29000,49998,"Escalade","Premium Luxury","2018"
"2164",TRUE,"Chevrolet Suburban 1500","Chevrolet","30,000 miles",36998,"Suburban 1500 LS","2018 Chevrolet","carmax",30000,36998,"Suburban 1500","LS","2018"
"2165",TRUE,"Chevrolet Suburban 1500","Chevrolet","59,000 miles",36998,"Suburban 1500 LT","2018 Chevrolet","carmax",59000,36998,"Suburban 1500","LT","2018"
"2166",TRUE,"Chevrolet Suburban 1500","Chevrolet","65,000 miles",36998,"Suburban 1500 LT","2018 Chevrolet","carmax",65000,36998,"Suburban 1500","LT","2018"
"2167",TRUE,"Chevrolet Suburban 1500","Chevrolet","62,000 miles",35998,"Suburban 1500 LT","2018 Chevrolet","carmax",62000,35998,"Suburban 1500","LT","2018"
"2168",TRUE,"Chevrolet Suburban 1500","Chevrolet","73,000 miles",41998,"Suburban 1500 Premier","2018 Chevrolet","carmax",73000,41998,"Suburban 1500","Premier","2018"
"2169",TRUE,"Chevrolet Tahoe","Chevrolet","76,000 miles",28998,"Tahoe LS","2018 Chevrolet","carmax",76000,28998,"Tahoe","LS","2018"
"2170",TRUE,"Chevrolet Tahoe","Chevrolet","100,000 miles",25998,"Tahoe LT","2018 Chevrolet","carmax",100000,25998,"Tahoe","LT","2018"
"2171",TRUE,"Chevrolet Tahoe","Chevrolet","14,000 miles",45998,"Tahoe LT","2018 Chevrolet","carmax",14000,45998,"Tahoe","LT","2018"
"2172",TRUE,"Chevrolet Tahoe","Chevrolet","25,000 miles",38998,"Tahoe LT","2018 Chevrolet","carmax",25000,38998,"Tahoe","LT","2018"
"2173",TRUE,"Chevrolet Tahoe","Chevrolet","107,000 miles",23998,"Tahoe LT","2018 Chevrolet","carmax",107000,23998,"Tahoe","LT","2018"
"2174",TRUE,"Chevrolet Tahoe","Chevrolet","57,000 miles",33998,"Tahoe LT","2018 Chevrolet","carmax",57000,33998,"Tahoe","LT","2018"
"2175",TRUE,"Chevrolet Tahoe","Chevrolet","108,000 miles",24998,"Tahoe LT","2018 Chevrolet","carmax",108000,24998,"Tahoe","LT","2018"
"2176",TRUE,"Chevrolet Tahoe","Chevrolet","70,000 miles",34998,"Tahoe LT","2018 Chevrolet","carmax",70000,34998,"Tahoe","LT","2018"
"2177",TRUE,"Chevrolet Tahoe","Chevrolet","72,000 miles",32998,"Tahoe LT","2018 Chevrolet","carmax",72000,32998,"Tahoe","LT","2018"
"2178",TRUE,"Chevrolet Tahoe","Chevrolet","92,000 miles",31998,"Tahoe LT","2018 Chevrolet","carmax",92000,31998,"Tahoe","LT","2018"
"2179",TRUE,"Chevrolet Tahoe","Chevrolet","84,000 miles",30998,"Tahoe LT","2018 Chevrolet","carmax",84000,30998,"Tahoe","LT","2018"
"2180",TRUE,"Chevrolet Tahoe","Chevrolet","76,000 miles",30998,"Tahoe LT","2018 Chevrolet","carmax",76000,30998,"Tahoe","LT","2018"
"2181",TRUE,"Chevrolet Tahoe","Chevrolet","85,000 miles",36998,"Tahoe Premier","2018 Chevrolet","carmax",85000,36998,"Tahoe","Premier","2018"
"2182",TRUE,"Chevrolet Tahoe","Chevrolet","62,000 miles",39998,"Tahoe Premier","2018 Chevrolet","carmax",62000,39998,"Tahoe","Premier","2018"
"2183",TRUE,"Chevrolet Tahoe","Chevrolet","67,000 miles",34998,"Tahoe Premier","2018 Chevrolet","carmax",67000,34998,"Tahoe","Premier","2018"
"2184",TRUE,"Chevrolet Tahoe","Chevrolet","70,000 miles",37998,"Tahoe Premier","2018 Chevrolet","carmax",70000,37998,"Tahoe","Premier","2018"
"2185",TRUE,"GMC Yukon","GMC","79,000 miles",37998,"Yukon Denali","2018 GMC","carmax",79000,37998,"Yukon","Denali","2018"
"2186",TRUE,"GMC Yukon","GMC","68,000 miles",35998,"Yukon Denali","2018 GMC","carmax",68000,35998,"Yukon","Denali","2018"
"2187",TRUE,"GMC Yukon","GMC","64,000 miles",36998,"Yukon Denali","2018 GMC","carmax",64000,36998,"Yukon","Denali","2018"
"2188",TRUE,"GMC Yukon","GMC","84,000 miles",35998,"Yukon Denali","2018 GMC","carmax",84000,35998,"Yukon","Denali","2018"
"2189",TRUE,"GMC Yukon","GMC","40,000 miles",41998,"Yukon Denali","2018 GMC","carmax",40000,41998,"Yukon","Denali","2018"
"2190",TRUE,"GMC Yukon","GMC","66,000 miles",39998,"Yukon Denali","2018 GMC","carmax",66000,39998,"Yukon","Denali","2018"
"2191",TRUE,"GMC Yukon","GMC","83,000 miles",26998,"Yukon SLE","2018 GMC","carmax",83000,26998,"Yukon","SLE","2018"
"2192",TRUE,"GMC Yukon","GMC","84,000 miles",25998,"Yukon SLE","2018 GMC","carmax",84000,25998,"Yukon","SLE","2018"
"2193",TRUE,"GMC Yukon","GMC","61,000 miles",35998,"Yukon SLT","2018 GMC","carmax",61000,35998,"Yukon","SLT","2018"
"2194",TRUE,"GMC Yukon","GMC","30,000 miles",39998,"Yukon SLT","2018 GMC","carmax",30000,39998,"Yukon","SLT","2018"
"2195",TRUE,"GMC Yukon XL 1500","GMC","47,000 miles",42998,"Yukon XL 1500 Denali","2018 GMC","carmax",47000,42998,"Yukon XL 1500","Denali","2018"
"2196",TRUE,"GMC Yukon XL 1500","GMC","71,000 miles",38998,"Yukon XL 1500 Denali","2018 GMC","carmax",71000,38998,"Yukon XL 1500","Denali","2018"
"2197",TRUE,"GMC Yukon XL 1500","GMC","64,000 miles",38998,"Yukon XL 1500 Denali","2018 GMC","carmax",64000,38998,"Yukon XL 1500","Denali","2018"
"2198",TRUE,"GMC Yukon XL 1500","GMC","71,000 miles",39998,"Yukon XL 1500 Denali","2018 GMC","carmax",71000,39998,"Yukon XL 1500","Denali","2018"
"2199",TRUE,"GMC Yukon XL 1500","GMC","48,000 miles",45998,"Yukon XL 1500 Denali","2018 GMC","carmax",48000,45998,"Yukon XL 1500","Denali","2018"
"2200",FALSE,"Lexus LC 500","Lexus","62,000 miles",59998,"LC 500","2018 Lexus","carmax",62000,59998,"LC 500","","2018"
"2201",FALSE,"Lexus LC 500","Lexus","42,000 miles",60998,"LC 500","2018 Lexus","carmax",42000,60998,"LC 500","","2018"
"2202",FALSE,"Lexus LC 500","Lexus","46,000 miles",59998,"LC 500","2018 Lexus","carmax",46000,59998,"LC 500","","2018"
"2203",FALSE,"Lexus LS 500","Lexus","33,000 miles",41998,"LS 500","2018 Lexus","carmax",33000,41998,"LS 500","","2018"
"2204",FALSE,"Lexus LS 500","Lexus","29,000 miles",44998,"LS 500","2018 Lexus","carmax",29000,44998,"LS 500","","2018"
"2205",FALSE,"Lexus LS 500","Lexus","74,000 miles",34998,"LS 500","2018 Lexus","carmax",74000,34998,"LS 500","","2018"
"2206",FALSE,"Lexus LS 500","Lexus","91,000 miles",34998,"LS 500","2018 Lexus","carmax",91000,34998,"LS 500","","2018"
"2207",FALSE,"Lexus LS 500","Lexus","61,000 miles",37998,"LS 500","2018 Lexus","carmax",61000,37998,"LS 500","","2018"
"2208",FALSE,"Lexus LS 500","Lexus","38,000 miles",39998,"LS 500","2018 Lexus","carmax",38000,39998,"LS 500","","2018"
"2209",FALSE,"Lexus LS 500","Lexus","51,000 miles",44998,"LS 500","2018 Lexus","carmax",51000,44998,"LS 500","","2018"
"2210",FALSE,"Lexus LX 570","Lexus","63,000 miles",58998,"LX 570","2018 Lexus","carmax",63000,58998,"LX 570","","2018"
"2211",FALSE,"Lexus LX 570","Lexus","107,000 miles",45998,"LX 570","2018 Lexus","carmax",107000,45998,"LX 570","","2018"
"2212",FALSE,"Lexus LX 570","Lexus","84,000 miles",50998,"LX 570","2018 Lexus","carmax",84000,50998,"LX 570","","2018"
"2213",FALSE,"Lexus LX 570","Lexus","24,000 miles",65998,"LX 570","2018 Lexus","carmax",24000,65998,"LX 570","","2018"
"2214",FALSE,"Lexus LX 570","Lexus","46,000 miles",63998,"LX 570","2018 Lexus","carmax",46000,63998,"LX 570","","2018"
"2215",FALSE,"Lexus LX 570","Lexus","51,000 miles",53998,"LX 570","2018 Lexus","carmax",51000,53998,"LX 570","","2018"
"2216",FALSE,"Toyota 4Runner","Toyota","126,000 miles",27998,"4Runner Limited","2018 Toyota","carmax",126000,27998,"4Runner","Limited","2018"
"2217",FALSE,"Toyota 4Runner","Toyota","125,000 miles",27998,"4Runner Limited","2018 Toyota","carmax",125000,27998,"4Runner","Limited","2018"
"2218",FALSE,"Toyota 4Runner","Toyota","103,000 miles",30998,"4Runner Limited","2018 Toyota","carmax",103000,30998,"4Runner","Limited","2018"
"2219",FALSE,"Toyota 4Runner","Toyota","32,000 miles",36998,"4Runner Limited","2018 Toyota","carmax",32000,36998,"4Runner","Limited","2018"
"2220",FALSE,"Toyota 4Runner","Toyota","123,000 miles",29998,"4Runner Limited","2018 Toyota","carmax",123000,29998,"4Runner","Limited","2018"
"2221",FALSE,"Toyota 4Runner","Toyota","75,000 miles",31998,"4Runner Limited","2018 Toyota","carmax",75000,31998,"4Runner","Limited","2018"
"2222",FALSE,"Toyota 4Runner","Toyota","87,000 miles",29998,"4Runner Limited","2018 Toyota","carmax",87000,29998,"4Runner","Limited","2018"
"2223",FALSE,"Toyota 4Runner","Toyota","89,000 miles",28998,"4Runner Limited","2018 Toyota","carmax",89000,28998,"4Runner","Limited","2018"
"2224",FALSE,"Toyota 4Runner","Toyota","68,000 miles",34998,"4Runner Limited","2018 Toyota","carmax",68000,34998,"4Runner","Limited","2018"
"2225",FALSE,"Toyota 4Runner","Toyota","51,000 miles",30998,"4Runner Limited","2018 Toyota","carmax",51000,30998,"4Runner","Limited","2018"
"2226",FALSE,"Toyota 4Runner","Toyota","111,000 miles",26998,"4Runner SR5","2018 Toyota","carmax",111000,26998,"4Runner","SR5","2018"
"2227",FALSE,"Toyota 4Runner","Toyota","84,000 miles",30998,"4Runner SR5","2018 Toyota","carmax",84000,30998,"4Runner","SR5","2018"
"2228",FALSE,"Toyota 4Runner","Toyota","105,000 miles",26998,"4Runner SR5","2018 Toyota","carmax",105000,26998,"4Runner","SR5","2018"
"2229",FALSE,"Toyota 4Runner","Toyota","64,000 miles",29998,"4Runner SR5","2018 Toyota","carmax",64000,29998,"4Runner","SR5","2018"
"2230",FALSE,"Toyota 4Runner","Toyota","117,000 miles",27998,"4Runner SR5","2018 Toyota","carmax",117000,27998,"4Runner","SR5","2018"
"2231",FALSE,"Toyota 4Runner","Toyota","92,000 miles",28998,"4Runner SR5","2018 Toyota","carmax",92000,28998,"4Runner","SR5","2018"
"2232",FALSE,"Toyota 4Runner","Toyota","57,000 miles",30998,"4Runner SR5","2018 Toyota","carmax",57000,30998,"4Runner","SR5","2018"
"2233",FALSE,"Toyota 4Runner","Toyota","83,000 miles",27998,"4Runner SR5","2018 Toyota","carmax",83000,27998,"4Runner","SR5","2018"
"2234",FALSE,"Toyota 4Runner","Toyota","96,000 miles",28998,"4Runner SR5 Premium","2018 Toyota","carmax",96000,28998,"4Runner","SR5 Premium","2018"
"2235",FALSE,"Toyota 4Runner","Toyota","123,000 miles",27998,"4Runner SR5 Premium","2018 Toyota","carmax",123000,27998,"4Runner","SR5 Premium","2018"
"2236",FALSE,"Toyota 4Runner","Toyota","115,000 miles",29998,"4Runner SR5 Premium","2018 Toyota","carmax",115000,29998,"4Runner","SR5 Premium","2018"
"2237",FALSE,"Toyota 4Runner","Toyota","125,000 miles",26998,"4Runner SR5 Premium","2018 Toyota","carmax",125000,26998,"4Runner","SR5 Premium","2018"
"2238",FALSE,"Toyota 4Runner","Toyota","54,000 miles",36998,"4Runner SR5 Premium","2018 Toyota","carmax",54000,36998,"4Runner","SR5 Premium","2018"
"2239",FALSE,"Toyota 4Runner","Toyota","33,000 miles",35998,"4Runner SR5 Premium","2018 Toyota","carmax",33000,35998,"4Runner","SR5 Premium","2018"
"2240",FALSE,"Toyota 4Runner","Toyota","92,000 miles",30998,"4Runner SR5 Premium","2018 Toyota","carmax",92000,30998,"4Runner","SR5 Premium","2018"
"2241",FALSE,"Toyota 4Runner","Toyota","123,000 miles",27998,"4Runner SR5 Premium","2018 Toyota","carmax",123000,27998,"4Runner","SR5 Premium","2018"
"2242",FALSE,"Toyota 4Runner","Toyota","102,000 miles",29998,"4Runner SR5 Premium","2018 Toyota","carmax",102000,29998,"4Runner","SR5 Premium","2018"
"2243",FALSE,"Toyota 4Runner","Toyota","85,000 miles",35998,"4Runner TRD Off Road Premium","2018 Toyota","carmax",85000,35998,"4Runner","TRD Off Road Premium","2018"
"2244",FALSE,"Toyota 4Runner","Toyota","72,000 miles",33998,"4Runner TRD Off Road Premium","2018 Toyota","carmax",72000,33998,"4Runner","TRD Off Road Premium","2018"
"2245",FALSE,"Toyota 4Runner","Toyota","72,000 miles",33998,"4Runner TRD Off Road Premium","2018 Toyota","carmax",72000,33998,"4Runner","TRD Off Road Premium","2018"
"2246",FALSE,"Toyota 4Runner","Toyota","116,000 miles",30998,"4Runner TRD Off Road Premium","2018 Toyota","carmax",116000,30998,"4Runner","TRD Off Road Premium","2018"
"2247",FALSE,"Toyota 4Runner","Toyota","51,000 miles",41998,"4Runner TRD Pro","2018 Toyota","carmax",51000,41998,"4Runner","TRD Pro","2018"
"2248",FALSE,"Toyota 4Runner","Toyota","96,000 miles",37998,"4Runner TRD Pro","2018 Toyota","carmax",96000,37998,"4Runner","TRD Pro","2018"
"2249",FALSE,"Toyota Highlander","Toyota","102,000 miles",25998,"Highlander Hybrid Limited","2018 Toyota","carmax",102000,25998,"Highlander","Hybrid Limited","2018"
"2250",FALSE,"Toyota Highlander","Toyota","82,000 miles",27998,"Highlander Hybrid Limited","2018 Toyota","carmax",82000,27998,"Highlander","Hybrid Limited","2018"
"2251",FALSE,"Toyota Highlander","Toyota","68,000 miles",33998,"Highlander Hybrid Limited Platinum","2018 Toyota","carmax",68000,33998,"Highlander","Hybrid Limited Platinum","2018"
"2252",FALSE,"Toyota Highlander","Toyota","28,000 miles",37998,"Highlander Hybrid Limited Platinum","2018 Toyota","carmax",28000,37998,"Highlander","Hybrid Limited Platinum","2018"
"2253",FALSE,"Toyota Highlander","Toyota","75,000 miles",30998,"Highlander Hybrid Limited Platinum","2018 Toyota","carmax",75000,30998,"Highlander","Hybrid Limited Platinum","2018"
"2254",FALSE,"Toyota Highlander","Toyota","74,000 miles",30998,"Highlander Hybrid XLE","2018 Toyota","carmax",74000,30998,"Highlander","Hybrid XLE","2018"
"2255",FALSE,"Toyota Highlander","Toyota","107,000 miles",24998,"Highlander Hybrid XLE","2018 Toyota","carmax",107000,24998,"Highlander","Hybrid XLE","2018"
"2256",FALSE,"Toyota Highlander","Toyota","94,000 miles",26998,"Highlander Hybrid XLE","2018 Toyota","carmax",94000,26998,"Highlander","Hybrid XLE","2018"
"2257",FALSE,"Toyota Highlander","Toyota","60,000 miles",24998,"Highlander LE","2018 Toyota","carmax",60000,24998,"Highlander","LE","2018"
"2258",FALSE,"Toyota Highlander","Toyota","126,000 miles",19998,"Highlander LE","2018 Toyota","carmax",126000,19998,"Highlander","LE","2018"
"2259",FALSE,"Toyota Highlander","Toyota","39,000 miles",25998,"Highlander LE","2018 Toyota","carmax",39000,25998,"Highlander","LE","2018"
"2260",FALSE,"Toyota Highlander","Toyota","73,000 miles",25998,"Highlander LE","2018 Toyota","carmax",73000,25998,"Highlander","LE","2018"
"2261",FALSE,"Toyota Highlander","Toyota","123,000 miles",17998,"Highlander LE","2018 Toyota","carmax",123000,17998,"Highlander","LE","2018"
"2262",FALSE,"Toyota Highlander","Toyota","105,000 miles",18998,"Highlander LE","2018 Toyota","carmax",105000,18998,"Highlander","LE","2018"
"2263",FALSE,"Toyota Highlander","Toyota","74,000 miles",22998,"Highlander LE","2018 Toyota","carmax",74000,22998,"Highlander","LE","2018"
"2264",FALSE,"Toyota Highlander","Toyota","45,000 miles",25998,"Highlander LE","2018 Toyota","carmax",45000,25998,"Highlander","LE","2018"
"2265",FALSE,"Toyota Highlander","Toyota","85,000 miles",22998,"Highlander LE Plus","2018 Toyota","carmax",85000,22998,"Highlander","LE Plus","2018"
"2266",FALSE,"Toyota Highlander","Toyota","24,000 miles",27998,"Highlander LE Plus","2018 Toyota","carmax",24000,27998,"Highlander","LE Plus","2018"
"2267",FALSE,"Toyota Highlander","Toyota","83,000 miles",25998,"Highlander Limited","2018 Toyota","carmax",83000,25998,"Highlander","Limited","2018"
"2268",FALSE,"Toyota Highlander","Toyota","74,000 miles",25998,"Highlander Limited","2018 Toyota","carmax",74000,25998,"Highlander","Limited","2018"
"2269",FALSE,"Toyota Highlander","Toyota","75,000 miles",25998,"Highlander Limited","2018 Toyota","carmax",75000,25998,"Highlander","Limited","2018"
"2270",FALSE,"Toyota Highlander","Toyota","74,000 miles",25998,"Highlander Limited","2018 Toyota","carmax",74000,25998,"Highlander","Limited","2018"
"2271",FALSE,"Toyota Highlander","Toyota","26,000 miles",32998,"Highlander Limited","2018 Toyota","carmax",26000,32998,"Highlander","Limited","2018"
"2272",FALSE,"Toyota Highlander","Toyota","59,000 miles",27998,"Highlander Limited","2018 Toyota","carmax",59000,27998,"Highlander","Limited","2018"
"2273",FALSE,"Toyota Highlander","Toyota","116,000 miles",22998,"Highlander Limited","2018 Toyota","carmax",116000,22998,"Highlander","Limited","2018"
"2274",FALSE,"Toyota Highlander","Toyota","74,000 miles",25998,"Highlander Limited","2018 Toyota","carmax",74000,25998,"Highlander","Limited","2018"
"2275",FALSE,"Toyota Highlander","Toyota","44,000 miles",30998,"Highlander Limited","2018 Toyota","carmax",44000,30998,"Highlander","Limited","2018"
"2276",FALSE,"Toyota Highlander","Toyota","52,000 miles",29998,"Highlander Limited","2018 Toyota","carmax",52000,29998,"Highlander","Limited","2018"
"2277",FALSE,"Toyota Highlander","Toyota","106,000 miles",23998,"Highlander Limited","2018 Toyota","carmax",106000,23998,"Highlander","Limited","2018"
"2278",FALSE,"Toyota Highlander","Toyota","60,000 miles",28998,"Highlander Limited","2018 Toyota","carmax",60000,28998,"Highlander","Limited","2018"
"2279",FALSE,"Toyota Highlander","Toyota","94,000 miles",26998,"Highlander Limited Platinum","2018 Toyota","carmax",94000,26998,"Highlander","Limited Platinum","2018"
"2280",FALSE,"Toyota Highlander","Toyota","101,000 miles",25998,"Highlander Limited Platinum","2018 Toyota","carmax",101000,25998,"Highlander","Limited Platinum","2018"
"2281",FALSE,"Toyota Highlander","Toyota","95,000 miles",25998,"Highlander Limited Platinum","2018 Toyota","carmax",95000,25998,"Highlander","Limited Platinum","2018"
"2282",FALSE,"Toyota Highlander","Toyota","50,000 miles",30998,"Highlander Limited Platinum","2018 Toyota","carmax",50000,30998,"Highlander","Limited Platinum","2018"
"2283",FALSE,"Toyota Highlander","Toyota","121,000 miles",23998,"Highlander Limited Platinum","2018 Toyota","carmax",121000,23998,"Highlander","Limited Platinum","2018"
"2284",FALSE,"Toyota Highlander","Toyota","51,000 miles",31998,"Highlander Limited Platinum","2018 Toyota","carmax",51000,31998,"Highlander","Limited Platinum","2018"
"2285",FALSE,"Toyota Highlander","Toyota","106,000 miles",26998,"Highlander Limited Platinum","2018 Toyota","carmax",106000,26998,"Highlander","Limited Platinum","2018"
"2286",FALSE,"Toyota Highlander","Toyota","26,000 miles",30998,"Highlander SE","2018 Toyota","carmax",26000,30998,"Highlander","SE","2018"
"2287",FALSE,"Toyota Highlander","Toyota","64,000 miles",25998,"Highlander SE","2018 Toyota","carmax",64000,25998,"Highlander","SE","2018"
"2288",FALSE,"Toyota Highlander","Toyota","21,000 miles",32998,"Highlander SE","2018 Toyota","carmax",21000,32998,"Highlander","SE","2018"
"2289",FALSE,"Toyota Highlander","Toyota","47,000 miles",27998,"Highlander SE","2018 Toyota","carmax",47000,27998,"Highlander","SE","2018"
"2290",FALSE,"Toyota Highlander","Toyota","91,000 miles",25998,"Highlander XLE","2018 Toyota","carmax",91000,25998,"Highlander","XLE","2018"
"2291",FALSE,"Toyota Highlander","Toyota","88,000 miles",25998,"Highlander XLE","2018 Toyota","carmax",88000,25998,"Highlander","XLE","2018"
"2292",FALSE,"Toyota Highlander","Toyota","104,000 miles",23998,"Highlander XLE","2018 Toyota","carmax",104000,23998,"Highlander","XLE","2018"
"2293",FALSE,"Toyota Highlander","Toyota","46,000 miles",27998,"Highlander XLE","2018 Toyota","carmax",46000,27998,"Highlander","XLE","2018"
"2294",FALSE,"Toyota Highlander","Toyota","81,000 miles",26998,"Highlander XLE","2018 Toyota","carmax",81000,26998,"Highlander","XLE","2018"
"2295",FALSE,"Toyota Highlander","Toyota","67,000 miles",27998,"Highlander XLE","2018 Toyota","carmax",67000,27998,"Highlander","XLE","2018"
"2296",FALSE,"Toyota Highlander","Toyota","85,000 miles",23998,"Highlander XLE","2018 Toyota","carmax",85000,23998,"Highlander","XLE","2018"
"2297",FALSE,"Toyota Highlander","Toyota","66,000 miles",27998,"Highlander XLE","2018 Toyota","carmax",66000,27998,"Highlander","XLE","2018"
"2298",FALSE,"Toyota Highlander","Toyota","87,000 miles",24998,"Highlander XLE","2018 Toyota","carmax",87000,24998,"Highlander","XLE","2018"
"2299",FALSE,"Toyota Highlander","Toyota","81,000 miles",25998,"Highlander XLE","2018 Toyota","carmax",81000,25998,"Highlander","XLE","2018"
"2300",FALSE,"Toyota Highlander","Toyota","114,000 miles",20998,"Highlander XLE","2018 Toyota","carmax",114000,20998,"Highlander","XLE","2018"
"2301",FALSE,"Toyota Highlander","Toyota","41,000 miles",29998,"Highlander XLE","2018 Toyota","carmax",41000,29998,"Highlander","XLE","2018"
"2302",FALSE,"Toyota Highlander","Toyota","34,000 miles",30998,"Highlander XLE","2018 Toyota","carmax",34000,30998,"Highlander","XLE","2018"
"2303",FALSE,"Toyota Highlander","Toyota","82,000 miles",25998,"Highlander XLE","2018 Toyota","carmax",82000,25998,"Highlander","XLE","2018"
"2304",FALSE,"Toyota Highlander","Toyota","74,000 miles",24998,"Highlander XLE","2018 Toyota","carmax",74000,24998,"Highlander","XLE","2018"
"2305",FALSE,"Toyota Highlander","Toyota","65,000 miles",27998,"Highlander XLE","2018 Toyota","carmax",65000,27998,"Highlander","XLE","2018"
"2306",FALSE,"Toyota Highlander","Toyota","52,000 miles",29998,"Highlander XLE","2018 Toyota","carmax",52000,29998,"Highlander","XLE","2018"
"2307",FALSE,"Toyota Highlander","Toyota","49,000 miles",28998,"Highlander XLE","2018 Toyota","carmax",49000,28998,"Highlander","XLE","2018"
"2308",FALSE,"Toyota Highlander","Toyota","61,000 miles",26998,"Highlander XLE","2018 Toyota","carmax",61000,26998,"Highlander","XLE","2018"
"2309",FALSE,"Toyota Highlander","Toyota","73,000 miles",26998,"Highlander XLE","2018 Toyota","carmax",73000,26998,"Highlander","XLE","2018"
"2310",FALSE,"Toyota Highlander","Toyota","69,000 miles",26998,"Highlander XLE","2018 Toyota","carmax",69000,26998,"Highlander","XLE","2018"
"2311",FALSE,"Toyota Highlander","Toyota","99,000 miles",22998,"Highlander XLE","2018 Toyota","carmax",99000,22998,"Highlander","XLE","2018"
"2312",FALSE,"Toyota Land Cruiser","Toyota","51,000 miles",63998,"Land Cruiser","2018 Toyota","carmax",51000,63998,"Land Cruiser","","2018"
"2313",FALSE,"Toyota Sequoia","Toyota","97,000 miles",29998,"Sequoia SR5","2018 Toyota","carmax",97000,29998,"Sequoia","SR5","2018"
"2314",FALSE,"Toyota Sequoia","Toyota","51,000 miles",42998,"Sequoia SR5","2018 Toyota","carmax",51000,42998,"Sequoia","SR5","2018"
"2315",FALSE,"Toyota Sequoia","Toyota","45,000 miles",42998,"Sequoia SR5","2018 Toyota","carmax",45000,42998,"Sequoia","SR5","2018"
"2316",TRUE,"Cadillac Escalade","Cadillac","38,000 miles",39998,"Escalade","2019 Cadillac","carmax",38000,39998,"Escalade","","2019"
"2317",TRUE,"Cadillac Escalade","Cadillac","51,000 miles",41998,"Escalade ESV Luxury","2019 Cadillac","carmax",51000,41998,"Escalade","Luxury","2019"
"2318",TRUE,"Cadillac Escalade","Cadillac","55,000 miles",48998,"Escalade ESV Platinum","2019 Cadillac","carmax",55000,48998,"Escalade","Platinum","2019"
"2319",TRUE,"Cadillac Escalade","Cadillac","53,000 miles",46998,"Escalade ESV Platinum","2019 Cadillac","carmax",53000,46998,"Escalade","Platinum","2019"
"2320",TRUE,"Cadillac Escalade","Cadillac","48,000 miles",44998,"Escalade ESV Premium Luxury","2019 Cadillac","carmax",48000,44998,"Escalade","Premium Luxury","2019"
"2321",TRUE,"Cadillac Escalade","Cadillac","52,000 miles",41998,"Escalade ESV Premium Luxury","2019 Cadillac","carmax",52000,41998,"Escalade","Premium Luxury","2019"
"2322",TRUE,"Cadillac Escalade","Cadillac","58,000 miles",43998,"Escalade ESV Premium Luxury","2019 Cadillac","carmax",58000,43998,"Escalade","Premium Luxury","2019"
"2323",TRUE,"Cadillac Escalade","Cadillac","54,000 miles",44998,"Escalade Luxury","2019 Cadillac","carmax",54000,44998,"Escalade","Luxury","2019"
"2324",TRUE,"Cadillac Escalade","Cadillac","48,000 miles",42998,"Escalade Luxury","2019 Cadillac","carmax",48000,42998,"Escalade","Luxury","2019"
"2325",TRUE,"Cadillac Escalade","Cadillac","50,000 miles",43998,"Escalade Luxury","2019 Cadillac","carmax",50000,43998,"Escalade","Luxury","2019"
"2326",TRUE,"Cadillac Escalade","Cadillac","48,000 miles",42998,"Escalade Luxury","2019 Cadillac","carmax",48000,42998,"Escalade","Luxury","2019"
"2327",TRUE,"Cadillac Escalade","Cadillac","56,000 miles",39998,"Escalade Luxury","2019 Cadillac","carmax",56000,39998,"Escalade","Luxury","2019"
"2328",TRUE,"Cadillac Escalade","Cadillac","29,000 miles",46998,"Escalade Luxury","2019 Cadillac","carmax",29000,46998,"Escalade","Luxury","2019"
"2329",TRUE,"Cadillac Escalade","Cadillac","55,000 miles",41998,"Escalade Luxury","2019 Cadillac","carmax",55000,41998,"Escalade","Luxury","2019"
"2330",TRUE,"Cadillac Escalade","Cadillac","38,000 miles",52998,"Escalade Platinum","2019 Cadillac","carmax",38000,52998,"Escalade","Platinum","2019"
"2331",TRUE,"Cadillac Escalade","Cadillac","53,000 miles",45998,"Escalade Platinum","2019 Cadillac","carmax",53000,45998,"Escalade","Platinum","2019"
"2332",TRUE,"Cadillac Escalade","Cadillac","54,000 miles",44998,"Escalade Platinum","2019 Cadillac","carmax",54000,44998,"Escalade","Platinum","2019"
"2333",TRUE,"Cadillac Escalade","Cadillac","55,000 miles",45998,"Escalade Premium Luxury","2019 Cadillac","carmax",55000,45998,"Escalade","Premium Luxury","2019"
"2334",TRUE,"Cadillac Escalade","Cadillac","31,000 miles",51998,"Escalade Premium Luxury","2019 Cadillac","carmax",31000,51998,"Escalade","Premium Luxury","2019"
"2335",TRUE,"Cadillac Escalade","Cadillac","55,000 miles",43998,"Escalade Premium Luxury","2019 Cadillac","carmax",55000,43998,"Escalade","Premium Luxury","2019"
"2336",TRUE,"Cadillac Escalade","Cadillac","30,000 miles",47998,"Escalade Premium Luxury","2019 Cadillac","carmax",30000,47998,"Escalade","Premium Luxury","2019"
"2337",TRUE,"Chevrolet Suburban 1500","Chevrolet","57,000 miles",36998,"Suburban 1500 LS","2019 Chevrolet","carmax",57000,36998,"Suburban 1500","LS","2019"
"2338",TRUE,"Chevrolet Suburban 1500","Chevrolet","48,000 miles",37998,"Suburban 1500 LT","2019 Chevrolet","carmax",48000,37998,"Suburban 1500","LT","2019"
"2339",TRUE,"Chevrolet Suburban 1500","Chevrolet","59,000 miles",41998,"Suburban 1500 LT","2019 Chevrolet","carmax",59000,41998,"Suburban 1500","LT","2019"
"2340",TRUE,"Chevrolet Suburban 1500","Chevrolet","60,000 miles",38998,"Suburban 1500 LT","2019 Chevrolet","carmax",60000,38998,"Suburban 1500","LT","2019"
"2341",TRUE,"Chevrolet Suburban 1500","Chevrolet","64,000 miles",32998,"Suburban 1500 LT","2019 Chevrolet","carmax",64000,32998,"Suburban 1500","LT","2019"
"2342",TRUE,"Chevrolet Suburban 1500","Chevrolet","57,000 miles",41998,"Suburban 1500 LT","2019 Chevrolet","carmax",57000,41998,"Suburban 1500","LT","2019"
"2343",TRUE,"Chevrolet Suburban 1500","Chevrolet","52,000 miles",38998,"Suburban 1500 LT","2019 Chevrolet","carmax",52000,38998,"Suburban 1500","LT","2019"
"2344",TRUE,"Chevrolet Suburban 1500","Chevrolet","57,000 miles",41998,"Suburban 1500 Premier","2019 Chevrolet","carmax",57000,41998,"Suburban 1500","Premier","2019"
"2345",TRUE,"Chevrolet Suburban 1500","Chevrolet","62,000 miles",42998,"Suburban 1500 Premier","2019 Chevrolet","carmax",62000,42998,"Suburban 1500","Premier","2019"
"2346",TRUE,"Chevrolet Suburban 1500","Chevrolet","61,000 miles",37998,"Suburban 1500 Premier","2019 Chevrolet","carmax",61000,37998,"Suburban 1500","Premier","2019"
"2347",TRUE,"Chevrolet Suburban 1500","Chevrolet","33,000 miles",45998,"Suburban 1500 Premier","2019 Chevrolet","carmax",33000,45998,"Suburban 1500","Premier","2019"
"2348",TRUE,"Chevrolet Suburban 1500","Chevrolet","51,000 miles",46998,"Suburban 1500 Premier","2019 Chevrolet","carmax",51000,46998,"Suburban 1500","Premier","2019"
"2349",TRUE,"Chevrolet Tahoe","Chevrolet","49,000 miles",34998,"Tahoe LS","2019 Chevrolet","carmax",49000,34998,"Tahoe","LS","2019"
"2350",TRUE,"Chevrolet Tahoe","Chevrolet","45,000 miles",32998,"Tahoe LS","2019 Chevrolet","carmax",45000,32998,"Tahoe","LS","2019"
"2351",TRUE,"Chevrolet Tahoe","Chevrolet","27,000 miles",37998,"Tahoe LS","2019 Chevrolet","carmax",27000,37998,"Tahoe","LS","2019"
"2352",TRUE,"Chevrolet Tahoe","Chevrolet","75,000 miles",27998,"Tahoe LS","2019 Chevrolet","carmax",75000,27998,"Tahoe","LS","2019"
"2353",TRUE,"Chevrolet Tahoe","Chevrolet","21,000 miles",34998,"Tahoe LS","2019 Chevrolet","carmax",21000,34998,"Tahoe","LS","2019"
"2354",TRUE,"Chevrolet Tahoe","Chevrolet","66,000 miles",29998,"Tahoe LS","2019 Chevrolet","carmax",66000,29998,"Tahoe","LS","2019"
"2355",TRUE,"Chevrolet Tahoe","Chevrolet","108,000 miles",22998,"Tahoe LS","2019 Chevrolet","carmax",108000,22998,"Tahoe","LS","2019"
"2356",TRUE,"Chevrolet Tahoe","Chevrolet","14,000 miles",39998,"Tahoe LS","2019 Chevrolet","carmax",14000,39998,"Tahoe","LS","2019"
"2357",TRUE,"Chevrolet Tahoe","Chevrolet","49,000 miles",33998,"Tahoe LS","2019 Chevrolet","carmax",49000,33998,"Tahoe","LS","2019"
"2358",TRUE,"Chevrolet Tahoe","Chevrolet","100,000 miles",26998,"Tahoe LS","2019 Chevrolet","carmax",100000,26998,"Tahoe","LS","2019"
"2359",TRUE,"Chevrolet Tahoe","Chevrolet","59,000 miles",31998,"Tahoe LS","2019 Chevrolet","carmax",59000,31998,"Tahoe","LS","2019"
"2360",TRUE,"Chevrolet Tahoe","Chevrolet","47,000 miles",40998,"Tahoe LT","2019 Chevrolet","carmax",47000,40998,"Tahoe","LT","2019"
"2361",TRUE,"Chevrolet Tahoe","Chevrolet","91,000 miles",29998,"Tahoe LT","2019 Chevrolet","carmax",91000,29998,"Tahoe","LT","2019"
"2362",TRUE,"Chevrolet Tahoe","Chevrolet","76,000 miles",31998,"Tahoe LT","2019 Chevrolet","carmax",76000,31998,"Tahoe","LT","2019"
"2363",TRUE,"Chevrolet Tahoe","Chevrolet","69,000 miles",34998,"Tahoe LT","2019 Chevrolet","carmax",69000,34998,"Tahoe","LT","2019"
"2364",TRUE,"Chevrolet Tahoe","Chevrolet","83,000 miles",29998,"Tahoe LT","2019 Chevrolet","carmax",83000,29998,"Tahoe","LT","2019"
"2365",TRUE,"Chevrolet Tahoe","Chevrolet","49,000 miles",34998,"Tahoe LT","2019 Chevrolet","carmax",49000,34998,"Tahoe","LT","2019"
"2366",TRUE,"Chevrolet Tahoe","Chevrolet","100,000 miles",31998,"Tahoe LT","2019 Chevrolet","carmax",100000,31998,"Tahoe","LT","2019"
"2367",TRUE,"Chevrolet Tahoe","Chevrolet","75,000 miles",32998,"Tahoe LT","2019 Chevrolet","carmax",75000,32998,"Tahoe","LT","2019"
"2368",TRUE,"Chevrolet Tahoe","Chevrolet","60,000 miles",37998,"Tahoe LT","2019 Chevrolet","carmax",60000,37998,"Tahoe","LT","2019"
"2369",TRUE,"Chevrolet Tahoe","Chevrolet","44,000 miles",40998,"Tahoe LT","2019 Chevrolet","carmax",44000,40998,"Tahoe","LT","2019"
"2370",TRUE,"Chevrolet Tahoe","Chevrolet","91,000 miles",28998,"Tahoe LT","2019 Chevrolet","carmax",91000,28998,"Tahoe","LT","2019"
"2371",TRUE,"Chevrolet Tahoe","Chevrolet","69,000 miles",31998,"Tahoe LT","2019 Chevrolet","carmax",69000,31998,"Tahoe","LT","2019"
"2372",TRUE,"Chevrolet Tahoe","Chevrolet","40,000 miles",37998,"Tahoe LT","2019 Chevrolet","carmax",40000,37998,"Tahoe","LT","2019"
"2373",TRUE,"Chevrolet Tahoe","Chevrolet","57,000 miles",32998,"Tahoe LT","2019 Chevrolet","carmax",57000,32998,"Tahoe","LT","2019"
"2374",TRUE,"Chevrolet Tahoe","Chevrolet","54,000 miles",39998,"Tahoe LT","2019 Chevrolet","carmax",54000,39998,"Tahoe","LT","2019"
"2375",TRUE,"Chevrolet Tahoe","Chevrolet","76,000 miles",31998,"Tahoe LT","2019 Chevrolet","carmax",76000,31998,"Tahoe","LT","2019"
"2376",TRUE,"Chevrolet Tahoe","Chevrolet","72,000 miles",34998,"Tahoe LT","2019 Chevrolet","carmax",72000,34998,"Tahoe","LT","2019"
"2377",TRUE,"Chevrolet Tahoe","Chevrolet","22,000 miles",50998,"Tahoe Premier","2019 Chevrolet","carmax",22000,50998,"Tahoe","Premier","2019"
"2378",TRUE,"Chevrolet Tahoe","Chevrolet","54,000 miles",40998,"Tahoe Premier","2019 Chevrolet","carmax",54000,40998,"Tahoe","Premier","2019"
"2379",TRUE,"Chevrolet Tahoe","Chevrolet","65,000 miles",39998,"Tahoe Premier","2019 Chevrolet","carmax",65000,39998,"Tahoe","Premier","2019"
"2380",TRUE,"Chevrolet Tahoe","Chevrolet","41,000 miles",45998,"Tahoe Premier","2019 Chevrolet","carmax",41000,45998,"Tahoe","Premier","2019"
"2381",TRUE,"Chevrolet Tahoe","Chevrolet","98,000 miles",30998,"Tahoe Premier","2019 Chevrolet","carmax",98000,30998,"Tahoe","Premier","2019"
"2382",TRUE,"Chevrolet Tahoe","Chevrolet","75,000 miles",38998,"Tahoe Premier","2019 Chevrolet","carmax",75000,38998,"Tahoe","Premier","2019"
"2383",TRUE,"Chevrolet Tahoe","Chevrolet","79,000 miles",32998,"Tahoe Premier","2019 Chevrolet","carmax",79000,32998,"Tahoe","Premier","2019"
"2384",TRUE,"GMC Yukon","GMC","69,000 miles",37998,"Yukon Denali","2019 GMC","carmax",69000,37998,"Yukon","Denali","2019"
"2385",TRUE,"GMC Yukon","GMC","71,000 miles",37998,"Yukon Denali","2019 GMC","carmax",71000,37998,"Yukon","Denali","2019"
"2386",TRUE,"GMC Yukon","GMC","58,000 miles",42998,"Yukon Denali","2019 GMC","carmax",58000,42998,"Yukon","Denali","2019"
"2387",TRUE,"GMC Yukon","GMC","58,000 miles",44998,"Yukon Denali","2019 GMC","carmax",58000,44998,"Yukon","Denali","2019"
"2388",TRUE,"GMC Yukon","GMC","79,000 miles",38998,"Yukon Denali","2019 GMC","carmax",79000,38998,"Yukon","Denali","2019"
"2389",TRUE,"GMC Yukon","GMC","79,000 miles",36998,"Yukon Denali","2019 GMC","carmax",79000,36998,"Yukon","Denali","2019"
"2390",TRUE,"GMC Yukon","GMC","77,000 miles",38998,"Yukon Denali","2019 GMC","carmax",77000,38998,"Yukon","Denali","2019"
"2391",TRUE,"GMC Yukon","GMC","51,000 miles",43998,"Yukon Denali","2019 GMC","carmax",51000,43998,"Yukon","Denali","2019"
"2392",TRUE,"GMC Yukon","GMC","88,000 miles",32998,"Yukon Denali","2019 GMC","carmax",88000,32998,"Yukon","Denali","2019"
"2393",TRUE,"GMC Yukon","GMC","60,000 miles",38998,"Yukon Denali","2019 GMC","carmax",60000,38998,"Yukon","Denali","2019"
"2394",TRUE,"GMC Yukon","GMC","65,000 miles",40998,"Yukon Denali","2019 GMC","carmax",65000,40998,"Yukon","Denali","2019"
"2395",TRUE,"GMC Yukon","GMC","76,000 miles",31998,"Yukon SLE","2019 GMC","carmax",76000,31998,"Yukon","SLE","2019"
"2396",TRUE,"GMC Yukon","GMC","60,000 miles",32998,"Yukon SLE","2019 GMC","carmax",60000,32998,"Yukon","SLE","2019"
"2397",TRUE,"GMC Yukon","GMC","66,000 miles",36998,"Yukon SLT","2019 GMC","carmax",66000,36998,"Yukon","SLT","2019"
"2398",TRUE,"GMC Yukon","GMC","59,000 miles",34998,"Yukon SLT","2019 GMC","carmax",59000,34998,"Yukon","SLT","2019"
"2399",TRUE,"GMC Yukon","GMC","69,000 miles",31998,"Yukon SLT","2019 GMC","carmax",69000,31998,"Yukon","SLT","2019"
"2400",TRUE,"GMC Yukon","GMC","73,000 miles",32998,"Yukon SLT","2019 GMC","carmax",73000,32998,"Yukon","SLT","2019"
"2401",TRUE,"GMC Yukon XL 1500","GMC","53,000 miles",39998,"Yukon XL 1500 Denali","2019 GMC","carmax",53000,39998,"Yukon XL 1500","Denali","2019"
"2402",TRUE,"GMC Yukon XL 1500","GMC","37,000 miles",39998,"Yukon XL 1500 SLE","2019 GMC","carmax",37000,39998,"Yukon XL 1500","SLE","2019"
"2403",TRUE,"GMC Yukon XL 1500","GMC","50,000 miles",36998,"Yukon XL 1500 SLT","2019 GMC","carmax",50000,36998,"Yukon XL 1500","SLT","2019"
"2404",TRUE,"GMC Yukon XL 1500","GMC","49,000 miles",38998,"Yukon XL 1500 SLT","2019 GMC","carmax",49000,38998,"Yukon XL 1500","SLT","2019"
"2405",TRUE,"GMC Yukon XL 1500","GMC","69,000 miles",37998,"Yukon XL 1500 SLT","2019 GMC","carmax",69000,37998,"Yukon XL 1500","SLT","2019"
"2406",TRUE,"GMC Yukon XL 1500","GMC","73,000 miles",40998,"Yukon XL 1500 SLT","2019 GMC","carmax",73000,40998,"Yukon XL 1500","SLT","2019"
"2407",FALSE,"Lexus LS 500","Lexus","48,000 miles",41998,"LS 500","2019 Lexus","carmax",48000,41998,"LS 500","","2019"
"2408",FALSE,"Lexus LS 500","Lexus","36,000 miles",46998,"LS 500","2019 Lexus","carmax",36000,46998,"LS 500","","2019"
"2409",FALSE,"Lexus LS 500","Lexus","48,000 miles",45998,"LS 500","2019 Lexus","carmax",48000,45998,"LS 500","","2019"
"2410",FALSE,"Lexus LS 500","Lexus","61,000 miles",37998,"LS 500","2019 Lexus","carmax",61000,37998,"LS 500","","2019"
"2411",FALSE,"Lexus LX 570","Lexus","43,000 miles",58998,"LX 570","2019 Lexus","carmax",43000,58998,"LX 570","","2019"
"2412",FALSE,"Lexus LX 570","Lexus","75,000 miles",56998,"LX 570","2019 Lexus","carmax",75000,56998,"LX 570","","2019"
"2413",FALSE,"Lexus LX 570","Lexus","87,000 miles",49998,"LX 570","2019 Lexus","carmax",87000,49998,"LX 570","","2019"
"2414",FALSE,"Lexus LX 570","Lexus","53,000 miles",65998,"LX 570","2019 Lexus","carmax",53000,65998,"LX 570","","2019"
"2415",FALSE,"Lexus LX 570","Lexus","41,000 miles",61998,"LX 570","2019 Lexus","carmax",41000,61998,"LX 570","","2019"
"2416",FALSE,"Lexus LX 570","Lexus","66,000 miles",57998,"LX 570","2019 Lexus","carmax",66000,57998,"LX 570","","2019"
"2417",FALSE,"Lexus LX 570","Lexus","91,000 miles",50998,"LX 570","2019 Lexus","carmax",91000,50998,"LX 570","","2019"
"2418",FALSE,"Toyota 4Runner","Toyota","68,000 miles",35998,"4Runner Limited","2019 Toyota","carmax",68000,35998,"4Runner","Limited","2019"
"2419",FALSE,"Toyota 4Runner","Toyota","94,000 miles",31998,"4Runner Limited","2019 Toyota","carmax",94000,31998,"4Runner","Limited","2019"
"2420",FALSE,"Toyota 4Runner","Toyota","46,000 miles",37998,"4Runner Limited","2019 Toyota","carmax",46000,37998,"4Runner","Limited","2019"
"2421",FALSE,"Toyota 4Runner","Toyota","31,000 miles",38998,"4Runner Limited","2019 Toyota","carmax",31000,38998,"4Runner","Limited","2019"
"2422",FALSE,"Toyota 4Runner","Toyota","115,000 miles",28998,"4Runner Limited","2019 Toyota","carmax",115000,28998,"4Runner","Limited","2019"
"2423",FALSE,"Toyota 4Runner","Toyota","63,000 miles",33998,"4Runner Limited","2019 Toyota","carmax",63000,33998,"4Runner","Limited","2019"
"2424",FALSE,"Toyota 4Runner","Toyota","78,000 miles",33998,"4Runner Limited","2019 Toyota","carmax",78000,33998,"4Runner","Limited","2019"
"2425",FALSE,"Toyota 4Runner","Toyota","102,000 miles",30998,"4Runner Limited","2019 Toyota","carmax",102000,30998,"4Runner","Limited","2019"
"2426",FALSE,"Toyota 4Runner","Toyota","72,000 miles",32998,"4Runner Limited","2019 Toyota","carmax",72000,32998,"4Runner","Limited","2019"
"2427",FALSE,"Toyota 4Runner","Toyota","91,000 miles",33998,"4Runner Limited","2019 Toyota","carmax",91000,33998,"4Runner","Limited","2019"
"2428",FALSE,"Toyota 4Runner","Toyota","51,000 miles",36998,"4Runner Limited","2019 Toyota","carmax",51000,36998,"4Runner","Limited","2019"
"2429",FALSE,"Toyota 4Runner","Toyota","103,000 miles",27998,"4Runner Limited","2019 Toyota","carmax",103000,27998,"4Runner","Limited","2019"
"2430",FALSE,"Toyota 4Runner","Toyota","42,000 miles",37998,"4Runner Limited","2019 Toyota","carmax",42000,37998,"4Runner","Limited","2019"
"2431",FALSE,"Toyota 4Runner","Toyota","37,000 miles",39998,"4Runner Limited Night Shade","2019 Toyota","carmax",37000,39998,"4Runner","Limited Night Shade","2019"
"2432",FALSE,"Toyota 4Runner","Toyota","82,000 miles",35998,"4Runner Limited Night Shade","2019 Toyota","carmax",82000,35998,"4Runner","Limited Night Shade","2019"
"2433",FALSE,"Toyota 4Runner","Toyota","80,000 miles",35998,"4Runner Limited Night Shade","2019 Toyota","carmax",80000,35998,"4Runner","Limited Night Shade","2019"
"2434",FALSE,"Toyota 4Runner","Toyota","92,000 miles",33998,"4Runner Limited Night Shade","2019 Toyota","carmax",92000,33998,"4Runner","Limited Night Shade","2019"
"2435",FALSE,"Toyota 4Runner","Toyota","80,000 miles",29998,"4Runner SR5","2019 Toyota","carmax",80000,29998,"4Runner","SR5","2019"
"2436",FALSE,"Toyota 4Runner","Toyota","90,000 miles",30998,"4Runner SR5","2019 Toyota","carmax",90000,30998,"4Runner","SR5","2019"
"2437",FALSE,"Toyota 4Runner","Toyota","105,000 miles",25998,"4Runner SR5","2019 Toyota","carmax",105000,25998,"4Runner","SR5","2019"
"2438",FALSE,"Toyota 4Runner","Toyota","55,000 miles",33998,"4Runner SR5","2019 Toyota","carmax",55000,33998,"4Runner","SR5","2019"
"2439",FALSE,"Toyota 4Runner","Toyota","47,000 miles",33998,"4Runner SR5","2019 Toyota","carmax",47000,33998,"4Runner","SR5","2019"
"2440",FALSE,"Toyota 4Runner","Toyota","96,000 miles",28998,"4Runner SR5","2019 Toyota","carmax",96000,28998,"4Runner","SR5","2019"
"2441",FALSE,"Toyota 4Runner","Toyota","80,000 miles",30998,"4Runner SR5 Premium","2019 Toyota","carmax",80000,30998,"4Runner","SR5 Premium","2019"
"2442",FALSE,"Toyota 4Runner","Toyota","90,000 miles",32998,"4Runner SR5 Premium","2019 Toyota","carmax",90000,32998,"4Runner","SR5 Premium","2019"
"2443",FALSE,"Toyota 4Runner","Toyota","58,000 miles",31998,"4Runner SR5 Premium","2019 Toyota","carmax",58000,31998,"4Runner","SR5 Premium","2019"
"2444",FALSE,"Toyota 4Runner","Toyota","19,000 miles",44998,"4Runner SR5 Premium","2019 Toyota","carmax",19000,44998,"4Runner","SR5 Premium","2019"
"2445",FALSE,"Toyota 4Runner","Toyota","66,000 miles",33998,"4Runner SR5 Premium","2019 Toyota","carmax",66000,33998,"4Runner","SR5 Premium","2019"
"2446",FALSE,"Toyota 4Runner","Toyota","102,000 miles",30998,"4Runner SR5 Premium","2019 Toyota","carmax",102000,30998,"4Runner","SR5 Premium","2019"
"2447",FALSE,"Toyota 4Runner","Toyota","78,000 miles",32998,"4Runner SR5 Premium","2019 Toyota","carmax",78000,32998,"4Runner","SR5 Premium","2019"
"2448",FALSE,"Toyota 4Runner","Toyota","54,000 miles",36998,"4Runner SR5 Premium","2019 Toyota","carmax",54000,36998,"4Runner","SR5 Premium","2019"
"2449",FALSE,"Toyota 4Runner","Toyota","56,000 miles",38998,"4Runner SR5 Premium","2019 Toyota","carmax",56000,38998,"4Runner","SR5 Premium","2019"
"2450",FALSE,"Toyota 4Runner","Toyota","58,000 miles",34998,"4Runner SR5 Premium","2019 Toyota","carmax",58000,34998,"4Runner","SR5 Premium","2019"
"2451",FALSE,"Toyota 4Runner","Toyota","83,000 miles",32998,"4Runner SR5 Premium","2019 Toyota","carmax",83000,32998,"4Runner","SR5 Premium","2019"
"2452",FALSE,"Toyota 4Runner","Toyota","88,000 miles",31998,"4Runner SR5 Premium","2019 Toyota","carmax",88000,31998,"4Runner","SR5 Premium","2019"
"2453",FALSE,"Toyota 4Runner","Toyota","65,000 miles",33998,"4Runner SR5 Premium","2019 Toyota","carmax",65000,33998,"4Runner","SR5 Premium","2019"
"2454",FALSE,"Toyota 4Runner","Toyota","27,000 miles",37998,"4Runner SR5 Premium","2019 Toyota","carmax",27000,37998,"4Runner","SR5 Premium","2019"
"2455",FALSE,"Toyota 4Runner","Toyota","76,000 miles",34998,"4Runner SR5 Premium","2019 Toyota","carmax",76000,34998,"4Runner","SR5 Premium","2019"
"2456",FALSE,"Toyota 4Runner","Toyota","78,000 miles",32998,"4Runner SR5 Premium","2019 Toyota","carmax",78000,32998,"4Runner","SR5 Premium","2019"
"2457",FALSE,"Toyota 4Runner","Toyota","70,000 miles",33998,"4Runner SR5 Premium","2019 Toyota","carmax",70000,33998,"4Runner","SR5 Premium","2019"
"2458",FALSE,"Toyota 4Runner","Toyota","58,000 miles",35998,"4Runner SR5 Premium","2019 Toyota","carmax",58000,35998,"4Runner","SR5 Premium","2019"
"2459",FALSE,"Toyota 4Runner","Toyota","95,000 miles",29998,"4Runner SR5 Premium","2019 Toyota","carmax",95000,29998,"4Runner","SR5 Premium","2019"
"2460",FALSE,"Toyota 4Runner","Toyota","95,000 miles",32998,"4Runner SR5 Premium","2019 Toyota","carmax",95000,32998,"4Runner","SR5 Premium","2019"
"2461",FALSE,"Toyota 4Runner","Toyota","63,000 miles",36998,"4Runner SR5 Premium","2019 Toyota","carmax",63000,36998,"4Runner","SR5 Premium","2019"
"2462",FALSE,"Toyota 4Runner","Toyota","56,000 miles",34998,"4Runner TRD Off Road","2019 Toyota","carmax",56000,34998,"4Runner","TRD Off Road","2019"
"2463",FALSE,"Toyota 4Runner","Toyota","61,000 miles",35998,"4Runner TRD Off Road","2019 Toyota","carmax",61000,35998,"4Runner","TRD Off Road","2019"
"2464",FALSE,"Toyota 4Runner","Toyota","60,000 miles",35998,"4Runner TRD Off Road","2019 Toyota","carmax",60000,35998,"4Runner","TRD Off Road","2019"
"2465",FALSE,"Toyota 4Runner","Toyota","60,000 miles",36998,"4Runner TRD Off Road Premium","2019 Toyota","carmax",60000,36998,"4Runner","TRD Off Road Premium","2019"
"2466",FALSE,"Toyota 4Runner","Toyota","96,000 miles",34998,"4Runner TRD Off Road Premium","2019 Toyota","carmax",96000,34998,"4Runner","TRD Off Road Premium","2019"
"2467",FALSE,"Toyota 4Runner","Toyota","97,000 miles",33998,"4Runner TRD Off Road Premium","2019 Toyota","carmax",97000,33998,"4Runner","TRD Off Road Premium","2019"
"2468",FALSE,"Toyota 4Runner","Toyota","42,000 miles",39998,"4Runner TRD Off Road Premium","2019 Toyota","carmax",42000,39998,"4Runner","TRD Off Road Premium","2019"
"2469",FALSE,"Toyota 4Runner","Toyota","95,000 miles",32998,"4Runner TRD Off Road Premium","2019 Toyota","carmax",95000,32998,"4Runner","TRD Off Road Premium","2019"
"2470",FALSE,"Toyota 4Runner","Toyota","7,000 miles",45998,"4Runner TRD Off Road Premium","2019 Toyota","carmax",7000,45998,"4Runner","TRD Off Road Premium","2019"
"2471",FALSE,"Toyota 4Runner","Toyota","81,000 miles",35998,"4Runner TRD Off Road Premium","2019 Toyota","carmax",81000,35998,"4Runner","TRD Off Road Premium","2019"
"2472",FALSE,"Toyota 4Runner","Toyota","68,000 miles",41998,"4Runner TRD Pro","2019 Toyota","carmax",68000,41998,"4Runner","TRD Pro","2019"
"2473",FALSE,"Toyota 4Runner","Toyota","28,000 miles",49998,"4Runner TRD Pro","2019 Toyota","carmax",28000,49998,"4Runner","TRD Pro","2019"
"2474",FALSE,"Toyota 4Runner","Toyota","79,000 miles",39998,"4Runner TRD Pro","2019 Toyota","carmax",79000,39998,"4Runner","TRD Pro","2019"
"2475",FALSE,"Toyota 4Runner","Toyota","100,000 miles",37998,"4Runner TRD Pro","2019 Toyota","carmax",100000,37998,"4Runner","TRD Pro","2019"
"2476",FALSE,"Toyota 4Runner","Toyota","78,000 miles",39998,"4Runner TRD Pro","2019 Toyota","carmax",78000,39998,"4Runner","TRD Pro","2019"
"2477",FALSE,"Toyota Highlander","Toyota","53,000 miles",33998,"Highlander Hybrid Limited","2019 Toyota","carmax",53000,33998,"Highlander","Hybrid Limited","2019"
"2478",FALSE,"Toyota Highlander","Toyota","46,000 miles",36998,"Highlander Hybrid Limited","2019 Toyota","carmax",46000,36998,"Highlander","Hybrid Limited","2019"
"2479",FALSE,"Toyota Highlander","Toyota","23,000 miles",37998,"Highlander Hybrid Limited","2019 Toyota","carmax",23000,37998,"Highlander","Hybrid Limited","2019"
"2480",FALSE,"Toyota Highlander","Toyota","37,000 miles",32998,"Highlander Hybrid Limited","2019 Toyota","carmax",37000,32998,"Highlander","Hybrid Limited","2019"
"2481",FALSE,"Toyota Highlander","Toyota","108,000 miles",27998,"Highlander Hybrid Limited","2019 Toyota","carmax",108000,27998,"Highlander","Hybrid Limited","2019"
"2482",FALSE,"Toyota Highlander","Toyota","48,000 miles",35998,"Highlander Hybrid Limited Platinum","2019 Toyota","carmax",48000,35998,"Highlander","Hybrid Limited Platinum","2019"
"2483",FALSE,"Toyota Highlander","Toyota","71,000 miles",28998,"Highlander Hybrid XLE","2019 Toyota","carmax",71000,28998,"Highlander","Hybrid XLE","2019"
"2484",FALSE,"Toyota Highlander","Toyota","48,000 miles",33998,"Highlander Hybrid XLE","2019 Toyota","carmax",48000,33998,"Highlander","Hybrid XLE","2019"
"2485",FALSE,"Toyota Highlander","Toyota","69,000 miles",30998,"Highlander Hybrid XLE","2019 Toyota","carmax",69000,30998,"Highlander","Hybrid XLE","2019"
"2486",FALSE,"Toyota Highlander","Toyota","64,000 miles",31998,"Highlander Hybrid XLE","2019 Toyota","carmax",64000,31998,"Highlander","Hybrid XLE","2019"
"2487",FALSE,"Toyota Highlander","Toyota","52,000 miles",33998,"Highlander Hybrid XLE","2019 Toyota","carmax",52000,33998,"Highlander","Hybrid XLE","2019"
"2488",FALSE,"Toyota Highlander","Toyota","62,000 miles",25998,"Highlander LE","2019 Toyota","carmax",62000,25998,"Highlander","LE","2019"
"2489",FALSE,"Toyota Highlander","Toyota","59,000 miles",25998,"Highlander LE","2019 Toyota","carmax",59000,25998,"Highlander","LE","2019"
"2490",FALSE,"Toyota Highlander","Toyota","102,000 miles",20998,"Highlander LE","2019 Toyota","carmax",102000,20998,"Highlander","LE","2019"
"2491",FALSE,"Toyota Highlander","Toyota","90,000 miles",22998,"Highlander LE","2019 Toyota","carmax",90000,22998,"Highlander","LE","2019"
"2492",FALSE,"Toyota Highlander","Toyota","56,000 miles",24998,"Highlander LE","2019 Toyota","carmax",56000,24998,"Highlander","LE","2019"
"2493",FALSE,"Toyota Highlander","Toyota","65,000 miles",24998,"Highlander LE","2019 Toyota","carmax",65000,24998,"Highlander","LE","2019"
"2494",FALSE,"Toyota Highlander","Toyota","34,000 miles",28998,"Highlander LE","2019 Toyota","carmax",34000,28998,"Highlander","LE","2019"
"2495",FALSE,"Toyota Highlander","Toyota","72,000 miles",23998,"Highlander LE","2019 Toyota","carmax",72000,23998,"Highlander","LE","2019"
"2496",FALSE,"Toyota Highlander","Toyota","95,000 miles",22998,"Highlander LE","2019 Toyota","carmax",95000,22998,"Highlander","LE","2019"
"2497",FALSE,"Toyota Highlander","Toyota","72,000 miles",25998,"Highlander LE","2019 Toyota","carmax",72000,25998,"Highlander","LE","2019"
"2498",FALSE,"Toyota Highlander","Toyota","40,000 miles",26998,"Highlander LE","2019 Toyota","carmax",40000,26998,"Highlander","LE","2019"
"2499",FALSE,"Toyota Highlander","Toyota","61,000 miles",24998,"Highlander LE","2019 Toyota","carmax",61000,24998,"Highlander","LE","2019"
"2500",FALSE,"Toyota Highlander","Toyota","112,000 miles",19998,"Highlander LE","2019 Toyota","carmax",112000,19998,"Highlander","LE","2019"
"2501",FALSE,"Toyota Highlander","Toyota","88,000 miles",21998,"Highlander LE","2019 Toyota","carmax",88000,21998,"Highlander","LE","2019"
"2502",FALSE,"Toyota Highlander","Toyota","63,000 miles",26998,"Highlander LE","2019 Toyota","carmax",63000,26998,"Highlander","LE","2019"
"2503",FALSE,"Toyota Highlander","Toyota","105,000 miles",20998,"Highlander LE","2019 Toyota","carmax",105000,20998,"Highlander","LE","2019"
"2504",FALSE,"Toyota Highlander","Toyota","99,000 miles",19998,"Highlander LE","2019 Toyota","carmax",99000,19998,"Highlander","LE","2019"
"2505",FALSE,"Toyota Highlander","Toyota","99,000 miles",22998,"Highlander LE","2019 Toyota","carmax",99000,22998,"Highlander","LE","2019"
"2506",FALSE,"Toyota Highlander","Toyota","93,000 miles",22998,"Highlander LE","2019 Toyota","carmax",93000,22998,"Highlander","LE","2019"
"2507",FALSE,"Toyota Highlander","Toyota","101,000 miles",21998,"Highlander LE","2019 Toyota","carmax",101000,21998,"Highlander","LE","2019"
"2508",FALSE,"Toyota Highlander","Toyota","83,000 miles",24998,"Highlander LE Plus","2019 Toyota","carmax",83000,24998,"Highlander","LE Plus","2019"
"2509",FALSE,"Toyota Highlander","Toyota","54,000 miles",25998,"Highlander LE Plus","2019 Toyota","carmax",54000,25998,"Highlander","LE Plus","2019"
"2510",FALSE,"Toyota Highlander","Toyota","60,000 miles",25998,"Highlander LE Plus","2019 Toyota","carmax",60000,25998,"Highlander","LE Plus","2019"
"2511",FALSE,"Toyota Highlander","Toyota","112,000 miles",21998,"Highlander LE Plus","2019 Toyota","carmax",112000,21998,"Highlander","LE Plus","2019"
"2512",FALSE,"Toyota Highlander","Toyota","69,000 miles",29998,"Highlander Limited","2019 Toyota","carmax",69000,29998,"Highlander","Limited","2019"
"2513",FALSE,"Toyota Highlander","Toyota","95,000 miles",25998,"Highlander Limited","2019 Toyota","carmax",95000,25998,"Highlander","Limited","2019"
"2514",FALSE,"Toyota Highlander","Toyota","91,000 miles",26998,"Highlander Limited","2019 Toyota","carmax",91000,26998,"Highlander","Limited","2019"
"2515",FALSE,"Toyota Highlander","Toyota","46,000 miles",30998,"Highlander Limited","2019 Toyota","carmax",46000,30998,"Highlander","Limited","2019"
"2516",FALSE,"Toyota Highlander","Toyota","57,000 miles",29998,"Highlander Limited","2019 Toyota","carmax",57000,29998,"Highlander","Limited","2019"
"2517",FALSE,"Toyota Highlander","Toyota","61,000 miles",30998,"Highlander Limited","2019 Toyota","carmax",61000,30998,"Highlander","Limited","2019"
"2518",FALSE,"Toyota Highlander","Toyota","55,000 miles",31998,"Highlander Limited","2019 Toyota","carmax",55000,31998,"Highlander","Limited","2019"
"2519",FALSE,"Toyota Highlander","Toyota","78,000 miles",30998,"Highlander Limited","2019 Toyota","carmax",78000,30998,"Highlander","Limited","2019"
"2520",FALSE,"Toyota Highlander","Toyota","53,000 miles",29998,"Highlander Limited","2019 Toyota","carmax",53000,29998,"Highlander","Limited","2019"
"2521",FALSE,"Toyota Highlander","Toyota","43,000 miles",31998,"Highlander Limited","2019 Toyota","carmax",43000,31998,"Highlander","Limited","2019"
"2522",FALSE,"Toyota Highlander","Toyota","12,000 miles",38998,"Highlander Limited","2019 Toyota","carmax",12000,38998,"Highlander","Limited","2019"
"2523",FALSE,"Toyota Highlander","Toyota","95,000 miles",25998,"Highlander Limited","2019 Toyota","carmax",95000,25998,"Highlander","Limited","2019"
"2524",FALSE,"Toyota Highlander","Toyota","65,000 miles",30998,"Highlander Limited","2019 Toyota","carmax",65000,30998,"Highlander","Limited","2019"
"2525",FALSE,"Toyota Highlander","Toyota","43,000 miles",31998,"Highlander Limited","2019 Toyota","carmax",43000,31998,"Highlander","Limited","2019"
"2526",FALSE,"Toyota Highlander","Toyota","97,000 miles",28998,"Highlander Limited Platinum","2019 Toyota","carmax",97000,28998,"Highlander","Limited Platinum","2019"
"2527",FALSE,"Toyota Highlander","Toyota","35,000 miles",35998,"Highlander Limited Platinum","2019 Toyota","carmax",35000,35998,"Highlander","Limited Platinum","2019"
"2528",FALSE,"Toyota Highlander","Toyota","70,000 miles",30998,"Highlander Limited Platinum","2019 Toyota","carmax",70000,30998,"Highlander","Limited Platinum","2019"
"2529",FALSE,"Toyota Highlander","Toyota","91,000 miles",24998,"Highlander Limited Platinum","2019 Toyota","carmax",91000,24998,"Highlander","Limited Platinum","2019"
"2530",FALSE,"Toyota Highlander","Toyota","61,000 miles",29998,"Highlander Limited Platinum","2019 Toyota","carmax",61000,29998,"Highlander","Limited Platinum","2019"
"2531",FALSE,"Toyota Highlander","Toyota","35,000 miles",36998,"Highlander Limited Platinum","2019 Toyota","carmax",35000,36998,"Highlander","Limited Platinum","2019"
"2532",FALSE,"Toyota Highlander","Toyota","117,000 miles",25998,"Highlander Limited Platinum","2019 Toyota","carmax",117000,25998,"Highlander","Limited Platinum","2019"
"2533",FALSE,"Toyota Highlander","Toyota","68,000 miles",27998,"Highlander SE","2019 Toyota","carmax",68000,27998,"Highlander","SE","2019"
"2534",FALSE,"Toyota Highlander","Toyota","94,000 miles",25998,"Highlander SE","2019 Toyota","carmax",94000,25998,"Highlander","SE","2019"
"2535",FALSE,"Toyota Highlander","Toyota","95,000 miles",26998,"Highlander SE","2019 Toyota","carmax",95000,26998,"Highlander","SE","2019"
"2536",FALSE,"Toyota Highlander","Toyota","40,000 miles",29998,"Highlander SE","2019 Toyota","carmax",40000,29998,"Highlander","SE","2019"
"2537",FALSE,"Toyota Highlander","Toyota","21,000 miles",32998,"Highlander SE","2019 Toyota","carmax",21000,32998,"Highlander","SE","2019"
"2538",FALSE,"Toyota Highlander","Toyota","70,000 miles",29998,"Highlander SE","2019 Toyota","carmax",70000,29998,"Highlander","SE","2019"
"2539",FALSE,"Toyota Highlander","Toyota","89,000 miles",26998,"Highlander XLE","2019 Toyota","carmax",89000,26998,"Highlander","XLE","2019"
"2540",FALSE,"Toyota Highlander","Toyota","52,000 miles",30998,"Highlander XLE","2019 Toyota","carmax",52000,30998,"Highlander","XLE","2019"
"2541",FALSE,"Toyota Highlander","Toyota","80,000 miles",27998,"Highlander XLE","2019 Toyota","carmax",80000,27998,"Highlander","XLE","2019"
"2542",FALSE,"Toyota Highlander","Toyota","91,000 miles",26998,"Highlander XLE","2019 Toyota","carmax",91000,26998,"Highlander","XLE","2019"
"2543",FALSE,"Toyota Highlander","Toyota","51,000 miles",28998,"Highlander XLE","2019 Toyota","carmax",51000,28998,"Highlander","XLE","2019"
"2544",FALSE,"Toyota Highlander","Toyota","57,000 miles",29998,"Highlander XLE","2019 Toyota","carmax",57000,29998,"Highlander","XLE","2019"
"2545",FALSE,"Toyota Highlander","Toyota","76,000 miles",28998,"Highlander XLE","2019 Toyota","carmax",76000,28998,"Highlander","XLE","2019"
"2546",FALSE,"Toyota Highlander","Toyota","67,000 miles",26998,"Highlander XLE","2019 Toyota","carmax",67000,26998,"Highlander","XLE","2019"
"2547",FALSE,"Toyota Highlander","Toyota","79,000 miles",27998,"Highlander XLE","2019 Toyota","carmax",79000,27998,"Highlander","XLE","2019"
"2548",FALSE,"Toyota Highlander","Toyota","94,000 miles",24998,"Highlander XLE","2019 Toyota","carmax",94000,24998,"Highlander","XLE","2019"
"2549",FALSE,"Toyota Highlander","Toyota","43,000 miles",30998,"Highlander XLE","2019 Toyota","carmax",43000,30998,"Highlander","XLE","2019"
"2550",FALSE,"Toyota Highlander","Toyota","68,000 miles",27998,"Highlander XLE","2019 Toyota","carmax",68000,27998,"Highlander","XLE","2019"
"2551",FALSE,"Toyota Highlander","Toyota","65,000 miles",25998,"Highlander XLE","2019 Toyota","carmax",65000,25998,"Highlander","XLE","2019"
"2552",FALSE,"Toyota Highlander","Toyota","57,000 miles",28998,"Highlander XLE","2019 Toyota","carmax",57000,28998,"Highlander","XLE","2019"
"2553",FALSE,"Toyota Highlander","Toyota","48,000 miles",28998,"Highlander XLE","2019 Toyota","carmax",48000,28998,"Highlander","XLE","2019"
"2554",FALSE,"Toyota Highlander","Toyota","55,000 miles",28998,"Highlander XLE","2019 Toyota","carmax",55000,28998,"Highlander","XLE","2019"
"2555",FALSE,"Toyota Highlander","Toyota","56,000 miles",28998,"Highlander XLE","2019 Toyota","carmax",56000,28998,"Highlander","XLE","2019"
"2556",FALSE,"Toyota Highlander","Toyota","62,000 miles",27998,"Highlander XLE","2019 Toyota","carmax",62000,27998,"Highlander","XLE","2019"
"2557",FALSE,"Toyota Highlander","Toyota","42,000 miles",30998,"Highlander XLE","2019 Toyota","carmax",42000,30998,"Highlander","XLE","2019"
"2558",FALSE,"Toyota Highlander","Toyota","47,000 miles",31998,"Highlander XLE","2019 Toyota","carmax",47000,31998,"Highlander","XLE","2019"
"2559",FALSE,"Toyota Highlander","Toyota","61,000 miles",28998,"Highlander XLE","2019 Toyota","carmax",61000,28998,"Highlander","XLE","2019"
"2560",FALSE,"Toyota Highlander","Toyota","34,000 miles",32998,"Highlander XLE","2019 Toyota","carmax",34000,32998,"Highlander","XLE","2019"
"2561",FALSE,"Toyota Highlander","Toyota","78,000 miles",27998,"Highlander XLE","2019 Toyota","carmax",78000,27998,"Highlander","XLE","2019"
"2562",FALSE,"Toyota Highlander","Toyota","23,000 miles",33998,"Highlander XLE","2019 Toyota","carmax",23000,33998,"Highlander","XLE","2019"
"2563",FALSE,"Toyota Highlander","Toyota","26,000 miles",31998,"Highlander XLE","2019 Toyota","carmax",26000,31998,"Highlander","XLE","2019"
"2564",FALSE,"Toyota Highlander","Toyota","49,000 miles",28998,"Highlander XLE","2019 Toyota","carmax",49000,28998,"Highlander","XLE","2019"
"2565",FALSE,"Toyota Highlander","Toyota","87,000 miles",23998,"Highlander XLE","2019 Toyota","carmax",87000,23998,"Highlander","XLE","2019"
"2566",FALSE,"Toyota Highlander","Toyota","37,000 miles",29998,"Highlander XLE","2019 Toyota","carmax",37000,29998,"Highlander","XLE","2019"
"2567",FALSE,"Toyota Highlander","Toyota","79,000 miles",23998,"Highlander XLE","2019 Toyota","carmax",79000,23998,"Highlander","XLE","2019"
"2568",FALSE,"Toyota Highlander","Toyota","29,000 miles",32998,"Highlander XLE","2019 Toyota","carmax",29000,32998,"Highlander","XLE","2019"
"2569",FALSE,"Toyota Highlander","Toyota","16,000 miles",36998,"Highlander XLE","2019 Toyota","carmax",16000,36998,"Highlander","XLE","2019"
"2570",FALSE,"Toyota Highlander","Toyota","35,000 miles",31998,"Highlander XLE","2019 Toyota","carmax",35000,31998,"Highlander","XLE","2019"
"2571",FALSE,"Toyota Highlander","Toyota","76,000 miles",24998,"Highlander XLE","2019 Toyota","carmax",76000,24998,"Highlander","XLE","2019"
"2572",FALSE,"Toyota Highlander","Toyota","68,000 miles",26998,"Highlander XLE","2019 Toyota","carmax",68000,26998,"Highlander","XLE","2019"
"2573",FALSE,"Toyota Highlander","Toyota","22,000 miles",30998,"Highlander XLE","2019 Toyota","carmax",22000,30998,"Highlander","XLE","2019"
"2574",FALSE,"Toyota Highlander","Toyota","64,000 miles",27998,"Highlander XLE","2019 Toyota","carmax",64000,27998,"Highlander","XLE","2019"
"2575",FALSE,"Toyota Highlander","Toyota","77,000 miles",26998,"Highlander XLE","2019 Toyota","carmax",77000,26998,"Highlander","XLE","2019"
"2576",FALSE,"Toyota Highlander","Toyota","73,000 miles",24998,"Highlander XLE","2019 Toyota","carmax",73000,24998,"Highlander","XLE","2019"
"2577",FALSE,"Toyota Highlander","Toyota","90,000 miles",25998,"Highlander XLE","2019 Toyota","carmax",90000,25998,"Highlander","XLE","2019"
"2578",FALSE,"Toyota Sequoia","Toyota","79,000 miles",42998,"Sequoia Limited","2019 Toyota","carmax",79000,42998,"Sequoia","Limited","2019"
"2579",FALSE,"Toyota Sequoia","Toyota","79,000 miles",40998,"Sequoia Limited","2019 Toyota","carmax",79000,40998,"Sequoia","Limited","2019"
"2580",FALSE,"Toyota Sequoia","Toyota","97,000 miles",40998,"Sequoia Platinum","2019 Toyota","carmax",97000,40998,"Sequoia","Platinum","2019"
"2581",FALSE,"Toyota Sequoia","Toyota","84,000 miles",35998,"Sequoia SR5","2019 Toyota","carmax",84000,35998,"Sequoia","SR5","2019"
"2582",FALSE,"Toyota Sequoia","Toyota","40,000 miles",49998,"Sequoia TRD Sport","2019 Toyota","carmax",40000,49998,"Sequoia","TRD Sport","2019"
"2583",FALSE,"Toyota Sequoia","Toyota","21,000 miles",51998,"Sequoia TRD Sport","2019 Toyota","carmax",21000,51998,"Sequoia","TRD Sport","2019"
"2584",TRUE,"Cadillac Escalade","Cadillac","22,000 miles",49998,"Escalade","2020 Cadillac","carmax",22000,49998,"Escalade","","2020"
"2585",TRUE,"Cadillac Escalade","Cadillac","50,000 miles",43998,"Escalade ESV","2020 Cadillac","carmax",50000,43998,"Escalade","","2020"
"2586",TRUE,"Cadillac Escalade","Cadillac","48,000 miles",46998,"Escalade ESV Luxury","2020 Cadillac","carmax",48000,46998,"Escalade","Luxury","2020"
"2587",TRUE,"Cadillac Escalade","Cadillac","52,000 miles",43998,"Escalade ESV Luxury","2020 Cadillac","carmax",52000,43998,"Escalade","Luxury","2020"
"2588",TRUE,"Cadillac Escalade","Cadillac","47,000 miles",46998,"Escalade ESV Luxury","2020 Cadillac","carmax",47000,46998,"Escalade","Luxury","2020"
"2589",TRUE,"Cadillac Escalade","Cadillac","43,000 miles",45998,"Escalade ESV Premium Luxury","2020 Cadillac","carmax",43000,45998,"Escalade","Premium Luxury","2020"
"2590",TRUE,"Cadillac Escalade","Cadillac","49,000 miles",45998,"Escalade Luxury","2020 Cadillac","carmax",49000,45998,"Escalade","Luxury","2020"
"2591",TRUE,"Cadillac Escalade","Cadillac","18,000 miles",55998,"Escalade Luxury","2020 Cadillac","carmax",18000,55998,"Escalade","Luxury","2020"
"2592",TRUE,"Cadillac Escalade","Cadillac","57,000 miles",44998,"Escalade Luxury","2020 Cadillac","carmax",57000,44998,"Escalade","Luxury","2020"
"2593",TRUE,"Cadillac Escalade","Cadillac","49,000 miles",43998,"Escalade Luxury","2020 Cadillac","carmax",49000,43998,"Escalade","Luxury","2020"
"2594",TRUE,"Cadillac Escalade","Cadillac","50,000 miles",48998,"Escalade Luxury","2020 Cadillac","carmax",50000,48998,"Escalade","Luxury","2020"
"2595",TRUE,"Cadillac Escalade","Cadillac","36,000 miles",49998,"Escalade Luxury","2020 Cadillac","carmax",36000,49998,"Escalade","Luxury","2020"
"2596",TRUE,"Cadillac Escalade","Cadillac","31,000 miles",53998,"Escalade Platinum","2020 Cadillac","carmax",31000,53998,"Escalade","Platinum","2020"
"2597",TRUE,"Chevrolet Suburban 1500","Chevrolet","58,000 miles",38998,"Suburban 1500 LS","2020 Chevrolet","carmax",58000,38998,"Suburban 1500","LS","2020"
"2598",TRUE,"Chevrolet Suburban 1500","Chevrolet","55,000 miles",42998,"Suburban 1500 LT","2020 Chevrolet","carmax",55000,42998,"Suburban 1500","LT","2020"
"2599",TRUE,"Chevrolet Suburban 1500","Chevrolet","27,000 miles",47998,"Suburban 1500 LT","2020 Chevrolet","carmax",27000,47998,"Suburban 1500","LT","2020"
"2600",TRUE,"Chevrolet Suburban 1500","Chevrolet","57,000 miles",41998,"Suburban 1500 LT","2020 Chevrolet","carmax",57000,41998,"Suburban 1500","LT","2020"
"2601",TRUE,"Chevrolet Suburban 1500","Chevrolet","61,000 miles",38998,"Suburban 1500 LT","2020 Chevrolet","carmax",61000,38998,"Suburban 1500","LT","2020"
"2602",TRUE,"Chevrolet Suburban 1500","Chevrolet","56,000 miles",44998,"Suburban 1500 LT","2020 Chevrolet","carmax",56000,44998,"Suburban 1500","LT","2020"
"2603",TRUE,"Chevrolet Suburban 1500","Chevrolet","59,000 miles",43998,"Suburban 1500 LT","2020 Chevrolet","carmax",59000,43998,"Suburban 1500","LT","2020"
"2604",TRUE,"Chevrolet Suburban 1500","Chevrolet","54,000 miles",43998,"Suburban 1500 LT","2020 Chevrolet","carmax",54000,43998,"Suburban 1500","LT","2020"
"2605",TRUE,"Chevrolet Suburban 1500","Chevrolet","52,000 miles",44998,"Suburban 1500 LT","2020 Chevrolet","carmax",52000,44998,"Suburban 1500","LT","2020"
"2606",TRUE,"Chevrolet Suburban 1500","Chevrolet","50,000 miles",45998,"Suburban 1500 LT","2020 Chevrolet","carmax",50000,45998,"Suburban 1500","LT","2020"
"2607",TRUE,"Chevrolet Suburban 1500","Chevrolet","66,000 miles",43998,"Suburban 1500 LT","2020 Chevrolet","carmax",66000,43998,"Suburban 1500","LT","2020"
"2608",TRUE,"Chevrolet Suburban 1500","Chevrolet","22,000 miles",48998,"Suburban 1500 LT","2020 Chevrolet","carmax",22000,48998,"Suburban 1500","LT","2020"
"2609",TRUE,"Chevrolet Suburban 1500","Chevrolet","59,000 miles",43998,"Suburban 1500 LT","2020 Chevrolet","carmax",59000,43998,"Suburban 1500","LT","2020"
"2610",TRUE,"Chevrolet Suburban 1500","Chevrolet","24,000 miles",43998,"Suburban 1500 LT","2020 Chevrolet","carmax",24000,43998,"Suburban 1500","LT","2020"
"2611",TRUE,"Chevrolet Suburban 1500","Chevrolet","68,000 miles",41998,"Suburban 1500 LT","2020 Chevrolet","carmax",68000,41998,"Suburban 1500","LT","2020"
"2612",TRUE,"Chevrolet Tahoe","Chevrolet","47,000 miles",37998,"Tahoe LS","2020 Chevrolet","carmax",47000,37998,"Tahoe","LS","2020"
"2613",TRUE,"Chevrolet Tahoe","Chevrolet","30,000 miles",37998,"Tahoe LS","2020 Chevrolet","carmax",30000,37998,"Tahoe","LS","2020"
"2614",TRUE,"Chevrolet Tahoe","Chevrolet","45,000 miles",34998,"Tahoe LS","2020 Chevrolet","carmax",45000,34998,"Tahoe","LS","2020"
"2615",TRUE,"Chevrolet Tahoe","Chevrolet","60,000 miles",31998,"Tahoe LS","2020 Chevrolet","carmax",60000,31998,"Tahoe","LS","2020"
"2616",TRUE,"Chevrolet Tahoe","Chevrolet","91,000 miles",26998,"Tahoe LS","2020 Chevrolet","carmax",91000,26998,"Tahoe","LS","2020"
"2617",TRUE,"Chevrolet Tahoe","Chevrolet","50,000 miles",34998,"Tahoe LS","2020 Chevrolet","carmax",50000,34998,"Tahoe","LS","2020"
"2618",TRUE,"Chevrolet Tahoe","Chevrolet","32,000 miles",35998,"Tahoe LS","2020 Chevrolet","carmax",32000,35998,"Tahoe","LS","2020"
"2619",TRUE,"Chevrolet Tahoe","Chevrolet","34,000 miles",49998,"Tahoe LT","2020 Chevrolet","carmax",34000,49998,"Tahoe","LT","2020"
"2620",TRUE,"Chevrolet Tahoe","Chevrolet","42,000 miles",44998,"Tahoe LT","2020 Chevrolet","carmax",42000,44998,"Tahoe","LT","2020"
"2621",TRUE,"Chevrolet Tahoe","Chevrolet","11,000 miles",52998,"Tahoe LT","2020 Chevrolet","carmax",11000,52998,"Tahoe","LT","2020"
"2622",TRUE,"Chevrolet Tahoe","Chevrolet","41,000 miles",39998,"Tahoe LT","2020 Chevrolet","carmax",41000,39998,"Tahoe","LT","2020"
"2623",TRUE,"Chevrolet Tahoe","Chevrolet","97,000 miles",29998,"Tahoe LT","2020 Chevrolet","carmax",97000,29998,"Tahoe","LT","2020"
"2624",TRUE,"Chevrolet Tahoe","Chevrolet","65,000 miles",38998,"Tahoe LT","2020 Chevrolet","carmax",65000,38998,"Tahoe","LT","2020"
"2625",TRUE,"Chevrolet Tahoe","Chevrolet","53,000 miles",33998,"Tahoe LT","2020 Chevrolet","carmax",53000,33998,"Tahoe","LT","2020"
"2626",TRUE,"Chevrolet Tahoe","Chevrolet","90,000 miles",28998,"Tahoe LT","2020 Chevrolet","carmax",90000,28998,"Tahoe","LT","2020"
"2627",TRUE,"Chevrolet Tahoe","Chevrolet","52,000 miles",36998,"Tahoe LT","2020 Chevrolet","carmax",52000,36998,"Tahoe","LT","2020"
"2628",TRUE,"Chevrolet Tahoe","Chevrolet","76,000 miles",30998,"Tahoe LT","2020 Chevrolet","carmax",76000,30998,"Tahoe","LT","2020"
"2629",TRUE,"Chevrolet Tahoe","Chevrolet","43,000 miles",41998,"Tahoe LT","2020 Chevrolet","carmax",43000,41998,"Tahoe","LT","2020"
"2630",TRUE,"Chevrolet Tahoe","Chevrolet","40,000 miles",44998,"Tahoe LT","2020 Chevrolet","carmax",40000,44998,"Tahoe","LT","2020"
"2631",TRUE,"Chevrolet Tahoe","Chevrolet","17,000 miles",45998,"Tahoe LT","2020 Chevrolet","carmax",17000,45998,"Tahoe","LT","2020"
"2632",TRUE,"Chevrolet Tahoe","Chevrolet","57,000 miles",38998,"Tahoe LT","2020 Chevrolet","carmax",57000,38998,"Tahoe","LT","2020"
"2633",TRUE,"Chevrolet Tahoe","Chevrolet","39,000 miles",45998,"Tahoe LT","2020 Chevrolet","carmax",39000,45998,"Tahoe","LT","2020"
"2634",TRUE,"Chevrolet Tahoe","Chevrolet","70,000 miles",35998,"Tahoe Premier","2020 Chevrolet","carmax",70000,35998,"Tahoe","Premier","2020"
"2635",TRUE,"Chevrolet Tahoe","Chevrolet","73,000 miles",41998,"Tahoe Premier","2020 Chevrolet","carmax",73000,41998,"Tahoe","Premier","2020"
"2636",TRUE,"Chevrolet Tahoe","Chevrolet","46,000 miles",45998,"Tahoe Premier","2020 Chevrolet","carmax",46000,45998,"Tahoe","Premier","2020"
"2637",TRUE,"Chevrolet Tahoe","Chevrolet","57,000 miles",39998,"Tahoe Premier","2020 Chevrolet","carmax",57000,39998,"Tahoe","Premier","2020"
"2638",TRUE,"Chevrolet Tahoe","Chevrolet","52,000 miles",44998,"Tahoe Premier","2020 Chevrolet","carmax",52000,44998,"Tahoe","Premier","2020"
"2639",TRUE,"Chevrolet Tahoe","Chevrolet","59,000 miles",41998,"Tahoe Premier","2020 Chevrolet","carmax",59000,41998,"Tahoe","Premier","2020"
"2640",TRUE,"Chevrolet Tahoe","Chevrolet","67,000 miles",36998,"Tahoe Premier","2020 Chevrolet","carmax",67000,36998,"Tahoe","Premier","2020"
"2641",TRUE,"Chevrolet Tahoe","Chevrolet","35,000 miles",55998,"Tahoe Premier","2020 Chevrolet","carmax",35000,55998,"Tahoe","Premier","2020"
"2642",TRUE,"Chevrolet Tahoe","Chevrolet","57,000 miles",42998,"Tahoe Premier","2020 Chevrolet","carmax",57000,42998,"Tahoe","Premier","2020"
"2643",TRUE,"GMC Yukon","GMC","46,000 miles",46998,"Yukon Denali","2020 GMC","carmax",46000,46998,"Yukon","Denali","2020"
"2644",TRUE,"GMC Yukon","GMC","87,000 miles",41998,"Yukon Denali","2020 GMC","carmax",87000,41998,"Yukon","Denali","2020"
"2645",TRUE,"GMC Yukon","GMC","53,000 miles",37998,"Yukon SLT","2020 GMC","carmax",53000,37998,"Yukon","SLT","2020"
"2646",TRUE,"GMC Yukon","GMC","61,000 miles",39998,"Yukon SLT","2020 GMC","carmax",61000,39998,"Yukon","SLT","2020"
"2647",TRUE,"GMC Yukon","GMC","54,000 miles",40998,"Yukon SLT","2020 GMC","carmax",54000,40998,"Yukon","SLT","2020"
"2648",TRUE,"GMC Yukon","GMC","76,000 miles",36998,"Yukon SLT","2020 GMC","carmax",76000,36998,"Yukon","SLT","2020"
"2649",TRUE,"GMC Yukon","GMC","65,000 miles",35998,"Yukon SLT","2020 GMC","carmax",65000,35998,"Yukon","SLT","2020"
"2650",TRUE,"GMC Yukon","GMC","60,000 miles",38998,"Yukon SLT","2020 GMC","carmax",60000,38998,"Yukon","SLT","2020"
"2651",TRUE,"GMC Yukon","GMC","60,000 miles",36998,"Yukon SLT Standard Edition","2020 GMC","carmax",60000,36998,"Yukon","SLT Standard Edition","2020"
"2652",TRUE,"GMC Yukon XL 1500","GMC","55,000 miles",44998,"Yukon XL 1500 Denali","2020 GMC","carmax",55000,44998,"Yukon XL 1500","Denali","2020"
"2653",TRUE,"GMC Yukon XL 1500","GMC","40,000 miles",49998,"Yukon XL 1500 Denali","2020 GMC","carmax",40000,49998,"Yukon XL 1500","Denali","2020"
"2654",TRUE,"GMC Yukon XL 1500","GMC","70,000 miles",37998,"Yukon XL 1500 SLT","2020 GMC","carmax",70000,37998,"Yukon XL 1500","SLT","2020"
"2655",TRUE,"GMC Yukon XL 1500","GMC","55,000 miles",43998,"Yukon XL 1500 SLT","2020 GMC","carmax",55000,43998,"Yukon XL 1500","SLT","2020"
"2656",TRUE,"GMC Yukon XL 1500","GMC","59,000 miles",44998,"Yukon XL 1500 SLT","2020 GMC","carmax",59000,44998,"Yukon XL 1500","SLT","2020"
"2657",FALSE,"Lexus LC 500","Lexus","4,000 miles",83998,"LC 500","2020 Lexus","carmax",4000,83998,"LC 500","","2020"
"2658",FALSE,"Lexus LS 500","Lexus","30,000 miles",45998,"LS 500","2020 Lexus","carmax",30000,45998,"LS 500","","2020"
"2659",FALSE,"Lexus LS 500","Lexus","37,000 miles",49998,"LS 500","2020 Lexus","carmax",37000,49998,"LS 500","","2020"
"2660",FALSE,"Lexus LS 500","Lexus","65,000 miles",41998,"LS 500","2020 Lexus","carmax",65000,41998,"LS 500","","2020"
"2661",FALSE,"Lexus LS 500","Lexus","46,000 miles",52998,"LS 500 F-Sport","2020 Lexus","carmax",46000,52998,"LS 500","F-Sport","2020"
"2662",FALSE,"Lexus LX 570","Lexus","85,000 miles",58998,"LX 570","2020 Lexus","carmax",85000,58998,"LX 570","","2020"
"2663",FALSE,"Lexus LX 570","Lexus","59,000 miles",59998,"LX 570","2020 Lexus","carmax",59000,59998,"LX 570","","2020"
"2664",FALSE,"Lexus LX 570","Lexus","23,000 miles",68998,"LX 570","2020 Lexus","carmax",23000,68998,"LX 570","","2020"
"2665",FALSE,"Lexus LX 570","Lexus","72,000 miles",52998,"LX 570","2020 Lexus","carmax",72000,52998,"LX 570","","2020"
"2666",FALSE,"Lexus LX 570","Lexus","72,000 miles",57998,"LX 570","2020 Lexus","carmax",72000,57998,"LX 570","","2020"
"2667",FALSE,"Lexus LX 570","Lexus","24,000 miles",69998,"LX 570","2020 Lexus","carmax",24000,69998,"LX 570","","2020"
"2668",FALSE,"Lexus LX 570","Lexus","45,000 miles",69998,"LX 570","2020 Lexus","carmax",45000,69998,"LX 570","","2020"
"2669",FALSE,"Lexus LX 570","Lexus","63,000 miles",62998,"LX 570","2020 Lexus","carmax",63000,62998,"LX 570","","2020"
"2670",FALSE,"Toyota 4Runner","Toyota","42,000 miles",42998,"4Runner Limited","2020 Toyota","carmax",42000,42998,"4Runner","Limited","2020"
"2671",FALSE,"Toyota 4Runner","Toyota","110,000 miles",33998,"4Runner Limited","2020 Toyota","carmax",110000,33998,"4Runner","Limited","2020"
"2672",FALSE,"Toyota 4Runner","Toyota","16,000 miles",41998,"4Runner Limited","2020 Toyota","carmax",16000,41998,"4Runner","Limited","2020"
"2673",FALSE,"Toyota 4Runner","Toyota","60,000 miles",40998,"4Runner Limited","2020 Toyota","carmax",60000,40998,"4Runner","Limited","2020"
"2674",FALSE,"Toyota 4Runner","Toyota","69,000 miles",31998,"4Runner SR5","2020 Toyota","carmax",69000,31998,"4Runner","SR5","2020"
"2675",FALSE,"Toyota 4Runner","Toyota","99,000 miles",27998,"4Runner SR5","2020 Toyota","carmax",99000,27998,"4Runner","SR5","2020"
"2676",FALSE,"Toyota 4Runner","Toyota","118,000 miles",27998,"4Runner SR5","2020 Toyota","carmax",118000,27998,"4Runner","SR5","2020"
"2677",FALSE,"Toyota 4Runner","Toyota","88,000 miles",30998,"4Runner SR5","2020 Toyota","carmax",88000,30998,"4Runner","SR5","2020"
"2678",FALSE,"Toyota 4Runner","Toyota","42,000 miles",41998,"4Runner SR5 Premium","2020 Toyota","carmax",42000,41998,"4Runner","SR5 Premium","2020"
"2679",FALSE,"Toyota 4Runner","Toyota","51,000 miles",39998,"4Runner SR5 Premium","2020 Toyota","carmax",51000,39998,"4Runner","SR5 Premium","2020"
"2680",FALSE,"Toyota 4Runner","Toyota","79,000 miles",31998,"4Runner SR5 Premium","2020 Toyota","carmax",79000,31998,"4Runner","SR5 Premium","2020"
"2681",FALSE,"Toyota 4Runner","Toyota","70,000 miles",37998,"4Runner SR5 Premium","2020 Toyota","carmax",70000,37998,"4Runner","SR5 Premium","2020"
"2682",FALSE,"Toyota 4Runner","Toyota","44,000 miles",39998,"4Runner SR5 Premium","2020 Toyota","carmax",44000,39998,"4Runner","SR5 Premium","2020"
"2683",FALSE,"Toyota 4Runner","Toyota","65,000 miles",36998,"4Runner SR5 Premium","2020 Toyota","carmax",65000,36998,"4Runner","SR5 Premium","2020"
"2684",FALSE,"Toyota 4Runner","Toyota","59,000 miles",37998,"4Runner SR5 Premium","2020 Toyota","carmax",59000,37998,"4Runner","SR5 Premium","2020"
"2685",FALSE,"Toyota 4Runner","Toyota","89,000 miles",35998,"4Runner SR5 Premium","2020 Toyota","carmax",89000,35998,"4Runner","SR5 Premium","2020"
"2686",FALSE,"Toyota 4Runner","Toyota","74,000 miles",33998,"4Runner SR5 Premium","2020 Toyota","carmax",74000,33998,"4Runner","SR5 Premium","2020"
"2687",FALSE,"Toyota 4Runner","Toyota","26,000 miles",39998,"4Runner SR5 Premium","2020 Toyota","carmax",26000,39998,"4Runner","SR5 Premium","2020"
"2688",FALSE,"Toyota 4Runner","Toyota","70,000 miles",35998,"4Runner SR5 Premium","2020 Toyota","carmax",70000,35998,"4Runner","SR5 Premium","2020"
"2689",FALSE,"Toyota 4Runner","Toyota","53,000 miles",40998,"4Runner SR5 Premium","2020 Toyota","carmax",53000,40998,"4Runner","SR5 Premium","2020"
"2690",FALSE,"Toyota 4Runner","Toyota","71,000 miles",35998,"4Runner SR5 Premium","2020 Toyota","carmax",71000,35998,"4Runner","SR5 Premium","2020"
"2691",FALSE,"Toyota 4Runner","Toyota","89,000 miles",34998,"4Runner TRD Off Road","2020 Toyota","carmax",89000,34998,"4Runner","TRD Off Road","2020"
"2692",FALSE,"Toyota 4Runner","Toyota","44,000 miles",42998,"4Runner TRD Off Road Premium","2020 Toyota","carmax",44000,42998,"4Runner","TRD Off Road Premium","2020"
"2693",FALSE,"Toyota 4Runner","Toyota","52,000 miles",39998,"4Runner TRD Off Road Premium","2020 Toyota","carmax",52000,39998,"4Runner","TRD Off Road Premium","2020"
"2694",FALSE,"Toyota 4Runner","Toyota","22,000 miles",44998,"4Runner TRD Off Road Premium","2020 Toyota","carmax",22000,44998,"4Runner","TRD Off Road Premium","2020"
"2695",FALSE,"Toyota 4Runner","Toyota","71,000 miles",39998,"4Runner TRD Off Road Premium","2020 Toyota","carmax",71000,39998,"4Runner","TRD Off Road Premium","2020"
"2696",FALSE,"Toyota 4Runner","Toyota","65,000 miles",37998,"4Runner TRD Off Road Premium","2020 Toyota","carmax",65000,37998,"4Runner","TRD Off Road Premium","2020"
"2697",FALSE,"Toyota 4Runner","Toyota","65,000 miles",44998,"4Runner TRD Pro","2020 Toyota","carmax",65000,44998,"4Runner","TRD Pro","2020"
"2698",FALSE,"Toyota 4Runner","Toyota","85,000 miles",42998,"4Runner TRD Pro","2020 Toyota","carmax",85000,42998,"4Runner","TRD Pro","2020"
"2699",FALSE,"Toyota 4Runner","Toyota","28,000 miles",51998,"4Runner TRD Pro","2020 Toyota","carmax",28000,51998,"4Runner","TRD Pro","2020"
"2700",FALSE,"Toyota 4Runner","Toyota","77,000 miles",46998,"4Runner TRD Pro","2020 Toyota","carmax",77000,46998,"4Runner","TRD Pro","2020"
"2701",FALSE,"Toyota 4Runner","Toyota","81,000 miles",41998,"4Runner TRD Pro","2020 Toyota","carmax",81000,41998,"4Runner","TRD Pro","2020"
"2702",FALSE,"Toyota 4Runner","Toyota","31,000 miles",50998,"4Runner TRD Pro","2020 Toyota","carmax",31000,50998,"4Runner","TRD Pro","2020"
"2703",FALSE,"Toyota 4Runner","Toyota","69,000 miles",45998,"4Runner TRD Pro","2020 Toyota","carmax",69000,45998,"4Runner","TRD Pro","2020"
"2704",FALSE,"Toyota 4Runner","Toyota","92,000 miles",42998,"4Runner TRD Pro","2020 Toyota","carmax",92000,42998,"4Runner","TRD Pro","2020"
"2705",FALSE,"Toyota 4Runner","Toyota","78,000 miles",42998,"4Runner TRD Pro","2020 Toyota","carmax",78000,42998,"4Runner","TRD Pro","2020"
"2706",FALSE,"Toyota 4Runner","Toyota","90,000 miles",34998,"4Runner Venture","2020 Toyota","carmax",90000,34998,"4Runner","Venture","2020"
"2707",FALSE,"Toyota 4Runner","Toyota","58,000 miles",39998,"4Runner Venture","2020 Toyota","carmax",58000,39998,"4Runner","Venture","2020"
"2708",FALSE,"Toyota 4Runner","Toyota","97,000 miles",34998,"4Runner Venture","2020 Toyota","carmax",97000,34998,"4Runner","Venture","2020"
"2709",FALSE,"Toyota Highlander","Toyota","44,000 miles",31998,"Highlander Hybrid LE","2020 Toyota","carmax",44000,31998,"Highlander","Hybrid LE","2020"
"2710",FALSE,"Toyota Highlander","Toyota","49,000 miles",37998,"Highlander Hybrid Limited","2020 Toyota","carmax",49000,37998,"Highlander","Hybrid Limited","2020"
"2711",FALSE,"Toyota Highlander","Toyota","107,000 miles",28998,"Highlander Hybrid Limited","2020 Toyota","carmax",107000,28998,"Highlander","Hybrid Limited","2020"
"2712",FALSE,"Toyota Highlander","Toyota","27,000 miles",41998,"Highlander Hybrid Limited","2020 Toyota","carmax",27000,41998,"Highlander","Hybrid Limited","2020"
"2713",FALSE,"Toyota Highlander","Toyota","48,000 miles",39998,"Highlander Hybrid Platinum","2020 Toyota","carmax",48000,39998,"Highlander","Hybrid Platinum","2020"
"2714",FALSE,"Toyota Highlander","Toyota","57,000 miles",37998,"Highlander Hybrid Platinum","2020 Toyota","carmax",57000,37998,"Highlander","Hybrid Platinum","2020"
"2715",FALSE,"Toyota Highlander","Toyota","51,000 miles",33998,"Highlander Hybrid XLE","2020 Toyota","carmax",51000,33998,"Highlander","Hybrid XLE","2020"
"2716",FALSE,"Toyota Highlander","Toyota","54,000 miles",31998,"Highlander Hybrid XLE","2020 Toyota","carmax",54000,31998,"Highlander","Hybrid XLE","2020"
"2717",FALSE,"Toyota Highlander","Toyota","48,000 miles",28998,"Highlander L","2020 Toyota","carmax",48000,28998,"Highlander","L","2020"
"2718",FALSE,"Toyota Highlander","Toyota","65,000 miles",25998,"Highlander L","2020 Toyota","carmax",65000,25998,"Highlander","L","2020"
"2719",FALSE,"Toyota Highlander","Toyota","34,000 miles",30998,"Highlander LE","2020 Toyota","carmax",34000,30998,"Highlander","LE","2020"
"2720",FALSE,"Toyota Highlander","Toyota","19,000 miles",32998,"Highlander LE","2020 Toyota","carmax",19000,32998,"Highlander","LE","2020"
"2721",FALSE,"Toyota Highlander","Toyota","31,000 miles",29998,"Highlander LE","2020 Toyota","carmax",31000,29998,"Highlander","LE","2020"
"2722",FALSE,"Toyota Highlander","Toyota","40,000 miles",27998,"Highlander LE","2020 Toyota","carmax",40000,27998,"Highlander","LE","2020"
"2723",FALSE,"Toyota Highlander","Toyota","71,000 miles",31998,"Highlander Limited","2020 Toyota","carmax",71000,31998,"Highlander","Limited","2020"
"2724",FALSE,"Toyota Highlander","Toyota","71,000 miles",28998,"Highlander Limited","2020 Toyota","carmax",71000,28998,"Highlander","Limited","2020"
"2725",FALSE,"Toyota Highlander","Toyota","74,000 miles",32998,"Highlander Limited","2020 Toyota","carmax",74000,32998,"Highlander","Limited","2020"
"2726",FALSE,"Toyota Highlander","Toyota","60,000 miles",32998,"Highlander Limited","2020 Toyota","carmax",60000,32998,"Highlander","Limited","2020"
"2727",FALSE,"Toyota Highlander","Toyota","48,000 miles",34998,"Highlander Limited","2020 Toyota","carmax",48000,34998,"Highlander","Limited","2020"
"2728",FALSE,"Toyota Highlander","Toyota","87,000 miles",28998,"Highlander Limited","2020 Toyota","carmax",87000,28998,"Highlander","Limited","2020"
"2729",FALSE,"Toyota Highlander","Toyota","23,000 miles",39998,"Highlander Platinum","2020 Toyota","carmax",23000,39998,"Highlander","Platinum","2020"
"2730",FALSE,"Toyota Highlander","Toyota","65,000 miles",34998,"Highlander Platinum","2020 Toyota","carmax",65000,34998,"Highlander","Platinum","2020"
"2731",FALSE,"Toyota Highlander","Toyota","108,000 miles",26998,"Highlander Platinum","2020 Toyota","carmax",108000,26998,"Highlander","Platinum","2020"
"2732",FALSE,"Toyota Highlander","Toyota","116,000 miles",28998,"Highlander Platinum","2020 Toyota","carmax",116000,28998,"Highlander","Platinum","2020"
"2733",FALSE,"Toyota Highlander","Toyota","51,000 miles",32998,"Highlander XLE","2020 Toyota","carmax",51000,32998,"Highlander","XLE","2020"
"2734",FALSE,"Toyota Highlander","Toyota","36,000 miles",32998,"Highlander XLE","2020 Toyota","carmax",36000,32998,"Highlander","XLE","2020"
"2735",FALSE,"Toyota Highlander","Toyota","60,000 miles",28998,"Highlander XLE","2020 Toyota","carmax",60000,28998,"Highlander","XLE","2020"
"2736",FALSE,"Toyota Highlander","Toyota","54,000 miles",29998,"Highlander XLE","2020 Toyota","carmax",54000,29998,"Highlander","XLE","2020"
"2737",FALSE,"Toyota Highlander","Toyota","86,000 miles",27998,"Highlander XLE","2020 Toyota","carmax",86000,27998,"Highlander","XLE","2020"
"2738",FALSE,"Toyota Highlander","Toyota","54,000 miles",29998,"Highlander XLE","2020 Toyota","carmax",54000,29998,"Highlander","XLE","2020"
"2739",FALSE,"Toyota Highlander","Toyota","46,000 miles",31998,"Highlander XLE","2020 Toyota","carmax",46000,31998,"Highlander","XLE","2020"
"2740",FALSE,"Toyota Highlander","Toyota","59,000 miles",30998,"Highlander XLE","2020 Toyota","carmax",59000,30998,"Highlander","XLE","2020"
"2741",FALSE,"Toyota Highlander","Toyota","108,000 miles",23998,"Highlander XLE","2020 Toyota","carmax",108000,23998,"Highlander","XLE","2020"
"2742",FALSE,"Toyota Highlander","Toyota","77,000 miles",26998,"Highlander XLE","2020 Toyota","carmax",77000,26998,"Highlander","XLE","2020"
"2743",FALSE,"Toyota Highlander","Toyota","46,000 miles",30998,"Highlander XLE","2020 Toyota","carmax",46000,30998,"Highlander","XLE","2020"
"2744",FALSE,"Toyota Highlander","Toyota","30,000 miles",33998,"Highlander XLE","2020 Toyota","carmax",30000,33998,"Highlander","XLE","2020"
"2745",FALSE,"Toyota Highlander","Toyota","38,000 miles",33998,"Highlander XLE","2020 Toyota","carmax",38000,33998,"Highlander","XLE","2020"
"2746",FALSE,"Toyota Sequoia","Toyota","100,000 miles",41998,"Sequoia Platinum","2020 Toyota","carmax",100000,41998,"Sequoia","Platinum","2020"
"2747",FALSE,"Toyota Sequoia","Toyota","81,000 miles",46998,"Sequoia Platinum","2020 Toyota","carmax",81000,46998,"Sequoia","Platinum","2020"
"2748",FALSE,"Toyota Sequoia","Toyota","26,000 miles",53998,"Sequoia SR5","2020 Toyota","carmax",26000,53998,"Sequoia","SR5","2020"
"2749",TRUE,"Cadillac Escalade","Cadillac","56,000 miles",62998,"Escalade ESV Premium Luxury","2021 Cadillac","carmax",56000,62998,"Escalade","Premium Luxury","2021"
"2750",TRUE,"Cadillac Escalade","Cadillac","26,000 miles",70998,"Escalade ESV Premium Luxury","2021 Cadillac","carmax",26000,70998,"Escalade","Premium Luxury","2021"
"2751",TRUE,"Cadillac Escalade","Cadillac","58,000 miles",62998,"Escalade ESV Premium Luxury","2021 Cadillac","carmax",58000,62998,"Escalade","Premium Luxury","2021"
"2752",TRUE,"Cadillac Escalade","Cadillac","54,000 miles",63998,"Escalade ESV Premium Luxury","2021 Cadillac","carmax",54000,63998,"Escalade","Premium Luxury","2021"
"2753",TRUE,"Cadillac Escalade","Cadillac","25,000 miles",70998,"Escalade ESV Premium Luxury","2021 Cadillac","carmax",25000,70998,"Escalade","Premium Luxury","2021"
"2754",TRUE,"Cadillac Escalade","Cadillac","22,000 miles",72998,"Escalade ESV Premium Luxury Platinum","2021 Cadillac","carmax",22000,72998,"Escalade","Premium Luxury Platinum","2021"
"2755",TRUE,"Cadillac Escalade","Cadillac","49,000 miles",67998,"Escalade ESV Premium Luxury Platinum","2021 Cadillac","carmax",49000,67998,"Escalade","Premium Luxury Platinum","2021"
"2756",TRUE,"Cadillac Escalade","Cadillac","31,000 miles",70998,"Escalade ESV Premium Luxury Platinum","2021 Cadillac","carmax",31000,70998,"Escalade","Premium Luxury Platinum","2021"
"2757",TRUE,"Cadillac Escalade","Cadillac","40,000 miles",69998,"Escalade ESV Sport","2021 Cadillac","carmax",40000,69998,"Escalade","Sport","2021"
"2758",TRUE,"Cadillac Escalade","Cadillac","54,000 miles",64998,"Escalade ESV Sport","2021 Cadillac","carmax",54000,64998,"Escalade","Sport","2021"
"2759",TRUE,"Cadillac Escalade","Cadillac","26,000 miles",68998,"Escalade ESV Sport","2021 Cadillac","carmax",26000,68998,"Escalade","Sport","2021"
"2760",TRUE,"Cadillac Escalade","Cadillac","34,000 miles",75998,"Escalade ESV Sport Platinum","2021 Cadillac","carmax",34000,75998,"Escalade","Sport Platinum","2021"
"2761",TRUE,"Cadillac Escalade","Cadillac","54,000 miles",68998,"Escalade ESV Sport Platinum","2021 Cadillac","carmax",54000,68998,"Escalade","Sport Platinum","2021"
"2762",TRUE,"Cadillac Escalade","Cadillac","26,000 miles",77998,"Escalade ESV Sport Platinum","2021 Cadillac","carmax",26000,77998,"Escalade","Sport Platinum","2021"
"2763",TRUE,"Cadillac Escalade","Cadillac","31,000 miles",59998,"Escalade Luxury","2021 Cadillac","carmax",31000,59998,"Escalade","Luxury","2021"
"2764",TRUE,"Cadillac Escalade","Cadillac","42,000 miles",65998,"Escalade Premium Luxury","2021 Cadillac","carmax",42000,65998,"Escalade","Premium Luxury","2021"
"2765",TRUE,"Cadillac Escalade","Cadillac","40,000 miles",69998,"Escalade Premium Luxury Platinum","2021 Cadillac","carmax",40000,69998,"Escalade","Premium Luxury Platinum","2021"
"2766",TRUE,"Cadillac Escalade","Cadillac","48,000 miles",65998,"Escalade Sport","2021 Cadillac","carmax",48000,65998,"Escalade","Sport","2021"
"2767",TRUE,"Cadillac Escalade","Cadillac","54,000 miles",66998,"Escalade Sport","2021 Cadillac","carmax",54000,66998,"Escalade","Sport","2021"
"2768",TRUE,"Cadillac Escalade","Cadillac","46,000 miles",68998,"Escalade Sport","2021 Cadillac","carmax",46000,68998,"Escalade","Sport","2021"
"2769",TRUE,"Cadillac Escalade","Cadillac","50,000 miles",67998,"Escalade Sport","2021 Cadillac","carmax",50000,67998,"Escalade","Sport","2021"
"2770",TRUE,"Cadillac Escalade","Cadillac","55,000 miles",67998,"Escalade Sport","2021 Cadillac","carmax",55000,67998,"Escalade","Sport","2021"
"2771",TRUE,"Cadillac Escalade","Cadillac","56,000 miles",60998,"Escalade Sport","2021 Cadillac","carmax",56000,60998,"Escalade","Sport","2021"
"2772",TRUE,"Cadillac Escalade","Cadillac","44,000 miles",65998,"Escalade Sport","2021 Cadillac","carmax",44000,65998,"Escalade","Sport","2021"
"2773",TRUE,"Cadillac Escalade","Cadillac","53,000 miles",66998,"Escalade Sport Platinum","2021 Cadillac","carmax",53000,66998,"Escalade","Sport Platinum","2021"
"2774",TRUE,"Cadillac Escalade","Cadillac","42,000 miles",71998,"Escalade Sport Platinum","2021 Cadillac","carmax",42000,71998,"Escalade","Sport Platinum","2021"
"2775",TRUE,"Chevrolet Suburban 1500","Chevrolet","42,000 miles",58998,"Suburban 1500 High Country","2021 Chevrolet","carmax",42000,58998,"Suburban 1500","High Country","2021"
"2776",TRUE,"Chevrolet Suburban 1500","Chevrolet","27,000 miles",62998,"Suburban 1500 High Country","2021 Chevrolet","carmax",27000,62998,"Suburban 1500","High Country","2021"
"2777",TRUE,"Chevrolet Suburban 1500","Chevrolet","55,000 miles",57998,"Suburban 1500 High Country","2021 Chevrolet","carmax",55000,57998,"Suburban 1500","High Country","2021"
"2778",TRUE,"Chevrolet Suburban 1500","Chevrolet","52,000 miles",57998,"Suburban 1500 High Country","2021 Chevrolet","carmax",52000,57998,"Suburban 1500","High Country","2021"
"2779",TRUE,"Chevrolet Suburban 1500","Chevrolet","15,000 miles",51998,"Suburban 1500 LS","2021 Chevrolet","carmax",15000,51998,"Suburban 1500","LS","2021"
"2780",TRUE,"Chevrolet Suburban 1500","Chevrolet","25,000 miles",47998,"Suburban 1500 LS","2021 Chevrolet","carmax",25000,47998,"Suburban 1500","LS","2021"
"2781",TRUE,"Chevrolet Suburban 1500","Chevrolet","39,000 miles",53998,"Suburban 1500 LT","2021 Chevrolet","carmax",39000,53998,"Suburban 1500","LT","2021"
"2782",TRUE,"Chevrolet Suburban 1500","Chevrolet","41,000 miles",49998,"Suburban 1500 LT","2021 Chevrolet","carmax",41000,49998,"Suburban 1500","LT","2021"
"2783",TRUE,"Chevrolet Suburban 1500","Chevrolet","55,000 miles",47998,"Suburban 1500 LT","2021 Chevrolet","carmax",55000,47998,"Suburban 1500","LT","2021"
"2784",TRUE,"Chevrolet Suburban 1500","Chevrolet","70,000 miles",44998,"Suburban 1500 LT","2021 Chevrolet","carmax",70000,44998,"Suburban 1500","LT","2021"
"2785",TRUE,"Chevrolet Suburban 1500","Chevrolet","59,000 miles",48998,"Suburban 1500 LT","2021 Chevrolet","carmax",59000,48998,"Suburban 1500","LT","2021"
"2786",TRUE,"Chevrolet Suburban 1500","Chevrolet","28,000 miles",54998,"Suburban 1500 LT","2021 Chevrolet","carmax",28000,54998,"Suburban 1500","LT","2021"
"2787",TRUE,"Chevrolet Suburban 1500","Chevrolet","52,000 miles",47998,"Suburban 1500 Premier","2021 Chevrolet","carmax",52000,47998,"Suburban 1500","Premier","2021"
"2788",TRUE,"Chevrolet Suburban 1500","Chevrolet","63,000 miles",48998,"Suburban 1500 RST","2021 Chevrolet","carmax",63000,48998,"Suburban 1500","RST","2021"
"2789",TRUE,"Chevrolet Suburban 1500","Chevrolet","46,000 miles",54998,"Suburban 1500 RST","2021 Chevrolet","carmax",46000,54998,"Suburban 1500","RST","2021"
"2790",TRUE,"Chevrolet Suburban 1500","Chevrolet","41,000 miles",60998,"Suburban 1500 Z71","2021 Chevrolet","carmax",41000,60998,"Suburban 1500","Z71","2021"
"2791",TRUE,"Chevrolet Suburban 1500","Chevrolet","58,000 miles",53998,"Suburban 1500 Z71","2021 Chevrolet","carmax",58000,53998,"Suburban 1500","Z71","2021"
"2792",TRUE,"Chevrolet Suburban 1500","Chevrolet","30,000 miles",60998,"Suburban 1500 Z71","2021 Chevrolet","carmax",30000,60998,"Suburban 1500","Z71","2021"
"2793",TRUE,"Chevrolet Suburban 1500","Chevrolet","36,000 miles",57998,"Suburban 1500 Z71","2021 Chevrolet","carmax",36000,57998,"Suburban 1500","Z71","2021"
"2794",TRUE,"Chevrolet Suburban 1500","Chevrolet","33,000 miles",59998,"Suburban 1500 Z71","2021 Chevrolet","carmax",33000,59998,"Suburban 1500","Z71","2021"
"2795",TRUE,"Chevrolet Tahoe","Chevrolet","57,000 miles",56998,"Tahoe High Country","2021 Chevrolet","carmax",57000,56998,"Tahoe","High Country","2021"
"2796",TRUE,"Chevrolet Tahoe","Chevrolet","34,000 miles",53998,"Tahoe High Country","2021 Chevrolet","carmax",34000,53998,"Tahoe","High Country","2021"
"2797",TRUE,"Chevrolet Tahoe","Chevrolet","63,000 miles",47998,"Tahoe High Country","2021 Chevrolet","carmax",63000,47998,"Tahoe","High Country","2021"
"2798",TRUE,"Chevrolet Tahoe","Chevrolet","87,000 miles",46998,"Tahoe High Country","2021 Chevrolet","carmax",87000,46998,"Tahoe","High Country","2021"
"2799",TRUE,"Chevrolet Tahoe","Chevrolet","104,000 miles",42998,"Tahoe High Country","2021 Chevrolet","carmax",104000,42998,"Tahoe","High Country","2021"
"2800",TRUE,"Chevrolet Tahoe","Chevrolet","56,000 miles",49998,"Tahoe High Country","2021 Chevrolet","carmax",56000,49998,"Tahoe","High Country","2021"
"2801",TRUE,"Chevrolet Tahoe","Chevrolet","21,000 miles",59998,"Tahoe High Country","2021 Chevrolet","carmax",21000,59998,"Tahoe","High Country","2021"
"2802",TRUE,"Chevrolet Tahoe","Chevrolet","39,000 miles",56998,"Tahoe High Country","2021 Chevrolet","carmax",39000,56998,"Tahoe","High Country","2021"
"2803",TRUE,"Chevrolet Tahoe","Chevrolet","59,000 miles",49998,"Tahoe High Country","2021 Chevrolet","carmax",59000,49998,"Tahoe","High Country","2021"
"2804",TRUE,"Chevrolet Tahoe","Chevrolet","86,000 miles",45998,"Tahoe High Country","2021 Chevrolet","carmax",86000,45998,"Tahoe","High Country","2021"
"2805",TRUE,"Chevrolet Tahoe","Chevrolet","54,000 miles",53998,"Tahoe High Country","2021 Chevrolet","carmax",54000,53998,"Tahoe","High Country","2021"
"2806",TRUE,"Chevrolet Tahoe","Chevrolet","71,000 miles",39998,"Tahoe LS","2021 Chevrolet","carmax",71000,39998,"Tahoe","LS","2021"
"2807",TRUE,"Chevrolet Tahoe","Chevrolet","71,000 miles",38998,"Tahoe LS","2021 Chevrolet","carmax",71000,38998,"Tahoe","LS","2021"
"2808",TRUE,"Chevrolet Tahoe","Chevrolet","88,000 miles",43998,"Tahoe LT","2021 Chevrolet","carmax",88000,43998,"Tahoe","LT","2021"
"2809",TRUE,"Chevrolet Tahoe","Chevrolet","60,000 miles",44998,"Tahoe LT","2021 Chevrolet","carmax",60000,44998,"Tahoe","LT","2021"
"2810",TRUE,"Chevrolet Tahoe","Chevrolet","30,000 miles",49998,"Tahoe LT","2021 Chevrolet","carmax",30000,49998,"Tahoe","LT","2021"
"2811",TRUE,"Chevrolet Tahoe","Chevrolet","82,000 miles",41998,"Tahoe LT","2021 Chevrolet","carmax",82000,41998,"Tahoe","LT","2021"
"2812",TRUE,"Chevrolet Tahoe","Chevrolet","61,000 miles",42998,"Tahoe LT","2021 Chevrolet","carmax",61000,42998,"Tahoe","LT","2021"
"2813",TRUE,"Chevrolet Tahoe","Chevrolet","43,000 miles",50998,"Tahoe LT","2021 Chevrolet","carmax",43000,50998,"Tahoe","LT","2021"
"2814",TRUE,"Chevrolet Tahoe","Chevrolet","52,000 miles",48998,"Tahoe LT","2021 Chevrolet","carmax",52000,48998,"Tahoe","LT","2021"
"2815",TRUE,"Chevrolet Tahoe","Chevrolet","36,000 miles",51998,"Tahoe LT","2021 Chevrolet","carmax",36000,51998,"Tahoe","LT","2021"
"2816",TRUE,"Chevrolet Tahoe","Chevrolet","50,000 miles",48998,"Tahoe LT","2021 Chevrolet","carmax",50000,48998,"Tahoe","LT","2021"
"2817",TRUE,"Chevrolet Tahoe","Chevrolet","39,000 miles",48998,"Tahoe LT","2021 Chevrolet","carmax",39000,48998,"Tahoe","LT","2021"
"2818",TRUE,"Chevrolet Tahoe","Chevrolet","40,000 miles",49998,"Tahoe LT","2021 Chevrolet","carmax",40000,49998,"Tahoe","LT","2021"
"2819",TRUE,"Chevrolet Tahoe","Chevrolet","50,000 miles",46998,"Tahoe LT","2021 Chevrolet","carmax",50000,46998,"Tahoe","LT","2021"
"2820",TRUE,"Chevrolet Tahoe","Chevrolet","58,000 miles",47998,"Tahoe LT","2021 Chevrolet","carmax",58000,47998,"Tahoe","LT","2021"
"2821",TRUE,"Chevrolet Tahoe","Chevrolet","58,000 miles",43998,"Tahoe LT","2021 Chevrolet","carmax",58000,43998,"Tahoe","LT","2021"
"2822",TRUE,"Chevrolet Tahoe","Chevrolet","77,000 miles",44998,"Tahoe LT","2021 Chevrolet","carmax",77000,44998,"Tahoe","LT","2021"
"2823",TRUE,"Chevrolet Tahoe","Chevrolet","35,000 miles",51998,"Tahoe LT","2021 Chevrolet","carmax",35000,51998,"Tahoe","LT","2021"
"2824",TRUE,"Chevrolet Tahoe","Chevrolet","19,000 miles",53998,"Tahoe LT","2021 Chevrolet","carmax",19000,53998,"Tahoe","LT","2021"
"2825",TRUE,"Chevrolet Tahoe","Chevrolet","96,000 miles",36998,"Tahoe LT","2021 Chevrolet","carmax",96000,36998,"Tahoe","LT","2021"
"2826",TRUE,"Chevrolet Tahoe","Chevrolet","74,000 miles",43998,"Tahoe LT","2021 Chevrolet","carmax",74000,43998,"Tahoe","LT","2021"
"2827",TRUE,"Chevrolet Tahoe","Chevrolet","65,000 miles",44998,"Tahoe LT","2021 Chevrolet","carmax",65000,44998,"Tahoe","LT","2021"
"2828",TRUE,"Chevrolet Tahoe","Chevrolet","51,000 miles",48998,"Tahoe LT","2021 Chevrolet","carmax",51000,48998,"Tahoe","LT","2021"
"2829",TRUE,"Chevrolet Tahoe","Chevrolet","82,000 miles",41998,"Tahoe LT","2021 Chevrolet","carmax",82000,41998,"Tahoe","LT","2021"
"2830",TRUE,"Chevrolet Tahoe","Chevrolet","83,000 miles",40998,"Tahoe LT","2021 Chevrolet","carmax",83000,40998,"Tahoe","LT","2021"
"2831",TRUE,"Chevrolet Tahoe","Chevrolet","79,000 miles",46998,"Tahoe Premier","2021 Chevrolet","carmax",79000,46998,"Tahoe","Premier","2021"
"2832",TRUE,"Chevrolet Tahoe","Chevrolet","66,000 miles",45998,"Tahoe Premier","2021 Chevrolet","carmax",66000,45998,"Tahoe","Premier","2021"
"2833",TRUE,"Chevrolet Tahoe","Chevrolet","51,000 miles",55998,"Tahoe Premier","2021 Chevrolet","carmax",51000,55998,"Tahoe","Premier","2021"
"2834",TRUE,"Chevrolet Tahoe","Chevrolet","89,000 miles",45998,"Tahoe Premier","2021 Chevrolet","carmax",89000,45998,"Tahoe","Premier","2021"
"2835",TRUE,"Chevrolet Tahoe","Chevrolet","55,000 miles",51998,"Tahoe Premier","2021 Chevrolet","carmax",55000,51998,"Tahoe","Premier","2021"
"2836",TRUE,"Chevrolet Tahoe","Chevrolet","84,000 miles",46998,"Tahoe Premier","2021 Chevrolet","carmax",84000,46998,"Tahoe","Premier","2021"
"2837",TRUE,"Chevrolet Tahoe","Chevrolet","49,000 miles",48998,"Tahoe Premier","2021 Chevrolet","carmax",49000,48998,"Tahoe","Premier","2021"
"2838",TRUE,"Chevrolet Tahoe","Chevrolet","43,000 miles",55998,"Tahoe RST","2021 Chevrolet","carmax",43000,55998,"Tahoe","RST","2021"
"2839",TRUE,"Chevrolet Tahoe","Chevrolet","57,000 miles",54998,"Tahoe RST","2021 Chevrolet","carmax",57000,54998,"Tahoe","RST","2021"
"2840",TRUE,"Chevrolet Tahoe","Chevrolet","68,000 miles",45998,"Tahoe RST","2021 Chevrolet","carmax",68000,45998,"Tahoe","RST","2021"
"2841",TRUE,"Chevrolet Tahoe","Chevrolet","45,000 miles",53998,"Tahoe RST","2021 Chevrolet","carmax",45000,53998,"Tahoe","RST","2021"
"2842",TRUE,"Chevrolet Tahoe","Chevrolet","55,000 miles",56998,"Tahoe RST","2021 Chevrolet","carmax",55000,56998,"Tahoe","RST","2021"
"2843",TRUE,"Chevrolet Tahoe","Chevrolet","80,000 miles",44998,"Tahoe RST","2021 Chevrolet","carmax",80000,44998,"Tahoe","RST","2021"
"2844",TRUE,"Chevrolet Tahoe","Chevrolet","62,000 miles",48998,"Tahoe RST","2021 Chevrolet","carmax",62000,48998,"Tahoe","RST","2021"
"2845",TRUE,"Chevrolet Tahoe","Chevrolet","55,000 miles",51998,"Tahoe RST","2021 Chevrolet","carmax",55000,51998,"Tahoe","RST","2021"
"2846",TRUE,"Chevrolet Tahoe","Chevrolet","44,000 miles",56998,"Tahoe Z71","2021 Chevrolet","carmax",44000,56998,"Tahoe","Z71","2021"
"2847",TRUE,"Chevrolet Tahoe","Chevrolet","55,000 miles",55998,"Tahoe Z71","2021 Chevrolet","carmax",55000,55998,"Tahoe","Z71","2021"
"2848",TRUE,"Chevrolet Tahoe","Chevrolet","43,000 miles",56998,"Tahoe Z71","2021 Chevrolet","carmax",43000,56998,"Tahoe","Z71","2021"
"2849",TRUE,"Chevrolet Tahoe","Chevrolet","45,000 miles",57998,"Tahoe Z71","2021 Chevrolet","carmax",45000,57998,"Tahoe","Z71","2021"
"2850",TRUE,"Chevrolet Tahoe","Chevrolet","41,000 miles",55998,"Tahoe Z71","2021 Chevrolet","carmax",41000,55998,"Tahoe","Z71","2021"
"2851",TRUE,"Chevrolet Tahoe","Chevrolet","26,000 miles",58998,"Tahoe Z71","2021 Chevrolet","carmax",26000,58998,"Tahoe","Z71","2021"
"2852",TRUE,"Chevrolet Tahoe","Chevrolet","71,000 miles",49998,"Tahoe Z71","2021 Chevrolet","carmax",71000,49998,"Tahoe","Z71","2021"
"2853",TRUE,"Chevrolet Tahoe","Chevrolet","80,000 miles",49998,"Tahoe Z71","2021 Chevrolet","carmax",80000,49998,"Tahoe","Z71","2021"
"2854",TRUE,"Chevrolet Tahoe","Chevrolet","49,000 miles",51998,"Tahoe Z71","2021 Chevrolet","carmax",49000,51998,"Tahoe","Z71","2021"
"2855",TRUE,"Chevrolet Tahoe","Chevrolet","37,000 miles",58998,"Tahoe Z71","2021 Chevrolet","carmax",37000,58998,"Tahoe","Z71","2021"
"2856",TRUE,"Chevrolet Tahoe","Chevrolet","103,000 miles",39998,"Tahoe Z71","2021 Chevrolet","carmax",103000,39998,"Tahoe","Z71","2021"
"2857",TRUE,"Chevrolet Tahoe","Chevrolet","65,000 miles",49998,"Tahoe Z71","2021 Chevrolet","carmax",65000,49998,"Tahoe","Z71","2021"
"2858",TRUE,"Chevrolet Tahoe","Chevrolet","75,000 miles",47998,"Tahoe Z71","2021 Chevrolet","carmax",75000,47998,"Tahoe","Z71","2021"
"2859",TRUE,"Chevrolet Tahoe","Chevrolet","26,000 miles",57998,"Tahoe Z71","2021 Chevrolet","carmax",26000,57998,"Tahoe","Z71","2021"
"2860",TRUE,"Chevrolet Tahoe","Chevrolet","44,000 miles",56998,"Tahoe Z71","2021 Chevrolet","carmax",44000,56998,"Tahoe","Z71","2021"
"2861",TRUE,"Chevrolet Tahoe","Chevrolet","56,000 miles",51998,"Tahoe Z71","2021 Chevrolet","carmax",56000,51998,"Tahoe","Z71","2021"
"2862",TRUE,"Chevrolet Tahoe","Chevrolet","54,000 miles",55998,"Tahoe Z71","2021 Chevrolet","carmax",54000,55998,"Tahoe","Z71","2021"
"2863",TRUE,"Chevrolet Tahoe","Chevrolet","60,000 miles",54998,"Tahoe Z71","2021 Chevrolet","carmax",60000,54998,"Tahoe","Z71","2021"
"2864",TRUE,"Chevrolet Tahoe","Chevrolet","85,000 miles",48998,"Tahoe Z71","2021 Chevrolet","carmax",85000,48998,"Tahoe","Z71","2021"
"2865",TRUE,"GMC Yukon","GMC","81,000 miles",50998,"Yukon AT4","2021 GMC","carmax",81000,50998,"Yukon","AT4","2021"
"2866",TRUE,"GMC Yukon","GMC","68,000 miles",48998,"Yukon AT4","2021 GMC","carmax",68000,48998,"Yukon","AT4","2021"
"2867",TRUE,"GMC Yukon","GMC","87,000 miles",49998,"Yukon Denali","2021 GMC","carmax",87000,49998,"Yukon","Denali","2021"
"2868",TRUE,"GMC Yukon","GMC","90,000 miles",50998,"Yukon Denali","2021 GMC","carmax",90000,50998,"Yukon","Denali","2021"
"2869",TRUE,"GMC Yukon","GMC","38,000 miles",56998,"Yukon Denali","2021 GMC","carmax",38000,56998,"Yukon","Denali","2021"
"2870",TRUE,"GMC Yukon","GMC","74,000 miles",48998,"Yukon Denali","2021 GMC","carmax",74000,48998,"Yukon","Denali","2021"
"2871",TRUE,"GMC Yukon","GMC","12,000 miles",67998,"Yukon Denali","2021 GMC","carmax",12000,67998,"Yukon","Denali","2021"
"2872",TRUE,"GMC Yukon","GMC","82,000 miles",52998,"Yukon Denali","2021 GMC","carmax",82000,52998,"Yukon","Denali","2021"
"2873",TRUE,"GMC Yukon","GMC","72,000 miles",50998,"Yukon Denali","2021 GMC","carmax",72000,50998,"Yukon","Denali","2021"
"2874",TRUE,"GMC Yukon","GMC","51,000 miles",57998,"Yukon Denali","2021 GMC","carmax",51000,57998,"Yukon","Denali","2021"
"2875",TRUE,"GMC Yukon","GMC","63,000 miles",58998,"Yukon Denali","2021 GMC","carmax",63000,58998,"Yukon","Denali","2021"
"2876",TRUE,"GMC Yukon","GMC","59,000 miles",56998,"Yukon Denali","2021 GMC","carmax",59000,56998,"Yukon","Denali","2021"
"2877",TRUE,"GMC Yukon","GMC","62,000 miles",51998,"Yukon Denali","2021 GMC","carmax",62000,51998,"Yukon","Denali","2021"
"2878",TRUE,"GMC Yukon","GMC","38,000 miles",61998,"Yukon Denali","2021 GMC","carmax",38000,61998,"Yukon","Denali","2021"
"2879",TRUE,"GMC Yukon","GMC","43,000 miles",55998,"Yukon Denali","2021 GMC","carmax",43000,55998,"Yukon","Denali","2021"
"2880",TRUE,"GMC Yukon","GMC","42,000 miles",58998,"Yukon Denali","2021 GMC","carmax",42000,58998,"Yukon","Denali","2021"
"2881",TRUE,"GMC Yukon","GMC","85,000 miles",52998,"Yukon Denali","2021 GMC","carmax",85000,52998,"Yukon","Denali","2021"
"2882",TRUE,"GMC Yukon","GMC","69,000 miles",52998,"Yukon Denali","2021 GMC","carmax",69000,52998,"Yukon","Denali","2021"
"2883",TRUE,"GMC Yukon","GMC","48,000 miles",58998,"Yukon Denali","2021 GMC","carmax",48000,58998,"Yukon","Denali","2021"
"2884",TRUE,"GMC Yukon","GMC","60,000 miles",52998,"Yukon Denali","2021 GMC","carmax",60000,52998,"Yukon","Denali","2021"
"2885",TRUE,"GMC Yukon","GMC","69,000 miles",49998,"Yukon Denali","2021 GMC","carmax",69000,49998,"Yukon","Denali","2021"
"2886",TRUE,"GMC Yukon","GMC","58,000 miles",55998,"Yukon Denali","2021 GMC","carmax",58000,55998,"Yukon","Denali","2021"
"2887",TRUE,"GMC Yukon","GMC","66,000 miles",54998,"Yukon Denali","2021 GMC","carmax",66000,54998,"Yukon","Denali","2021"
"2888",TRUE,"GMC Yukon","GMC","45,000 miles",59998,"Yukon Denali","2021 GMC","carmax",45000,59998,"Yukon","Denali","2021"
"2889",TRUE,"GMC Yukon","GMC","29,000 miles",44998,"Yukon SLE","2021 GMC","carmax",29000,44998,"Yukon","SLE","2021"
"2890",TRUE,"GMC Yukon","GMC","27,000 miles",47998,"Yukon SLE","2021 GMC","carmax",27000,47998,"Yukon","SLE","2021"
"2891",TRUE,"GMC Yukon","GMC","48,000 miles",46998,"Yukon SLT","2021 GMC","carmax",48000,46998,"Yukon","SLT","2021"
"2892",TRUE,"GMC Yukon","GMC","65,000 miles",46998,"Yukon SLT","2021 GMC","carmax",65000,46998,"Yukon","SLT","2021"
"2893",TRUE,"GMC Yukon","GMC","42,000 miles",50998,"Yukon SLT","2021 GMC","carmax",42000,50998,"Yukon","SLT","2021"
"2894",TRUE,"GMC Yukon","GMC","86,000 miles",41998,"Yukon SLT","2021 GMC","carmax",86000,41998,"Yukon","SLT","2021"
"2895",TRUE,"GMC Yukon","GMC","49,000 miles",51998,"Yukon SLT","2021 GMC","carmax",49000,51998,"Yukon","SLT","2021"
"2896",TRUE,"GMC Yukon","GMC","56,000 miles",48998,"Yukon SLT","2021 GMC","carmax",56000,48998,"Yukon","SLT","2021"
"2897",TRUE,"GMC Yukon","GMC","85,000 miles",46998,"Yukon SLT","2021 GMC","carmax",85000,46998,"Yukon","SLT","2021"
"2898",TRUE,"GMC Yukon","GMC","55,000 miles",48998,"Yukon SLT","2021 GMC","carmax",55000,48998,"Yukon","SLT","2021"
"2899",TRUE,"GMC Yukon XL 1500","GMC","53,000 miles",56998,"Yukon XL 1500 AT4","2021 GMC","carmax",53000,56998,"Yukon XL 1500","AT4","2021"
"2900",TRUE,"GMC Yukon XL 1500","GMC","44,000 miles",60998,"Yukon XL 1500 Denali","2021 GMC","carmax",44000,60998,"Yukon XL 1500","Denali","2021"
"2901",TRUE,"GMC Yukon XL 1500","GMC","25,000 miles",59998,"Yukon XL 1500 Denali","2021 GMC","carmax",25000,59998,"Yukon XL 1500","Denali","2021"
"2902",TRUE,"GMC Yukon XL 1500","GMC","53,000 miles",57998,"Yukon XL 1500 Denali","2021 GMC","carmax",53000,57998,"Yukon XL 1500","Denali","2021"
"2903",TRUE,"GMC Yukon XL 1500","GMC","45,000 miles",64998,"Yukon XL 1500 Denali","2021 GMC","carmax",45000,64998,"Yukon XL 1500","Denali","2021"
"2904",TRUE,"GMC Yukon XL 1500","GMC","46,000 miles",56998,"Yukon XL 1500 Denali","2021 GMC","carmax",46000,56998,"Yukon XL 1500","Denali","2021"
"2905",TRUE,"GMC Yukon XL 1500","GMC","68,000 miles",52998,"Yukon XL 1500 Denali","2021 GMC","carmax",68000,52998,"Yukon XL 1500","Denali","2021"
"2906",TRUE,"GMC Yukon XL 1500","GMC","35,000 miles",61998,"Yukon XL 1500 Denali","2021 GMC","carmax",35000,61998,"Yukon XL 1500","Denali","2021"
"2907",TRUE,"GMC Yukon XL 1500","GMC","45,000 miles",52998,"Yukon XL 1500 SLT","2021 GMC","carmax",45000,52998,"Yukon XL 1500","SLT","2021"
"2908",FALSE,"Lexus LC 500","Lexus","10,000 miles",80998,"LC 500","2021 Lexus","carmax",10000,80998,"LC 500","","2021"
"2909",FALSE,"Lexus LC 500","Lexus","21,000 miles",74998,"LC 500","2021 Lexus","carmax",21000,74998,"LC 500","","2021"
"2910",FALSE,"Lexus LS 500","Lexus","84,000 miles",41998,"LS 500","2021 Lexus","carmax",84000,41998,"LS 500","","2021"
"2911",FALSE,"Lexus LS 500","Lexus","63,000 miles",49998,"LS 500","2021 Lexus","carmax",63000,49998,"LS 500","","2021"
"2912",FALSE,"Lexus LX 570","Lexus","60,000 miles",67998,"LX 570","2021 Lexus","carmax",60000,67998,"LX 570","","2021"
"2913",FALSE,"Lexus LX 570","Lexus","63,000 miles",64998,"LX 570","2021 Lexus","carmax",63000,64998,"LX 570","","2021"
"2914",FALSE,"Lexus LX 570","Lexus","48,000 miles",73998,"LX 570","2021 Lexus","carmax",48000,73998,"LX 570","","2021"
"2915",FALSE,"Lexus RC F","Lexus","40,000 miles",56998,"RC F","2021 Lexus","carmax",40000,56998,"RC F","","2021"
"2916",FALSE,"Toyota 4Runner","Toyota","49,000 miles",39998,"4Runner Limited","2021 Toyota","carmax",49000,39998,"4Runner","Limited","2021"
"2917",FALSE,"Toyota 4Runner","Toyota","105,000 miles",31998,"4Runner Limited","2021 Toyota","carmax",105000,31998,"4Runner","Limited","2021"
"2918",FALSE,"Toyota 4Runner","Toyota","39,000 miles",43998,"4Runner Limited","2021 Toyota","carmax",39000,43998,"4Runner","Limited","2021"
"2919",FALSE,"Toyota 4Runner","Toyota","96,000 miles",31998,"4Runner Limited","2021 Toyota","carmax",96000,31998,"4Runner","Limited","2021"
"2920",FALSE,"Toyota 4Runner","Toyota","52,000 miles",37998,"4Runner Limited","2021 Toyota","carmax",52000,37998,"4Runner","Limited","2021"
"2921",FALSE,"Toyota 4Runner","Toyota","40,000 miles",42998,"4Runner Limited","2021 Toyota","carmax",40000,42998,"4Runner","Limited","2021"
"2922",FALSE,"Toyota 4Runner","Toyota","85,000 miles",35998,"4Runner Limited","2021 Toyota","carmax",85000,35998,"4Runner","Limited","2021"
"2923",FALSE,"Toyota 4Runner","Toyota","68,000 miles",38998,"4Runner Limited","2021 Toyota","carmax",68000,38998,"4Runner","Limited","2021"
"2924",FALSE,"Toyota 4Runner","Toyota","67,000 miles",36998,"4Runner SR5","2021 Toyota","carmax",67000,36998,"4Runner","SR5","2021"
"2925",FALSE,"Toyota 4Runner","Toyota","74,000 miles",33998,"4Runner SR5","2021 Toyota","carmax",74000,33998,"4Runner","SR5","2021"
"2926",FALSE,"Toyota 4Runner","Toyota","79,000 miles",31998,"4Runner SR5","2021 Toyota","carmax",79000,31998,"4Runner","SR5","2021"
"2927",FALSE,"Toyota 4Runner","Toyota","74,000 miles",33998,"4Runner SR5","2021 Toyota","carmax",74000,33998,"4Runner","SR5","2021"
"2928",FALSE,"Toyota 4Runner","Toyota","119,000 miles",28998,"4Runner SR5","2021 Toyota","carmax",119000,28998,"4Runner","SR5","2021"
"2929",FALSE,"Toyota 4Runner","Toyota","98,000 miles",29998,"4Runner SR5","2021 Toyota","carmax",98000,29998,"4Runner","SR5","2021"
"2930",FALSE,"Toyota 4Runner","Toyota","55,000 miles",34998,"4Runner SR5","2021 Toyota","carmax",55000,34998,"4Runner","SR5","2021"
"2931",FALSE,"Toyota 4Runner","Toyota","72,000 miles",29998,"4Runner SR5","2021 Toyota","carmax",72000,29998,"4Runner","SR5","2021"
"2932",FALSE,"Toyota 4Runner","Toyota","91,000 miles",28998,"4Runner SR5","2021 Toyota","carmax",91000,28998,"4Runner","SR5","2021"
"2933",FALSE,"Toyota 4Runner","Toyota","72,000 miles",29998,"4Runner SR5","2021 Toyota","carmax",72000,29998,"4Runner","SR5","2021"
"2934",FALSE,"Toyota 4Runner","Toyota","80,000 miles",31998,"4Runner SR5","2021 Toyota","carmax",80000,31998,"4Runner","SR5","2021"
"2935",FALSE,"Toyota 4Runner","Toyota","46,000 miles",41998,"4Runner SR5 Premium","2021 Toyota","carmax",46000,41998,"4Runner","SR5 Premium","2021"
"2936",FALSE,"Toyota 4Runner","Toyota","45,000 miles",41998,"4Runner SR5 Premium","2021 Toyota","carmax",45000,41998,"4Runner","SR5 Premium","2021"
"2937",FALSE,"Toyota 4Runner","Toyota","46,000 miles",40998,"4Runner SR5 Premium","2021 Toyota","carmax",46000,40998,"4Runner","SR5 Premium","2021"
"2938",FALSE,"Toyota 4Runner","Toyota","73,000 miles",33998,"4Runner SR5 Premium","2021 Toyota","carmax",73000,33998,"4Runner","SR5 Premium","2021"
"2939",FALSE,"Toyota 4Runner","Toyota","41,000 miles",37998,"4Runner SR5 Premium","2021 Toyota","carmax",41000,37998,"4Runner","SR5 Premium","2021"
"2940",FALSE,"Toyota 4Runner","Toyota","69,000 miles",36998,"4Runner SR5 Premium","2021 Toyota","carmax",69000,36998,"4Runner","SR5 Premium","2021"
"2941",FALSE,"Toyota 4Runner","Toyota","48,000 miles",41998,"4Runner SR5 Premium","2021 Toyota","carmax",48000,41998,"4Runner","SR5 Premium","2021"
"2942",FALSE,"Toyota 4Runner","Toyota","51,000 miles",38998,"4Runner SR5 Premium","2021 Toyota","carmax",51000,38998,"4Runner","SR5 Premium","2021"
"2943",FALSE,"Toyota 4Runner","Toyota","68,000 miles",36998,"4Runner SR5 Premium","2021 Toyota","carmax",68000,36998,"4Runner","SR5 Premium","2021"
"2944",FALSE,"Toyota 4Runner","Toyota","37,000 miles",38998,"4Runner SR5 Premium","2021 Toyota","carmax",37000,38998,"4Runner","SR5 Premium","2021"
"2945",FALSE,"Toyota 4Runner","Toyota","47,000 miles",39998,"4Runner SR5 Premium","2021 Toyota","carmax",47000,39998,"4Runner","SR5 Premium","2021"
"2946",FALSE,"Toyota 4Runner","Toyota","69,000 miles",35998,"4Runner SR5 Premium","2021 Toyota","carmax",69000,35998,"4Runner","SR5 Premium","2021"
"2947",FALSE,"Toyota 4Runner","Toyota","38,000 miles",43998,"4Runner SR5 Premium","2021 Toyota","carmax",38000,43998,"4Runner","SR5 Premium","2021"
"2948",FALSE,"Toyota 4Runner","Toyota","80,000 miles",34998,"4Runner SR5 Premium","2021 Toyota","carmax",80000,34998,"4Runner","SR5 Premium","2021"
"2949",FALSE,"Toyota 4Runner","Toyota","44,000 miles",40998,"4Runner SR5 Premium","2021 Toyota","carmax",44000,40998,"4Runner","SR5 Premium","2021"
"2950",FALSE,"Toyota 4Runner","Toyota","47,000 miles",41998,"4Runner SR5 Premium","2021 Toyota","carmax",47000,41998,"4Runner","SR5 Premium","2021"
"2951",FALSE,"Toyota 4Runner","Toyota","33,000 miles",40998,"4Runner SR5 Premium","2021 Toyota","carmax",33000,40998,"4Runner","SR5 Premium","2021"
"2952",FALSE,"Toyota 4Runner","Toyota","75,000 miles",34998,"4Runner SR5 Premium","2021 Toyota","carmax",75000,34998,"4Runner","SR5 Premium","2021"
"2953",FALSE,"Toyota 4Runner","Toyota","58,000 miles",37998,"4Runner SR5 Premium","2021 Toyota","carmax",58000,37998,"4Runner","SR5 Premium","2021"
"2954",FALSE,"Toyota 4Runner","Toyota","87,000 miles",36998,"4Runner SR5 Premium","2021 Toyota","carmax",87000,36998,"4Runner","SR5 Premium","2021"
"2955",FALSE,"Toyota 4Runner","Toyota","60,000 miles",37998,"4Runner SR5 Premium","2021 Toyota","carmax",60000,37998,"4Runner","SR5 Premium","2021"
"2956",FALSE,"Toyota 4Runner","Toyota","45,000 miles",40998,"4Runner SR5 Premium","2021 Toyota","carmax",45000,40998,"4Runner","SR5 Premium","2021"
"2957",FALSE,"Toyota 4Runner","Toyota","81,000 miles",33998,"4Runner SR5 Premium","2021 Toyota","carmax",81000,33998,"4Runner","SR5 Premium","2021"
"2958",FALSE,"Toyota 4Runner","Toyota","57,000 miles",38998,"4Runner TRD Off Road","2021 Toyota","carmax",57000,38998,"4Runner","TRD Off Road","2021"
"2959",FALSE,"Toyota 4Runner","Toyota","22,000 miles",41998,"4Runner TRD Off Road","2021 Toyota","carmax",22000,41998,"4Runner","TRD Off Road","2021"
"2960",FALSE,"Toyota 4Runner","Toyota","58,000 miles",37998,"4Runner TRD Off Road","2021 Toyota","carmax",58000,37998,"4Runner","TRD Off Road","2021"
"2961",FALSE,"Toyota 4Runner","Toyota","56,000 miles",42998,"4Runner TRD Off Road Premium","2021 Toyota","carmax",56000,42998,"4Runner","TRD Off Road Premium","2021"
"2962",FALSE,"Toyota 4Runner","Toyota","47,000 miles",44998,"4Runner TRD Off Road Premium","2021 Toyota","carmax",47000,44998,"4Runner","TRD Off Road Premium","2021"
"2963",FALSE,"Toyota 4Runner","Toyota","57,000 miles",42998,"4Runner TRD Off Road Premium","2021 Toyota","carmax",57000,42998,"4Runner","TRD Off Road Premium","2021"
"2964",FALSE,"Toyota 4Runner","Toyota","60,000 miles",38998,"4Runner TRD Off Road Premium","2021 Toyota","carmax",60000,38998,"4Runner","TRD Off Road Premium","2021"
"2965",FALSE,"Toyota 4Runner","Toyota","61,000 miles",39998,"4Runner TRD Off Road Premium","2021 Toyota","carmax",61000,39998,"4Runner","TRD Off Road Premium","2021"
"2966",FALSE,"Toyota 4Runner","Toyota","49,000 miles",42998,"4Runner TRD Off Road Premium","2021 Toyota","carmax",49000,42998,"4Runner","TRD Off Road Premium","2021"
"2967",FALSE,"Toyota 4Runner","Toyota","58,000 miles",42998,"4Runner TRD Off Road Premium","2021 Toyota","carmax",58000,42998,"4Runner","TRD Off Road Premium","2021"
"2968",FALSE,"Toyota 4Runner","Toyota","55,000 miles",42998,"4Runner TRD Off Road Premium","2021 Toyota","carmax",55000,42998,"4Runner","TRD Off Road Premium","2021"
"2969",FALSE,"Toyota 4Runner","Toyota","61,000 miles",38998,"4Runner TRD Off Road Premium","2021 Toyota","carmax",61000,38998,"4Runner","TRD Off Road Premium","2021"
"2970",FALSE,"Toyota 4Runner","Toyota","60,000 miles",43998,"4Runner TRD Off Road Premium","2021 Toyota","carmax",60000,43998,"4Runner","TRD Off Road Premium","2021"
"2971",FALSE,"Toyota 4Runner","Toyota","54,000 miles",43998,"4Runner TRD Off Road Premium","2021 Toyota","carmax",54000,43998,"4Runner","TRD Off Road Premium","2021"
"2972",FALSE,"Toyota 4Runner","Toyota","53,000 miles",43998,"4Runner TRD Off Road Premium","2021 Toyota","carmax",53000,43998,"4Runner","TRD Off Road Premium","2021"
"2973",FALSE,"Toyota 4Runner","Toyota","68,000 miles",38998,"4Runner TRD Off Road Premium","2021 Toyota","carmax",68000,38998,"4Runner","TRD Off Road Premium","2021"
"2974",FALSE,"Toyota 4Runner","Toyota","43,000 miles",46998,"4Runner TRD Off Road Premium","2021 Toyota","carmax",43000,46998,"4Runner","TRD Off Road Premium","2021"
"2975",FALSE,"Toyota 4Runner","Toyota","44,000 miles",50998,"4Runner TRD Pro","2021 Toyota","carmax",44000,50998,"4Runner","TRD Pro","2021"
"2976",FALSE,"Toyota 4Runner","Toyota","102,000 miles",38998,"4Runner TRD Pro","2021 Toyota","carmax",102000,38998,"4Runner","TRD Pro","2021"
"2977",FALSE,"Toyota 4Runner","Toyota","90,000 miles",39998,"4Runner TRD Pro","2021 Toyota","carmax",90000,39998,"4Runner","TRD Pro","2021"
"2978",FALSE,"Toyota 4Runner","Toyota","50,000 miles",48998,"4Runner TRD Pro","2021 Toyota","carmax",50000,48998,"4Runner","TRD Pro","2021"
"2979",FALSE,"Toyota 4Runner","Toyota","37,000 miles",39998,"4Runner Trail Special Edition","2021 Toyota","carmax",37000,39998,"4Runner","Trail Special Edition","2021"
"2980",FALSE,"Toyota 4Runner","Toyota","46,000 miles",40998,"4Runner Trail Special Edition","2021 Toyota","carmax",46000,40998,"4Runner","Trail Special Edition","2021"
"2981",FALSE,"Toyota 4Runner","Toyota","59,000 miles",40998,"4Runner Venture","2021 Toyota","carmax",59000,40998,"4Runner","Venture","2021"
"2982",FALSE,"Toyota 4Runner","Toyota","52,000 miles",41998,"4Runner Venture","2021 Toyota","carmax",52000,41998,"4Runner","Venture","2021"
"2983",FALSE,"Toyota 4Runner","Toyota","86,000 miles",39998,"4Runner Venture","2021 Toyota","carmax",86000,39998,"4Runner","Venture","2021"
"2984",FALSE,"Toyota 4Runner","Toyota","21,000 miles",47998,"4Runner Venture","2021 Toyota","carmax",21000,47998,"4Runner","Venture","2021"
"2985",FALSE,"Toyota 4Runner","Toyota","26,000 miles",45998,"4Runner Venture","2021 Toyota","carmax",26000,45998,"4Runner","Venture","2021"
"2986",FALSE,"Toyota 4Runner","Toyota","35,000 miles",44998,"4Runner Venture","2021 Toyota","carmax",35000,44998,"4Runner","Venture","2021"
"2987",FALSE,"Toyota Highlander","Toyota","93,000 miles",25998,"Highlander Hybrid LE","2021 Toyota","carmax",93000,25998,"Highlander","Hybrid LE","2021"
"2988",FALSE,"Toyota Highlander","Toyota","48,000 miles",32998,"Highlander Hybrid LE","2021 Toyota","carmax",48000,32998,"Highlander","Hybrid LE","2021"
"2989",FALSE,"Toyota Highlander","Toyota","43,000 miles",31998,"Highlander Hybrid LE","2021 Toyota","carmax",43000,31998,"Highlander","Hybrid LE","2021"
"2990",FALSE,"Toyota Highlander","Toyota","55,000 miles",36998,"Highlander Hybrid Limited","2021 Toyota","carmax",55000,36998,"Highlander","Hybrid Limited","2021"
"2991",FALSE,"Toyota Highlander","Toyota","72,000 miles",34998,"Highlander Hybrid Limited","2021 Toyota","carmax",72000,34998,"Highlander","Hybrid Limited","2021"
"2992",FALSE,"Toyota Highlander","Toyota","99,000 miles",30998,"Highlander Hybrid Limited","2021 Toyota","carmax",99000,30998,"Highlander","Hybrid Limited","2021"
"2993",FALSE,"Toyota Highlander","Toyota","14,000 miles",46998,"Highlander Hybrid Limited","2021 Toyota","carmax",14000,46998,"Highlander","Hybrid Limited","2021"
"2994",FALSE,"Toyota Highlander","Toyota","97,000 miles",32998,"Highlander Hybrid Limited","2021 Toyota","carmax",97000,32998,"Highlander","Hybrid Limited","2021"
"2995",FALSE,"Toyota Highlander","Toyota","54,000 miles",40998,"Highlander Hybrid Platinum","2021 Toyota","carmax",54000,40998,"Highlander","Hybrid Platinum","2021"
"2996",FALSE,"Toyota Highlander","Toyota","38,000 miles",44998,"Highlander Hybrid Platinum","2021 Toyota","carmax",38000,44998,"Highlander","Hybrid Platinum","2021"
"2997",FALSE,"Toyota Highlander","Toyota","33,000 miles",43998,"Highlander Hybrid Platinum","2021 Toyota","carmax",33000,43998,"Highlander","Hybrid Platinum","2021"
"2998",FALSE,"Toyota Highlander","Toyota","21,000 miles",47998,"Highlander Hybrid Platinum","2021 Toyota","carmax",21000,47998,"Highlander","Hybrid Platinum","2021"
"2999",FALSE,"Toyota Highlander","Toyota","32,000 miles",42998,"Highlander Hybrid Platinum","2021 Toyota","carmax",32000,42998,"Highlander","Hybrid Platinum","2021"
"3000",FALSE,"Toyota Highlander","Toyota","38,000 miles",46998,"Highlander Hybrid Platinum","2021 Toyota","carmax",38000,46998,"Highlander","Hybrid Platinum","2021"
"3001",FALSE,"Toyota Highlander","Toyota","43,000 miles",42998,"Highlander Hybrid Platinum","2021 Toyota","carmax",43000,42998,"Highlander","Hybrid Platinum","2021"
"3002",FALSE,"Toyota Highlander","Toyota","44,000 miles",43998,"Highlander Hybrid Platinum","2021 Toyota","carmax",44000,43998,"Highlander","Hybrid Platinum","2021"
"3003",FALSE,"Toyota Highlander","Toyota","42,000 miles",38998,"Highlander Hybrid XLE","2021 Toyota","carmax",42000,38998,"Highlander","Hybrid XLE","2021"
"3004",FALSE,"Toyota Highlander","Toyota","44,000 miles",38998,"Highlander Hybrid XLE","2021 Toyota","carmax",44000,38998,"Highlander","Hybrid XLE","2021"
"3005",FALSE,"Toyota Highlander","Toyota","26,000 miles",39998,"Highlander Hybrid XLE","2021 Toyota","carmax",26000,39998,"Highlander","Hybrid XLE","2021"
"3006",FALSE,"Toyota Highlander","Toyota","30,000 miles",39998,"Highlander Hybrid XLE","2021 Toyota","carmax",30000,39998,"Highlander","Hybrid XLE","2021"
"3007",FALSE,"Toyota Highlander","Toyota","28,000 miles",37998,"Highlander Hybrid XLE","2021 Toyota","carmax",28000,37998,"Highlander","Hybrid XLE","2021"
"3008",FALSE,"Toyota Highlander","Toyota","42,000 miles",36998,"Highlander Hybrid XLE","2021 Toyota","carmax",42000,36998,"Highlander","Hybrid XLE","2021"
"3009",FALSE,"Toyota Highlander","Toyota","28,000 miles",37998,"Highlander Hybrid XLE","2021 Toyota","carmax",28000,37998,"Highlander","Hybrid XLE","2021"
"3010",FALSE,"Toyota Highlander","Toyota","48,000 miles",35998,"Highlander Hybrid XLE","2021 Toyota","carmax",48000,35998,"Highlander","Hybrid XLE","2021"
"3011",FALSE,"Toyota Highlander","Toyota","55,000 miles",33998,"Highlander Hybrid XLE","2021 Toyota","carmax",55000,33998,"Highlander","Hybrid XLE","2021"
"3012",FALSE,"Toyota Highlander","Toyota","51,000 miles",34998,"Highlander Hybrid XLE","2021 Toyota","carmax",51000,34998,"Highlander","Hybrid XLE","2021"
"3013",FALSE,"Toyota Highlander","Toyota","24,000 miles",38998,"Highlander Hybrid XLE","2021 Toyota","carmax",24000,38998,"Highlander","Hybrid XLE","2021"
"3014",FALSE,"Toyota Highlander","Toyota","16,000 miles",38998,"Highlander Hybrid XLE","2021 Toyota","carmax",16000,38998,"Highlander","Hybrid XLE","2021"
"3015",FALSE,"Toyota Highlander","Toyota","37,000 miles",35998,"Highlander Hybrid XLE","2021 Toyota","carmax",37000,35998,"Highlander","Hybrid XLE","2021"
"3016",FALSE,"Toyota Highlander","Toyota","43,000 miles",35998,"Highlander Hybrid XLE","2021 Toyota","carmax",43000,35998,"Highlander","Hybrid XLE","2021"
"3017",FALSE,"Toyota Highlander","Toyota","50,000 miles",33998,"Highlander Hybrid XLE","2021 Toyota","carmax",50000,33998,"Highlander","Hybrid XLE","2021"
"3018",FALSE,"Toyota Highlander","Toyota","53,000 miles",33998,"Highlander Hybrid XLE","2021 Toyota","carmax",53000,33998,"Highlander","Hybrid XLE","2021"
"3019",FALSE,"Toyota Highlander","Toyota","55,000 miles",33998,"Highlander Hybrid XLE","2021 Toyota","carmax",55000,33998,"Highlander","Hybrid XLE","2021"
"3020",FALSE,"Toyota Highlander","Toyota","47,000 miles",34998,"Highlander Hybrid XLE","2021 Toyota","carmax",47000,34998,"Highlander","Hybrid XLE","2021"
"3021",FALSE,"Toyota Highlander","Toyota","57,000 miles",35998,"Highlander Hybrid XLE","2021 Toyota","carmax",57000,35998,"Highlander","Hybrid XLE","2021"
"3022",FALSE,"Toyota Highlander","Toyota","57,000 miles",33998,"Highlander Hybrid XLE","2021 Toyota","carmax",57000,33998,"Highlander","Hybrid XLE","2021"
"3023",FALSE,"Toyota Highlander","Toyota","56,000 miles",35998,"Highlander Hybrid XLE","2021 Toyota","carmax",56000,35998,"Highlander","Hybrid XLE","2021"
"3024",FALSE,"Toyota Highlander","Toyota","48,000 miles",34998,"Highlander Hybrid XLE","2021 Toyota","carmax",48000,34998,"Highlander","Hybrid XLE","2021"
"3025",FALSE,"Toyota Highlander","Toyota","16,000 miles",41998,"Highlander Hybrid XLE","2021 Toyota","carmax",16000,41998,"Highlander","Hybrid XLE","2021"
"3026",FALSE,"Toyota Highlander","Toyota","55,000 miles",33998,"Highlander Hybrid XLE","2021 Toyota","carmax",55000,33998,"Highlander","Hybrid XLE","2021"
"3027",FALSE,"Toyota Highlander","Toyota","55,000 miles",33998,"Highlander Hybrid XLE","2021 Toyota","carmax",55000,33998,"Highlander","Hybrid XLE","2021"
"3028",FALSE,"Toyota Highlander","Toyota","107,000 miles",28998,"Highlander Hybrid XLE","2021 Toyota","carmax",107000,28998,"Highlander","Hybrid XLE","2021"
"3029",FALSE,"Toyota Highlander","Toyota","36,000 miles",35998,"Highlander Hybrid XLE","2021 Toyota","carmax",36000,35998,"Highlander","Hybrid XLE","2021"
"3030",FALSE,"Toyota Highlander","Toyota","48,000 miles",34998,"Highlander Hybrid XLE","2021 Toyota","carmax",48000,34998,"Highlander","Hybrid XLE","2021"
"3031",FALSE,"Toyota Highlander","Toyota","58,000 miles",34998,"Highlander Hybrid XLE","2021 Toyota","carmax",58000,34998,"Highlander","Hybrid XLE","2021"
"3032",FALSE,"Toyota Highlander","Toyota","47,000 miles",35998,"Highlander Hybrid XLE","2021 Toyota","carmax",47000,35998,"Highlander","Hybrid XLE","2021"
"3033",FALSE,"Toyota Highlander","Toyota","36,000 miles",39998,"Highlander Hybrid XLE","2021 Toyota","carmax",36000,39998,"Highlander","Hybrid XLE","2021"
"3034",FALSE,"Toyota Highlander","Toyota","44,000 miles",37998,"Highlander Hybrid XLE","2021 Toyota","carmax",44000,37998,"Highlander","Hybrid XLE","2021"
"3035",FALSE,"Toyota Highlander","Toyota","54,000 miles",34998,"Highlander Hybrid XLE","2021 Toyota","carmax",54000,34998,"Highlander","Hybrid XLE","2021"
"3036",FALSE,"Toyota Highlander","Toyota","25,000 miles",38998,"Highlander Hybrid XLE","2021 Toyota","carmax",25000,38998,"Highlander","Hybrid XLE","2021"
"3037",FALSE,"Toyota Highlander","Toyota","52,000 miles",35998,"Highlander Hybrid XLE","2021 Toyota","carmax",52000,35998,"Highlander","Hybrid XLE","2021"
"3038",FALSE,"Toyota Highlander","Toyota","25,000 miles",38998,"Highlander Hybrid XLE","2021 Toyota","carmax",25000,38998,"Highlander","Hybrid XLE","2021"
"3039",FALSE,"Toyota Highlander","Toyota","51,000 miles",32998,"Highlander Hybrid XLE","2021 Toyota","carmax",51000,32998,"Highlander","Hybrid XLE","2021"
"3040",FALSE,"Toyota Highlander","Toyota","56,000 miles",34998,"Highlander Hybrid XLE","2021 Toyota","carmax",56000,34998,"Highlander","Hybrid XLE","2021"
"3041",FALSE,"Toyota Highlander","Toyota","22,000 miles",32998,"Highlander L","2021 Toyota","carmax",22000,32998,"Highlander","L","2021"
"3042",FALSE,"Toyota Highlander","Toyota","40,000 miles",27998,"Highlander L","2021 Toyota","carmax",40000,27998,"Highlander","L","2021"
"3043",FALSE,"Toyota Highlander","Toyota","48,000 miles",27998,"Highlander L","2021 Toyota","carmax",48000,27998,"Highlander","L","2021"
"3044",FALSE,"Toyota Highlander","Toyota","68,000 miles",27998,"Highlander LE","2021 Toyota","carmax",68000,27998,"Highlander","LE","2021"
"3045",FALSE,"Toyota Highlander","Toyota","46,000 miles",27998,"Highlander LE","2021 Toyota","carmax",46000,27998,"Highlander","LE","2021"
"3046",FALSE,"Toyota Highlander","Toyota","52,000 miles",27998,"Highlander LE","2021 Toyota","carmax",52000,27998,"Highlander","LE","2021"
"3047",FALSE,"Toyota Highlander","Toyota","41,000 miles",37998,"Highlander Limited","2021 Toyota","carmax",41000,37998,"Highlander","Limited","2021"
"3048",FALSE,"Toyota Highlander","Toyota","58,000 miles",34998,"Highlander Limited","2021 Toyota","carmax",58000,34998,"Highlander","Limited","2021"
"3049",FALSE,"Toyota Highlander","Toyota","48,000 miles",32998,"Highlander Limited","2021 Toyota","carmax",48000,32998,"Highlander","Limited","2021"
"3050",FALSE,"Toyota Highlander","Toyota","52,000 miles",34998,"Highlander Limited","2021 Toyota","carmax",52000,34998,"Highlander","Limited","2021"
"3051",FALSE,"Toyota Highlander","Toyota","23,000 miles",37998,"Highlander Limited","2021 Toyota","carmax",23000,37998,"Highlander","Limited","2021"
"3052",FALSE,"Toyota Highlander","Toyota","56,000 miles",34998,"Highlander Limited","2021 Toyota","carmax",56000,34998,"Highlander","Limited","2021"
"3053",FALSE,"Toyota Highlander","Toyota","67,000 miles",31998,"Highlander Limited","2021 Toyota","carmax",67000,31998,"Highlander","Limited","2021"
"3054",FALSE,"Toyota Highlander","Toyota","54,000 miles",33998,"Highlander Limited","2021 Toyota","carmax",54000,33998,"Highlander","Limited","2021"
"3055",FALSE,"Toyota Highlander","Toyota","55,000 miles",38998,"Highlander Platinum","2021 Toyota","carmax",55000,38998,"Highlander","Platinum","2021"
"3056",FALSE,"Toyota Highlander","Toyota","41,000 miles",39998,"Highlander Platinum","2021 Toyota","carmax",41000,39998,"Highlander","Platinum","2021"
"3057",FALSE,"Toyota Highlander","Toyota","42,000 miles",38998,"Highlander Platinum","2021 Toyota","carmax",42000,38998,"Highlander","Platinum","2021"
"3058",FALSE,"Toyota Highlander","Toyota","42,000 miles",39998,"Highlander Platinum","2021 Toyota","carmax",42000,39998,"Highlander","Platinum","2021"
"3059",FALSE,"Toyota Highlander","Toyota","34,000 miles",40998,"Highlander Platinum","2021 Toyota","carmax",34000,40998,"Highlander","Platinum","2021"
"3060",FALSE,"Toyota Highlander","Toyota","75,000 miles",29998,"Highlander XLE","2021 Toyota","carmax",75000,29998,"Highlander","XLE","2021"
"3061",FALSE,"Toyota Highlander","Toyota","29,000 miles",36998,"Highlander XLE","2021 Toyota","carmax",29000,36998,"Highlander","XLE","2021"
"3062",FALSE,"Toyota Highlander","Toyota","52,000 miles",32998,"Highlander XLE","2021 Toyota","carmax",52000,32998,"Highlander","XLE","2021"
"3063",FALSE,"Toyota Highlander","Toyota","43,000 miles",33998,"Highlander XLE","2021 Toyota","carmax",43000,33998,"Highlander","XLE","2021"
"3064",FALSE,"Toyota Highlander","Toyota","42,000 miles",33998,"Highlander XLE","2021 Toyota","carmax",42000,33998,"Highlander","XLE","2021"
"3065",FALSE,"Toyota Highlander","Toyota","51,000 miles",31998,"Highlander XLE","2021 Toyota","carmax",51000,31998,"Highlander","XLE","2021"
"3066",FALSE,"Toyota Highlander","Toyota","18,000 miles",37998,"Highlander XLE","2021 Toyota","carmax",18000,37998,"Highlander","XLE","2021"
"3067",FALSE,"Toyota Highlander","Toyota","41,000 miles",32998,"Highlander XLE","2021 Toyota","carmax",41000,32998,"Highlander","XLE","2021"
"3068",FALSE,"Toyota Highlander","Toyota","30,000 miles",33998,"Highlander XLE","2021 Toyota","carmax",30000,33998,"Highlander","XLE","2021"
"3069",FALSE,"Toyota Highlander","Toyota","53,000 miles",33998,"Highlander XLE","2021 Toyota","carmax",53000,33998,"Highlander","XLE","2021"
"3070",FALSE,"Toyota Highlander","Toyota","41,000 miles",32998,"Highlander XLE","2021 Toyota","carmax",41000,32998,"Highlander","XLE","2021"
"3071",FALSE,"Toyota Highlander","Toyota","50,000 miles",31998,"Highlander XLE","2021 Toyota","carmax",50000,31998,"Highlander","XLE","2021"
"3072",FALSE,"Toyota Highlander","Toyota","22,000 miles",34998,"Highlander XLE","2021 Toyota","carmax",22000,34998,"Highlander","XLE","2021"
"3073",FALSE,"Toyota Highlander","Toyota","40,000 miles",32998,"Highlander XLE","2021 Toyota","carmax",40000,32998,"Highlander","XLE","2021"
"3074",FALSE,"Toyota Highlander","Toyota","40,000 miles",33998,"Highlander XLE","2021 Toyota","carmax",40000,33998,"Highlander","XLE","2021"
"3075",FALSE,"Toyota Highlander","Toyota","21,000 miles",34998,"Highlander XLE","2021 Toyota","carmax",21000,34998,"Highlander","XLE","2021"
"3076",FALSE,"Toyota Highlander","Toyota","39,000 miles",32998,"Highlander XLE","2021 Toyota","carmax",39000,32998,"Highlander","XLE","2021"
"3077",FALSE,"Toyota Highlander","Toyota","23,000 miles",34998,"Highlander XLE","2021 Toyota","carmax",23000,34998,"Highlander","XLE","2021"
"3078",FALSE,"Toyota Highlander","Toyota","58,000 miles",30998,"Highlander XLE","2021 Toyota","carmax",58000,30998,"Highlander","XLE","2021"
"3079",FALSE,"Toyota Highlander","Toyota","43,000 miles",32998,"Highlander XLE","2021 Toyota","carmax",43000,32998,"Highlander","XLE","2021"
"3080",FALSE,"Toyota Highlander","Toyota","66,000 miles",28998,"Highlander XLE","2021 Toyota","carmax",66000,28998,"Highlander","XLE","2021"
"3081",FALSE,"Toyota Highlander","Toyota","45,000 miles",33998,"Highlander XLE","2021 Toyota","carmax",45000,33998,"Highlander","XLE","2021"
"3082",FALSE,"Toyota Highlander","Toyota","56,000 miles",31998,"Highlander XLE","2021 Toyota","carmax",56000,31998,"Highlander","XLE","2021"
"3083",FALSE,"Toyota Highlander","Toyota","97,000 miles",29998,"Highlander XSE","2021 Toyota","carmax",97000,29998,"Highlander","XSE","2021"
"3084",FALSE,"Toyota Highlander","Toyota","23,000 miles",35998,"Highlander XSE","2021 Toyota","carmax",23000,35998,"Highlander","XSE","2021"
"3085",FALSE,"Toyota Highlander","Toyota","57,000 miles",31998,"Highlander XSE","2021 Toyota","carmax",57000,31998,"Highlander","XSE","2021"
"3086",FALSE,"Toyota Highlander","Toyota","44,000 miles",33998,"Highlander XSE","2021 Toyota","carmax",44000,33998,"Highlander","XSE","2021"
"3087",FALSE,"Toyota Highlander","Toyota","35,000 miles",35998,"Highlander XSE","2021 Toyota","carmax",35000,35998,"Highlander","XSE","2021"
"3088",FALSE,"Toyota Highlander","Toyota","57,000 miles",33998,"Highlander XSE","2021 Toyota","carmax",57000,33998,"Highlander","XSE","2021"
"3089",FALSE,"Toyota Highlander","Toyota","49,000 miles",34998,"Highlander XSE","2021 Toyota","carmax",49000,34998,"Highlander","XSE","2021"
"3090",FALSE,"Toyota Highlander","Toyota","31,000 miles",36998,"Highlander XSE","2021 Toyota","carmax",31000,36998,"Highlander","XSE","2021"
"3091",FALSE,"Toyota Highlander","Toyota","51,000 miles",32998,"Highlander XSE","2021 Toyota","carmax",51000,32998,"Highlander","XSE","2021"
"3092",FALSE,"Toyota Highlander","Toyota","46,000 miles",32998,"Highlander XSE","2021 Toyota","carmax",46000,32998,"Highlander","XSE","2021"
"3093",FALSE,"Toyota Highlander","Toyota","48,000 miles",33998,"Highlander XSE","2021 Toyota","carmax",48000,33998,"Highlander","XSE","2021"
"3094",FALSE,"Toyota Highlander","Toyota","47,000 miles",35998,"Highlander XSE","2021 Toyota","carmax",47000,35998,"Highlander","XSE","2021"
"3095",FALSE,"Toyota Highlander","Toyota","65,000 miles",29998,"Highlander XSE","2021 Toyota","carmax",65000,29998,"Highlander","XSE","2021"
"3096",FALSE,"Toyota Land Cruiser","Toyota","29,000 miles",87998,"Land Cruiser","2021 Toyota","carmax",29000,87998,"Land Cruiser","","2021"
"3097",FALSE,"Toyota Sequoia","Toyota","36,000 miles",58998,"Sequoia Limited","2021 Toyota","carmax",36000,58998,"Sequoia","Limited","2021"
"3098",FALSE,"Toyota Sequoia","Toyota","18,000 miles",66998,"Sequoia Platinum","2021 Toyota","carmax",18000,66998,"Sequoia","Platinum","2021"
"3099",FALSE,"Toyota Sequoia","Toyota","31,000 miles",60998,"Sequoia Platinum","2021 Toyota","carmax",31000,60998,"Sequoia","Platinum","2021"
"3100",FALSE,"Toyota Sequoia","Toyota","17,000 miles",61998,"Sequoia Platinum","2021 Toyota","carmax",17000,61998,"Sequoia","Platinum","2021"
"3101",FALSE,"Toyota Sequoia","Toyota","36,000 miles",54998,"Sequoia TRD Sport","2021 Toyota","carmax",36000,54998,"Sequoia","TRD Sport","2021"
"3102",TRUE,"Cadillac Escalade","Cadillac","50,000 miles",61998,"Escalade ESV Premium Luxury","2022 Cadillac","carmax",50000,61998,"Escalade","Premium Luxury","2022"
"3103",TRUE,"Cadillac Escalade","Cadillac","57,000 miles",69998,"Escalade ESV Sport Platinum","2022 Cadillac","carmax",57000,69998,"Escalade","Sport Platinum","2022"
"3104",TRUE,"Cadillac Escalade","Cadillac","33,000 miles",76998,"Escalade ESV Sport Platinum","2022 Cadillac","carmax",33000,76998,"Escalade","Sport Platinum","2022"
"3105",TRUE,"Cadillac Escalade","Cadillac","29,000 miles",64998,"Escalade Luxury","2022 Cadillac","carmax",29000,64998,"Escalade","Luxury","2022"
"3106",TRUE,"Cadillac Escalade","Cadillac","19,000 miles",74998,"Escalade Premium Luxury","2022 Cadillac","carmax",19000,74998,"Escalade","Premium Luxury","2022"
"3107",TRUE,"Cadillac Escalade","Cadillac","26,000 miles",71998,"Escalade Premium Luxury","2022 Cadillac","carmax",26000,71998,"Escalade","Premium Luxury","2022"
"3108",TRUE,"Cadillac Escalade","Cadillac","55,000 miles",63998,"Escalade Premium Luxury","2022 Cadillac","carmax",55000,63998,"Escalade","Premium Luxury","2022"
"3109",TRUE,"Cadillac Escalade","Cadillac","49,000 miles",65998,"Escalade Premium Luxury","2022 Cadillac","carmax",49000,65998,"Escalade","Premium Luxury","2022"
"3110",TRUE,"Cadillac Escalade","Cadillac","42,000 miles",69998,"Escalade Sport","2022 Cadillac","carmax",42000,69998,"Escalade","Sport","2022"
"3111",TRUE,"Cadillac Escalade","Cadillac","14,000 miles",77998,"Escalade Sport","2022 Cadillac","carmax",14000,77998,"Escalade","Sport","2022"
"3112",TRUE,"Cadillac Escalade","Cadillac","26,000 miles",70998,"Escalade Sport","2022 Cadillac","carmax",26000,70998,"Escalade","Sport","2022"
"3113",TRUE,"Cadillac Escalade","Cadillac","27,000 miles",72998,"Escalade Sport","2022 Cadillac","carmax",27000,72998,"Escalade","Sport","2022"
"3114",TRUE,"Cadillac Escalade","Cadillac","56,000 miles",70998,"Escalade Sport","2022 Cadillac","carmax",56000,70998,"Escalade","Sport","2022"
"3115",TRUE,"Cadillac Escalade","Cadillac","55,000 miles",68998,"Escalade Sport","2022 Cadillac","carmax",55000,68998,"Escalade","Sport","2022"
"3116",TRUE,"Cadillac Escalade","Cadillac","52,000 miles",69998,"Escalade Sport Platinum","2022 Cadillac","carmax",52000,69998,"Escalade","Sport Platinum","2022"
"3117",TRUE,"Cadillac Escalade","Cadillac","44,000 miles",76998,"Escalade Sport Platinum","2022 Cadillac","carmax",44000,76998,"Escalade","Sport Platinum","2022"
"3118",TRUE,"Cadillac Escalade","Cadillac","57,000 miles",71998,"Escalade Sport Platinum","2022 Cadillac","carmax",57000,71998,"Escalade","Sport Platinum","2022"
"3119",TRUE,"Cadillac Escalade","Cadillac","10,000 miles",83998,"Escalade Sport Platinum","2022 Cadillac","carmax",10000,83998,"Escalade","Sport Platinum","2022"
"3120",TRUE,"Cadillac Escalade","Cadillac","56,000 miles",69998,"Escalade Sport Platinum","2022 Cadillac","carmax",56000,69998,"Escalade","Sport Platinum","2022"
"3121",TRUE,"Cadillac Escalade","Cadillac","57,000 miles",72998,"Escalade Sport Platinum","2022 Cadillac","carmax",57000,72998,"Escalade","Sport Platinum","2022"
"3122",TRUE,"Cadillac Escalade","Cadillac","34,000 miles",72998,"Escalade Sport Platinum","2022 Cadillac","carmax",34000,72998,"Escalade","Sport Platinum","2022"
"3123",TRUE,"Chevrolet Suburban 1500","Chevrolet","29,000 miles",62998,"Suburban 1500 High Country","2022 Chevrolet","carmax",29000,62998,"Suburban 1500","High Country","2022"
"3124",TRUE,"Chevrolet Suburban 1500","Chevrolet","16,000 miles",68998,"Suburban 1500 High Country","2022 Chevrolet","carmax",16000,68998,"Suburban 1500","High Country","2022"
"3125",TRUE,"Chevrolet Suburban 1500","Chevrolet","55,000 miles",57998,"Suburban 1500 High Country","2022 Chevrolet","carmax",55000,57998,"Suburban 1500","High Country","2022"
"3126",TRUE,"Chevrolet Suburban 1500","Chevrolet","52,000 miles",60998,"Suburban 1500 High Country","2022 Chevrolet","carmax",52000,60998,"Suburban 1500","High Country","2022"
"3127",TRUE,"Chevrolet Suburban 1500","Chevrolet","38,000 miles",50998,"Suburban 1500 LS","2022 Chevrolet","carmax",38000,50998,"Suburban 1500","LS","2022"
"3128",TRUE,"Chevrolet Suburban 1500","Chevrolet","21,000 miles",54998,"Suburban 1500 LS","2022 Chevrolet","carmax",21000,54998,"Suburban 1500","LS","2022"
"3129",TRUE,"Chevrolet Suburban 1500","Chevrolet","59,000 miles",54998,"Suburban 1500 LT","2022 Chevrolet","carmax",59000,54998,"Suburban 1500","LT","2022"
"3130",TRUE,"Chevrolet Suburban 1500","Chevrolet","44,000 miles",52998,"Suburban 1500 LT","2022 Chevrolet","carmax",44000,52998,"Suburban 1500","LT","2022"
"3131",TRUE,"Chevrolet Suburban 1500","Chevrolet","50,000 miles",52998,"Suburban 1500 LT","2022 Chevrolet","carmax",50000,52998,"Suburban 1500","LT","2022"
"3132",TRUE,"Chevrolet Suburban 1500","Chevrolet","39,000 miles",54998,"Suburban 1500 LT","2022 Chevrolet","carmax",39000,54998,"Suburban 1500","LT","2022"
"3133",TRUE,"Chevrolet Suburban 1500","Chevrolet","30,000 miles",55998,"Suburban 1500 LT","2022 Chevrolet","carmax",30000,55998,"Suburban 1500","LT","2022"
"3134",TRUE,"Chevrolet Suburban 1500","Chevrolet","47,000 miles",49998,"Suburban 1500 LT","2022 Chevrolet","carmax",47000,49998,"Suburban 1500","LT","2022"
"3135",TRUE,"Chevrolet Suburban 1500","Chevrolet","37,000 miles",55998,"Suburban 1500 LT","2022 Chevrolet","carmax",37000,55998,"Suburban 1500","LT","2022"
"3136",TRUE,"Chevrolet Suburban 1500","Chevrolet","35,000 miles",54998,"Suburban 1500 LT","2022 Chevrolet","carmax",35000,54998,"Suburban 1500","LT","2022"
"3137",TRUE,"Chevrolet Suburban 1500","Chevrolet","56,000 miles",52998,"Suburban 1500 LT","2022 Chevrolet","carmax",56000,52998,"Suburban 1500","LT","2022"
"3138",TRUE,"Chevrolet Suburban 1500","Chevrolet","30,000 miles",57998,"Suburban 1500 Premier","2022 Chevrolet","carmax",30000,57998,"Suburban 1500","Premier","2022"
"3139",TRUE,"Chevrolet Suburban 1500","Chevrolet","49,000 miles",53998,"Suburban 1500 RST","2022 Chevrolet","carmax",49000,53998,"Suburban 1500","RST","2022"
"3140",TRUE,"Chevrolet Suburban 1500","Chevrolet","34,000 miles",56998,"Suburban 1500 RST","2022 Chevrolet","carmax",34000,56998,"Suburban 1500","RST","2022"
"3141",TRUE,"Chevrolet Suburban 1500","Chevrolet","57,000 miles",56998,"Suburban 1500 RST","2022 Chevrolet","carmax",57000,56998,"Suburban 1500","RST","2022"
"3142",TRUE,"Chevrolet Tahoe","Chevrolet","37,000 miles",57998,"Tahoe High Country","2022 Chevrolet","carmax",37000,57998,"Tahoe","High Country","2022"
"3143",TRUE,"Chevrolet Tahoe","Chevrolet","33,000 miles",59998,"Tahoe High Country","2022 Chevrolet","carmax",33000,59998,"Tahoe","High Country","2022"
"3144",TRUE,"Chevrolet Tahoe","Chevrolet","44,000 miles",54998,"Tahoe High Country","2022 Chevrolet","carmax",44000,54998,"Tahoe","High Country","2022"
"3145",TRUE,"Chevrolet Tahoe","Chevrolet","40,000 miles",60998,"Tahoe High Country","2022 Chevrolet","carmax",40000,60998,"Tahoe","High Country","2022"
"3146",TRUE,"Chevrolet Tahoe","Chevrolet","47,000 miles",45998,"Tahoe LS","2022 Chevrolet","carmax",47000,45998,"Tahoe","LS","2022"
"3147",TRUE,"Chevrolet Tahoe","Chevrolet","45,000 miles",46998,"Tahoe LS","2022 Chevrolet","carmax",45000,46998,"Tahoe","LS","2022"
"3148",TRUE,"Chevrolet Tahoe","Chevrolet","40,000 miles",43998,"Tahoe LS","2022 Chevrolet","carmax",40000,43998,"Tahoe","LS","2022"
"3149",TRUE,"Chevrolet Tahoe","Chevrolet","58,000 miles",46998,"Tahoe LT","2022 Chevrolet","carmax",58000,46998,"Tahoe","LT","2022"
"3150",TRUE,"Chevrolet Tahoe","Chevrolet","54,000 miles",48998,"Tahoe LT","2022 Chevrolet","carmax",54000,48998,"Tahoe","LT","2022"
"3151",TRUE,"Chevrolet Tahoe","Chevrolet","59,000 miles",49998,"Tahoe LT","2022 Chevrolet","carmax",59000,49998,"Tahoe","LT","2022"
"3152",TRUE,"Chevrolet Tahoe","Chevrolet","60,000 miles",51998,"Tahoe LT","2022 Chevrolet","carmax",60000,51998,"Tahoe","LT","2022"
"3153",TRUE,"Chevrolet Tahoe","Chevrolet","33,000 miles",54998,"Tahoe LT","2022 Chevrolet","carmax",33000,54998,"Tahoe","LT","2022"
"3154",TRUE,"Chevrolet Tahoe","Chevrolet","33,000 miles",52998,"Tahoe LT","2022 Chevrolet","carmax",33000,52998,"Tahoe","LT","2022"
"3155",TRUE,"Chevrolet Tahoe","Chevrolet","24,000 miles",50998,"Tahoe LT","2022 Chevrolet","carmax",24000,50998,"Tahoe","LT","2022"
"3156",TRUE,"Chevrolet Tahoe","Chevrolet","65,000 miles",46998,"Tahoe LT","2022 Chevrolet","carmax",65000,46998,"Tahoe","LT","2022"
"3157",TRUE,"Chevrolet Tahoe","Chevrolet","27,000 miles",50998,"Tahoe LT","2022 Chevrolet","carmax",27000,50998,"Tahoe","LT","2022"
"3158",TRUE,"Chevrolet Tahoe","Chevrolet","34,000 miles",49998,"Tahoe LT","2022 Chevrolet","carmax",34000,49998,"Tahoe","LT","2022"
"3159",TRUE,"Chevrolet Tahoe","Chevrolet","28,000 miles",51998,"Tahoe LT","2022 Chevrolet","carmax",28000,51998,"Tahoe","LT","2022"
"3160",TRUE,"Chevrolet Tahoe","Chevrolet","15,000 miles",56998,"Tahoe LT","2022 Chevrolet","carmax",15000,56998,"Tahoe","LT","2022"
"3161",TRUE,"Chevrolet Tahoe","Chevrolet","12,000 miles",58998,"Tahoe LT","2022 Chevrolet","carmax",12000,58998,"Tahoe","LT","2022"
"3162",TRUE,"Chevrolet Tahoe","Chevrolet","46,000 miles",49998,"Tahoe LT","2022 Chevrolet","carmax",46000,49998,"Tahoe","LT","2022"
"3163",TRUE,"Chevrolet Tahoe","Chevrolet","36,000 miles",55998,"Tahoe LT","2022 Chevrolet","carmax",36000,55998,"Tahoe","LT","2022"
"3164",TRUE,"Chevrolet Tahoe","Chevrolet","39,000 miles",51998,"Tahoe LT","2022 Chevrolet","carmax",39000,51998,"Tahoe","LT","2022"
"3165",TRUE,"Chevrolet Tahoe","Chevrolet","51,000 miles",56998,"Tahoe Premier","2022 Chevrolet","carmax",51000,56998,"Tahoe","Premier","2022"
"3166",TRUE,"Chevrolet Tahoe","Chevrolet","59,000 miles",49998,"Tahoe Premier","2022 Chevrolet","carmax",59000,49998,"Tahoe","Premier","2022"
"3167",TRUE,"Chevrolet Tahoe","Chevrolet","88,000 miles",45998,"Tahoe Premier","2022 Chevrolet","carmax",88000,45998,"Tahoe","Premier","2022"
"3168",TRUE,"Chevrolet Tahoe","Chevrolet","49,000 miles",56998,"Tahoe Premier","2022 Chevrolet","carmax",49000,56998,"Tahoe","Premier","2022"
"3169",TRUE,"Chevrolet Tahoe","Chevrolet","89,000 miles",45998,"Tahoe RST","2022 Chevrolet","carmax",89000,45998,"Tahoe","RST","2022"
"3170",TRUE,"Chevrolet Tahoe","Chevrolet","40,000 miles",54998,"Tahoe RST","2022 Chevrolet","carmax",40000,54998,"Tahoe","RST","2022"
"3171",TRUE,"Chevrolet Tahoe","Chevrolet","31,000 miles",59998,"Tahoe RST","2022 Chevrolet","carmax",31000,59998,"Tahoe","RST","2022"
"3172",TRUE,"Chevrolet Tahoe","Chevrolet","40,000 miles",58998,"Tahoe RST","2022 Chevrolet","carmax",40000,58998,"Tahoe","RST","2022"
"3173",TRUE,"Chevrolet Tahoe","Chevrolet","40,000 miles",60998,"Tahoe RST","2022 Chevrolet","carmax",40000,60998,"Tahoe","RST","2022"
"3174",TRUE,"Chevrolet Tahoe","Chevrolet","59,000 miles",55998,"Tahoe RST","2022 Chevrolet","carmax",59000,55998,"Tahoe","RST","2022"
"3175",TRUE,"Chevrolet Tahoe","Chevrolet","24,000 miles",56998,"Tahoe RST","2022 Chevrolet","carmax",24000,56998,"Tahoe","RST","2022"
"3176",TRUE,"Chevrolet Tahoe","Chevrolet","28,000 miles",56998,"Tahoe RST","2022 Chevrolet","carmax",28000,56998,"Tahoe","RST","2022"
"3177",TRUE,"Chevrolet Tahoe","Chevrolet","46,000 miles",51998,"Tahoe RST","2022 Chevrolet","carmax",46000,51998,"Tahoe","RST","2022"
"3178",TRUE,"Chevrolet Tahoe","Chevrolet","28,000 miles",61998,"Tahoe RST","2022 Chevrolet","carmax",28000,61998,"Tahoe","RST","2022"
"3179",TRUE,"Chevrolet Tahoe","Chevrolet","69,000 miles",49998,"Tahoe RST","2022 Chevrolet","carmax",69000,49998,"Tahoe","RST","2022"
"3180",TRUE,"Chevrolet Tahoe","Chevrolet","65,000 miles",51998,"Tahoe Z71","2022 Chevrolet","carmax",65000,51998,"Tahoe","Z71","2022"
"3181",TRUE,"Chevrolet Tahoe","Chevrolet","33,000 miles",59998,"Tahoe Z71","2022 Chevrolet","carmax",33000,59998,"Tahoe","Z71","2022"
"3182",TRUE,"Chevrolet Tahoe","Chevrolet","44,000 miles",57998,"Tahoe Z71","2022 Chevrolet","carmax",44000,57998,"Tahoe","Z71","2022"
"3183",TRUE,"Chevrolet Tahoe","Chevrolet","62,000 miles",52998,"Tahoe Z71","2022 Chevrolet","carmax",62000,52998,"Tahoe","Z71","2022"
"3184",TRUE,"Chevrolet Tahoe","Chevrolet","104,000 miles",43998,"Tahoe Z71","2022 Chevrolet","carmax",104000,43998,"Tahoe","Z71","2022"
"3185",TRUE,"Chevrolet Tahoe","Chevrolet","38,000 miles",59998,"Tahoe Z71","2022 Chevrolet","carmax",38000,59998,"Tahoe","Z71","2022"
"3186",TRUE,"Chevrolet Tahoe","Chevrolet","60,000 miles",50998,"Tahoe Z71","2022 Chevrolet","carmax",60000,50998,"Tahoe","Z71","2022"
"3187",TRUE,"Chevrolet Tahoe","Chevrolet","65,000 miles",53998,"Tahoe Z71","2022 Chevrolet","carmax",65000,53998,"Tahoe","Z71","2022"
"3188",TRUE,"Chevrolet Tahoe","Chevrolet","69,000 miles",52998,"Tahoe Z71","2022 Chevrolet","carmax",69000,52998,"Tahoe","Z71","2022"
"3189",TRUE,"Chevrolet Tahoe","Chevrolet","50,000 miles",55998,"Tahoe Z71","2022 Chevrolet","carmax",50000,55998,"Tahoe","Z71","2022"
"3190",TRUE,"Chevrolet Tahoe","Chevrolet","55,000 miles",55998,"Tahoe Z71","2022 Chevrolet","carmax",55000,55998,"Tahoe","Z71","2022"
"3191",TRUE,"Chevrolet Tahoe","Chevrolet","30,000 miles",58998,"Tahoe Z71","2022 Chevrolet","carmax",30000,58998,"Tahoe","Z71","2022"
"3192",TRUE,"Chevrolet Tahoe","Chevrolet","26,000 miles",60998,"Tahoe Z71","2022 Chevrolet","carmax",26000,60998,"Tahoe","Z71","2022"
"3193",TRUE,"Chevrolet Tahoe","Chevrolet","73,000 miles",50998,"Tahoe Z71","2022 Chevrolet","carmax",73000,50998,"Tahoe","Z71","2022"
"3194",TRUE,"Chevrolet Tahoe","Chevrolet","15,000 miles",60998,"Tahoe Z71","2022 Chevrolet","carmax",15000,60998,"Tahoe","Z71","2022"
"3195",TRUE,"GMC Yukon","GMC","51,000 miles",58998,"Yukon Denali","2022 GMC","carmax",51000,58998,"Yukon","Denali","2022"
"3196",TRUE,"GMC Yukon","GMC","64,000 miles",56998,"Yukon Denali","2022 GMC","carmax",64000,56998,"Yukon","Denali","2022"
"3197",TRUE,"GMC Yukon","GMC","25,000 miles",65998,"Yukon Denali","2022 GMC","carmax",25000,65998,"Yukon","Denali","2022"
"3198",TRUE,"GMC Yukon","GMC","40,000 miles",59998,"Yukon Denali","2022 GMC","carmax",40000,59998,"Yukon","Denali","2022"
"3199",TRUE,"GMC Yukon","GMC","27,000 miles",61998,"Yukon Denali","2022 GMC","carmax",27000,61998,"Yukon","Denali","2022"
"3200",TRUE,"GMC Yukon","GMC","75,000 miles",53998,"Yukon Denali","2022 GMC","carmax",75000,53998,"Yukon","Denali","2022"
"3201",TRUE,"GMC Yukon","GMC","65,000 miles",54998,"Yukon Denali","2022 GMC","carmax",65000,54998,"Yukon","Denali","2022"
"3202",TRUE,"GMC Yukon","GMC","40,000 miles",60998,"Yukon Denali","2022 GMC","carmax",40000,60998,"Yukon","Denali","2022"
"3203",TRUE,"GMC Yukon","GMC","44,000 miles",59998,"Yukon Denali","2022 GMC","carmax",44000,59998,"Yukon","Denali","2022"
"3204",TRUE,"GMC Yukon","GMC","27,000 miles",65998,"Yukon Denali","2022 GMC","carmax",27000,65998,"Yukon","Denali","2022"
"3205",TRUE,"GMC Yukon","GMC","85,000 miles",51998,"Yukon Denali","2022 GMC","carmax",85000,51998,"Yukon","Denali","2022"
"3206",TRUE,"GMC Yukon","GMC","60,000 miles",55998,"Yukon Denali","2022 GMC","carmax",60000,55998,"Yukon","Denali","2022"
"3207",TRUE,"GMC Yukon","GMC","42,000 miles",60998,"Yukon Denali","2022 GMC","carmax",42000,60998,"Yukon","Denali","2022"
"3208",TRUE,"GMC Yukon","GMC","62,000 miles",56998,"Yukon Denali","2022 GMC","carmax",62000,56998,"Yukon","Denali","2022"
"3209",TRUE,"GMC Yukon","GMC","39,000 miles",59998,"Yukon Denali","2022 GMC","carmax",39000,59998,"Yukon","Denali","2022"
"3210",TRUE,"GMC Yukon","GMC","28,000 miles",67998,"Yukon Denali","2022 GMC","carmax",28000,67998,"Yukon","Denali","2022"
"3211",TRUE,"GMC Yukon","GMC","47,000 miles",58998,"Yukon Denali","2022 GMC","carmax",47000,58998,"Yukon","Denali","2022"
"3212",TRUE,"GMC Yukon","GMC","30,000 miles",47998,"Yukon SLE","2022 GMC","carmax",30000,47998,"Yukon","SLE","2022"
"3213",TRUE,"GMC Yukon","GMC","29,000 miles",47998,"Yukon SLE","2022 GMC","carmax",29000,47998,"Yukon","SLE","2022"
"3214",TRUE,"GMC Yukon","GMC","37,000 miles",47998,"Yukon SLE","2022 GMC","carmax",37000,47998,"Yukon","SLE","2022"
"3215",TRUE,"GMC Yukon","GMC","49,000 miles",53998,"Yukon SLT","2022 GMC","carmax",49000,53998,"Yukon","SLT","2022"
"3216",TRUE,"GMC Yukon","GMC","22,000 miles",52998,"Yukon SLT","2022 GMC","carmax",22000,52998,"Yukon","SLT","2022"
"3217",TRUE,"GMC Yukon","GMC","42,000 miles",52998,"Yukon SLT","2022 GMC","carmax",42000,52998,"Yukon","SLT","2022"
"3218",TRUE,"GMC Yukon","GMC","49,000 miles",54998,"Yukon SLT","2022 GMC","carmax",49000,54998,"Yukon","SLT","2022"
"3219",TRUE,"GMC Yukon","GMC","57,000 miles",50998,"Yukon SLT","2022 GMC","carmax",57000,50998,"Yukon","SLT","2022"
"3220",TRUE,"GMC Yukon","GMC","26,000 miles",54998,"Yukon SLT","2022 GMC","carmax",26000,54998,"Yukon","SLT","2022"
"3221",TRUE,"GMC Yukon XL 1500","GMC","35,000 miles",59998,"Yukon XL 1500 AT4","2022 GMC","carmax",35000,59998,"Yukon XL 1500","AT4","2022"
"3222",TRUE,"GMC Yukon XL 1500","GMC","61,000 miles",60998,"Yukon XL 1500 Denali","2022 GMC","carmax",61000,60998,"Yukon XL 1500","Denali","2022"
"3223",TRUE,"GMC Yukon XL 1500","GMC","69,000 miles",49998,"Yukon XL 1500 Denali","2022 GMC","carmax",69000,49998,"Yukon XL 1500","Denali","2022"
"3224",TRUE,"GMC Yukon XL 1500","GMC","70,000 miles",45998,"Yukon XL 1500 Denali","2022 GMC","carmax",70000,45998,"Yukon XL 1500","Denali","2022"
"3225",TRUE,"GMC Yukon XL 1500","GMC","29,000 miles",64998,"Yukon XL 1500 Denali","2022 GMC","carmax",29000,64998,"Yukon XL 1500","Denali","2022"
"3226",TRUE,"GMC Yukon XL 1500","GMC","51,000 miles",59998,"Yukon XL 1500 Denali","2022 GMC","carmax",51000,59998,"Yukon XL 1500","Denali","2022"
"3227",TRUE,"GMC Yukon XL 1500","GMC","38,000 miles",63998,"Yukon XL 1500 Denali","2022 GMC","carmax",38000,63998,"Yukon XL 1500","Denali","2022"
"3228",TRUE,"GMC Yukon XL 1500","GMC","17,000 miles",51998,"Yukon XL 1500 SLE","2022 GMC","carmax",17000,51998,"Yukon XL 1500","SLE","2022"
"3229",TRUE,"GMC Yukon XL 1500","GMC","45,000 miles",45998,"Yukon XL 1500 SLE","2022 GMC","carmax",45000,45998,"Yukon XL 1500","SLE","2022"
"3230",TRUE,"GMC Yukon XL 1500","GMC","56,000 miles",49998,"Yukon XL 1500 SLT","2022 GMC","carmax",56000,49998,"Yukon XL 1500","SLT","2022"
"3231",TRUE,"GMC Yukon XL 1500","GMC","45,000 miles",55998,"Yukon XL 1500 SLT","2022 GMC","carmax",45000,55998,"Yukon XL 1500","SLT","2022"
"3232",TRUE,"GMC Yukon XL 1500","GMC","70,000 miles",48998,"Yukon XL 1500 SLT","2022 GMC","carmax",70000,48998,"Yukon XL 1500","SLT","2022"
"3233",TRUE,"GMC Yukon XL 1500","GMC","60,000 miles",51998,"Yukon XL 1500 SLT","2022 GMC","carmax",60000,51998,"Yukon XL 1500","SLT","2022"
"3234",TRUE,"GMC Yukon XL 1500","GMC","38,000 miles",57998,"Yukon XL 1500 SLT","2022 GMC","carmax",38000,57998,"Yukon XL 1500","SLT","2022"
"3235",FALSE,"Lexus IS 500","Lexus","34,000 miles",54998,"IS 500 F-Sport Performance Launch Edition","2022 Lexus","carmax",34000,54998,"IS 500","F-Sport Performance Launch Edition","2022"
"3236",FALSE,"Lexus LS 500","Lexus","38,000 miles",54998,"LS 500","2022 Lexus","carmax",38000,54998,"LS 500","","2022"
"3237",FALSE,"Lexus LS 500","Lexus","26,000 miles",56998,"LS 500","2022 Lexus","carmax",26000,56998,"LS 500","","2022"
"3238",FALSE,"Lexus LX 600","Lexus","39,000 miles",85998,"LX 600 F-Sport","2022 Lexus","carmax",39000,85998,"LX 600","F-Sport","2022"
"3239",FALSE,"Toyota 4Runner","Toyota","46,000 miles",43998,"4Runner Limited","2022 Toyota","carmax",46000,43998,"4Runner","Limited","2022"
"3240",FALSE,"Toyota 4Runner","Toyota","37,000 miles",47998,"4Runner Limited","2022 Toyota","carmax",37000,47998,"4Runner","Limited","2022"
"3241",FALSE,"Toyota 4Runner","Toyota","46,000 miles",43998,"4Runner Limited","2022 Toyota","carmax",46000,43998,"4Runner","Limited","2022"
"3242",FALSE,"Toyota 4Runner","Toyota","39,000 miles",45998,"4Runner Limited","2022 Toyota","carmax",39000,45998,"4Runner","Limited","2022"
"3243",FALSE,"Toyota 4Runner","Toyota","49,000 miles",42998,"4Runner Limited","2022 Toyota","carmax",49000,42998,"4Runner","Limited","2022"
"3244",FALSE,"Toyota 4Runner","Toyota","37,000 miles",41998,"4Runner Limited","2022 Toyota","carmax",37000,41998,"4Runner","Limited","2022"
"3245",FALSE,"Toyota 4Runner","Toyota","32,000 miles",48998,"4Runner Limited","2022 Toyota","carmax",32000,48998,"4Runner","Limited","2022"
"3246",FALSE,"Toyota 4Runner","Toyota","103,000 miles",31998,"4Runner Limited","2022 Toyota","carmax",103000,31998,"4Runner","Limited","2022"
"3247",FALSE,"Toyota 4Runner","Toyota","21,000 miles",48998,"4Runner Limited","2022 Toyota","carmax",21000,48998,"4Runner","Limited","2022"
"3248",FALSE,"Toyota 4Runner","Toyota","27,000 miles",48998,"4Runner Limited","2022 Toyota","carmax",27000,48998,"4Runner","Limited","2022"
"3249",FALSE,"Toyota 4Runner","Toyota","51,000 miles",43998,"4Runner Limited","2022 Toyota","carmax",51000,43998,"4Runner","Limited","2022"
"3250",FALSE,"Toyota 4Runner","Toyota","66,000 miles",33998,"4Runner SR5","2022 Toyota","carmax",66000,33998,"4Runner","SR5","2022"
"3251",FALSE,"Toyota 4Runner","Toyota","31,000 miles",37998,"4Runner SR5","2022 Toyota","carmax",31000,37998,"4Runner","SR5","2022"
"3252",FALSE,"Toyota 4Runner","Toyota","39,000 miles",35998,"4Runner SR5","2022 Toyota","carmax",39000,35998,"4Runner","SR5","2022"
"3253",FALSE,"Toyota 4Runner","Toyota","39,000 miles",35998,"4Runner SR5","2022 Toyota","carmax",39000,35998,"4Runner","SR5","2022"
"3254",FALSE,"Toyota 4Runner","Toyota","43,000 miles",34998,"4Runner SR5","2022 Toyota","carmax",43000,34998,"4Runner","SR5","2022"
"3255",FALSE,"Toyota 4Runner","Toyota","32,000 miles",36998,"4Runner SR5","2022 Toyota","carmax",32000,36998,"4Runner","SR5","2022"
"3256",FALSE,"Toyota 4Runner","Toyota","48,000 miles",34998,"4Runner SR5","2022 Toyota","carmax",48000,34998,"4Runner","SR5","2022"
"3257",FALSE,"Toyota 4Runner","Toyota","23,000 miles",39998,"4Runner SR5","2022 Toyota","carmax",23000,39998,"4Runner","SR5","2022"
"3258",FALSE,"Toyota 4Runner","Toyota","55,000 miles",35998,"4Runner SR5","2022 Toyota","carmax",55000,35998,"4Runner","SR5","2022"
"3259",FALSE,"Toyota 4Runner","Toyota","60,000 miles",35998,"4Runner SR5","2022 Toyota","carmax",60000,35998,"4Runner","SR5","2022"
"3260",FALSE,"Toyota 4Runner","Toyota","46,000 miles",36998,"4Runner SR5","2022 Toyota","carmax",46000,36998,"4Runner","SR5","2022"
"3261",FALSE,"Toyota 4Runner","Toyota","65,000 miles",34998,"4Runner SR5","2022 Toyota","carmax",65000,34998,"4Runner","SR5","2022"
"3262",FALSE,"Toyota 4Runner","Toyota","22,000 miles",39998,"4Runner SR5","2022 Toyota","carmax",22000,39998,"4Runner","SR5","2022"
"3263",FALSE,"Toyota 4Runner","Toyota","22,000 miles",39998,"4Runner SR5","2022 Toyota","carmax",22000,39998,"4Runner","SR5","2022"
"3264",FALSE,"Toyota 4Runner","Toyota","39,000 miles",40998,"4Runner SR5","2022 Toyota","carmax",39000,40998,"4Runner","SR5","2022"
"3265",FALSE,"Toyota 4Runner","Toyota","55,000 miles",39998,"4Runner SR5 Premium","2022 Toyota","carmax",55000,39998,"4Runner","SR5 Premium","2022"
"3266",FALSE,"Toyota 4Runner","Toyota","30,000 miles",39998,"4Runner SR5 Premium","2022 Toyota","carmax",30000,39998,"4Runner","SR5 Premium","2022"
"3267",FALSE,"Toyota 4Runner","Toyota","99,000 miles",35998,"4Runner SR5 Premium","2022 Toyota","carmax",99000,35998,"4Runner","SR5 Premium","2022"
"3268",FALSE,"Toyota 4Runner","Toyota","38,000 miles",39998,"4Runner SR5 Premium","2022 Toyota","carmax",38000,39998,"4Runner","SR5 Premium","2022"
"3269",FALSE,"Toyota 4Runner","Toyota","23,000 miles",42998,"4Runner SR5 Premium","2022 Toyota","carmax",23000,42998,"4Runner","SR5 Premium","2022"
"3270",FALSE,"Toyota 4Runner","Toyota","78,000 miles",35998,"4Runner SR5 Premium","2022 Toyota","carmax",78000,35998,"4Runner","SR5 Premium","2022"
"3271",FALSE,"Toyota 4Runner","Toyota","58,000 miles",36998,"4Runner SR5 Premium","2022 Toyota","carmax",58000,36998,"4Runner","SR5 Premium","2022"
"3272",FALSE,"Toyota 4Runner","Toyota","49,000 miles",35998,"4Runner SR5 Premium","2022 Toyota","carmax",49000,35998,"4Runner","SR5 Premium","2022"
"3273",FALSE,"Toyota 4Runner","Toyota","56,000 miles",37998,"4Runner SR5 Premium","2022 Toyota","carmax",56000,37998,"4Runner","SR5 Premium","2022"
"3274",FALSE,"Toyota 4Runner","Toyota","45,000 miles",39998,"4Runner SR5 Premium","2022 Toyota","carmax",45000,39998,"4Runner","SR5 Premium","2022"
"3275",FALSE,"Toyota 4Runner","Toyota","55,000 miles",36998,"4Runner SR5 Premium","2022 Toyota","carmax",55000,36998,"4Runner","SR5 Premium","2022"
"3276",FALSE,"Toyota 4Runner","Toyota","16,000 miles",44998,"4Runner SR5 Premium","2022 Toyota","carmax",16000,44998,"4Runner","SR5 Premium","2022"
"3277",FALSE,"Toyota 4Runner","Toyota","65,000 miles",36998,"4Runner SR5 Premium","2022 Toyota","carmax",65000,36998,"4Runner","SR5 Premium","2022"
"3278",FALSE,"Toyota 4Runner","Toyota","50,000 miles",39998,"4Runner SR5 Premium","2022 Toyota","carmax",50000,39998,"4Runner","SR5 Premium","2022"
"3279",FALSE,"Toyota 4Runner","Toyota","55,000 miles",39998,"4Runner TRD Off Road","2022 Toyota","carmax",55000,39998,"4Runner","TRD Off Road","2022"
"3280",FALSE,"Toyota 4Runner","Toyota","4,000 miles",53998,"4Runner TRD Off Road Premium","2022 Toyota","carmax",4000,53998,"4Runner","TRD Off Road Premium","2022"
"3281",FALSE,"Toyota 4Runner","Toyota","69,000 miles",39998,"4Runner TRD Off Road Premium","2022 Toyota","carmax",69000,39998,"4Runner","TRD Off Road Premium","2022"
"3282",FALSE,"Toyota 4Runner","Toyota","31,000 miles",43998,"4Runner TRD Off Road Premium","2022 Toyota","carmax",31000,43998,"4Runner","TRD Off Road Premium","2022"
"3283",FALSE,"Toyota 4Runner","Toyota","28,000 miles",46998,"4Runner TRD Off Road Premium","2022 Toyota","carmax",28000,46998,"4Runner","TRD Off Road Premium","2022"
"3284",FALSE,"Toyota 4Runner","Toyota","50,000 miles",42998,"4Runner TRD Off Road Premium","2022 Toyota","carmax",50000,42998,"4Runner","TRD Off Road Premium","2022"
"3285",FALSE,"Toyota 4Runner","Toyota","59,000 miles",41998,"4Runner TRD Off Road Premium","2022 Toyota","carmax",59000,41998,"4Runner","TRD Off Road Premium","2022"
"3286",FALSE,"Toyota 4Runner","Toyota","47,000 miles",42998,"4Runner TRD Off Road Premium","2022 Toyota","carmax",47000,42998,"4Runner","TRD Off Road Premium","2022"
"3287",FALSE,"Toyota 4Runner","Toyota","46,000 miles",47998,"4Runner TRD Off Road Premium","2022 Toyota","carmax",46000,47998,"4Runner","TRD Off Road Premium","2022"
"3288",FALSE,"Toyota 4Runner","Toyota","74,000 miles",38998,"4Runner TRD Off Road Premium","2022 Toyota","carmax",74000,38998,"4Runner","TRD Off Road Premium","2022"
"3289",FALSE,"Toyota 4Runner","Toyota","23,000 miles",47998,"4Runner TRD Off Road Premium","2022 Toyota","carmax",23000,47998,"4Runner","TRD Off Road Premium","2022"
"3290",FALSE,"Toyota 4Runner","Toyota","34,000 miles",47998,"4Runner TRD Off Road Premium","2022 Toyota","carmax",34000,47998,"4Runner","TRD Off Road Premium","2022"
"3291",FALSE,"Toyota 4Runner","Toyota","108,000 miles",34998,"4Runner TRD Off Road Premium","2022 Toyota","carmax",108000,34998,"4Runner","TRD Off Road Premium","2022"
"3292",FALSE,"Toyota 4Runner","Toyota","24,000 miles",52998,"4Runner TRD Pro","2022 Toyota","carmax",24000,52998,"4Runner","TRD Pro","2022"
"3293",FALSE,"Toyota 4Runner","Toyota","29,000 miles",52998,"4Runner TRD Pro","2022 Toyota","carmax",29000,52998,"4Runner","TRD Pro","2022"
"3294",FALSE,"Toyota 4Runner","Toyota","83,000 miles",45998,"4Runner TRD Pro","2022 Toyota","carmax",83000,45998,"4Runner","TRD Pro","2022"
"3295",FALSE,"Toyota 4Runner","Toyota","34,000 miles",49998,"4Runner TRD Pro","2022 Toyota","carmax",34000,49998,"4Runner","TRD Pro","2022"
"3296",FALSE,"Toyota 4Runner","Toyota","27,000 miles",51998,"4Runner TRD Pro","2022 Toyota","carmax",27000,51998,"4Runner","TRD Pro","2022"
"3297",FALSE,"Toyota 4Runner","Toyota","60,000 miles",47998,"4Runner TRD Pro","2022 Toyota","carmax",60000,47998,"4Runner","TRD Pro","2022"
"3298",FALSE,"Toyota 4Runner","Toyota","33,000 miles",51998,"4Runner TRD Pro","2022 Toyota","carmax",33000,51998,"4Runner","TRD Pro","2022"
"3299",FALSE,"Toyota 4Runner","Toyota","42,000 miles",47998,"4Runner TRD Pro","2022 Toyota","carmax",42000,47998,"4Runner","TRD Pro","2022"
"3300",FALSE,"Toyota 4Runner","Toyota","27,000 miles",51998,"4Runner TRD Pro","2022 Toyota","carmax",27000,51998,"4Runner","TRD Pro","2022"
"3301",FALSE,"Toyota 4Runner","Toyota","48,000 miles",36998,"4Runner TRD Sport","2022 Toyota","carmax",48000,36998,"4Runner","TRD Sport","2022"
"3302",FALSE,"Toyota 4Runner","Toyota","41,000 miles",40998,"4Runner TRD Sport","2022 Toyota","carmax",41000,40998,"4Runner","TRD Sport","2022"
"3303",FALSE,"Toyota 4Runner","Toyota","22,000 miles",41998,"4Runner TRD Sport","2022 Toyota","carmax",22000,41998,"4Runner","TRD Sport","2022"
"3304",FALSE,"Toyota 4Runner","Toyota","66,000 miles",36998,"4Runner TRD Sport","2022 Toyota","carmax",66000,36998,"4Runner","TRD Sport","2022"
"3305",FALSE,"Toyota 4Runner","Toyota","23,000 miles",45998,"4Runner Trail Special Edition","2022 Toyota","carmax",23000,45998,"4Runner","Trail Special Edition","2022"
"3306",FALSE,"Toyota 4Runner","Toyota","54,000 miles",43998,"4Runner Trail Special Edition","2022 Toyota","carmax",54000,43998,"4Runner","Trail Special Edition","2022"
"3307",FALSE,"Toyota 4Runner","Toyota","20,000 miles",47998,"4Runner Trail Special Edition","2022 Toyota","carmax",20000,47998,"4Runner","Trail Special Edition","2022"
"3308",FALSE,"Toyota 4Runner","Toyota","34,000 miles",40998,"4Runner Trail Special Edition","2022 Toyota","carmax",34000,40998,"4Runner","Trail Special Edition","2022"
"3309",FALSE,"Toyota 4Runner","Toyota","45,000 miles",41998,"4Runner Trail Special Edition","2022 Toyota","carmax",45000,41998,"4Runner","Trail Special Edition","2022"
"3310",FALSE,"Toyota Highlander","Toyota","33,000 miles",37998,"Highlander Hybrid LE","2022 Toyota","carmax",33000,37998,"Highlander","Hybrid LE","2022"
"3311",FALSE,"Toyota Highlander","Toyota","62,000 miles",31998,"Highlander Hybrid LE","2022 Toyota","carmax",62000,31998,"Highlander","Hybrid LE","2022"
"3312",FALSE,"Toyota Highlander","Toyota","24,000 miles",37998,"Highlander Hybrid LE","2022 Toyota","carmax",24000,37998,"Highlander","Hybrid LE","2022"
"3313",FALSE,"Toyota Highlander","Toyota","26,000 miles",45998,"Highlander Hybrid Limited","2022 Toyota","carmax",26000,45998,"Highlander","Hybrid Limited","2022"
"3314",FALSE,"Toyota Highlander","Toyota","20,000 miles",47998,"Highlander Hybrid Limited","2022 Toyota","carmax",20000,47998,"Highlander","Hybrid Limited","2022"
"3315",FALSE,"Toyota Highlander","Toyota","62,000 miles",37998,"Highlander Hybrid Limited","2022 Toyota","carmax",62000,37998,"Highlander","Hybrid Limited","2022"
"3316",FALSE,"Toyota Highlander","Toyota","48,000 miles",40998,"Highlander Hybrid Limited","2022 Toyota","carmax",48000,40998,"Highlander","Hybrid Limited","2022"
"3317",FALSE,"Toyota Highlander","Toyota","39,000 miles",44998,"Highlander Hybrid Platinum","2022 Toyota","carmax",39000,44998,"Highlander","Hybrid Platinum","2022"
"3318",FALSE,"Toyota Highlander","Toyota","29,000 miles",47998,"Highlander Hybrid Platinum","2022 Toyota","carmax",29000,47998,"Highlander","Hybrid Platinum","2022"
"3319",FALSE,"Toyota Highlander","Toyota","98,000 miles",35998,"Highlander Hybrid Platinum","2022 Toyota","carmax",98000,35998,"Highlander","Hybrid Platinum","2022"
"3320",FALSE,"Toyota Highlander","Toyota","36,000 miles",41998,"Highlander Hybrid XLE","2022 Toyota","carmax",36000,41998,"Highlander","Hybrid XLE","2022"
"3321",FALSE,"Toyota Highlander","Toyota","60,000 miles",35998,"Highlander Hybrid XLE","2022 Toyota","carmax",60000,35998,"Highlander","Hybrid XLE","2022"
"3322",FALSE,"Toyota Highlander","Toyota","54,000 miles",36998,"Highlander Hybrid XLE","2022 Toyota","carmax",54000,36998,"Highlander","Hybrid XLE","2022"
"3323",FALSE,"Toyota Highlander","Toyota","33,000 miles",41998,"Highlander Hybrid XLE","2022 Toyota","carmax",33000,41998,"Highlander","Hybrid XLE","2022"
"3324",FALSE,"Toyota Highlander","Toyota","56,000 miles",35998,"Highlander Hybrid XLE","2022 Toyota","carmax",56000,35998,"Highlander","Hybrid XLE","2022"
"3325",FALSE,"Toyota Highlander","Toyota","52,000 miles",37998,"Highlander Hybrid XLE","2022 Toyota","carmax",52000,37998,"Highlander","Hybrid XLE","2022"
"3326",FALSE,"Toyota Highlander","Toyota","59,000 miles",34998,"Highlander Hybrid XLE","2022 Toyota","carmax",59000,34998,"Highlander","Hybrid XLE","2022"
"3327",FALSE,"Toyota Highlander","Toyota","19,000 miles",43998,"Highlander Hybrid XLE","2022 Toyota","carmax",19000,43998,"Highlander","Hybrid XLE","2022"
"3328",FALSE,"Toyota Highlander","Toyota","55,000 miles",33998,"Highlander Hybrid XLE","2022 Toyota","carmax",55000,33998,"Highlander","Hybrid XLE","2022"
"3329",FALSE,"Toyota Highlander","Toyota","33,000 miles",39998,"Highlander Hybrid XLE","2022 Toyota","carmax",33000,39998,"Highlander","Hybrid XLE","2022"
"3330",FALSE,"Toyota Highlander","Toyota","54,000 miles",36998,"Highlander Hybrid XLE","2022 Toyota","carmax",54000,36998,"Highlander","Hybrid XLE","2022"
"3331",FALSE,"Toyota Highlander","Toyota","30,000 miles",40998,"Highlander Hybrid XLE","2022 Toyota","carmax",30000,40998,"Highlander","Hybrid XLE","2022"
"3332",FALSE,"Toyota Highlander","Toyota","59,000 miles",33998,"Highlander Hybrid XLE","2022 Toyota","carmax",59000,33998,"Highlander","Hybrid XLE","2022"
"3333",FALSE,"Toyota Highlander","Toyota","54,000 miles",37998,"Highlander Hybrid XLE","2022 Toyota","carmax",54000,37998,"Highlander","Hybrid XLE","2022"
"3334",FALSE,"Toyota Highlander","Toyota","43,000 miles",39998,"Highlander Hybrid XLE","2022 Toyota","carmax",43000,39998,"Highlander","Hybrid XLE","2022"
"3335",FALSE,"Toyota Highlander","Toyota","45,000 miles",35998,"Highlander Hybrid XLE","2022 Toyota","carmax",45000,35998,"Highlander","Hybrid XLE","2022"
"3336",FALSE,"Toyota Highlander","Toyota","35,000 miles",38998,"Highlander Hybrid XLE","2022 Toyota","carmax",35000,38998,"Highlander","Hybrid XLE","2022"
"3337",FALSE,"Toyota Highlander","Toyota","44,000 miles",36998,"Highlander Hybrid XLE Bronze","2022 Toyota","carmax",44000,36998,"Highlander","Hybrid XLE Bronze","2022"
"3338",FALSE,"Toyota Highlander","Toyota","33,000 miles",40998,"Highlander Hybrid XLE Bronze","2022 Toyota","carmax",33000,40998,"Highlander","Hybrid XLE Bronze","2022"
"3339",FALSE,"Toyota Highlander","Toyota","32,000 miles",31998,"Highlander L","2022 Toyota","carmax",32000,31998,"Highlander","L","2022"
"3340",FALSE,"Toyota Highlander","Toyota","33,000 miles",29998,"Highlander L","2022 Toyota","carmax",33000,29998,"Highlander","L","2022"
"3341",FALSE,"Toyota Highlander","Toyota","28,000 miles",32998,"Highlander L","2022 Toyota","carmax",28000,32998,"Highlander","L","2022"
"3342",FALSE,"Toyota Highlander","Toyota","24,000 miles",33998,"Highlander L","2022 Toyota","carmax",24000,33998,"Highlander","L","2022"
"3343",FALSE,"Toyota Highlander","Toyota","11,000 miles",37998,"Highlander LE","2022 Toyota","carmax",11000,37998,"Highlander","LE","2022"
"3344",FALSE,"Toyota Highlander","Toyota","20,000 miles",32998,"Highlander LE","2022 Toyota","carmax",20000,32998,"Highlander","LE","2022"
"3345",FALSE,"Toyota Highlander","Toyota","26,000 miles",34998,"Highlander LE","2022 Toyota","carmax",26000,34998,"Highlander","LE","2022"
"3346",FALSE,"Toyota Highlander","Toyota","49,000 miles",30998,"Highlander LE","2022 Toyota","carmax",49000,30998,"Highlander","LE","2022"
"3347",FALSE,"Toyota Highlander","Toyota","29,000 miles",32998,"Highlander LE","2022 Toyota","carmax",29000,32998,"Highlander","LE","2022"
"3348",FALSE,"Toyota Highlander","Toyota","66,000 miles",26998,"Highlander LE","2022 Toyota","carmax",66000,26998,"Highlander","LE","2022"
"3349",FALSE,"Toyota Highlander","Toyota","50,000 miles",28998,"Highlander LE","2022 Toyota","carmax",50000,28998,"Highlander","LE","2022"
"3350",FALSE,"Toyota Highlander","Toyota","26,000 miles",40998,"Highlander Limited","2022 Toyota","carmax",26000,40998,"Highlander","Limited","2022"
"3351",FALSE,"Toyota Highlander","Toyota","78,000 miles",33998,"Highlander Limited","2022 Toyota","carmax",78000,33998,"Highlander","Limited","2022"
"3352",FALSE,"Toyota Highlander","Toyota","98,000 miles",29998,"Highlander Limited","2022 Toyota","carmax",98000,29998,"Highlander","Limited","2022"
"3353",FALSE,"Toyota Highlander","Toyota","54,000 miles",36998,"Highlander Limited","2022 Toyota","carmax",54000,36998,"Highlander","Limited","2022"
"3354",FALSE,"Toyota Highlander","Toyota","28,000 miles",37998,"Highlander Limited","2022 Toyota","carmax",28000,37998,"Highlander","Limited","2022"
"3355",FALSE,"Toyota Highlander","Toyota","17,000 miles",42998,"Highlander Limited","2022 Toyota","carmax",17000,42998,"Highlander","Limited","2022"
"3356",FALSE,"Toyota Highlander","Toyota","29,000 miles",44998,"Highlander Platinum","2022 Toyota","carmax",29000,44998,"Highlander","Platinum","2022"
"3357",FALSE,"Toyota Highlander","Toyota","25,000 miles",41998,"Highlander Platinum","2022 Toyota","carmax",25000,41998,"Highlander","Platinum","2022"
"3358",FALSE,"Toyota Highlander","Toyota","29,000 miles",44998,"Highlander Platinum","2022 Toyota","carmax",29000,44998,"Highlander","Platinum","2022"
"3359",FALSE,"Toyota Highlander","Toyota","19,000 miles",46998,"Highlander Platinum","2022 Toyota","carmax",19000,46998,"Highlander","Platinum","2022"
"3360",FALSE,"Toyota Highlander","Toyota","45,000 miles",39998,"Highlander Platinum","2022 Toyota","carmax",45000,39998,"Highlander","Platinum","2022"
"3361",FALSE,"Toyota Highlander","Toyota","12,000 miles",42998,"Highlander Platinum","2022 Toyota","carmax",12000,42998,"Highlander","Platinum","2022"
"3362",FALSE,"Toyota Highlander","Toyota","23,000 miles",44998,"Highlander Platinum","2022 Toyota","carmax",23000,44998,"Highlander","Platinum","2022"
"3363",FALSE,"Toyota Highlander","Toyota","17,000 miles",49998,"Highlander Platinum","2022 Toyota","carmax",17000,49998,"Highlander","Platinum","2022"
"3364",FALSE,"Toyota Highlander","Toyota","25,000 miles",43998,"Highlander Platinum","2022 Toyota","carmax",25000,43998,"Highlander","Platinum","2022"
"3365",FALSE,"Toyota Highlander","Toyota","15,000 miles",42998,"Highlander Platinum","2022 Toyota","carmax",15000,42998,"Highlander","Platinum","2022"
"3366",FALSE,"Toyota Highlander","Toyota","17,000 miles",43998,"Highlander Platinum","2022 Toyota","carmax",17000,43998,"Highlander","Platinum","2022"
"3367",FALSE,"Toyota Highlander","Toyota","37,000 miles",39998,"Highlander Platinum","2022 Toyota","carmax",37000,39998,"Highlander","Platinum","2022"
"3368",FALSE,"Toyota Highlander","Toyota","20,000 miles",44998,"Highlander Platinum","2022 Toyota","carmax",20000,44998,"Highlander","Platinum","2022"
"3369",FALSE,"Toyota Highlander","Toyota","17,000 miles",46998,"Highlander Platinum","2022 Toyota","carmax",17000,46998,"Highlander","Platinum","2022"
"3370",FALSE,"Toyota Highlander","Toyota","56,000 miles",33998,"Highlander XLE","2022 Toyota","carmax",56000,33998,"Highlander","XLE","2022"
"3371",FALSE,"Toyota Highlander","Toyota","13,000 miles",41998,"Highlander XLE","2022 Toyota","carmax",13000,41998,"Highlander","XLE","2022"
"3372",FALSE,"Toyota Highlander","Toyota","16,000 miles",38998,"Highlander XLE","2022 Toyota","carmax",16000,38998,"Highlander","XLE","2022"
"3373",FALSE,"Toyota Highlander","Toyota","21,000 miles",37998,"Highlander XLE","2022 Toyota","carmax",21000,37998,"Highlander","XLE","2022"
"3374",FALSE,"Toyota Highlander","Toyota","26,000 miles",38998,"Highlander XLE","2022 Toyota","carmax",26000,38998,"Highlander","XLE","2022"
"3375",FALSE,"Toyota Highlander","Toyota","27,000 miles",38998,"Highlander XLE","2022 Toyota","carmax",27000,38998,"Highlander","XLE","2022"
"3376",FALSE,"Toyota Highlander","Toyota","40,000 miles",35998,"Highlander XLE","2022 Toyota","carmax",40000,35998,"Highlander","XLE","2022"
"3377",FALSE,"Toyota Highlander","Toyota","68,000 miles",31998,"Highlander XLE","2022 Toyota","carmax",68000,31998,"Highlander","XLE","2022"
"3378",FALSE,"Toyota Highlander","Toyota","47,000 miles",34998,"Highlander XLE","2022 Toyota","carmax",47000,34998,"Highlander","XLE","2022"
"3379",FALSE,"Toyota Highlander","Toyota","43,000 miles",34998,"Highlander XLE","2022 Toyota","carmax",43000,34998,"Highlander","XLE","2022"
"3380",FALSE,"Toyota Highlander","Toyota","38,000 miles",33998,"Highlander XLE","2022 Toyota","carmax",38000,33998,"Highlander","XLE","2022"
"3381",FALSE,"Toyota Highlander","Toyota","52,000 miles",31998,"Highlander XLE","2022 Toyota","carmax",52000,31998,"Highlander","XLE","2022"
"3382",FALSE,"Toyota Highlander","Toyota","96,000 miles",27998,"Highlander XLE","2022 Toyota","carmax",96000,27998,"Highlander","XLE","2022"
"3383",FALSE,"Toyota Highlander","Toyota","51,000 miles",34998,"Highlander XLE","2022 Toyota","carmax",51000,34998,"Highlander","XLE","2022"
"3384",FALSE,"Toyota Highlander","Toyota","73,000 miles",31998,"Highlander XLE","2022 Toyota","carmax",73000,31998,"Highlander","XLE","2022"
"3385",FALSE,"Toyota Highlander","Toyota","33,000 miles",36998,"Highlander XLE","2022 Toyota","carmax",33000,36998,"Highlander","XLE","2022"
"3386",FALSE,"Toyota Highlander","Toyota","100,000 miles",29998,"Highlander XLE","2022 Toyota","carmax",100000,29998,"Highlander","XLE","2022"
"3387",FALSE,"Toyota Highlander","Toyota","33,000 miles",35998,"Highlander XLE","2022 Toyota","carmax",33000,35998,"Highlander","XLE","2022"
"3388",FALSE,"Toyota Highlander","Toyota","46,000 miles",33998,"Highlander XLE","2022 Toyota","carmax",46000,33998,"Highlander","XLE","2022"
"3389",FALSE,"Toyota Highlander","Toyota","49,000 miles",33998,"Highlander XLE","2022 Toyota","carmax",49000,33998,"Highlander","XLE","2022"
"3390",FALSE,"Toyota Highlander","Toyota","42,000 miles",35998,"Highlander XLE","2022 Toyota","carmax",42000,35998,"Highlander","XLE","2022"
"3391",FALSE,"Toyota Highlander","Toyota","24,000 miles",36998,"Highlander XLE","2022 Toyota","carmax",24000,36998,"Highlander","XLE","2022"
"3392",FALSE,"Toyota Highlander","Toyota","50,000 miles",33998,"Highlander XLE","2022 Toyota","carmax",50000,33998,"Highlander","XLE","2022"
"3393",FALSE,"Toyota Highlander","Toyota","27,000 miles",36998,"Highlander XLE","2022 Toyota","carmax",27000,36998,"Highlander","XLE","2022"
"3394",FALSE,"Toyota Highlander","Toyota","24,000 miles",40998,"Highlander XLE","2022 Toyota","carmax",24000,40998,"Highlander","XLE","2022"
"3395",FALSE,"Toyota Highlander","Toyota","45,000 miles",34998,"Highlander XLE","2022 Toyota","carmax",45000,34998,"Highlander","XLE","2022"
"3396",FALSE,"Toyota Highlander","Toyota","37,000 miles",36998,"Highlander XLE","2022 Toyota","carmax",37000,36998,"Highlander","XLE","2022"
"3397",FALSE,"Toyota Highlander","Toyota","27,000 miles",35998,"Highlander XLE","2022 Toyota","carmax",27000,35998,"Highlander","XLE","2022"
"3398",FALSE,"Toyota Highlander","Toyota","24,000 miles",37998,"Highlander XLE","2022 Toyota","carmax",24000,37998,"Highlander","XLE","2022"
"3399",FALSE,"Toyota Highlander","Toyota","64,000 miles",32998,"Highlander XLE","2022 Toyota","carmax",64000,32998,"Highlander","XLE","2022"
"3400",FALSE,"Toyota Highlander","Toyota","20,000 miles",38998,"Highlander XLE","2022 Toyota","carmax",20000,38998,"Highlander","XLE","2022"
"3401",FALSE,"Toyota Highlander","Toyota","36,000 miles",37998,"Highlander XLE","2022 Toyota","carmax",36000,37998,"Highlander","XLE","2022"
"3402",FALSE,"Toyota Highlander","Toyota","58,000 miles",34998,"Highlander XLE","2022 Toyota","carmax",58000,34998,"Highlander","XLE","2022"
"3403",FALSE,"Toyota Highlander","Toyota","47,000 miles",32998,"Highlander XLE","2022 Toyota","carmax",47000,32998,"Highlander","XLE","2022"
"3404",FALSE,"Toyota Highlander","Toyota","36,000 miles",34998,"Highlander XLE","2022 Toyota","carmax",36000,34998,"Highlander","XLE","2022"
"3405",FALSE,"Toyota Highlander","Toyota","33,000 miles",35998,"Highlander XLE","2022 Toyota","carmax",33000,35998,"Highlander","XLE","2022"
"3406",FALSE,"Toyota Highlander","Toyota","25,000 miles",41998,"Highlander XSE","2022 Toyota","carmax",25000,41998,"Highlander","XSE","2022"
"3407",FALSE,"Toyota Highlander","Toyota","46,000 miles",37998,"Highlander XSE","2022 Toyota","carmax",46000,37998,"Highlander","XSE","2022"
"3408",FALSE,"Toyota Highlander","Toyota","18,000 miles",39998,"Highlander XSE","2022 Toyota","carmax",18000,39998,"Highlander","XSE","2022"
"3409",FALSE,"Toyota Highlander","Toyota","24,000 miles",39998,"Highlander XSE","2022 Toyota","carmax",24000,39998,"Highlander","XSE","2022"
"3410",FALSE,"Toyota Highlander","Toyota","7,000 miles",39998,"Highlander XSE","2022 Toyota","carmax",7000,39998,"Highlander","XSE","2022"
"3411",FALSE,"Toyota Highlander","Toyota","30,000 miles",38998,"Highlander XSE","2022 Toyota","carmax",30000,38998,"Highlander","XSE","2022"
"3412",FALSE,"Toyota Highlander","Toyota","22,000 miles",39998,"Highlander XSE","2022 Toyota","carmax",22000,39998,"Highlander","XSE","2022"
"3413",FALSE,"Toyota Highlander","Toyota","43,000 miles",37998,"Highlander XSE","2022 Toyota","carmax",43000,37998,"Highlander","XSE","2022"
"3414",FALSE,"Toyota Highlander","Toyota","47,000 miles",36998,"Highlander XSE","2022 Toyota","carmax",47000,36998,"Highlander","XSE","2022"
"3415",FALSE,"Toyota Highlander","Toyota","36,000 miles",34998,"Highlander XSE","2022 Toyota","carmax",36000,34998,"Highlander","XSE","2022"
"3416",FALSE,"Toyota Sequoia","Toyota","13,000 miles",63998,"Sequoia Platinum","2022 Toyota","carmax",13000,63998,"Sequoia","Platinum","2022"
"3417",FALSE,"Toyota Sequoia","Toyota","45,000 miles",62998,"Sequoia TRD Pro","2022 Toyota","carmax",45000,62998,"Sequoia","TRD Pro","2022"
"3418",TRUE,"Cadillac Escalade","Cadillac","46,000 miles",72998,"Escalade ESV Premium Luxury","2023 Cadillac","carmax",46000,72998,"Escalade","Premium Luxury","2023"
"3419",TRUE,"Cadillac Escalade","Cadillac","19,000 miles",78998,"Escalade ESV Premium Luxury","2023 Cadillac","carmax",19000,78998,"Escalade","Premium Luxury","2023"
"3420",TRUE,"Cadillac Escalade","Cadillac","32,000 miles",73998,"Escalade ESV Premium Luxury","2023 Cadillac","carmax",32000,73998,"Escalade","Premium Luxury","2023"
"3421",TRUE,"Cadillac Escalade","Cadillac","36,000 miles",74998,"Escalade ESV Premium Luxury Platinum","2023 Cadillac","carmax",36000,74998,"Escalade","Premium Luxury Platinum","2023"
"3422",TRUE,"Cadillac Escalade","Cadillac","47,000 miles",72998,"Escalade ESV Sport","2023 Cadillac","carmax",47000,72998,"Escalade","Sport","2023"
"3423",TRUE,"Cadillac Escalade","Cadillac","20,000 miles",81998,"Escalade ESV Sport","2023 Cadillac","carmax",20000,81998,"Escalade","Sport","2023"
"3424",TRUE,"Cadillac Escalade","Cadillac","31,000 miles",77998,"Escalade ESV Sport","2023 Cadillac","carmax",31000,77998,"Escalade","Sport","2023"
"3425",TRUE,"Cadillac Escalade","Cadillac","20,000 miles",85998,"Escalade ESV Sport Platinum","2023 Cadillac","carmax",20000,85998,"Escalade","Sport Platinum","2023"
"3426",TRUE,"Cadillac Escalade","Cadillac","26,000 miles",67998,"Escalade Luxury","2023 Cadillac","carmax",26000,67998,"Escalade","Luxury","2023"
"3427",TRUE,"Cadillac Escalade","Cadillac","51,000 miles",69998,"Escalade Premium Luxury","2023 Cadillac","carmax",51000,69998,"Escalade","Premium Luxury","2023"
"3428",TRUE,"Cadillac Escalade","Cadillac","19,000 miles",79998,"Escalade Premium Luxury","2023 Cadillac","carmax",19000,79998,"Escalade","Premium Luxury","2023"
"3429",TRUE,"Cadillac Escalade","Cadillac","4,000 miles",88998,"Escalade Premium Luxury","2023 Cadillac","carmax",4000,88998,"Escalade","Premium Luxury","2023"
"3430",TRUE,"Cadillac Escalade","Cadillac","32,000 miles",76998,"Escalade Premium Luxury","2023 Cadillac","carmax",32000,76998,"Escalade","Premium Luxury","2023"
"3431",TRUE,"Cadillac Escalade","Cadillac","45,000 miles",69998,"Escalade Premium Luxury","2023 Cadillac","carmax",45000,69998,"Escalade","Premium Luxury","2023"
"3432",TRUE,"Cadillac Escalade","Cadillac","46,000 miles",69998,"Escalade Premium Luxury","2023 Cadillac","carmax",46000,69998,"Escalade","Premium Luxury","2023"
"3433",TRUE,"Cadillac Escalade","Cadillac","25,000 miles",76998,"Escalade Premium Luxury","2023 Cadillac","carmax",25000,76998,"Escalade","Premium Luxury","2023"
"3434",TRUE,"Cadillac Escalade","Cadillac","38,000 miles",73998,"Escalade Premium Luxury","2023 Cadillac","carmax",38000,73998,"Escalade","Premium Luxury","2023"
"3435",TRUE,"Cadillac Escalade","Cadillac","55,000 miles",69998,"Escalade Premium Luxury Platinum","2023 Cadillac","carmax",55000,69998,"Escalade","Premium Luxury Platinum","2023"
"3436",TRUE,"Cadillac Escalade","Cadillac","17,000 miles",84998,"Escalade Premium Luxury Platinum","2023 Cadillac","carmax",17000,84998,"Escalade","Premium Luxury Platinum","2023"
"3437",TRUE,"Cadillac Escalade","Cadillac","32,000 miles",78998,"Escalade Premium Luxury Platinum","2023 Cadillac","carmax",32000,78998,"Escalade","Premium Luxury Platinum","2023"
"3438",TRUE,"Cadillac Escalade","Cadillac","44,000 miles",72998,"Escalade Premium Luxury Platinum","2023 Cadillac","carmax",44000,72998,"Escalade","Premium Luxury Platinum","2023"
"3439",TRUE,"Cadillac Escalade","Cadillac","49,000 miles",75998,"Escalade Sport","2023 Cadillac","carmax",49000,75998,"Escalade","Sport","2023"
"3440",TRUE,"Cadillac Escalade","Cadillac","30,000 miles",79998,"Escalade Sport","2023 Cadillac","carmax",30000,79998,"Escalade","Sport","2023"
"3441",TRUE,"Cadillac Escalade","Cadillac","20,000 miles",81998,"Escalade Sport Platinum","2023 Cadillac","carmax",20000,81998,"Escalade","Sport Platinum","2023"
"3442",TRUE,"Chevrolet Suburban 1500","Chevrolet","46,000 miles",62998,"Suburban 1500 High Country","2023 Chevrolet","carmax",46000,62998,"Suburban 1500","High Country","2023"
"3443",TRUE,"Chevrolet Suburban 1500","Chevrolet","36,000 miles",65998,"Suburban 1500 High Country","2023 Chevrolet","carmax",36000,65998,"Suburban 1500","High Country","2023"
"3444",TRUE,"Chevrolet Suburban 1500","Chevrolet","38,000 miles",49998,"Suburban 1500 LS","2023 Chevrolet","carmax",38000,49998,"Suburban 1500","LS","2023"
"3445",TRUE,"Chevrolet Suburban 1500","Chevrolet","73,000 miles",41998,"Suburban 1500 LS","2023 Chevrolet","carmax",73000,41998,"Suburban 1500","LS","2023"
"3446",TRUE,"Chevrolet Suburban 1500","Chevrolet","35,000 miles",47998,"Suburban 1500 LS","2023 Chevrolet","carmax",35000,47998,"Suburban 1500","LS","2023"
"3447",TRUE,"Chevrolet Suburban 1500","Chevrolet","22,000 miles",50998,"Suburban 1500 LS","2023 Chevrolet","carmax",22000,50998,"Suburban 1500","LS","2023"
"3448",TRUE,"Chevrolet Suburban 1500","Chevrolet","60,000 miles",43998,"Suburban 1500 LT","2023 Chevrolet","carmax",60000,43998,"Suburban 1500","LT","2023"
"3449",TRUE,"Chevrolet Suburban 1500","Chevrolet","58,000 miles",45998,"Suburban 1500 LT","2023 Chevrolet","carmax",58000,45998,"Suburban 1500","LT","2023"
"3450",TRUE,"Chevrolet Suburban 1500","Chevrolet","16,000 miles",63998,"Suburban 1500 LT","2023 Chevrolet","carmax",16000,63998,"Suburban 1500","LT","2023"
"3451",TRUE,"Chevrolet Suburban 1500","Chevrolet","62,000 miles",45998,"Suburban 1500 Premier","2023 Chevrolet","carmax",62000,45998,"Suburban 1500","Premier","2023"
"3452",TRUE,"Chevrolet Suburban 1500","Chevrolet","52,000 miles",50998,"Suburban 1500 Premier","2023 Chevrolet","carmax",52000,50998,"Suburban 1500","Premier","2023"
"3453",TRUE,"Chevrolet Suburban 1500","Chevrolet","49,000 miles",45998,"Suburban 1500 Premier","2023 Chevrolet","carmax",49000,45998,"Suburban 1500","Premier","2023"
"3454",TRUE,"Chevrolet Suburban 1500","Chevrolet","59,000 miles",60998,"Suburban 1500 Z71","2023 Chevrolet","carmax",59000,60998,"Suburban 1500","Z71","2023"
"3455",TRUE,"Chevrolet Suburban 1500","Chevrolet","19,000 miles",70998,"Suburban 1500 Z71","2023 Chevrolet","carmax",19000,70998,"Suburban 1500","Z71","2023"
"3456",TRUE,"Chevrolet Suburban 1500","Chevrolet","45,000 miles",62998,"Suburban 1500 Z71","2023 Chevrolet","carmax",45000,62998,"Suburban 1500","Z71","2023"
"3457",TRUE,"Chevrolet Suburban 1500","Chevrolet","49,000 miles",57998,"Suburban 1500 Z71","2023 Chevrolet","carmax",49000,57998,"Suburban 1500","Z71","2023"
"3458",TRUE,"Chevrolet Tahoe","Chevrolet","61,000 miles",57998,"Tahoe High Country","2023 Chevrolet","carmax",61000,57998,"Tahoe","High Country","2023"
"3459",TRUE,"Chevrolet Tahoe","Chevrolet","24,000 miles",64998,"Tahoe High Country","2023 Chevrolet","carmax",24000,64998,"Tahoe","High Country","2023"
"3460",TRUE,"Chevrolet Tahoe","Chevrolet","22,000 miles",68998,"Tahoe High Country","2023 Chevrolet","carmax",22000,68998,"Tahoe","High Country","2023"
"3461",TRUE,"Chevrolet Tahoe","Chevrolet","19,000 miles",61998,"Tahoe High Country","2023 Chevrolet","carmax",19000,61998,"Tahoe","High Country","2023"
"3462",TRUE,"Chevrolet Tahoe","Chevrolet","63,000 miles",51998,"Tahoe High Country","2023 Chevrolet","carmax",63000,51998,"Tahoe","High Country","2023"
"3463",TRUE,"Chevrolet Tahoe","Chevrolet","44,000 miles",60998,"Tahoe High Country","2023 Chevrolet","carmax",44000,60998,"Tahoe","High Country","2023"
"3464",TRUE,"Chevrolet Tahoe","Chevrolet","70,000 miles",52998,"Tahoe High Country","2023 Chevrolet","carmax",70000,52998,"Tahoe","High Country","2023"
"3465",TRUE,"Chevrolet Tahoe","Chevrolet","34,000 miles",58998,"Tahoe High Country","2023 Chevrolet","carmax",34000,58998,"Tahoe","High Country","2023"
"3466",TRUE,"Chevrolet Tahoe","Chevrolet","94,000 miles",47998,"Tahoe High Country","2023 Chevrolet","carmax",94000,47998,"Tahoe","High Country","2023"
"3467",TRUE,"Chevrolet Tahoe","Chevrolet","14,000 miles",63998,"Tahoe High Country","2023 Chevrolet","carmax",14000,63998,"Tahoe","High Country","2023"
"3468",TRUE,"Chevrolet Tahoe","Chevrolet","7,000 miles",68998,"Tahoe High Country","2023 Chevrolet","carmax",7000,68998,"Tahoe","High Country","2023"
"3469",TRUE,"Chevrolet Tahoe","Chevrolet","14,000 miles",67998,"Tahoe High Country","2023 Chevrolet","carmax",14000,67998,"Tahoe","High Country","2023"
"3470",TRUE,"Chevrolet Tahoe","Chevrolet","32,000 miles",61998,"Tahoe High Country","2023 Chevrolet","carmax",32000,61998,"Tahoe","High Country","2023"
"3471",TRUE,"Chevrolet Tahoe","Chevrolet","15,000 miles",67998,"Tahoe High Country","2023 Chevrolet","carmax",15000,67998,"Tahoe","High Country","2023"
"3472",TRUE,"Chevrolet Tahoe","Chevrolet","30,000 miles",51998,"Tahoe LS","2023 Chevrolet","carmax",30000,51998,"Tahoe","LS","2023"
"3473",TRUE,"Chevrolet Tahoe","Chevrolet","24,000 miles",50998,"Tahoe LS","2023 Chevrolet","carmax",24000,50998,"Tahoe","LS","2023"
"3474",TRUE,"Chevrolet Tahoe","Chevrolet","23,000 miles",49998,"Tahoe LS","2023 Chevrolet","carmax",23000,49998,"Tahoe","LS","2023"
"3475",TRUE,"Chevrolet Tahoe","Chevrolet","32,000 miles",46998,"Tahoe LS","2023 Chevrolet","carmax",32000,46998,"Tahoe","LS","2023"
"3476",TRUE,"Chevrolet Tahoe","Chevrolet","30,000 miles",48998,"Tahoe LS","2023 Chevrolet","carmax",30000,48998,"Tahoe","LS","2023"
"3477",TRUE,"Chevrolet Tahoe","Chevrolet","35,000 miles",45998,"Tahoe LS","2023 Chevrolet","carmax",35000,45998,"Tahoe","LS","2023"
"3478",TRUE,"Chevrolet Tahoe","Chevrolet","28,000 miles",51998,"Tahoe LS","2023 Chevrolet","carmax",28000,51998,"Tahoe","LS","2023"
"3479",TRUE,"Chevrolet Tahoe","Chevrolet","70,000 miles",43998,"Tahoe LT","2023 Chevrolet","carmax",70000,43998,"Tahoe","LT","2023"
"3480",TRUE,"Chevrolet Tahoe","Chevrolet","18,000 miles",58998,"Tahoe LT","2023 Chevrolet","carmax",18000,58998,"Tahoe","LT","2023"
"3481",TRUE,"Chevrolet Tahoe","Chevrolet","35,000 miles",54998,"Tahoe LT","2023 Chevrolet","carmax",35000,54998,"Tahoe","LT","2023"
"3482",TRUE,"Chevrolet Tahoe","Chevrolet","54,000 miles",50998,"Tahoe LT","2023 Chevrolet","carmax",54000,50998,"Tahoe","LT","2023"
"3483",TRUE,"Chevrolet Tahoe","Chevrolet","12,000 miles",57998,"Tahoe LT","2023 Chevrolet","carmax",12000,57998,"Tahoe","LT","2023"
"3484",TRUE,"Chevrolet Tahoe","Chevrolet","39,000 miles",53998,"Tahoe LT","2023 Chevrolet","carmax",39000,53998,"Tahoe","LT","2023"
"3485",TRUE,"Chevrolet Tahoe","Chevrolet","40,000 miles",52998,"Tahoe LT","2023 Chevrolet","carmax",40000,52998,"Tahoe","LT","2023"
"3486",TRUE,"Chevrolet Tahoe","Chevrolet","52,000 miles",46998,"Tahoe LT","2023 Chevrolet","carmax",52000,46998,"Tahoe","LT","2023"
"3487",TRUE,"Chevrolet Tahoe","Chevrolet","39,000 miles",52998,"Tahoe LT","2023 Chevrolet","carmax",39000,52998,"Tahoe","LT","2023"
"3488",TRUE,"Chevrolet Tahoe","Chevrolet","44,000 miles",49998,"Tahoe LT","2023 Chevrolet","carmax",44000,49998,"Tahoe","LT","2023"
"3489",TRUE,"Chevrolet Tahoe","Chevrolet","43,000 miles",50998,"Tahoe LT","2023 Chevrolet","carmax",43000,50998,"Tahoe","LT","2023"
"3490",TRUE,"Chevrolet Tahoe","Chevrolet","65,000 miles",41998,"Tahoe LT","2023 Chevrolet","carmax",65000,41998,"Tahoe","LT","2023"
"3491",TRUE,"Chevrolet Tahoe","Chevrolet","28,000 miles",51998,"Tahoe LT","2023 Chevrolet","carmax",28000,51998,"Tahoe","LT","2023"
"3492",TRUE,"Chevrolet Tahoe","Chevrolet","30,000 miles",64998,"Tahoe Premier","2023 Chevrolet","carmax",30000,64998,"Tahoe","Premier","2023"
"3493",TRUE,"Chevrolet Tahoe","Chevrolet","58,000 miles",48998,"Tahoe Premier","2023 Chevrolet","carmax",58000,48998,"Tahoe","Premier","2023"
"3494",TRUE,"Chevrolet Tahoe","Chevrolet","15,000 miles",61998,"Tahoe Premier","2023 Chevrolet","carmax",15000,61998,"Tahoe","Premier","2023"
"3495",TRUE,"Chevrolet Tahoe","Chevrolet","29,000 miles",58998,"Tahoe Premier","2023 Chevrolet","carmax",29000,58998,"Tahoe","Premier","2023"
"3496",TRUE,"Chevrolet Tahoe","Chevrolet","96,000 miles",44998,"Tahoe RST","2023 Chevrolet","carmax",96000,44998,"Tahoe","RST","2023"
"3497",TRUE,"Chevrolet Tahoe","Chevrolet","59,000 miles",55998,"Tahoe RST","2023 Chevrolet","carmax",59000,55998,"Tahoe","RST","2023"
"3498",TRUE,"Chevrolet Tahoe","Chevrolet","27,000 miles",59998,"Tahoe RST","2023 Chevrolet","carmax",27000,59998,"Tahoe","RST","2023"
"3499",TRUE,"Chevrolet Tahoe","Chevrolet","22,000 miles",64998,"Tahoe RST","2023 Chevrolet","carmax",22000,64998,"Tahoe","RST","2023"
"3500",TRUE,"Chevrolet Tahoe","Chevrolet","68,000 miles",52998,"Tahoe RST","2023 Chevrolet","carmax",68000,52998,"Tahoe","RST","2023"
"3501",TRUE,"Chevrolet Tahoe","Chevrolet","14,000 miles",66998,"Tahoe RST","2023 Chevrolet","carmax",14000,66998,"Tahoe","RST","2023"
"3502",TRUE,"Chevrolet Tahoe","Chevrolet","40,000 miles",55998,"Tahoe RST","2023 Chevrolet","carmax",40000,55998,"Tahoe","RST","2023"
"3503",TRUE,"Chevrolet Tahoe","Chevrolet","47,000 miles",55998,"Tahoe Z71","2023 Chevrolet","carmax",47000,55998,"Tahoe","Z71","2023"
"3504",TRUE,"Chevrolet Tahoe","Chevrolet","72,000 miles",52998,"Tahoe Z71","2023 Chevrolet","carmax",72000,52998,"Tahoe","Z71","2023"
"3505",TRUE,"Chevrolet Tahoe","Chevrolet","41,000 miles",59998,"Tahoe Z71","2023 Chevrolet","carmax",41000,59998,"Tahoe","Z71","2023"
"3506",TRUE,"Chevrolet Tahoe","Chevrolet","30,000 miles",59998,"Tahoe Z71","2023 Chevrolet","carmax",30000,59998,"Tahoe","Z71","2023"
"3507",TRUE,"GMC Yukon","GMC","73,000 miles",54998,"Yukon AT4","2023 GMC","carmax",73000,54998,"Yukon","AT4","2023"
"3508",TRUE,"GMC Yukon","GMC","38,000 miles",63998,"Yukon AT4","2023 GMC","carmax",38000,63998,"Yukon","AT4","2023"
"3509",TRUE,"GMC Yukon","GMC","77,000 miles",53998,"Yukon AT4","2023 GMC","carmax",77000,53998,"Yukon","AT4","2023"
"3510",TRUE,"GMC Yukon","GMC","40,000 miles",63998,"Yukon Denali","2023 GMC","carmax",40000,63998,"Yukon","Denali","2023"
"3511",TRUE,"GMC Yukon","GMC","58,000 miles",57998,"Yukon Denali","2023 GMC","carmax",58000,57998,"Yukon","Denali","2023"
"3512",TRUE,"GMC Yukon","GMC","44,000 miles",65998,"Yukon Denali","2023 GMC","carmax",44000,65998,"Yukon","Denali","2023"
"3513",TRUE,"GMC Yukon","GMC","39,000 miles",64998,"Yukon Denali","2023 GMC","carmax",39000,64998,"Yukon","Denali","2023"
"3514",TRUE,"GMC Yukon","GMC","16,000 miles",71998,"Yukon Denali","2023 GMC","carmax",16000,71998,"Yukon","Denali","2023"
"3515",TRUE,"GMC Yukon","GMC","29,000 miles",65998,"Yukon Denali","2023 GMC","carmax",29000,65998,"Yukon","Denali","2023"
"3516",TRUE,"GMC Yukon","GMC","16,000 miles",69998,"Yukon Denali","2023 GMC","carmax",16000,69998,"Yukon","Denali","2023"
"3517",TRUE,"GMC Yukon","GMC","59,000 miles",56998,"Yukon Denali","2023 GMC","carmax",59000,56998,"Yukon","Denali","2023"
"3518",TRUE,"GMC Yukon","GMC","27,000 miles",68998,"Yukon Denali","2023 GMC","carmax",27000,68998,"Yukon","Denali","2023"
"3519",TRUE,"GMC Yukon","GMC","36,000 miles",74998,"Yukon Denali Ultimate","2023 GMC","carmax",36000,74998,"Yukon","Denali Ultimate","2023"
"3520",TRUE,"GMC Yukon","GMC","19,000 miles",83998,"Yukon Denali Ultimate","2023 GMC","carmax",19000,83998,"Yukon","Denali Ultimate","2023"
"3521",TRUE,"GMC Yukon","GMC","27,000 miles",76998,"Yukon Denali Ultimate","2023 GMC","carmax",27000,76998,"Yukon","Denali Ultimate","2023"
"3522",TRUE,"GMC Yukon","GMC","13,000 miles",76998,"Yukon Denali Ultimate","2023 GMC","carmax",13000,76998,"Yukon","Denali Ultimate","2023"
"3523",TRUE,"GMC Yukon","GMC","48,000 miles",72998,"Yukon Denali Ultimate","2023 GMC","carmax",48000,72998,"Yukon","Denali Ultimate","2023"
"3524",TRUE,"GMC Yukon","GMC","24,000 miles",52998,"Yukon SLE","2023 GMC","carmax",24000,52998,"Yukon","SLE","2023"
"3525",TRUE,"GMC Yukon","GMC","19,000 miles",62998,"Yukon SLT","2023 GMC","carmax",19000,62998,"Yukon","SLT","2023"
"3526",TRUE,"GMC Yukon","GMC","29,000 miles",61998,"Yukon SLT","2023 GMC","carmax",29000,61998,"Yukon","SLT","2023"
"3527",TRUE,"GMC Yukon","GMC","39,000 miles",55998,"Yukon SLT","2023 GMC","carmax",39000,55998,"Yukon","SLT","2023"
"3528",TRUE,"GMC Yukon","GMC","36,000 miles",57998,"Yukon SLT","2023 GMC","carmax",36000,57998,"Yukon","SLT","2023"
"3529",TRUE,"GMC Yukon","GMC","62,000 miles",45998,"Yukon SLT","2023 GMC","carmax",62000,45998,"Yukon","SLT","2023"
"3530",TRUE,"GMC Yukon","GMC","26,000 miles",59998,"Yukon SLT","2023 GMC","carmax",26000,59998,"Yukon","SLT","2023"
"3531",TRUE,"GMC Yukon XL 1500","GMC","44,000 miles",64998,"Yukon XL 1500 AT4","2023 GMC","carmax",44000,64998,"Yukon XL 1500","AT4","2023"
"3532",TRUE,"GMC Yukon XL 1500","GMC","48,000 miles",60998,"Yukon XL 1500 Denali","2023 GMC","carmax",48000,60998,"Yukon XL 1500","Denali","2023"
"3533",TRUE,"GMC Yukon XL 1500","GMC","20,000 miles",69998,"Yukon XL 1500 Denali","2023 GMC","carmax",20000,69998,"Yukon XL 1500","Denali","2023"
"3534",TRUE,"GMC Yukon XL 1500","GMC","43,000 miles",66998,"Yukon XL 1500 Denali","2023 GMC","carmax",43000,66998,"Yukon XL 1500","Denali","2023"
"3535",TRUE,"GMC Yukon XL 1500","GMC","40,000 miles",64998,"Yukon XL 1500 Denali","2023 GMC","carmax",40000,64998,"Yukon XL 1500","Denali","2023"
"3536",TRUE,"GMC Yukon XL 1500","GMC","67,000 miles",60998,"Yukon XL 1500 Denali","2023 GMC","carmax",67000,60998,"Yukon XL 1500","Denali","2023"
"3537",TRUE,"GMC Yukon XL 1500","GMC","72,000 miles",55998,"Yukon XL 1500 Denali","2023 GMC","carmax",72000,55998,"Yukon XL 1500","Denali","2023"
"3538",TRUE,"GMC Yukon XL 1500","GMC","61,000 miles",55998,"Yukon XL 1500 Denali","2023 GMC","carmax",61000,55998,"Yukon XL 1500","Denali","2023"
"3539",TRUE,"GMC Yukon XL 1500","GMC","40,000 miles",59998,"Yukon XL 1500 Denali","2023 GMC","carmax",40000,59998,"Yukon XL 1500","Denali","2023"
"3540",TRUE,"GMC Yukon XL 1500","GMC","12,000 miles",71998,"Yukon XL 1500 Denali","2023 GMC","carmax",12000,71998,"Yukon XL 1500","Denali","2023"
"3541",TRUE,"GMC Yukon XL 1500","GMC","59,000 miles",58998,"Yukon XL 1500 Denali","2023 GMC","carmax",59000,58998,"Yukon XL 1500","Denali","2023"
"3542",TRUE,"GMC Yukon XL 1500","GMC","28,000 miles",78998,"Yukon XL 1500 Denali Ultimate","2023 GMC","carmax",28000,78998,"Yukon XL 1500","Denali Ultimate","2023"
"3543",TRUE,"GMC Yukon XL 1500","GMC","38,000 miles",75998,"Yukon XL 1500 Denali Ultimate","2023 GMC","carmax",38000,75998,"Yukon XL 1500","Denali Ultimate","2023"
"3544",TRUE,"GMC Yukon XL 1500","GMC","42,000 miles",72998,"Yukon XL 1500 Denali Ultimate","2023 GMC","carmax",42000,72998,"Yukon XL 1500","Denali Ultimate","2023"
"3545",TRUE,"GMC Yukon XL 1500","GMC","46,000 miles",74998,"Yukon XL 1500 Denali Ultimate","2023 GMC","carmax",46000,74998,"Yukon XL 1500","Denali Ultimate","2023"
"3546",TRUE,"GMC Yukon XL 1500","GMC","37,000 miles",73998,"Yukon XL 1500 Denali Ultimate","2023 GMC","carmax",37000,73998,"Yukon XL 1500","Denali Ultimate","2023"
"3547",TRUE,"GMC Yukon XL 1500","GMC","68,000 miles",52998,"Yukon XL 1500 SLT","2023 GMC","carmax",68000,52998,"Yukon XL 1500","SLT","2023"
"3548",TRUE,"GMC Yukon XL 1500","GMC","56,000 miles",54998,"Yukon XL 1500 SLT","2023 GMC","carmax",56000,54998,"Yukon XL 1500","SLT","2023"
"3549",TRUE,"GMC Yukon XL 1500","GMC","59,000 miles",59998,"Yukon XL 1500 SLT","2023 GMC","carmax",59000,59998,"Yukon XL 1500","SLT","2023"
"3550",FALSE,"Lexus IS 500","Lexus","28,000 miles",58998,"IS 500 F-Sport Performance","2023 Lexus","carmax",28000,58998,"IS 500","F-Sport Performance","2023"
"3551",FALSE,"Lexus IS 500","Lexus","33,000 miles",57998,"IS 500 F-Sport Performance","2023 Lexus","carmax",33000,57998,"IS 500","F-Sport Performance","2023"
"3552",FALSE,"Lexus IS 500","Lexus","26,000 miles",60998,"IS 500 F-Sport Performance","2023 Lexus","carmax",26000,60998,"IS 500","F-Sport Performance","2023"
"3553",FALSE,"Lexus IS 500","Lexus","25,000 miles",56998,"IS 500 F-Sport Performance Premium","2023 Lexus","carmax",25000,56998,"IS 500","F-Sport Performance Premium","2023"
"3554",FALSE,"Lexus IS 500","Lexus","7,000 miles",63998,"IS 500 F-Sport Performance Premium","2023 Lexus","carmax",7000,63998,"IS 500","F-Sport Performance Premium","2023"
"3555",FALSE,"Lexus IS 500","Lexus","14,000 miles",60998,"IS 500 F-Sport Performance Premium","2023 Lexus","carmax",14000,60998,"IS 500","F-Sport Performance Premium","2023"
"3556",FALSE,"Lexus LC 500","Lexus","2,000 miles",93998,"LC 500","2023 Lexus","carmax",2000,93998,"LC 500","","2023"
"3557",FALSE,"Lexus LC 500","Lexus","9,000 miles",93998,"LC 500","2023 Lexus","carmax",9000,93998,"LC 500","","2023"
"3558",FALSE,"Lexus LC 500","Lexus","14,000 miles",88998,"LC 500","2023 Lexus","carmax",14000,88998,"LC 500","","2023"
"3559",FALSE,"Lexus LX 600","Lexus","10,000 miles",93998,"LX 600 F-Sport","2023 Lexus","carmax",10000,93998,"LX 600","F-Sport","2023"
"3560",FALSE,"Lexus LX 600","Lexus","13,000 miles",89998,"LX 600 F-Sport","2023 Lexus","carmax",13000,89998,"LX 600","F-Sport","2023"
"3561",FALSE,"Toyota 4Runner","Toyota","24,000 miles",48998,"4Runner 40th Anniversary","2023 Toyota","carmax",24000,48998,"4Runner","40th Anniversary","2023"
"3562",FALSE,"Toyota 4Runner","Toyota","35,000 miles",47998,"4Runner Limited","2023 Toyota","carmax",35000,47998,"4Runner","Limited","2023"
"3563",FALSE,"Toyota 4Runner","Toyota","19,000 miles",49998,"4Runner Limited","2023 Toyota","carmax",19000,49998,"4Runner","Limited","2023"
"3564",FALSE,"Toyota 4Runner","Toyota","22,000 miles",52998,"4Runner Limited","2023 Toyota","carmax",22000,52998,"4Runner","Limited","2023"
"3565",FALSE,"Toyota 4Runner","Toyota","20,000 miles",49998,"4Runner Limited","2023 Toyota","carmax",20000,49998,"4Runner","Limited","2023"
"3566",FALSE,"Toyota 4Runner","Toyota","11,000 miles",51998,"4Runner Limited","2023 Toyota","carmax",11000,51998,"4Runner","Limited","2023"
"3567",FALSE,"Toyota 4Runner","Toyota","24,000 miles",52998,"4Runner Limited","2023 Toyota","carmax",24000,52998,"4Runner","Limited","2023"
"3568",FALSE,"Toyota 4Runner","Toyota","13,000 miles",50998,"4Runner Limited","2023 Toyota","carmax",13000,50998,"4Runner","Limited","2023"
"3569",FALSE,"Toyota 4Runner","Toyota","27,000 miles",39998,"4Runner SR5","2023 Toyota","carmax",27000,39998,"4Runner","SR5","2023"
"3570",FALSE,"Toyota 4Runner","Toyota","40,000 miles",36998,"4Runner SR5","2023 Toyota","carmax",40000,36998,"4Runner","SR5","2023"
"3571",FALSE,"Toyota 4Runner","Toyota","26,000 miles",37998,"4Runner SR5","2023 Toyota","carmax",26000,37998,"4Runner","SR5","2023"
"3572",FALSE,"Toyota 4Runner","Toyota","18,000 miles",38998,"4Runner SR5","2023 Toyota","carmax",18000,38998,"4Runner","SR5","2023"
"3573",FALSE,"Toyota 4Runner","Toyota","35,000 miles",35998,"4Runner SR5","2023 Toyota","carmax",35000,35998,"4Runner","SR5","2023"
"3574",FALSE,"Toyota 4Runner","Toyota","52,000 miles",38998,"4Runner SR5","2023 Toyota","carmax",52000,38998,"4Runner","SR5","2023"
"3575",FALSE,"Toyota 4Runner","Toyota","26,000 miles",38998,"4Runner SR5","2023 Toyota","carmax",26000,38998,"4Runner","SR5","2023"
"3576",FALSE,"Toyota 4Runner","Toyota","53,000 miles",35998,"4Runner SR5","2023 Toyota","carmax",53000,35998,"4Runner","SR5","2023"
"3577",FALSE,"Toyota 4Runner","Toyota","11,000 miles",49998,"4Runner SR5 Premium","2023 Toyota","carmax",11000,49998,"4Runner","SR5 Premium","2023"
"3578",FALSE,"Toyota 4Runner","Toyota","15,000 miles",50998,"4Runner SR5 Premium","2023 Toyota","carmax",15000,50998,"4Runner","SR5 Premium","2023"
"3579",FALSE,"Toyota 4Runner","Toyota","28,000 miles",46998,"4Runner SR5 Premium","2023 Toyota","carmax",28000,46998,"4Runner","SR5 Premium","2023"
"3580",FALSE,"Toyota 4Runner","Toyota","27,000 miles",46998,"4Runner SR5 Premium","2023 Toyota","carmax",27000,46998,"4Runner","SR5 Premium","2023"
"3581",FALSE,"Toyota 4Runner","Toyota","26,000 miles",44998,"4Runner SR5 Premium","2023 Toyota","carmax",26000,44998,"4Runner","SR5 Premium","2023"
"3582",FALSE,"Toyota 4Runner","Toyota","44,000 miles",38998,"4Runner SR5 Premium","2023 Toyota","carmax",44000,38998,"4Runner","SR5 Premium","2023"
"3583",FALSE,"Toyota 4Runner","Toyota","60,000 miles",37998,"4Runner SR5 Premium","2023 Toyota","carmax",60000,37998,"4Runner","SR5 Premium","2023"
"3584",FALSE,"Toyota 4Runner","Toyota","21,000 miles",46998,"4Runner SR5 Premium","2023 Toyota","carmax",21000,46998,"4Runner","SR5 Premium","2023"
"3585",FALSE,"Toyota 4Runner","Toyota","13,000 miles",47998,"4Runner SR5 Premium","2023 Toyota","carmax",13000,47998,"4Runner","SR5 Premium","2023"
"3586",FALSE,"Toyota 4Runner","Toyota","10,000 miles",48998,"4Runner SR5 Premium","2023 Toyota","carmax",10000,48998,"4Runner","SR5 Premium","2023"
"3587",FALSE,"Toyota 4Runner","Toyota","14,000 miles",45998,"4Runner SR5 Premium","2023 Toyota","carmax",14000,45998,"4Runner","SR5 Premium","2023"
"3588",FALSE,"Toyota 4Runner","Toyota","30,000 miles",43998,"4Runner SR5 Premium","2023 Toyota","carmax",30000,43998,"4Runner","SR5 Premium","2023"
"3589",FALSE,"Toyota 4Runner","Toyota","58,000 miles",41998,"4Runner SR5 Premium","2023 Toyota","carmax",58000,41998,"4Runner","SR5 Premium","2023"
"3590",FALSE,"Toyota 4Runner","Toyota","18,000 miles",44998,"4Runner SR5 Premium","2023 Toyota","carmax",18000,44998,"4Runner","SR5 Premium","2023"
"3591",FALSE,"Toyota 4Runner","Toyota","24,000 miles",44998,"4Runner SR5 Premium","2023 Toyota","carmax",24000,44998,"4Runner","SR5 Premium","2023"
"3592",FALSE,"Toyota 4Runner","Toyota","21,000 miles",43998,"4Runner SR5 Premium","2023 Toyota","carmax",21000,43998,"4Runner","SR5 Premium","2023"
"3593",FALSE,"Toyota 4Runner","Toyota","15,000 miles",47998,"4Runner SR5 Premium","2023 Toyota","carmax",15000,47998,"4Runner","SR5 Premium","2023"
"3594",FALSE,"Toyota 4Runner","Toyota","13,000 miles",43998,"4Runner SR5 Premium","2023 Toyota","carmax",13000,43998,"4Runner","SR5 Premium","2023"
"3595",FALSE,"Toyota 4Runner","Toyota","8,000 miles",46998,"4Runner SR5 Premium","2023 Toyota","carmax",8000,46998,"4Runner","SR5 Premium","2023"
"3596",FALSE,"Toyota 4Runner","Toyota","6,000 miles",47998,"4Runner SR5 Premium","2023 Toyota","carmax",6000,47998,"4Runner","SR5 Premium","2023"
"3597",FALSE,"Toyota 4Runner","Toyota","65,000 miles",37998,"4Runner SR5 Premium","2023 Toyota","carmax",65000,37998,"4Runner","SR5 Premium","2023"
"3598",FALSE,"Toyota 4Runner","Toyota","72,000 miles",37998,"4Runner SR5 Premium","2023 Toyota","carmax",72000,37998,"4Runner","SR5 Premium","2023"
"3599",FALSE,"Toyota 4Runner","Toyota","80,000 miles",34998,"4Runner SR5 Premium","2023 Toyota","carmax",80000,34998,"4Runner","SR5 Premium","2023"
"3600",FALSE,"Toyota 4Runner","Toyota","31,000 miles",43998,"4Runner TRD Off Road","2023 Toyota","carmax",31000,43998,"4Runner","TRD Off Road","2023"
"3601",FALSE,"Toyota 4Runner","Toyota","38,000 miles",40998,"4Runner TRD Off Road","2023 Toyota","carmax",38000,40998,"4Runner","TRD Off Road","2023"
"3602",FALSE,"Toyota 4Runner","Toyota","33,000 miles",44998,"4Runner TRD Off Road","2023 Toyota","carmax",33000,44998,"4Runner","TRD Off Road","2023"
"3603",FALSE,"Toyota 4Runner","Toyota","9,000 miles",52998,"4Runner TRD Off Road Premium","2023 Toyota","carmax",9000,52998,"4Runner","TRD Off Road Premium","2023"
"3604",FALSE,"Toyota 4Runner","Toyota","27,000 miles",49998,"4Runner TRD Off Road Premium","2023 Toyota","carmax",27000,49998,"4Runner","TRD Off Road Premium","2023"
"3605",FALSE,"Toyota 4Runner","Toyota","15,000 miles",52998,"4Runner TRD Off Road Premium","2023 Toyota","carmax",15000,52998,"4Runner","TRD Off Road Premium","2023"
"3606",FALSE,"Toyota 4Runner","Toyota","38,000 miles",44998,"4Runner TRD Off Road Premium","2023 Toyota","carmax",38000,44998,"4Runner","TRD Off Road Premium","2023"
"3607",FALSE,"Toyota 4Runner","Toyota","15,000 miles",49998,"4Runner TRD Off Road Premium","2023 Toyota","carmax",15000,49998,"4Runner","TRD Off Road Premium","2023"
"3608",FALSE,"Toyota 4Runner","Toyota","36,000 miles",47998,"4Runner TRD Off Road Premium","2023 Toyota","carmax",36000,47998,"4Runner","TRD Off Road Premium","2023"
"3609",FALSE,"Toyota 4Runner","Toyota","5,000 miles",52998,"4Runner TRD Off Road Premium","2023 Toyota","carmax",5000,52998,"4Runner","TRD Off Road Premium","2023"
"3610",FALSE,"Toyota 4Runner","Toyota","28,000 miles",46998,"4Runner TRD Off Road Premium","2023 Toyota","carmax",28000,46998,"4Runner","TRD Off Road Premium","2023"
"3611",FALSE,"Toyota 4Runner","Toyota","55,000 miles",47998,"4Runner TRD Off Road Premium","2023 Toyota","carmax",55000,47998,"4Runner","TRD Off Road Premium","2023"
"3612",FALSE,"Toyota 4Runner","Toyota","70,000 miles",37998,"4Runner TRD Off Road Premium","2023 Toyota","carmax",70000,37998,"4Runner","TRD Off Road Premium","2023"
"3613",FALSE,"Toyota 4Runner","Toyota","46,000 miles",43998,"4Runner TRD Off Road Premium","2023 Toyota","carmax",46000,43998,"4Runner","TRD Off Road Premium","2023"
"3614",FALSE,"Toyota 4Runner","Toyota","38,000 miles",47998,"4Runner TRD Off Road Premium","2023 Toyota","carmax",38000,47998,"4Runner","TRD Off Road Premium","2023"
"3615",FALSE,"Toyota 4Runner","Toyota","20,000 miles",49998,"4Runner TRD Off Road Premium","2023 Toyota","carmax",20000,49998,"4Runner","TRD Off Road Premium","2023"
"3616",FALSE,"Toyota 4Runner","Toyota","25,000 miles",45998,"4Runner TRD Off Road Premium","2023 Toyota","carmax",25000,45998,"4Runner","TRD Off Road Premium","2023"
"3617",FALSE,"Toyota 4Runner","Toyota","18,000 miles",53998,"4Runner TRD Off Road Premium","2023 Toyota","carmax",18000,53998,"4Runner","TRD Off Road Premium","2023"
"3618",FALSE,"Toyota 4Runner","Toyota","25,000 miles",47998,"4Runner TRD Off Road Premium","2023 Toyota","carmax",25000,47998,"4Runner","TRD Off Road Premium","2023"
"3619",FALSE,"Toyota 4Runner","Toyota","15,000 miles",51998,"4Runner TRD Off Road Premium","2023 Toyota","carmax",15000,51998,"4Runner","TRD Off Road Premium","2023"
"3620",FALSE,"Toyota 4Runner","Toyota","4,000 miles",49998,"4Runner TRD Off Road Premium","2023 Toyota","carmax",4000,49998,"4Runner","TRD Off Road Premium","2023"
"3621",FALSE,"Toyota 4Runner","Toyota","25,000 miles",49998,"4Runner TRD Off Road Premium","2023 Toyota","carmax",25000,49998,"4Runner","TRD Off Road Premium","2023"
"3622",FALSE,"Toyota 4Runner","Toyota","11,000 miles",59998,"4Runner TRD Pro","2023 Toyota","carmax",11000,59998,"4Runner","TRD Pro","2023"
"3623",FALSE,"Toyota 4Runner","Toyota","60,000 miles",51998,"4Runner TRD Pro","2023 Toyota","carmax",60000,51998,"4Runner","TRD Pro","2023"
"3624",FALSE,"Toyota 4Runner","Toyota","47,000 miles",52998,"4Runner TRD Pro","2023 Toyota","carmax",47000,52998,"4Runner","TRD Pro","2023"
"3625",FALSE,"Toyota 4Runner","Toyota","19,000 miles",58998,"4Runner TRD Pro","2023 Toyota","carmax",19000,58998,"4Runner","TRD Pro","2023"
"3626",FALSE,"Toyota 4Runner","Toyota","20,000 miles",57998,"4Runner TRD Pro","2023 Toyota","carmax",20000,57998,"4Runner","TRD Pro","2023"
"3627",FALSE,"Toyota 4Runner","Toyota","32,000 miles",52998,"4Runner TRD Pro","2023 Toyota","carmax",32000,52998,"4Runner","TRD Pro","2023"
"3628",FALSE,"Toyota 4Runner","Toyota","46,000 miles",53998,"4Runner TRD Pro","2023 Toyota","carmax",46000,53998,"4Runner","TRD Pro","2023"
"3629",FALSE,"Toyota 4Runner","Toyota","29,000 miles",57998,"4Runner TRD Pro","2023 Toyota","carmax",29000,57998,"4Runner","TRD Pro","2023"
"3630",FALSE,"Toyota 4Runner","Toyota","54,000 miles",35998,"4Runner TRD Sport","2023 Toyota","carmax",54000,35998,"4Runner","TRD Sport","2023"
"3631",FALSE,"Toyota 4Runner","Toyota","43,000 miles",45998,"4Runner TRD Sport","2023 Toyota","carmax",43000,45998,"4Runner","TRD Sport","2023"
"3632",FALSE,"Toyota Highlander","Toyota","10,000 miles",49998,"Highlander Hybrid Bronze Edition","2023 Toyota","carmax",10000,49998,"Highlander","Hybrid Bronze Edition","2023"
"3633",FALSE,"Toyota Highlander","Toyota","25,000 miles",43998,"Highlander Hybrid Bronze Edition","2023 Toyota","carmax",25000,43998,"Highlander","Hybrid Bronze Edition","2023"
"3634",FALSE,"Toyota Highlander","Toyota","60,000 miles",37998,"Highlander Hybrid Bronze Edition","2023 Toyota","carmax",60000,37998,"Highlander","Hybrid Bronze Edition","2023"
"3635",FALSE,"Toyota Highlander","Toyota","63,000 miles",32998,"Highlander Hybrid LE","2023 Toyota","carmax",63000,32998,"Highlander","Hybrid LE","2023"
"3636",FALSE,"Toyota Highlander","Toyota","26,000 miles",37998,"Highlander Hybrid LE","2023 Toyota","carmax",26000,37998,"Highlander","Hybrid LE","2023"
"3637",FALSE,"Toyota Highlander","Toyota","39,000 miles",35998,"Highlander Hybrid LE","2023 Toyota","carmax",39000,35998,"Highlander","Hybrid LE","2023"
"3638",FALSE,"Toyota Highlander","Toyota","17,000 miles",49998,"Highlander Hybrid Limited","2023 Toyota","carmax",17000,49998,"Highlander","Hybrid Limited","2023"
"3639",FALSE,"Toyota Highlander","Toyota","42,000 miles",45998,"Highlander Hybrid Limited","2023 Toyota","carmax",42000,45998,"Highlander","Hybrid Limited","2023"
"3640",FALSE,"Toyota Highlander","Toyota","17,000 miles",48998,"Highlander Hybrid Limited","2023 Toyota","carmax",17000,48998,"Highlander","Hybrid Limited","2023"
"3641",FALSE,"Toyota Highlander","Toyota","19,000 miles",47998,"Highlander Hybrid Limited","2023 Toyota","carmax",19000,47998,"Highlander","Hybrid Limited","2023"
"3642",FALSE,"Toyota Highlander","Toyota","12,000 miles",49998,"Highlander Hybrid Limited","2023 Toyota","carmax",12000,49998,"Highlander","Hybrid Limited","2023"
"3643",FALSE,"Toyota Highlander","Toyota","28,000 miles",45998,"Highlander Hybrid Limited","2023 Toyota","carmax",28000,45998,"Highlander","Hybrid Limited","2023"
"3644",FALSE,"Toyota Highlander","Toyota","44,000 miles",44998,"Highlander Hybrid Limited","2023 Toyota","carmax",44000,44998,"Highlander","Hybrid Limited","2023"
"3645",FALSE,"Toyota Highlander","Toyota","26,000 miles",47998,"Highlander Hybrid Limited","2023 Toyota","carmax",26000,47998,"Highlander","Hybrid Limited","2023"
"3646",FALSE,"Toyota Highlander","Toyota","31,000 miles",48998,"Highlander Hybrid Platinum","2023 Toyota","carmax",31000,48998,"Highlander","Hybrid Platinum","2023"
"3647",FALSE,"Toyota Highlander","Toyota","30,000 miles",46998,"Highlander Hybrid Platinum","2023 Toyota","carmax",30000,46998,"Highlander","Hybrid Platinum","2023"
"3648",FALSE,"Toyota Highlander","Toyota","9,000 miles",51998,"Highlander Hybrid Platinum","2023 Toyota","carmax",9000,51998,"Highlander","Hybrid Platinum","2023"
"3649",FALSE,"Toyota Highlander","Toyota","19,000 miles",48998,"Highlander Hybrid XLE","2023 Toyota","carmax",19000,48998,"Highlander","Hybrid XLE","2023"
"3650",FALSE,"Toyota Highlander","Toyota","14,000 miles",45998,"Highlander Hybrid XLE","2023 Toyota","carmax",14000,45998,"Highlander","Hybrid XLE","2023"
"3651",FALSE,"Toyota Highlander","Toyota","31,000 miles",40998,"Highlander Hybrid XLE","2023 Toyota","carmax",31000,40998,"Highlander","Hybrid XLE","2023"
"3652",FALSE,"Toyota Highlander","Toyota","46,000 miles",39998,"Highlander Hybrid XLE","2023 Toyota","carmax",46000,39998,"Highlander","Hybrid XLE","2023"
"3653",FALSE,"Toyota Highlander","Toyota","33,000 miles",39998,"Highlander Hybrid XLE","2023 Toyota","carmax",33000,39998,"Highlander","Hybrid XLE","2023"
"3654",FALSE,"Toyota Highlander","Toyota","41,000 miles",44998,"Highlander Hybrid XLE","2023 Toyota","carmax",41000,44998,"Highlander","Hybrid XLE","2023"
"3655",FALSE,"Toyota Highlander","Toyota","14,000 miles",45998,"Highlander Hybrid XLE","2023 Toyota","carmax",14000,45998,"Highlander","Hybrid XLE","2023"
"3656",FALSE,"Toyota Highlander","Toyota","20,000 miles",43998,"Highlander Hybrid XLE","2023 Toyota","carmax",20000,43998,"Highlander","Hybrid XLE","2023"
"3657",FALSE,"Toyota Highlander","Toyota","27,000 miles",43998,"Highlander Hybrid XLE","2023 Toyota","carmax",27000,43998,"Highlander","Hybrid XLE","2023"
"3658",FALSE,"Toyota Highlander","Toyota","30,000 miles",43998,"Highlander Hybrid XLE","2023 Toyota","carmax",30000,43998,"Highlander","Hybrid XLE","2023"
"3659",FALSE,"Toyota Highlander","Toyota","30,000 miles",30998,"Highlander L","2023 Toyota","carmax",30000,30998,"Highlander","L","2023"
"3660",FALSE,"Toyota Highlander","Toyota","19,000 miles",33998,"Highlander L","2023 Toyota","carmax",19000,33998,"Highlander","L","2023"
"3661",FALSE,"Toyota Highlander","Toyota","14,000 miles",35998,"Highlander L","2023 Toyota","carmax",14000,35998,"Highlander","L","2023"
"3662",FALSE,"Toyota Highlander","Toyota","58,000 miles",28998,"Highlander LE","2023 Toyota","carmax",58000,28998,"Highlander","LE","2023"
"3663",FALSE,"Toyota Highlander","Toyota","25,000 miles",33998,"Highlander LE","2023 Toyota","carmax",25000,33998,"Highlander","LE","2023"
"3664",FALSE,"Toyota Highlander","Toyota","20,000 miles",32998,"Highlander LE","2023 Toyota","carmax",20000,32998,"Highlander","LE","2023"
"3665",FALSE,"Toyota Highlander","Toyota","7,000 miles",45998,"Highlander Limited","2023 Toyota","carmax",7000,45998,"Highlander","Limited","2023"
"3666",FALSE,"Toyota Highlander","Toyota","29,000 miles",40998,"Highlander Limited","2023 Toyota","carmax",29000,40998,"Highlander","Limited","2023"
"3667",FALSE,"Toyota Highlander","Toyota","10,000 miles",45998,"Highlander Limited","2023 Toyota","carmax",10000,45998,"Highlander","Limited","2023"
"3668",FALSE,"Toyota Highlander","Toyota","25,000 miles",38998,"Highlander Limited","2023 Toyota","carmax",25000,38998,"Highlander","Limited","2023"
"3669",FALSE,"Toyota Highlander","Toyota","21,000 miles",37998,"Highlander Limited","2023 Toyota","carmax",21000,37998,"Highlander","Limited","2023"
"3670",FALSE,"Toyota Highlander","Toyota","23,000 miles",37998,"Highlander Limited","2023 Toyota","carmax",23000,37998,"Highlander","Limited","2023"
"3671",FALSE,"Toyota Highlander","Toyota","29,000 miles",46998,"Highlander Platinum","2023 Toyota","carmax",29000,46998,"Highlander","Platinum","2023"
"3672",FALSE,"Toyota Highlander","Toyota","60,000 miles",39998,"Highlander Platinum","2023 Toyota","carmax",60000,39998,"Highlander","Platinum","2023"
"3673",FALSE,"Toyota Highlander","Toyota","30,000 miles",42998,"Highlander Platinum","2023 Toyota","carmax",30000,42998,"Highlander","Platinum","2023"
"3674",FALSE,"Toyota Highlander","Toyota","14,000 miles",46998,"Highlander Platinum","2023 Toyota","carmax",14000,46998,"Highlander","Platinum","2023"
"3675",FALSE,"Toyota Highlander","Toyota","29,000 miles",40998,"Highlander Platinum","2023 Toyota","carmax",29000,40998,"Highlander","Platinum","2023"
"3676",FALSE,"Toyota Highlander","Toyota","39,000 miles",39998,"Highlander Platinum","2023 Toyota","carmax",39000,39998,"Highlander","Platinum","2023"
"3677",FALSE,"Toyota Highlander","Toyota","19,000 miles",42998,"Highlander Platinum","2023 Toyota","carmax",19000,42998,"Highlander","Platinum","2023"
"3678",FALSE,"Toyota Highlander","Toyota","42,000 miles",42998,"Highlander Platinum","2023 Toyota","carmax",42000,42998,"Highlander","Platinum","2023"
"3679",FALSE,"Toyota Highlander","Toyota","26,000 miles",43998,"Highlander Platinum","2023 Toyota","carmax",26000,43998,"Highlander","Platinum","2023"
"3680",FALSE,"Toyota Highlander","Toyota","30,000 miles",43998,"Highlander Platinum","2023 Toyota","carmax",30000,43998,"Highlander","Platinum","2023"
"3681",FALSE,"Toyota Highlander","Toyota","10,000 miles",44998,"Highlander Platinum","2023 Toyota","carmax",10000,44998,"Highlander","Platinum","2023"
"3682",FALSE,"Toyota Highlander","Toyota","9,000 miles",45998,"Highlander Platinum","2023 Toyota","carmax",9000,45998,"Highlander","Platinum","2023"
"3683",FALSE,"Toyota Highlander","Toyota","21,000 miles",42998,"Highlander Platinum","2023 Toyota","carmax",21000,42998,"Highlander","Platinum","2023"
"3684",FALSE,"Toyota Highlander","Toyota","33,000 miles",35998,"Highlander XLE","2023 Toyota","carmax",33000,35998,"Highlander","XLE","2023"
"3685",FALSE,"Toyota Highlander","Toyota","26,000 miles",37998,"Highlander XLE","2023 Toyota","carmax",26000,37998,"Highlander","XLE","2023"
"3686",FALSE,"Toyota Highlander","Toyota","18,000 miles",38998,"Highlander XLE","2023 Toyota","carmax",18000,38998,"Highlander","XLE","2023"
"3687",FALSE,"Toyota Highlander","Toyota","34,000 miles",35998,"Highlander XLE","2023 Toyota","carmax",34000,35998,"Highlander","XLE","2023"
"3688",FALSE,"Toyota Highlander","Toyota","19,000 miles",39998,"Highlander XLE","2023 Toyota","carmax",19000,39998,"Highlander","XLE","2023"
"3689",FALSE,"Toyota Highlander","Toyota","33,000 miles",37998,"Highlander XLE","2023 Toyota","carmax",33000,37998,"Highlander","XLE","2023"
"3690",FALSE,"Toyota Highlander","Toyota","15,000 miles",39998,"Highlander XLE","2023 Toyota","carmax",15000,39998,"Highlander","XLE","2023"
"3691",FALSE,"Toyota Highlander","Toyota","13,000 miles",38998,"Highlander XLE","2023 Toyota","carmax",13000,38998,"Highlander","XLE","2023"
"3692",FALSE,"Toyota Highlander","Toyota","37,000 miles",35998,"Highlander XLE","2023 Toyota","carmax",37000,35998,"Highlander","XLE","2023"
"3693",FALSE,"Toyota Highlander","Toyota","33,000 miles",35998,"Highlander XLE","2023 Toyota","carmax",33000,35998,"Highlander","XLE","2023"
"3694",FALSE,"Toyota Highlander","Toyota","20,000 miles",34998,"Highlander XLE","2023 Toyota","carmax",20000,34998,"Highlander","XLE","2023"
"3695",FALSE,"Toyota Highlander","Toyota","18,000 miles",41998,"Highlander XLE","2023 Toyota","carmax",18000,41998,"Highlander","XLE","2023"
"3696",FALSE,"Toyota Highlander","Toyota","18,000 miles",36998,"Highlander XLE","2023 Toyota","carmax",18000,36998,"Highlander","XLE","2023"
"3697",FALSE,"Toyota Highlander","Toyota","23,000 miles",37998,"Highlander XLE","2023 Toyota","carmax",23000,37998,"Highlander","XLE","2023"
"3698",FALSE,"Toyota Highlander","Toyota","15,000 miles",42998,"Highlander XSE","2023 Toyota","carmax",15000,42998,"Highlander","XSE","2023"
"3699",FALSE,"Toyota Highlander","Toyota","17,000 miles",41998,"Highlander XSE","2023 Toyota","carmax",17000,41998,"Highlander","XSE","2023"
"3700",FALSE,"Toyota Highlander","Toyota","31,000 miles",39998,"Highlander XSE","2023 Toyota","carmax",31000,39998,"Highlander","XSE","2023"
"3701",FALSE,"Toyota Highlander","Toyota","56,000 miles",34998,"Highlander XSE","2023 Toyota","carmax",56000,34998,"Highlander","XSE","2023"
"3702",FALSE,"Toyota Highlander","Toyota","23,000 miles",40998,"Highlander XSE","2023 Toyota","carmax",23000,40998,"Highlander","XSE","2023"
"3703",FALSE,"Toyota Highlander","Toyota","19,000 miles",45998,"Highlander XSE","2023 Toyota","carmax",19000,45998,"Highlander","XSE","2023"
"3704",FALSE,"Toyota Highlander","Toyota","29,000 miles",37998,"Highlander XSE","2023 Toyota","carmax",29000,37998,"Highlander","XSE","2023"
"3705",FALSE,"Toyota Highlander","Toyota","20,000 miles",40998,"Highlander XSE","2023 Toyota","carmax",20000,40998,"Highlander","XSE","2023"
"3706",FALSE,"Toyota Sequoia","Toyota","24,000 miles",67998,"Sequoia Capstone","2023 Toyota","carmax",24000,67998,"Sequoia","Capstone","2023"
"3707",FALSE,"Toyota Sequoia","Toyota","37,000 miles",63998,"Sequoia Capstone","2023 Toyota","carmax",37000,63998,"Sequoia","Capstone","2023"
"3708",FALSE,"Toyota Sequoia","Toyota","76,000 miles",60998,"Sequoia Limited","2023 Toyota","carmax",76000,60998,"Sequoia","Limited","2023"
"3709",FALSE,"Toyota Sequoia","Toyota","52,000 miles",62998,"Sequoia Limited","2023 Toyota","carmax",52000,62998,"Sequoia","Limited","2023"
"3710",FALSE,"Toyota Sequoia","Toyota","27,000 miles",65998,"Sequoia Limited","2023 Toyota","carmax",27000,65998,"Sequoia","Limited","2023"
"3711",FALSE,"Toyota Sequoia","Toyota","28,000 miles",64998,"Sequoia Limited","2023 Toyota","carmax",28000,64998,"Sequoia","Limited","2023"
"3712",FALSE,"Toyota Sequoia","Toyota","17,000 miles",65998,"Sequoia Limited","2023 Toyota","carmax",17000,65998,"Sequoia","Limited","2023"
"3713",FALSE,"Toyota Sequoia","Toyota","14,000 miles",67998,"Sequoia Limited","2023 Toyota","carmax",14000,67998,"Sequoia","Limited","2023"
"3714",FALSE,"Toyota Sequoia","Toyota","15,000 miles",66998,"Sequoia Limited","2023 Toyota","carmax",15000,66998,"Sequoia","Limited","2023"
"3715",FALSE,"Toyota Sequoia","Toyota","32,000 miles",62998,"Sequoia Limited","2023 Toyota","carmax",32000,62998,"Sequoia","Limited","2023"
"3716",FALSE,"Toyota Sequoia","Toyota","36,000 miles",67998,"Sequoia Limited","2023 Toyota","carmax",36000,67998,"Sequoia","Limited","2023"
"3717",FALSE,"Toyota Sequoia","Toyota","39,000 miles",64998,"Sequoia Limited","2023 Toyota","carmax",39000,64998,"Sequoia","Limited","2023"
"3718",FALSE,"Toyota Sequoia","Toyota","50,000 miles",65998,"Sequoia Platinum","2023 Toyota","carmax",50000,65998,"Sequoia","Platinum","2023"
"3719",FALSE,"Toyota Sequoia","Toyota","35,000 miles",68998,"Sequoia Platinum","2023 Toyota","carmax",35000,68998,"Sequoia","Platinum","2023"
"3720",FALSE,"Toyota Sequoia","Toyota","35,000 miles",67998,"Sequoia Platinum","2023 Toyota","carmax",35000,67998,"Sequoia","Platinum","2023"
"3721",TRUE,"Cadillac Escalade","Cadillac","36,000 miles",72998,"Escalade ESV Luxury","2024 Cadillac","carmax",36000,72998,"Escalade","Luxury","2024"
"3722",TRUE,"Cadillac Escalade","Cadillac","21,000 miles",83998,"Escalade ESV Premium Luxury","2024 Cadillac","carmax",21000,83998,"Escalade","Premium Luxury","2024"
"3723",TRUE,"Cadillac Escalade","Cadillac","7,000 miles",95998,"Escalade ESV Premium Luxury","2024 Cadillac","carmax",7000,95998,"Escalade","Premium Luxury","2024"
"3724",TRUE,"Cadillac Escalade","Cadillac","22,000 miles",82998,"Escalade ESV Premium Luxury","2024 Cadillac","carmax",22000,82998,"Escalade","Premium Luxury","2024"
"3725",TRUE,"Cadillac Escalade","Cadillac","19,000 miles",86998,"Escalade ESV Sport","2024 Cadillac","carmax",19000,86998,"Escalade","Sport","2024"
"3726",TRUE,"Cadillac Escalade","Cadillac","38,000 miles",79998,"Escalade ESV Sport","2024 Cadillac","carmax",38000,79998,"Escalade","Sport","2024"
"3727",TRUE,"Cadillac Escalade","Cadillac","44,000 miles",74998,"Escalade Premium Luxury","2024 Cadillac","carmax",44000,74998,"Escalade","Premium Luxury","2024"
"3728",TRUE,"Cadillac Escalade","Cadillac","27,000 miles",80998,"Escalade Premium Luxury","2024 Cadillac","carmax",27000,80998,"Escalade","Premium Luxury","2024"
"3729",TRUE,"Cadillac Escalade","Cadillac","45,000 miles",78998,"Escalade Sport","2024 Cadillac","carmax",45000,78998,"Escalade","Sport","2024"
"3730",TRUE,"Cadillac Escalade","Cadillac","31,000 miles",83998,"Escalade Sport","2024 Cadillac","carmax",31000,83998,"Escalade","Sport","2024"
"3731",TRUE,"Cadillac Escalade","Cadillac","52,000 miles",78998,"Escalade Sport","2024 Cadillac","carmax",52000,78998,"Escalade","Sport","2024"
"3732",TRUE,"Cadillac Escalade","Cadillac","20,000 miles",86998,"Escalade Sport","2024 Cadillac","carmax",20000,86998,"Escalade","Sport","2024"
"3733",TRUE,"Cadillac Escalade","Cadillac","43,000 miles",85998,"Escalade Sport Platinum","2024 Cadillac","carmax",43000,85998,"Escalade","Sport Platinum","2024"
"3734",TRUE,"Cadillac Escalade","Cadillac","20,000 miles",92998,"Escalade Sport Platinum","2024 Cadillac","carmax",20000,92998,"Escalade","Sport Platinum","2024"
"3735",TRUE,"Chevrolet Suburban 1500","Chevrolet","48,000 miles",69998,"Suburban 1500 High Country","2024 Chevrolet","carmax",48000,69998,"Suburban 1500","High Country","2024"
"3736",TRUE,"Chevrolet Suburban 1500","Chevrolet","31,000 miles",68998,"Suburban 1500 High Country","2024 Chevrolet","carmax",31000,68998,"Suburban 1500","High Country","2024"
"3737",TRUE,"Chevrolet Suburban 1500","Chevrolet","21,000 miles",55998,"Suburban 1500 LS","2024 Chevrolet","carmax",21000,55998,"Suburban 1500","LS","2024"
"3738",TRUE,"Chevrolet Suburban 1500","Chevrolet","9,000 miles",66998,"Suburban 1500 LT","2024 Chevrolet","carmax",9000,66998,"Suburban 1500","LT","2024"
"3739",TRUE,"Chevrolet Suburban 1500","Chevrolet","29,000 miles",58998,"Suburban 1500 LT","2024 Chevrolet","carmax",29000,58998,"Suburban 1500","LT","2024"
"3740",TRUE,"Chevrolet Suburban 1500","Chevrolet","18,000 miles",66998,"Suburban 1500 Premier","2024 Chevrolet","carmax",18000,66998,"Suburban 1500","Premier","2024"
"3741",TRUE,"Chevrolet Suburban 1500","Chevrolet","40,000 miles",66998,"Suburban 1500 Z71","2024 Chevrolet","carmax",40000,66998,"Suburban 1500","Z71","2024"
"3742",TRUE,"Chevrolet Suburban 1500","Chevrolet","54,000 miles",61998,"Suburban 1500 Z71","2024 Chevrolet","carmax",54000,61998,"Suburban 1500","Z71","2024"
"3743",TRUE,"Chevrolet Suburban 1500","Chevrolet","8,000 miles",69998,"Suburban 1500 Z71","2024 Chevrolet","carmax",8000,69998,"Suburban 1500","Z71","2024"
"3744",TRUE,"Chevrolet Suburban 1500","Chevrolet","26,000 miles",69998,"Suburban 1500 Z71","2024 Chevrolet","carmax",26000,69998,"Suburban 1500","Z71","2024"
"3745",TRUE,"Chevrolet Tahoe","Chevrolet","7,000 miles",67998,"Tahoe High Country","2024 Chevrolet","carmax",7000,67998,"Tahoe","High Country","2024"
"3746",TRUE,"Chevrolet Tahoe","Chevrolet","24,000 miles",68998,"Tahoe High Country","2024 Chevrolet","carmax",24000,68998,"Tahoe","High Country","2024"
"3747",TRUE,"Chevrolet Tahoe","Chevrolet","10,000 miles",69998,"Tahoe High Country","2024 Chevrolet","carmax",10000,69998,"Tahoe","High Country","2024"
"3748",TRUE,"Chevrolet Tahoe","Chevrolet","12,000 miles",71998,"Tahoe High Country","2024 Chevrolet","carmax",12000,71998,"Tahoe","High Country","2024"
"3749",TRUE,"Chevrolet Tahoe","Chevrolet","19,000 miles",68998,"Tahoe High Country","2024 Chevrolet","carmax",19000,68998,"Tahoe","High Country","2024"
"3750",TRUE,"Chevrolet Tahoe","Chevrolet","8,000 miles",56998,"Tahoe LS","2024 Chevrolet","carmax",8000,56998,"Tahoe","LS","2024"
"3751",TRUE,"Chevrolet Tahoe","Chevrolet","20,000 miles",55998,"Tahoe LS","2024 Chevrolet","carmax",20000,55998,"Tahoe","LS","2024"
"3752",TRUE,"Chevrolet Tahoe","Chevrolet","4,000 miles",61998,"Tahoe LT","2024 Chevrolet","carmax",4000,61998,"Tahoe","LT","2024"
"3753",TRUE,"Chevrolet Tahoe","Chevrolet","28,000 miles",59998,"Tahoe LT","2024 Chevrolet","carmax",28000,59998,"Tahoe","LT","2024"
"3754",TRUE,"Chevrolet Tahoe","Chevrolet","18,000 miles",63998,"Tahoe RST","2024 Chevrolet","carmax",18000,63998,"Tahoe","RST","2024"
"3755",TRUE,"Chevrolet Tahoe","Chevrolet","7,000 miles",65998,"Tahoe RST","2024 Chevrolet","carmax",7000,65998,"Tahoe","RST","2024"
"3756",TRUE,"Chevrolet Tahoe","Chevrolet","78,000 miles",52998,"Tahoe RST","2024 Chevrolet","carmax",78000,52998,"Tahoe","RST","2024"
"3757",TRUE,"Chevrolet Tahoe","Chevrolet","13,000 miles",66998,"Tahoe Z71","2024 Chevrolet","carmax",13000,66998,"Tahoe","Z71","2024"
"3758",TRUE,"Chevrolet Tahoe","Chevrolet","27,000 miles",64998,"Tahoe Z71","2024 Chevrolet","carmax",27000,64998,"Tahoe","Z71","2024"
"3759",TRUE,"Chevrolet Tahoe","Chevrolet","16,000 miles",63998,"Tahoe Z71","2024 Chevrolet","carmax",16000,63998,"Tahoe","Z71","2024"
"3760",TRUE,"Chevrolet Tahoe","Chevrolet","3,000 miles",69998,"Tahoe Z71","2024 Chevrolet","carmax",3000,69998,"Tahoe","Z71","2024"
"3761",TRUE,"Chevrolet Tahoe","Chevrolet","22,000 miles",71998,"Tahoe Z71","2024 Chevrolet","carmax",22000,71998,"Tahoe","Z71","2024"
"3762",TRUE,"Chevrolet Tahoe","Chevrolet","42,000 miles",62998,"Tahoe Z71","2024 Chevrolet","carmax",42000,62998,"Tahoe","Z71","2024"
"3763",TRUE,"Chevrolet Tahoe","Chevrolet","16,000 miles",67998,"Tahoe Z71","2024 Chevrolet","carmax",16000,67998,"Tahoe","Z71","2024"
"3764",TRUE,"GMC Yukon","GMC","28,000 miles",70998,"Yukon AT4","2024 GMC","carmax",28000,70998,"Yukon","AT4","2024"
"3765",TRUE,"GMC Yukon","GMC","24,000 miles",69998,"Yukon AT4","2024 GMC","carmax",24000,69998,"Yukon","AT4","2024"
"3766",TRUE,"GMC Yukon","GMC","18,000 miles",72998,"Yukon Denali","2024 GMC","carmax",18000,72998,"Yukon","Denali","2024"
"3767",TRUE,"GMC Yukon","GMC","12,000 miles",74998,"Yukon Denali","2024 GMC","carmax",12000,74998,"Yukon","Denali","2024"
"3768",TRUE,"GMC Yukon","GMC","7,000 miles",78998,"Yukon Denali","2024 GMC","carmax",7000,78998,"Yukon","Denali","2024"
"3769",TRUE,"GMC Yukon","GMC","14,000 miles",78998,"Yukon Denali","2024 GMC","carmax",14000,78998,"Yukon","Denali","2024"
"3770",TRUE,"GMC Yukon","GMC","8,000 miles",76998,"Yukon Denali","2024 GMC","carmax",8000,76998,"Yukon","Denali","2024"
"3771",TRUE,"GMC Yukon","GMC","20,000 miles",73998,"Yukon Denali","2024 GMC","carmax",20000,73998,"Yukon","Denali","2024"
"3772",TRUE,"GMC Yukon","GMC","12,000 miles",79998,"Yukon Denali Ultimate","2024 GMC","carmax",12000,79998,"Yukon","Denali Ultimate","2024"
"3773",TRUE,"GMC Yukon","GMC","32,000 miles",62998,"Yukon SLT","2024 GMC","carmax",32000,62998,"Yukon","SLT","2024"
"3774",TRUE,"GMC Yukon","GMC","8,000 miles",70998,"Yukon SLT","2024 GMC","carmax",8000,70998,"Yukon","SLT","2024"
"3775",TRUE,"GMC Yukon","GMC","16,000 miles",67998,"Yukon SLT","2024 GMC","carmax",16000,67998,"Yukon","SLT","2024"
"3776",TRUE,"GMC Yukon XL 1500","GMC","25,000 miles",65998,"Yukon XL 1500 AT4","2024 GMC","carmax",25000,65998,"Yukon XL 1500","AT4","2024"
"3777",TRUE,"GMC Yukon XL 1500","GMC","23,000 miles",73998,"Yukon XL 1500 Denali","2024 GMC","carmax",23000,73998,"Yukon XL 1500","Denali","2024"
"3778",TRUE,"GMC Yukon XL 1500","GMC","36,000 miles",67998,"Yukon XL 1500 Denali","2024 GMC","carmax",36000,67998,"Yukon XL 1500","Denali","2024"
"3779",FALSE,"Lexus IS 500","Lexus","13,000 miles",64998,"IS 500 F-Sport Performance","2024 Lexus","carmax",13000,64998,"IS 500","F-Sport Performance","2024"
"3780",FALSE,"Lexus IS 500","Lexus","15,000 miles",65998,"IS 500 F-Sport Performance","2024 Lexus","carmax",15000,65998,"IS 500","F-Sport Performance","2024"
"3781",FALSE,"Lexus LS 500","Lexus","6,000 miles",72998,"LS 500","2024 Lexus","carmax",6000,72998,"LS 500","","2024"
"3782",FALSE,"Lexus LX 600","Lexus","16,000 miles",93998,"LX 600 Premium","2024 Lexus","carmax",16000,93998,"LX 600","Premium","2024"
"3783",FALSE,"Toyota 4Runner","Toyota","8,000 miles",51998,"4Runner Limited","2024 Toyota","carmax",8000,51998,"4Runner","Limited","2024"
"3784",FALSE,"Toyota 4Runner","Toyota","8,000 miles",58998,"4Runner Limited","2024 Toyota","carmax",8000,58998,"4Runner","Limited","2024"
"3785",FALSE,"Toyota 4Runner","Toyota","8,000 miles",58998,"4Runner Limited","2024 Toyota","carmax",8000,58998,"4Runner","Limited","2024"
"3786",FALSE,"Toyota 4Runner","Toyota","17,000 miles",56998,"4Runner Limited","2024 Toyota","carmax",17000,56998,"4Runner","Limited","2024"
"3787",FALSE,"Toyota 4Runner","Toyota","2,000 miles",42998,"4Runner SR5","2024 Toyota","carmax",2000,42998,"4Runner","SR5","2024"
"3788",FALSE,"Toyota 4Runner","Toyota","21,000 miles",37998,"4Runner SR5","2024 Toyota","carmax",21000,37998,"4Runner","SR5","2024"
"3789",FALSE,"Toyota 4Runner","Toyota","37,000 miles",39998,"4Runner SR5","2024 Toyota","carmax",37000,39998,"4Runner","SR5","2024"
"3790",FALSE,"Toyota 4Runner","Toyota","23,000 miles",39998,"4Runner SR5","2024 Toyota","carmax",23000,39998,"4Runner","SR5","2024"
"3791",FALSE,"Toyota 4Runner","Toyota","17,000 miles",38998,"4Runner SR5","2024 Toyota","carmax",17000,38998,"4Runner","SR5","2024"
"3792",FALSE,"Toyota 4Runner","Toyota","18,000 miles",37998,"4Runner SR5","2024 Toyota","carmax",18000,37998,"4Runner","SR5","2024"
"3793",FALSE,"Toyota 4Runner","Toyota","19,000 miles",39998,"4Runner SR5","2024 Toyota","carmax",19000,39998,"4Runner","SR5","2024"
"3794",FALSE,"Toyota 4Runner","Toyota","29,000 miles",37998,"4Runner SR5","2024 Toyota","carmax",29000,37998,"4Runner","SR5","2024"
"3795",FALSE,"Toyota 4Runner","Toyota","11,000 miles",51998,"4Runner SR5 Premium","2024 Toyota","carmax",11000,51998,"4Runner","SR5 Premium","2024"
"3796",FALSE,"Toyota 4Runner","Toyota","4,000 miles",54998,"4Runner SR5 Premium","2024 Toyota","carmax",4000,54998,"4Runner","SR5 Premium","2024"
"3797",FALSE,"Toyota 4Runner","Toyota","3,000 miles",49998,"4Runner SR5 Premium","2024 Toyota","carmax",3000,49998,"4Runner","SR5 Premium","2024"
"3798",FALSE,"Toyota 4Runner","Toyota","26,000 miles",47998,"4Runner SR5 Premium","2024 Toyota","carmax",26000,47998,"4Runner","SR5 Premium","2024"
"3799",FALSE,"Toyota 4Runner","Toyota","21,000 miles",43998,"4Runner SR5 Premium","2024 Toyota","carmax",21000,43998,"4Runner","SR5 Premium","2024"
"3800",FALSE,"Toyota 4Runner","Toyota","7,000 miles",50998,"4Runner SR5 Premium","2024 Toyota","carmax",7000,50998,"4Runner","SR5 Premium","2024"
"3801",FALSE,"Toyota 4Runner","Toyota","16,000 miles",49998,"4Runner SR5 Premium","2024 Toyota","carmax",16000,49998,"4Runner","SR5 Premium","2024"
"3802",FALSE,"Toyota 4Runner","Toyota","11,000 miles",48998,"4Runner SR5 Premium","2024 Toyota","carmax",11000,48998,"4Runner","SR5 Premium","2024"
"3803",FALSE,"Toyota 4Runner","Toyota","8,000 miles",49998,"4Runner SR5 Premium","2024 Toyota","carmax",8000,49998,"4Runner","SR5 Premium","2024"
"3804",FALSE,"Toyota 4Runner","Toyota","5,000 miles",47998,"4Runner SR5 Premium","2024 Toyota","carmax",5000,47998,"4Runner","SR5 Premium","2024"
"3805",FALSE,"Toyota 4Runner","Toyota","7,000 miles",50998,"4Runner SR5 Premium","2024 Toyota","carmax",7000,50998,"4Runner","SR5 Premium","2024"
"3806",FALSE,"Toyota 4Runner","Toyota","31,000 miles",48998,"4Runner SR5 Premium","2024 Toyota","carmax",31000,48998,"4Runner","SR5 Premium","2024"
"3807",FALSE,"Toyota 4Runner","Toyota","16,000 miles",49998,"4Runner SR5 Premium","2024 Toyota","carmax",16000,49998,"4Runner","SR5 Premium","2024"
"3808",FALSE,"Toyota 4Runner","Toyota","21,000 miles",46998,"4Runner SR5 Premium","2024 Toyota","carmax",21000,46998,"4Runner","SR5 Premium","2024"
"3809",FALSE,"Toyota 4Runner","Toyota","19,000 miles",42998,"4Runner TRD Off Road","2024 Toyota","carmax",19000,42998,"4Runner","TRD Off Road","2024"
"3810",FALSE,"Toyota 4Runner","Toyota","6,000 miles",55998,"4Runner TRD Off Road Premium","2024 Toyota","carmax",6000,55998,"4Runner","TRD Off Road Premium","2024"
"3811",FALSE,"Toyota 4Runner","Toyota","17,000 miles",51998,"4Runner TRD Off Road Premium","2024 Toyota","carmax",17000,51998,"4Runner","TRD Off Road Premium","2024"
"3812",FALSE,"Toyota 4Runner","Toyota","6,000 miles",54998,"4Runner TRD Off Road Premium","2024 Toyota","carmax",6000,54998,"4Runner","TRD Off Road Premium","2024"
"3813",FALSE,"Toyota 4Runner","Toyota","24,000 miles",47998,"4Runner TRD Off Road Premium","2024 Toyota","carmax",24000,47998,"4Runner","TRD Off Road Premium","2024"
"3814",FALSE,"Toyota 4Runner","Toyota","19,000 miles",49998,"4Runner TRD Off Road Premium","2024 Toyota","carmax",19000,49998,"4Runner","TRD Off Road Premium","2024"
"3815",FALSE,"Toyota 4Runner","Toyota","16,000 miles",52998,"4Runner TRD Off Road Premium","2024 Toyota","carmax",16000,52998,"4Runner","TRD Off Road Premium","2024"
"3816",FALSE,"Toyota 4Runner","Toyota","17,000 miles",52998,"4Runner TRD Off Road Premium","2024 Toyota","carmax",17000,52998,"4Runner","TRD Off Road Premium","2024"
"3817",FALSE,"Toyota 4Runner","Toyota","25,000 miles",59998,"4Runner TRD Pro","2024 Toyota","carmax",25000,59998,"4Runner","TRD Pro","2024"
"3818",FALSE,"Toyota 4Runner","Toyota","25,000 miles",60998,"4Runner TRD Pro","2024 Toyota","carmax",25000,60998,"4Runner","TRD Pro","2024"
"3819",FALSE,"Toyota 4Runner","Toyota","13,000 miles",61998,"4Runner TRD Pro","2024 Toyota","carmax",13000,61998,"4Runner","TRD Pro","2024"
"3820",FALSE,"Toyota 4Runner","Toyota","11,000 miles",60998,"4Runner TRD Pro","2024 Toyota","carmax",11000,60998,"4Runner","TRD Pro","2024"
"3821",FALSE,"Toyota 4Runner","Toyota","23,000 miles",60998,"4Runner TRD Pro","2024 Toyota","carmax",23000,60998,"4Runner","TRD Pro","2024"
"3822",FALSE,"Toyota 4Runner","Toyota","13,000 miles",62998,"4Runner TRD Pro","2024 Toyota","carmax",13000,62998,"4Runner","TRD Pro","2024"
"3823",FALSE,"Toyota 4Runner","Toyota","13,000 miles",59998,"4Runner TRD Pro","2024 Toyota","carmax",13000,59998,"4Runner","TRD Pro","2024"
"3824",FALSE,"Toyota 4Runner","Toyota","8,000 miles",64998,"4Runner TRD Pro","2024 Toyota","carmax",8000,64998,"4Runner","TRD Pro","2024"
"3825",FALSE,"Toyota 4Runner","Toyota","10,000 miles",61998,"4Runner TRD Pro","2024 Toyota","carmax",10000,61998,"4Runner","TRD Pro","2024"
"3826",FALSE,"Toyota 4Runner","Toyota","22,000 miles",60998,"4Runner TRD Pro","2024 Toyota","carmax",22000,60998,"4Runner","TRD Pro","2024"
"3827",FALSE,"Toyota 4Runner","Toyota","48,000 miles",55998,"4Runner TRD Pro","2024 Toyota","carmax",48000,55998,"4Runner","TRD Pro","2024"
"3828",FALSE,"Toyota 4Runner","Toyota","13,000 miles",62998,"4Runner TRD Pro","2024 Toyota","carmax",13000,62998,"4Runner","TRD Pro","2024"
"3829",FALSE,"Toyota 4Runner","Toyota","1,000 miles",67998,"4Runner TRD Pro","2024 Toyota","carmax",1000,67998,"4Runner","TRD Pro","2024"
"3830",FALSE,"Toyota 4Runner","Toyota","17,000 miles",62998,"4Runner TRD Pro","2024 Toyota","carmax",17000,62998,"4Runner","TRD Pro","2024"
"3831",FALSE,"Toyota 4Runner","Toyota","11,000 miles",50998,"4Runner TRD Sport","2024 Toyota","carmax",11000,50998,"4Runner","TRD Sport","2024"
"3832",FALSE,"Toyota Grand Highlander","Toyota","3,000 miles",57998,"Grand Highlander Hybrid Limited","2024 Toyota","carmax",3000,57998,"Grand Highlander","Hybrid Limited","2024"
"3833",FALSE,"Toyota Grand Highlander","Toyota","36,000 miles",49998,"Grand Highlander Limited","2024 Toyota","carmax",36000,49998,"Grand Highlander","Limited","2024"
"3834",FALSE,"Toyota Grand Highlander","Toyota","24,000 miles",49998,"Grand Highlander Limited","2024 Toyota","carmax",24000,49998,"Grand Highlander","Limited","2024"
"3835",FALSE,"Toyota Grand Highlander","Toyota","41,000 miles",46998,"Grand Highlander Limited","2024 Toyota","carmax",41000,46998,"Grand Highlander","Limited","2024"
"3836",FALSE,"Toyota Grand Highlander","Toyota","17,000 miles",49998,"Grand Highlander Limited","2024 Toyota","carmax",17000,49998,"Grand Highlander","Limited","2024"
"3837",FALSE,"Toyota Grand Highlander","Toyota","7,000 miles",51998,"Grand Highlander Limited","2024 Toyota","carmax",7000,51998,"Grand Highlander","Limited","2024"
"3838",FALSE,"Toyota Grand Highlander","Toyota","31,000 miles",46998,"Grand Highlander Limited","2024 Toyota","carmax",31000,46998,"Grand Highlander","Limited","2024"
"3839",FALSE,"Toyota Grand Highlander","Toyota","7,000 miles",53998,"Grand Highlander Limited","2024 Toyota","carmax",7000,53998,"Grand Highlander","Limited","2024"
"3840",FALSE,"Toyota Grand Highlander","Toyota","17,000 miles",48998,"Grand Highlander Limited","2024 Toyota","carmax",17000,48998,"Grand Highlander","Limited","2024"
"3841",FALSE,"Toyota Grand Highlander","Toyota","7,000 miles",48998,"Grand Highlander Limited","2024 Toyota","carmax",7000,48998,"Grand Highlander","Limited","2024"
"3842",FALSE,"Toyota Grand Highlander","Toyota","14,000 miles",49998,"Grand Highlander Limited","2024 Toyota","carmax",14000,49998,"Grand Highlander","Limited","2024"
"3843",FALSE,"Toyota Grand Highlander","Toyota","20,000 miles",47998,"Grand Highlander Limited","2024 Toyota","carmax",20000,47998,"Grand Highlander","Limited","2024"
"3844",FALSE,"Toyota Grand Highlander","Toyota","26,000 miles",51998,"Grand Highlander Limited","2024 Toyota","carmax",26000,51998,"Grand Highlander","Limited","2024"
"3845",FALSE,"Toyota Grand Highlander","Toyota","4,000 miles",52998,"Grand Highlander Limited","2024 Toyota","carmax",4000,52998,"Grand Highlander","Limited","2024"
"3846",FALSE,"Toyota Grand Highlander","Toyota","18,000 miles",50998,"Grand Highlander Limited","2024 Toyota","carmax",18000,50998,"Grand Highlander","Limited","2024"
"3847",FALSE,"Toyota Grand Highlander","Toyota","31,000 miles",48998,"Grand Highlander Limited","2024 Toyota","carmax",31000,48998,"Grand Highlander","Limited","2024"
"3848",FALSE,"Toyota Grand Highlander","Toyota","21,000 miles",48998,"Grand Highlander Limited","2024 Toyota","carmax",21000,48998,"Grand Highlander","Limited","2024"
"3849",FALSE,"Toyota Grand Highlander","Toyota","17,000 miles",48998,"Grand Highlander Limited","2024 Toyota","carmax",17000,48998,"Grand Highlander","Limited","2024"
"3850",FALSE,"Toyota Grand Highlander","Toyota","9,000 miles",52998,"Grand Highlander Limited","2024 Toyota","carmax",9000,52998,"Grand Highlander","Limited","2024"
"3851",FALSE,"Toyota Grand Highlander","Toyota","20,000 miles",52998,"Grand Highlander Limited","2024 Toyota","carmax",20000,52998,"Grand Highlander","Limited","2024"
"3852",FALSE,"Toyota Grand Highlander","Toyota","27,000 miles",49998,"Grand Highlander Limited","2024 Toyota","carmax",27000,49998,"Grand Highlander","Limited","2024"
"3853",FALSE,"Toyota Grand Highlander","Toyota","29,000 miles",52998,"Grand Highlander Platinum","2024 Toyota","carmax",29000,52998,"Grand Highlander","Platinum","2024"
"3854",FALSE,"Toyota Grand Highlander","Toyota","21,000 miles",50998,"Grand Highlander Platinum","2024 Toyota","carmax",21000,50998,"Grand Highlander","Platinum","2024"
"3855",FALSE,"Toyota Grand Highlander","Toyota","8,000 miles",53998,"Grand Highlander Platinum","2024 Toyota","carmax",8000,53998,"Grand Highlander","Platinum","2024"
"3856",FALSE,"Toyota Grand Highlander","Toyota","31,000 miles",51998,"Grand Highlander Platinum","2024 Toyota","carmax",31000,51998,"Grand Highlander","Platinum","2024"
"3857",FALSE,"Toyota Grand Highlander","Toyota","16,000 miles",57998,"Grand Highlander Platinum","2024 Toyota","carmax",16000,57998,"Grand Highlander","Platinum","2024"
"3858",FALSE,"Toyota Grand Highlander","Toyota","20,000 miles",52998,"Grand Highlander Platinum","2024 Toyota","carmax",20000,52998,"Grand Highlander","Platinum","2024"
"3859",FALSE,"Toyota Grand Highlander","Toyota","8,000 miles",55998,"Grand Highlander Platinum","2024 Toyota","carmax",8000,55998,"Grand Highlander","Platinum","2024"
"3860",FALSE,"Toyota Grand Highlander","Toyota","24,000 miles",52998,"Grand Highlander Platinum","2024 Toyota","carmax",24000,52998,"Grand Highlander","Platinum","2024"
"3861",FALSE,"Toyota Grand Highlander","Toyota","26,000 miles",52998,"Grand Highlander Platinum","2024 Toyota","carmax",26000,52998,"Grand Highlander","Platinum","2024"
"3862",FALSE,"Toyota Grand Highlander","Toyota","19,000 miles",53998,"Grand Highlander Platinum","2024 Toyota","carmax",19000,53998,"Grand Highlander","Platinum","2024"
"3863",FALSE,"Toyota Grand Highlander","Toyota","24,000 miles",43998,"Grand Highlander XLE","2024 Toyota","carmax",24000,43998,"Grand Highlander","XLE","2024"
"3864",FALSE,"Toyota Grand Highlander","Toyota","12,000 miles",44998,"Grand Highlander XLE","2024 Toyota","carmax",12000,44998,"Grand Highlander","XLE","2024"
"3865",FALSE,"Toyota Grand Highlander","Toyota","31,000 miles",42998,"Grand Highlander XLE","2024 Toyota","carmax",31000,42998,"Grand Highlander","XLE","2024"
"3866",FALSE,"Toyota Grand Highlander","Toyota","1,000 miles",49998,"Grand Highlander XLE","2024 Toyota","carmax",1000,49998,"Grand Highlander","XLE","2024"
"3867",FALSE,"Toyota Grand Highlander","Toyota","31,000 miles",45998,"Grand Highlander XLE","2024 Toyota","carmax",31000,45998,"Grand Highlander","XLE","2024"
"3868",FALSE,"Toyota Grand Highlander","Toyota","17,000 miles",43998,"Grand Highlander XLE","2024 Toyota","carmax",17000,43998,"Grand Highlander","XLE","2024"
"3869",FALSE,"Toyota Grand Highlander","Toyota","26,000 miles",45998,"Grand Highlander XLE","2024 Toyota","carmax",26000,45998,"Grand Highlander","XLE","2024"
"3870",FALSE,"Toyota Grand Highlander","Toyota","16,000 miles",44998,"Grand Highlander XLE","2024 Toyota","carmax",16000,44998,"Grand Highlander","XLE","2024"
"3871",FALSE,"Toyota Grand Highlander","Toyota","73,000 miles",38998,"Grand Highlander XLE","2024 Toyota","carmax",73000,38998,"Grand Highlander","XLE","2024"
"3872",FALSE,"Toyota Grand Highlander","Toyota","24,000 miles",44998,"Grand Highlander XLE","2024 Toyota","carmax",24000,44998,"Grand Highlander","XLE","2024"
"3873",FALSE,"Toyota Grand Highlander","Toyota","27,000 miles",44998,"Grand Highlander XLE","2024 Toyota","carmax",27000,44998,"Grand Highlander","XLE","2024"
"3874",FALSE,"Toyota Grand Highlander","Toyota","15,000 miles",46998,"Grand Highlander XLE","2024 Toyota","carmax",15000,46998,"Grand Highlander","XLE","2024"
"3875",FALSE,"Toyota Grand Highlander","Toyota","12,000 miles",45998,"Grand Highlander XLE","2024 Toyota","carmax",12000,45998,"Grand Highlander","XLE","2024"
"3876",FALSE,"Toyota Grand Highlander","Toyota","8,000 miles",48998,"Grand Highlander XLE","2024 Toyota","carmax",8000,48998,"Grand Highlander","XLE","2024"
"3877",FALSE,"Toyota Grand Highlander","Toyota","15,000 miles",45998,"Grand Highlander XLE","2024 Toyota","carmax",15000,45998,"Grand Highlander","XLE","2024"
"3878",FALSE,"Toyota Grand Highlander","Toyota","12,000 miles",44998,"Grand Highlander XLE","2024 Toyota","carmax",12000,44998,"Grand Highlander","XLE","2024"
"3879",FALSE,"Toyota Highlander","Toyota","10,000 miles",51998,"Highlander Hybrid Limited","2024 Toyota","carmax",10000,51998,"Highlander","Hybrid Limited","2024"
"3880",FALSE,"Toyota Highlander","Toyota","14,000 miles",50998,"Highlander Hybrid Platinum","2024 Toyota","carmax",14000,50998,"Highlander","Hybrid Platinum","2024"
"3881",FALSE,"Toyota Highlander","Toyota","18,000 miles",44998,"Highlander Hybrid XLE","2024 Toyota","carmax",18000,44998,"Highlander","Hybrid XLE","2024"
"3882",FALSE,"Toyota Highlander","Toyota","20,000 miles",48998,"Highlander Hybrid XLE Nightshade","2024 Toyota","carmax",20000,48998,"Highlander","Hybrid XLE Nightshade","2024"
"3883",FALSE,"Toyota Highlander","Toyota","11,000 miles",50998,"Highlander Platinum","2024 Toyota","carmax",11000,50998,"Highlander","Platinum","2024"
"3884",FALSE,"Toyota Highlander","Toyota","7,000 miles",41998,"Highlander XLE","2024 Toyota","carmax",7000,41998,"Highlander","XLE","2024"
"3885",FALSE,"Toyota Highlander","Toyota","15,000 miles",39998,"Highlander XLE","2024 Toyota","carmax",15000,39998,"Highlander","XLE","2024"
"3886",FALSE,"Toyota Highlander","Toyota","17,000 miles",39998,"Highlander XLE","2024 Toyota","carmax",17000,39998,"Highlander","XLE","2024"
"3887",FALSE,"Toyota Highlander","Toyota","10,000 miles",42998,"Highlander XLE","2024 Toyota","carmax",10000,42998,"Highlander","XLE","2024"
"3888",FALSE,"Toyota Highlander","Toyota","8,000 miles",47998,"Highlander XSE","2024 Toyota","carmax",8000,47998,"Highlander","XSE","2024"
"3889",FALSE,"Toyota Highlander","Toyota","28,000 miles",43998,"Highlander XSE","2024 Toyota","carmax",28000,43998,"Highlander","XSE","2024"
"3890",FALSE,"Toyota Highlander","Toyota","26,000 miles",40998,"Highlander XSE","2024 Toyota","carmax",26000,40998,"Highlander","XSE","2024"
"3891",FALSE,"Toyota Highlander","Toyota","11,000 miles",41998,"Highlander XSE","2024 Toyota","carmax",11000,41998,"Highlander","XSE","2024"
"3892",FALSE,"Toyota Highlander","Toyota","26,000 miles",38998,"Highlander XSE","2024 Toyota","carmax",26000,38998,"Highlander","XSE","2024"
"3893",FALSE,"Toyota Land Cruiser","Toyota","37,000 miles",59998,"Land Cruiser","2024 Toyota","carmax",37000,59998,"Land Cruiser","","2024"
"3894",FALSE,"Toyota Land Cruiser","Toyota","9,000 miles",72998,"Land Cruiser","2024 Toyota","carmax",9000,72998,"Land Cruiser","","2024"
"3895",FALSE,"Toyota Land Cruiser","Toyota","7,000 miles",64998,"Land Cruiser","2024 Toyota","carmax",7000,64998,"Land Cruiser","","2024"
"3896",FALSE,"Toyota Land Cruiser","Toyota","7,000 miles",65998,"Land Cruiser","2024 Toyota","carmax",7000,65998,"Land Cruiser","","2024"
"3897",FALSE,"Toyota Land Cruiser","Toyota","4,000 miles",66998,"Land Cruiser","2024 Toyota","carmax",4000,66998,"Land Cruiser","","2024"
"3898",FALSE,"Toyota Land Cruiser","Toyota","10,000 miles",63998,"Land Cruiser","2024 Toyota","carmax",10000,63998,"Land Cruiser","","2024"
"3899",FALSE,"Toyota Land Cruiser","Toyota","10,000 miles",57998,"Land Cruiser 1958","2024 Toyota","carmax",10000,57998,"Land Cruiser","1958","2024"
"3900",FALSE,"Toyota Land Cruiser","Toyota","5,000 miles",56998,"Land Cruiser 1958","2024 Toyota","carmax",5000,56998,"Land Cruiser","1958","2024"
"3901",FALSE,"Toyota Land Cruiser","Toyota","6,000 miles",57998,"Land Cruiser 1958","2024 Toyota","carmax",6000,57998,"Land Cruiser","1958","2024"
"3902",FALSE,"Toyota Land Cruiser","Toyota","5,000 miles",57998,"Land Cruiser 1958","2024 Toyota","carmax",5000,57998,"Land Cruiser","1958","2024"
"3903",FALSE,"Toyota Land Cruiser","Toyota","17,000 miles",53998,"Land Cruiser 1958","2024 Toyota","carmax",17000,53998,"Land Cruiser","1958","2024"
"3904",FALSE,"Toyota Land Cruiser","Toyota","22,000 miles",69998,"Land Cruiser First Edition","2024 Toyota","carmax",22000,69998,"Land Cruiser","First Edition","2024"
"3905",FALSE,"Toyota Land Cruiser","Toyota","14,000 miles",69998,"Land Cruiser First Edition","2024 Toyota","carmax",14000,69998,"Land Cruiser","First Edition","2024"
"3906",FALSE,"Toyota Sequoia","Toyota","16,000 miles",70998,"Sequoia Capstone","2024 Toyota","carmax",16000,70998,"Sequoia","Capstone","2024"
"3907",FALSE,"Toyota Sequoia","Toyota","24,000 miles",73998,"Sequoia Capstone","2024 Toyota","carmax",24000,73998,"Sequoia","Capstone","2024"
"3908",FALSE,"Toyota Sequoia","Toyota","26,000 miles",68998,"Sequoia Limited","2024 Toyota","carmax",26000,68998,"Sequoia","Limited","2024"
"3909",FALSE,"Toyota Sequoia","Toyota","16,000 miles",72998,"Sequoia Limited","2024 Toyota","carmax",16000,72998,"Sequoia","Limited","2024"
"3910",FALSE,"Toyota Sequoia","Toyota","14,000 miles",72998,"Sequoia Limited","2024 Toyota","carmax",14000,72998,"Sequoia","Limited","2024"
"3911",FALSE,"Toyota Sequoia","Toyota","24,000 miles",69998,"Sequoia Limited","2024 Toyota","carmax",24000,69998,"Sequoia","Limited","2024"
"3912",FALSE,"Toyota Sequoia","Toyota","28,000 miles",66998,"Sequoia Limited","2024 Toyota","carmax",28000,66998,"Sequoia","Limited","2024"
"3913",FALSE,"Toyota Sequoia","Toyota","8,000 miles",73998,"Sequoia Platinum","2024 Toyota","carmax",8000,73998,"Sequoia","Platinum","2024"
"3914",FALSE,"Toyota Sequoia","Toyota","22,000 miles",71998,"Sequoia Platinum","2024 Toyota","carmax",22000,71998,"Sequoia","Platinum","2024"
"3915",FALSE,"Toyota Sequoia","Toyota","16,000 miles",64998,"Sequoia SR5","2024 Toyota","carmax",16000,64998,"Sequoia","SR5","2024"
"3916",FALSE,"Toyota Sequoia","Toyota","24,000 miles",65998,"Sequoia SR5","2024 Toyota","carmax",24000,65998,"Sequoia","SR5","2024"
"3917",FALSE,"Toyota Sequoia","Toyota","17,000 miles",73998,"Sequoia TRD Pro","2024 Toyota","carmax",17000,73998,"Sequoia","TRD Pro","2024"
"3918",FALSE,"Toyota Sequoia","Toyota","7,000 miles",78998,"Sequoia TRD Pro","2024 Toyota","carmax",7000,78998,"Sequoia","TRD Pro","2024"
"3919",FALSE,"Toyota Sequoia","Toyota","18,000 miles",77998,"Sequoia TRD Pro","2024 Toyota","carmax",18000,77998,"Sequoia","TRD Pro","2024"
"3920",FALSE,"Toyota Sequoia","Toyota","25,000 miles",74998,"Sequoia TRD Pro","2024 Toyota","carmax",25000,74998,"Sequoia","TRD Pro","2024"
"3921",FALSE,"Toyota Sequoia","Toyota","22,000 miles",75998,"Sequoia TRD Pro","2024 Toyota","carmax",22000,75998,"Sequoia","TRD Pro","2024"
"3922",FALSE,"Toyota Sequoia","Toyota","23,000 miles",73998,"Sequoia TRD Pro","2024 Toyota","carmax",23000,73998,"Sequoia","TRD Pro","2024"
"3923",TRUE,"Chevrolet Suburban 1500","Chevrolet","5,000 miles",67998,"Suburban 1500 LT","2025 Chevrolet","carmax",5000,67998,"Suburban 1500","LT","2025"
"3924",TRUE,"Chevrolet Suburban 1500","Chevrolet","3,000 miles",84998,"Suburban 1500 Premier","2025 Chevrolet","carmax",3000,84998,"Suburban 1500","Premier","2025"
"3925",TRUE,"Chevrolet Suburban 1500","Chevrolet","26,000 miles",71998,"Suburban 1500 Z71","2025 Chevrolet","carmax",26000,71998,"Suburban 1500","Z71","2025"
"3926",TRUE,"Chevrolet Tahoe","Chevrolet","3,000 miles",59998,"Tahoe LS","2025 Chevrolet","carmax",3000,59998,"Tahoe","LS","2025"
"3927",TRUE,"Chevrolet Tahoe","Chevrolet","3,000 miles",61998,"Tahoe LS","2025 Chevrolet","carmax",3000,61998,"Tahoe","LS","2025"
"3928",TRUE,"Chevrolet Tahoe","Chevrolet","16,000 miles",69998,"Tahoe RST","2025 Chevrolet","carmax",16000,69998,"Tahoe","RST","2025"
"3929",TRUE,"Chevrolet Tahoe","Chevrolet","4,000 miles",67998,"Tahoe RST","2025 Chevrolet","carmax",4000,67998,"Tahoe","RST","2025"
"3930",TRUE,"Chevrolet Tahoe","Chevrolet","14,000 miles",69998,"Tahoe Z71","2025 Chevrolet","carmax",14000,69998,"Tahoe","Z71","2025"
"3931",TRUE,"Chevrolet Tahoe","Chevrolet","17,000 miles",68998,"Tahoe Z71","2025 Chevrolet","carmax",17000,68998,"Tahoe","Z71","2025"
"3932",TRUE,"Chevrolet Tahoe","Chevrolet","13,000 miles",71998,"Tahoe Z71","2025 Chevrolet","carmax",13000,71998,"Tahoe","Z71","2025"
"3933",TRUE,"Chevrolet Tahoe","Chevrolet","7,000 miles",71998,"Tahoe Z71","2025 Chevrolet","carmax",7000,71998,"Tahoe","Z71","2025"
"3934",TRUE,"Chevrolet Tahoe","Chevrolet","15,000 miles",68998,"Tahoe Z71","2025 Chevrolet","carmax",15000,68998,"Tahoe","Z71","2025"
"3935",TRUE,"GMC Yukon","GMC","8,000 miles",73998,"Yukon Elevation","2025 GMC","carmax",8000,73998,"Yukon","Elevation","2025"
"3936",TRUE,"GMC Yukon XL 1500","GMC","16,000 miles",79998,"Yukon XL 1500 Denali","2025 GMC","carmax",16000,79998,"Yukon XL 1500","Denali","2025"
"3937",FALSE,"Toyota 4Runner","Toyota","1,000 miles",56998,"4Runner Hybrid TRD Off Road","2025 Toyota","carmax",1000,56998,"4Runner","Hybrid TRD Off Road","2025"
"3938",FALSE,"Toyota 4Runner","Toyota","2,000 miles",57998,"4Runner Hybrid TRD Off Road","2025 Toyota","carmax",2000,57998,"4Runner","Hybrid TRD Off Road","2025"
"3939",FALSE,"Toyota 4Runner","Toyota","2,000 miles",70998,"4Runner Hybrid Trailhunter","2025 Toyota","carmax",2000,70998,"4Runner","Hybrid Trailhunter","2025"
"3940",FALSE,"Toyota 4Runner","Toyota","2,000 miles",48998,"4Runner SR5","2025 Toyota","carmax",2000,48998,"4Runner","SR5","2025"
"3941",FALSE,"Toyota 4Runner","Toyota","1,000 miles",48998,"4Runner SR5","2025 Toyota","carmax",1000,48998,"4Runner","SR5","2025"
"3942",FALSE,"Toyota 4Runner","Toyota","1,000 miles",46998,"4Runner SR5","2025 Toyota","carmax",1000,46998,"4Runner","SR5","2025"
"3943",FALSE,"Toyota 4Runner","Toyota","12,000 miles",54998,"4Runner TRD Off Road Premium","2025 Toyota","carmax",12000,54998,"4Runner","TRD Off Road Premium","2025"
"3944",FALSE,"Toyota 4Runner","Toyota","2,000 miles",50998,"4Runner TRD Sport","2025 Toyota","carmax",2000,50998,"4Runner","TRD Sport","2025"
"3945",FALSE,"Toyota 4Runner","Toyota","5,000 miles",59998,"4Runner TRD Sport Premium","2025 Toyota","carmax",5000,59998,"4Runner","TRD Sport Premium","2025"
"3946",FALSE,"Toyota 4Runner","Toyota","1,000 miles",57998,"4Runner TRD Sport Premium","2025 Toyota","carmax",1000,57998,"4Runner","TRD Sport Premium","2025"
"3947",FALSE,"Toyota Grand Highlander","Toyota","4,000 miles",52998,"Grand Highlander Limited","2025 Toyota","carmax",4000,52998,"Grand Highlander","Limited","2025"
"3948",FALSE,"Toyota Grand Highlander","Toyota","1,000 miles",53998,"Grand Highlander Limited","2025 Toyota","carmax",1000,53998,"Grand Highlander","Limited","2025"
"3949",FALSE,"Toyota Grand Highlander","Toyota","14,000 miles",56998,"Grand Highlander Platinum","2025 Toyota","carmax",14000,56998,"Grand Highlander","Platinum","2025"
"3950",FALSE,"Toyota Grand Highlander","Toyota","1,000 miles",59998,"Grand Highlander Platinum","2025 Toyota","carmax",1000,59998,"Grand Highlander","Platinum","2025"
"3951",FALSE,"Toyota Grand Highlander","Toyota","3,000 miles",59998,"Grand Highlander Platinum","2025 Toyota","carmax",3000,59998,"Grand Highlander","Platinum","2025"
"3952",FALSE,"Toyota Grand Highlander","Toyota","1,000 miles",60998,"Grand Highlander Platinum","2025 Toyota","carmax",1000,60998,"Grand Highlander","Platinum","2025"
"3953",FALSE,"Toyota Grand Highlander","Toyota","3,000 miles",46998,"Grand Highlander XLE","2025 Toyota","carmax",3000,46998,"Grand Highlander","XLE","2025"
"3954",FALSE,"Toyota Highlander","Toyota","13,000 miles",54998,"Highlander Hybrid Limited 25th Edition","2025 Toyota","carmax",13000,54998,"Highlander","Hybrid Limited 25th Edition","2025"
"3955",FALSE,"Toyota Highlander","Toyota","7,000 miles",54998,"Highlander Hybrid Platinum","2025 Toyota","carmax",7000,54998,"Highlander","Hybrid Platinum","2025"
"3956",FALSE,"Toyota Highlander","Toyota","5,000 miles",52998,"Highlander Platinum","2025 Toyota","carmax",5000,52998,"Highlander","Platinum","2025"
"3957",FALSE,"Toyota Highlander","Toyota","5,000 miles",44998,"Highlander XLE","2025 Toyota","carmax",5000,44998,"Highlander","XLE","2025"
"3958",FALSE,"Toyota Highlander","Toyota","39,000 miles",39998,"Highlander XLE","2025 Toyota","carmax",39000,39998,"Highlander","XLE","2025"
"3959",FALSE,"Toyota Highlander","Toyota","1,000 miles",50998,"Highlander XSE","2025 Toyota","carmax",1000,50998,"Highlander","XSE","2025"
"3960",FALSE,"Toyota Land Cruiser","Toyota","3,000 miles",75998,"Land Cruiser","2025 Toyota","carmax",3000,75998,"Land Cruiser","","2025"
"3961",FALSE,"Toyota Land Cruiser","Toyota","6,000 miles",69998,"Land Cruiser","2025 Toyota","carmax",6000,69998,"Land Cruiser","","2025"
"3962",FALSE,"Toyota Land Cruiser","Toyota","5,000 miles",70998,"Land Cruiser","2025 Toyota","carmax",5000,70998,"Land Cruiser","","2025"
"3963",FALSE,"Toyota Land Cruiser","Toyota","6,000 miles",60998,"Land Cruiser 1958","2025 Toyota","carmax",6000,60998,"Land Cruiser","1958","2025"
"3964",FALSE,"Toyota Land Cruiser","Toyota","3,000 miles",58998,"Land Cruiser 1958","2025 Toyota","carmax",3000,58998,"Land Cruiser","1958","2025"
"3965",FALSE,"Toyota Land Cruiser","Toyota","2,000 miles",57998,"Land Cruiser 1958","2025 Toyota","carmax",2000,57998,"Land Cruiser","1958","2025"
"3966",FALSE,"Toyota Sequoia","Toyota","1,000 miles",84998,"Sequoia 1794","2025 Toyota","carmax",1000,84998,"Sequoia","1794","2025"
"3967",FALSE,"Toyota Sequoia","Toyota","20,000 miles",71998,"Sequoia Limited","2025 Toyota","carmax",20000,71998,"Sequoia","Limited","2025"
"3968",FALSE,"Toyota Sequoia","Toyota","10,000 miles",71998,"Sequoia Limited","2025 Toyota","carmax",10000,71998,"Sequoia","Limited","2025"
"3969",FALSE,"Toyota Sequoia","Toyota","2,000 miles",84998,"Sequoia Platinum","2025 Toyota","carmax",2000,84998,"Sequoia","Platinum","2025"
"3970",FALSE,"Toyota Sequoia","Toyota","13,000 miles",65998,"Sequoia SR5","2025 Toyota","carmax",13000,65998,"Sequoia","SR5","2025"
"3971",FALSE,"Toyota Sequoia","Toyota","19,000 miles",77998,"Sequoia TRD Pro","2025 Toyota","carmax",19000,77998,"Sequoia","TRD Pro","2025"
"3972",FALSE,"Toyota Sequoia","Toyota","4,000 miles",86998,"Sequoia TRD Pro","2025 Toyota","carmax",4000,86998,"Sequoia","TRD Pro","2025"
"3973",FALSE,"Toyota Sequoia","Toyota","8,000 miles",79998,"Sequoia TRD Pro","2025 Toyota","carmax",8000,79998,"Sequoia","TRD Pro","2025"
