Unnamed: 0,gm,make_model,make,mileage_raw,price_raw,model_trim_raw,year_make_raw,platform,mileage,price,model,trim,year,car_key,car_id
1,False,Mercedes-Benz C63 AMG,Mercedes-Benz,"13,000 miles",63998,C63 AMG,2021 Mercedes-Benz,carmax,13000,63998,C63 AMG,-,2021,2021-mercedes-benz-c63 amg--,169962526399295524114786929276035529503
2,False,Mercedes-Benz C63 AMG,Mercedes-Benz,"29,000 miles",47998,C63 AMG,2019 Mercedes-Benz,carmax,29000,47998,C63 AMG,-,2019,2019-mercedes-benz-c63 amg--,333502209770601666188971592563865766441
3,False,Mercedes-Benz C63 AMG,Mercedes-Benz,"70,000 miles",33998,C63 AMG,2016 Mercedes-Benz,carmax,70000,33998,C63 AMG,-,2016,2016-mercedes-benz-c63 amg--,2793621948840149966892463119152932027
4,False,Mercedes-Benz C63 AMG,Mercedes-Benz,"18,000 miles",59998,C63 AMG S,2018 Mercedes-Benz,carmax,18000,59998,C63 AMG,S,2018,2018-mercedes-benz-c63 amg-s,94219878956263099775820655582464551438
5,False,Mercedes-Benz C63 AMG,Mercedes-Benz,"35,000 miles",45998,C63 AMG S,2018 Mercedes-Benz,carmax,35000,45998,C63 AMG,S,2018,2018-mercedes-benz-c63 amg-s,94219878956263099775820655582464551438
6,False,Mercedes-Benz C63 AMG,Mercedes-Benz,"14,000 miles",55998,C63 AMG S,2019 Mercedes-Benz,carmax,14000,55998,C63 AMG,S,2019,2019-mercedes-benz-c63 amg-s,155560967847961186592180063588023320797
7,False,Mercedes-Benz C63 AMG,Mercedes-Benz,"51,000 miles",54998,C63 AMG S,2021 Mercedes-Benz,carmax,51000,54998,C63 AMG,S,2021,2021-mercedes-benz-c63 amg-s,30009612326940320544442775576528772094
8,False,Mercedes-Benz C63 AMG,Mercedes-Benz,"27,000 miles",50998,C63 AMG S,2018 Mercedes-Benz,carmax,27000,50998,C63 AMG,S,2018,2018-mercedes-benz-c63 amg-s,94219878956263099775820655582464551438
9,False,Mercedes-Benz C63 AMG,Mercedes-Benz,"39,000 miles",57998,C63 AMG S,2021 Mercedes-Benz,carmax,39000,57998,C63 AMG,S,2021,2021-mercedes-benz-c63 amg-s,30009612326940320544442775576528772094
10,False,Mercedes-Benz C63 AMG,Mercedes-Benz,"56,000 miles",42998,C63 AMG S,2020 Mercedes-Benz,carmax,56000,42998,C63 AMG,S,2020,2020-mercedes-benz-c63 amg-s,51488775112903712884063559652535912914
11,False,Mercedes-Benz C63 AMG,Mercedes-Benz,"59,000 miles",40998,C63 AMG S,2017 Mercedes-Benz,carmax,59000,40998,C63 AMG,S,2017,2017-mercedes-benz-c63 amg-s,241266240036630283759667839557420338634
12,False,Mercedes-Benz C63 AMG,Mercedes-Benz,"26,000 miles",58998,C63 AMG S,2020 Mercedes-Benz,carmax,26000,58998,C63 AMG,S,2020,2020-mercedes-benz-c63 amg-s,51488775112903712884063559652535912914
13,False,Mercedes-Benz C63 AMG,Mercedes-Benz,"12,000 miles",56998,C63 AMG S,2018 Mercedes-Benz,carmax,12000,56998,C63 AMG,S,2018,2018-mercedes-benz-c63 amg-s,94219878956263099775820655582464551438
14,False,Dodge Challenger,Dodge,"77,000 miles",15998,Challenger SXT,2013 Dodge,carmax,77000,15998,Challenger,SXT,2013,2013-dodge-challenger-sxt,250783180257965280736084137949845065838
15,False,Dodge Challenger,Dodge,"24,000 miles",19998,Challenger SXT Plus,2013 Dodge,carmax,24000,19998,Challenger,SXT Plus,2013,2013-dodge-challenger-sxt plus,28956807922673281206469693564945277676
16,False,Dodge Durango,Dodge,"20,000 miles",39998,Durango GT,2024 Dodge,carmax,20000,39998,Durango,GT,2024,2024-dodge-durango-gt,321556716592598379867277866858627370642
17,False,Dodge Durango,Dodge,"11,000 miles",34998,Durango GT,2025 Dodge,carmax,11000,34998,Durango,GT,2025,2025-dodge-durango-gt,65020351222036271895229060638285490529
18,False,Dodge Durango,Dodge,"8,000 miles",37998,Durango GT,2025 Dodge,carmax,8000,37998,Durango,GT,2025,2025-dodge-durango-gt,65020351222036271895229060638285490529
19,False,Dodge Durango,Dodge,"24,000 miles",36998,Durango GT Plus,2024 Dodge,carmax,24000,36998,Durango,GT Plus,2024,2024-dodge-durango-gt plus,20282666564548757058709739980391533618
20,False,Dodge Durango,Dodge,"47,000 miles",31998,Durango GT Plus,2024 Dodge,carmax,47000,31998,Durango,GT Plus,2024,2024-dodge-durango-gt plus,20282666564548757058709739980391533618
21,False,Dodge Durango,Dodge,"5,000 miles",39998,Durango GT Plus,2024 Dodge,carmax,5000,39998,Durango,GT Plus,2024,2024-dodge-durango-gt plus,20282666564548757058709739980391533618
22,False,Dodge Durango,Dodge,"20,000 miles",35998,Durango GT Plus,2024 Dodge,carmax,20000,35998,Durango,GT Plus,2024,2024-dodge-durango-gt plus,20282666564548757058709739980391533618
23,False,Dodge Durango,Dodge,"2,000 miles",42998,Durango GT Plus,2025 Dodge,carmax,2000,42998,Durango,GT Plus,2025,2025-dodge-durango-gt plus,339478236200923910223355845143096501222
24,False,Dodge Durango,Dodge,"6,000 miles",57998,Durango R/T 20th Anniversary Premium,2025 Dodge,carmax,6000,57998,Durango,R/T 20th Anniversary Premium,2025,2025-dodge-durango-r/t 20th anniversary premium,89921093069632655901469576939275512018
25,False,Dodge Durango,Dodge,"8,000 miles",44998,Durango R/T Plus,2024 Dodge,carmax,8000,44998,Durango,R/T Plus,2024,2024-dodge-durango-r/t plus,22063806238281559026760007240667372282
26,False,Dodge Durango,Dodge,"5,000 miles",51998,Durango R/T Plus,2025 Dodge,carmax,5000,51998,Durango,R/T Plus,2025,2025-dodge-durango-r/t plus,104432224728578173866516550420620949244
27,False,Dodge Durango,Dodge,"17,000 miles",63998,Durango SRT 392,2024 Dodge,carmax,17000,63998,Durango,SRT 392,2024,2024-dodge-durango-srt 392,236852597465018059044140759437543709041
28,False,Ford Mustang,Ford,"90,000 miles",15998,Mustang,2013 Ford,carmax,90000,15998,Mustang,-,2013,2013-ford-mustang--,293243824410236907799640335432246812711
29,False,Ford Mustang,Ford,"106,000 miles",14998,Mustang,2013 Ford,carmax,106000,14998,Mustang,-,2013,2013-ford-mustang--,293243824410236907799640335432246812711
30,False,Ford Mustang,Ford,"45,000 miles",26998,Mustang GT,2013 Ford,carmax,45000,26998,Mustang,GT,2013,2013-ford-mustang-gt,145404129069282736831106275119762443141
31,False,Ford Mustang,Ford,"77,000 miles",21998,Mustang GT,2013 Ford,carmax,77000,21998,Mustang,GT,2013,2013-ford-mustang-gt,145404129069282736831106275119762443141
32,False,Ford Mustang,Ford,"21,000 miles",27998,Mustang GT,2013 Ford,carmax,21000,27998,Mustang,GT,2013,2013-ford-mustang-gt,145404129069282736831106275119762443141
33,False,Ford Mustang,Ford,"75,000 miles",25998,Mustang GT Premium,2013 Ford,carmax,75000,25998,Mustang,GT Premium,2013,2013-ford-mustang-gt premium,273478886296771509153432707565619196926
34,False,Ford Mustang,Ford,"110,000 miles",13998,Mustang Premium,2013 Ford,carmax,110000,13998,Mustang,Premium,2013,2013-ford-mustang-premium,330379099409392184108333777078873043371
35,False,Ford Mustang,Ford,"87,000 miles",16998,Mustang Premium,2013 Ford,carmax,87000,16998,Mustang,Premium,2013,2013-ford-mustang-premium,330379099409392184108333777078873043371
36,False,Dodge Challenger,Dodge,"94,000 miles",18998,Challenger 100th Anniversary,2014 Dodge,carmax,94000,18998,Challenger,100th Anniversary,2014,2014-dodge-challenger-100th anniversary,177045750897355823249944645777143749982
37,False,Dodge Challenger,Dodge,"87,000 miles",18998,Challenger R/T,2014 Dodge,carmax,87000,18998,Challenger,R/T,2014,2014-dodge-challenger-r/t,238447452134413521956628681575485605984
38,False,Dodge Challenger,Dodge,"21,000 miles",27998,Challenger R/T Shaker,2014 Dodge,carmax,21000,27998,Challenger,R/T Shaker,2014,2014-dodge-challenger-r/t shaker,322571113635702295401255262995433243386
39,False,Dodge Challenger,Dodge,"52,000 miles",17998,Challenger SXT,2014 Dodge,carmax,52000,17998,Challenger,SXT,2014,2014-dodge-challenger-sxt,258790145987929556483449487232789856550
40,False,Dodge Challenger,Dodge,"126,000 miles",13998,Challenger SXT,2014 Dodge,carmax,126000,13998,Challenger,SXT,2014,2014-dodge-challenger-sxt,258790145987929556483449487232789856550
41,False,Dodge Charger,Dodge,"96,000 miles",19998,Charger R/T,2014 Dodge,carmax,96000,19998,Charger,R/T,2014,2014-dodge-charger-r/t,335180936574964481807503441258402833575
42,False,Dodge Charger,Dodge,"66,000 miles",22998,Charger R/T,2014 Dodge,carmax,66000,22998,Charger,R/T,2014,2014-dodge-charger-r/t,335180936574964481807503441258402833575
43,False,Dodge Charger,Dodge,"93,000 miles",14998,Charger SE,2014 Dodge,carmax,93000,14998,Charger,SE,2014,2014-dodge-charger-se,292086726529675879298491961944413518909
44,False,Dodge Charger,Dodge,"72,000 miles",16998,Charger SE,2014 Dodge,carmax,72000,16998,Charger,SE,2014,2014-dodge-charger-se,292086726529675879298491961944413518909
45,False,Dodge Charger,Dodge,"89,000 miles",14599,Charger SE,2014 Dodge,carmax,89000,14599,Charger,SE,2014,2014-dodge-charger-se,292086726529675879298491961944413518909
46,False,Dodge Charger,Dodge,"63,000 miles",15998,Charger SE,2014 Dodge,carmax,63000,15998,Charger,SE,2014,2014-dodge-charger-se,292086726529675879298491961944413518909
47,False,Dodge Charger,Dodge,"80,000 miles",15998,Charger SXT,2014 Dodge,carmax,80000,15998,Charger,SXT,2014,2014-dodge-charger-sxt,63511000914636305618707866699109791983
48,False,Dodge Durango,Dodge,"90,000 miles",22998,Durango R/T,2014 Dodge,carmax,90000,22998,Durango,R/T,2014,2014-dodge-durango-r/t,233736436337247544467184380255691513539
49,False,Ford Mustang,Ford,"51,000 miles",18998,Mustang,2014 Ford,carmax,51000,18998,Mustang,-,2014,2014-ford-mustang--,110188211052495744949007746070877403245
50,False,Ford Mustang,Ford,"86,000 miles",16998,Mustang,2014 Ford,carmax,86000,16998,Mustang,-,2014,2014-ford-mustang--,110188211052495744949007746070877403245
51,False,Ford Mustang,Ford,"63,000 miles",18998,Mustang,2014 Ford,carmax,63000,18998,Mustang,-,2014,2014-ford-mustang--,110188211052495744949007746070877403245
52,False,Ford Mustang,Ford,"129,000 miles",14599,Mustang,2014 Ford,carmax,129000,14599,Mustang,-,2014,2014-ford-mustang--,110188211052495744949007746070877403245
53,False,Ford Mustang,Ford,"56,000 miles",16998,Mustang,2014 Ford,carmax,56000,16998,Mustang,-,2014,2014-ford-mustang--,110188211052495744949007746070877403245
54,False,Ford Mustang,Ford,"77,000 miles",17998,Mustang,2014 Ford,carmax,77000,17998,Mustang,-,2014,2014-ford-mustang--,110188211052495744949007746070877403245
55,False,Ford Mustang,Ford,"124,000 miles",13599,Mustang,2014 Ford,carmax,124000,13599,Mustang,-,2014,2014-ford-mustang--,110188211052495744949007746070877403245
56,False,Ford Mustang,Ford,"99,000 miles",14998,Mustang,2014 Ford,carmax,99000,14998,Mustang,-,2014,2014-ford-mustang--,110188211052495744949007746070877403245
57,False,Ford Mustang,Ford,"84,000 miles",15998,Mustang,2014 Ford,carmax,84000,15998,Mustang,-,2014,2014-ford-mustang--,110188211052495744949007746070877403245
58,False,Ford Mustang,Ford,"109,000 miles",14599,Mustang,2014 Ford,carmax,109000,14599,Mustang,-,2014,2014-ford-mustang--,110188211052495744949007746070877403245
59,False,Ford Mustang,Ford,"123,000 miles",14599,Mustang,2014 Ford,carmax,123000,14599,Mustang,-,2014,2014-ford-mustang--,110188211052495744949007746070877403245
60,False,Ford Mustang,Ford,"28,000 miles",20998,Mustang,2014 Ford,carmax,28000,20998,Mustang,-,2014,2014-ford-mustang--,110188211052495744949007746070877403245
61,False,Ford Mustang,Ford,"79,000 miles",17998,Mustang,2014 Ford,carmax,79000,17998,Mustang,-,2014,2014-ford-mustang--,110188211052495744949007746070877403245
62,False,Ford Mustang,Ford,"92,000 miles",17998,Mustang,2014 Ford,carmax,92000,17998,Mustang,-,2014,2014-ford-mustang--,110188211052495744949007746070877403245
63,False,Ford Mustang,Ford,"32,000 miles",20998,Mustang,2014 Ford,carmax,32000,20998,Mustang,-,2014,2014-ford-mustang--,110188211052495744949007746070877403245
64,False,Ford Mustang,Ford,"20,000 miles",23998,Mustang,2014 Ford,carmax,20000,23998,Mustang,-,2014,2014-ford-mustang--,110188211052495744949007746070877403245
65,False,Ford Mustang,Ford,"70,000 miles",17998,Mustang,2014 Ford,carmax,70000,17998,Mustang,-,2014,2014-ford-mustang--,110188211052495744949007746070877403245
66,False,Ford Mustang,Ford,"126,000 miles",13998,Mustang,2014 Ford,carmax,126000,13998,Mustang,-,2014,2014-ford-mustang--,110188211052495744949007746070877403245
67,False,Ford Mustang,Ford,"68,000 miles",19998,Mustang,2014 Ford,carmax,68000,19998,Mustang,-,2014,2014-ford-mustang--,110188211052495744949007746070877403245
68,False,Ford Mustang,Ford,"41,000 miles",26998,Mustang GT,2014 Ford,carmax,41000,26998,Mustang,GT,2014,2014-ford-mustang-gt,123804091802662923447956800576575154798
69,False,Ford Mustang,Ford,"55,000 miles",25998,Mustang GT,2014 Ford,carmax,55000,25998,Mustang,GT,2014,2014-ford-mustang-gt,123804091802662923447956800576575154798
70,False,Ford Mustang,Ford,"74,000 miles",25998,Mustang GT,2014 Ford,carmax,74000,25998,Mustang,GT,2014,2014-ford-mustang-gt,123804091802662923447956800576575154798
71,False,Ford Mustang,Ford,"48,000 miles",27998,Mustang GT Premium,2014 Ford,carmax,48000,27998,Mustang,GT Premium,2014,2014-ford-mustang-gt premium,124143509667353246415683210801669159087
72,False,Ford Mustang,Ford,"75,000 miles",27998,Mustang GT Premium,2014 Ford,carmax,75000,27998,Mustang,GT Premium,2014,2014-ford-mustang-gt premium,124143509667353246415683210801669159087
73,False,Ford Mustang,Ford,"33,000 miles",19998,Mustang Premium,2014 Ford,carmax,33000,19998,Mustang,Premium,2014,2014-ford-mustang-premium,135753318476880958313455423713439583479
74,False,Ford Mustang,Ford,"100,000 miles",15998,Mustang Premium,2014 Ford,carmax,100000,15998,Mustang,Premium,2014,2014-ford-mustang-premium,135753318476880958313455423713439583479
75,False,Ford Mustang,Ford,"82,000 miles",16998,Mustang Premium,2014 Ford,carmax,82000,16998,Mustang,Premium,2014,2014-ford-mustang-premium,135753318476880958313455423713439583479
76,False,Ford Mustang,Ford,"86,000 miles",16998,Mustang Premium,2014 Ford,carmax,86000,16998,Mustang,Premium,2014,2014-ford-mustang-premium,135753318476880958313455423713439583479
77,False,Ford Mustang,Ford,"71,000 miles",18998,Mustang Premium,2014 Ford,carmax,71000,18998,Mustang,Premium,2014,2014-ford-mustang-premium,135753318476880958313455423713439583479
78,False,Ford Mustang,Ford,"13,000 miles",21998,Mustang Premium,2014 Ford,carmax,13000,21998,Mustang,Premium,2014,2014-ford-mustang-premium,135753318476880958313455423713439583479
79,False,Ford Mustang,Ford,"84,000 miles",16998,Mustang Premium,2014 Ford,carmax,84000,16998,Mustang,Premium,2014,2014-ford-mustang-premium,135753318476880958313455423713439583479
80,False,Ford Mustang,Ford,"14,000 miles",21998,Mustang Premium,2014 Ford,carmax,14000,21998,Mustang,Premium,2014,2014-ford-mustang-premium,135753318476880958313455423713439583479
81,False,Ford Mustang,Ford,"85,000 miles",15998,Mustang Premium,2014 Ford,carmax,85000,15998,Mustang,Premium,2014,2014-ford-mustang-premium,135753318476880958313455423713439583479
82,False,Ford Mustang,Ford,"48,000 miles",47998,Mustang Shelby GT500,2014 Ford,carmax,48000,47998,Mustang,Shelby GT500,2014,2014-ford-mustang-shelby gt500,308600334320602901371045303367073129800
83,False,Ford Mustang,Ford,"18,000 miles",56998,Mustang Shelby GT500,2014 Ford,carmax,18000,56998,Mustang,Shelby GT500,2014,2014-ford-mustang-shelby gt500,308600334320602901371045303367073129800
84,False,Dodge Challenger,Dodge,"48,000 miles",29998,Challenger 392 Hemi Scat Pack Shaker,2015 Dodge,carmax,48000,29998,Challenger,392 Hemi Scat Pack Shaker,2015,2015-dodge-challenger-392 hemi scat pack shaker,29217384683569265448115852416285916733
85,False,Dodge Challenger,Dodge,"88,000 miles",21998,Challenger R/T,2015 Dodge,carmax,88000,21998,Challenger,R/T,2015,2015-dodge-challenger-r/t,159207876925242481406295957772605777651
86,False,Dodge Challenger,Dodge,"13,000 miles",28998,Challenger R/T Plus,2015 Dodge,carmax,13000,28998,Challenger,R/T Plus,2015,2015-dodge-challenger-r/t plus,203267143942627882832467520391919580518
87,False,Dodge Challenger,Dodge,"10,000 miles",30998,Challenger R/T Plus,2015 Dodge,carmax,10000,30998,Challenger,R/T Plus,2015,2015-dodge-challenger-r/t plus,203267143942627882832467520391919580518
88,False,Dodge Challenger,Dodge,"110,000 miles",22998,Challenger R/T Plus Shaker,2015 Dodge,carmax,110000,22998,Challenger,R/T Plus Shaker,2015,2015-dodge-challenger-r/t plus shaker,171767136489132935589203893879175533319
89,False,Dodge Challenger,Dodge,"4,000 miles",34998,Challenger R/T Scat Pack,2015 Dodge,carmax,4000,34998,Challenger,R/T Scat Pack,2015,2015-dodge-challenger-r/t scat pack,179366648542314817264754864331638959560
90,False,Dodge Challenger,Dodge,"92,000 miles",17998,Challenger SXT,2015 Dodge,carmax,92000,17998,Challenger,SXT,2015,2015-dodge-challenger-sxt,84674619037031948363862679566256703477
91,False,Dodge Challenger,Dodge,"16,000 miles",23998,Challenger SXT,2015 Dodge,carmax,16000,23998,Challenger,SXT,2015,2015-dodge-challenger-sxt,84674619037031948363862679566256703477
92,False,Dodge Challenger,Dodge,"91,000 miles",17998,Challenger SXT,2015 Dodge,carmax,91000,17998,Challenger,SXT,2015,2015-dodge-challenger-sxt,84674619037031948363862679566256703477
93,False,Dodge Challenger,Dodge,"86,000 miles",15998,Challenger SXT,2015 Dodge,carmax,86000,15998,Challenger,SXT,2015,2015-dodge-challenger-sxt,84674619037031948363862679566256703477
94,False,Dodge Challenger,Dodge,"75,000 miles",19998,Challenger SXT,2015 Dodge,carmax,75000,19998,Challenger,SXT,2015,2015-dodge-challenger-sxt,84674619037031948363862679566256703477
95,False,Dodge Challenger,Dodge,"73,000 miles",20998,Challenger SXT,2015 Dodge,carmax,73000,20998,Challenger,SXT,2015,2015-dodge-challenger-sxt,84674619037031948363862679566256703477
96,False,Dodge Challenger,Dodge,"120,000 miles",16998,Challenger SXT,2015 Dodge,carmax,120000,16998,Challenger,SXT,2015,2015-dodge-challenger-sxt,84674619037031948363862679566256703477
97,False,Dodge Challenger,Dodge,"24,000 miles",24998,Challenger SXT Plus,2015 Dodge,carmax,24000,24998,Challenger,SXT Plus,2015,2015-dodge-challenger-sxt plus,109549608740280902524078553718175460904
98,False,Dodge Challenger,Dodge,"20,000 miles",22998,Challenger SXT Plus,2015 Dodge,carmax,20000,22998,Challenger,SXT Plus,2015,2015-dodge-challenger-sxt plus,109549608740280902524078553718175460904
99,False,Dodge Challenger,Dodge,"79,000 miles",19998,Challenger SXT Plus,2015 Dodge,carmax,79000,19998,Challenger,SXT Plus,2015,2015-dodge-challenger-sxt plus,109549608740280902524078553718175460904
100,False,Dodge Charger,Dodge,"103,000 miles",19998,Charger R/T,2015 Dodge,carmax,103000,19998,Charger,R/T,2015,2015-dodge-charger-r/t,63245882446521556197449624881099144305
101,False,Dodge Charger,Dodge,"125,000 miles",16998,Charger R/T,2015 Dodge,carmax,125000,16998,Charger,R/T,2015,2015-dodge-charger-r/t,63245882446521556197449624881099144305
102,False,Dodge Charger,Dodge,"99,000 miles",20998,Charger R/T,2015 Dodge,carmax,99000,20998,Charger,R/T,2015,2015-dodge-charger-r/t,63245882446521556197449624881099144305
103,False,Dodge Charger,Dodge,"44,000 miles",19998,Charger SE,2015 Dodge,carmax,44000,19998,Charger,SE,2015,2015-dodge-charger-se,261262288020488553856725162877162937801
104,False,Dodge Charger,Dodge,"42,000 miles",18998,Charger SE,2015 Dodge,carmax,42000,18998,Charger,SE,2015,2015-dodge-charger-se,261262288020488553856725162877162937801
105,False,Dodge Charger,Dodge,"95,000 miles",15998,Charger SE,2015 Dodge,carmax,95000,15998,Charger,SE,2015,2015-dodge-charger-se,261262288020488553856725162877162937801
106,False,Dodge Charger,Dodge,"97,000 miles",16998,Charger SXT,2015 Dodge,carmax,97000,16998,Charger,SXT,2015,2015-dodge-charger-sxt,156612819343527583103141522664614858256
107,False,Dodge Charger,Dodge,"42,000 miles",21998,Charger SXT,2015 Dodge,carmax,42000,21998,Charger,SXT,2015,2015-dodge-charger-sxt,156612819343527583103141522664614858256
108,False,Dodge Charger,Dodge,"126,000 miles",16998,Charger SXT,2015 Dodge,carmax,126000,16998,Charger,SXT,2015,2015-dodge-charger-sxt,156612819343527583103141522664614858256
109,False,Dodge Charger,Dodge,"108,000 miles",15998,Charger SXT,2015 Dodge,carmax,108000,15998,Charger,SXT,2015,2015-dodge-charger-sxt,156612819343527583103141522664614858256
110,False,Dodge Durango,Dodge,"72,000 miles",26998,Durango R/T,2015 Dodge,carmax,72000,26998,Durango,R/T,2015,2015-dodge-durango-r/t,198384152979219510595728697280380663414
111,False,Ford Mustang,Ford,"20,000 miles",22998,Mustang,2015 Ford,carmax,20000,22998,Mustang,-,2015,2015-ford-mustang--,59508531000232564751877412804639741212
112,False,Ford Mustang,Ford,"109,000 miles",16998,Mustang,2015 Ford,carmax,109000,16998,Mustang,-,2015,2015-ford-mustang--,59508531000232564751877412804639741212
113,False,Ford Mustang,Ford,"122,000 miles",15998,Mustang,2015 Ford,carmax,122000,15998,Mustang,-,2015,2015-ford-mustang--,59508531000232564751877412804639741212
114,False,Ford Mustang,Ford,"68,000 miles",19998,Mustang,2015 Ford,carmax,68000,19998,Mustang,-,2015,2015-ford-mustang--,59508531000232564751877412804639741212
115,False,Ford Mustang,Ford,"26,000 miles",22998,Mustang,2015 Ford,carmax,26000,22998,Mustang,-,2015,2015-ford-mustang--,59508531000232564751877412804639741212
116,False,Ford Mustang,Ford,"109,000 miles",15998,Mustang,2015 Ford,carmax,109000,15998,Mustang,-,2015,2015-ford-mustang--,59508531000232564751877412804639741212
117,False,Ford Mustang,Ford,"67,000 miles",19998,Mustang,2015 Ford,carmax,67000,19998,Mustang,-,2015,2015-ford-mustang--,59508531000232564751877412804639741212
118,False,Ford Mustang,Ford,"68,000 miles",19998,Mustang,2015 Ford,carmax,68000,19998,Mustang,-,2015,2015-ford-mustang--,59508531000232564751877412804639741212
119,False,Ford Mustang,Ford,"117,000 miles",15998,Mustang,2015 Ford,carmax,117000,15998,Mustang,-,2015,2015-ford-mustang--,59508531000232564751877412804639741212
120,False,Ford Mustang,Ford,"39,000 miles",20998,Mustang,2015 Ford,carmax,39000,20998,Mustang,-,2015,2015-ford-mustang--,59508531000232564751877412804639741212
121,False,Ford Mustang,Ford,"60,000 miles",19998,Mustang,2015 Ford,carmax,60000,19998,Mustang,-,2015,2015-ford-mustang--,59508531000232564751877412804639741212
122,False,Ford Mustang,Ford,"78,000 miles",17998,Mustang,2015 Ford,carmax,78000,17998,Mustang,-,2015,2015-ford-mustang--,59508531000232564751877412804639741212
123,False,Ford Mustang,Ford,"124,000 miles",15998,Mustang,2015 Ford,carmax,124000,15998,Mustang,-,2015,2015-ford-mustang--,59508531000232564751877412804639741212
124,False,Ford Mustang,Ford,"83,000 miles",16998,Mustang,2015 Ford,carmax,83000,16998,Mustang,-,2015,2015-ford-mustang--,59508531000232564751877412804639741212
125,False,Ford Mustang,Ford,"11,000 miles",32998,Mustang 50 Year Limited Edition,2015 Ford,carmax,11000,32998,Mustang,50 Year Limited Edition,2015,2015-ford-mustang-50 year limited edition,167990060304883460183067136065853050040
126,False,Ford Mustang,Ford,"35,000 miles",29998,Mustang 50 Year Limited Edition,2015 Ford,carmax,35000,29998,Mustang,50 Year Limited Edition,2015,2015-ford-mustang-50 year limited edition,167990060304883460183067136065853050040
127,False,Ford Mustang,Ford,"101,000 miles",16998,Mustang Ecoboost,2015 Ford,carmax,101000,16998,Mustang,Ecoboost,2015,2015-ford-mustang-ecoboost,79681846626200597997802072933342414628
128,False,Ford Mustang,Ford,"35,000 miles",21998,Mustang Ecoboost,2015 Ford,carmax,35000,21998,Mustang,Ecoboost,2015,2015-ford-mustang-ecoboost,79681846626200597997802072933342414628
129,False,Ford Mustang,Ford,"75,000 miles",20998,Mustang Ecoboost,2015 Ford,carmax,75000,20998,Mustang,Ecoboost,2015,2015-ford-mustang-ecoboost,79681846626200597997802072933342414628
130,False,Ford Mustang,Ford,"62,000 miles",19998,Mustang Ecoboost,2015 Ford,carmax,62000,19998,Mustang,Ecoboost,2015,2015-ford-mustang-ecoboost,79681846626200597997802072933342414628
131,False,Ford Mustang,Ford,"66,000 miles",19998,Mustang Ecoboost,2015 Ford,carmax,66000,19998,Mustang,Ecoboost,2015,2015-ford-mustang-ecoboost,79681846626200597997802072933342414628
132,False,Ford Mustang,Ford,"115,000 miles",15998,Mustang Ecoboost,2015 Ford,carmax,115000,15998,Mustang,Ecoboost,2015,2015-ford-mustang-ecoboost,79681846626200597997802072933342414628
133,False,Ford Mustang,Ford,"112,000 miles",14998,Mustang Ecoboost,2015 Ford,carmax,112000,14998,Mustang,Ecoboost,2015,2015-ford-mustang-ecoboost,79681846626200597997802072933342414628
134,False,Ford Mustang,Ford,"118,000 miles",15998,Mustang Ecoboost,2015 Ford,carmax,118000,15998,Mustang,Ecoboost,2015,2015-ford-mustang-ecoboost,79681846626200597997802072933342414628
135,False,Ford Mustang,Ford,"87,000 miles",17998,Mustang Ecoboost,2015 Ford,carmax,87000,17998,Mustang,Ecoboost,2015,2015-ford-mustang-ecoboost,79681846626200597997802072933342414628
136,False,Ford Mustang,Ford,"67,000 miles",17998,Mustang Ecoboost,2015 Ford,carmax,67000,17998,Mustang,Ecoboost,2015,2015-ford-mustang-ecoboost,79681846626200597997802072933342414628
137,False,Ford Mustang,Ford,"80,000 miles",19998,Mustang Ecoboost,2015 Ford,carmax,80000,19998,Mustang,Ecoboost,2015,2015-ford-mustang-ecoboost,79681846626200597997802072933342414628
138,False,Ford Mustang,Ford,"56,000 miles",19998,Mustang Ecoboost,2015 Ford,carmax,56000,19998,Mustang,Ecoboost,2015,2015-ford-mustang-ecoboost,79681846626200597997802072933342414628
139,False,Ford Mustang,Ford,"42,000 miles",23998,Mustang Ecoboost Premium,2015 Ford,carmax,42000,23998,Mustang,Ecoboost Premium,2015,2015-ford-mustang-ecoboost premium,271045445928578050294855674825349073502
140,False,Ford Mustang,Ford,"56,000 miles",19998,Mustang Ecoboost Premium,2015 Ford,carmax,56000,19998,Mustang,Ecoboost Premium,2015,2015-ford-mustang-ecoboost premium,271045445928578050294855674825349073502
141,False,Ford Mustang,Ford,"81,000 miles",19998,Mustang Ecoboost Premium,2015 Ford,carmax,81000,19998,Mustang,Ecoboost Premium,2015,2015-ford-mustang-ecoboost premium,271045445928578050294855674825349073502
142,False,Ford Mustang,Ford,"108,000 miles",17998,Mustang Ecoboost Premium,2015 Ford,carmax,108000,17998,Mustang,Ecoboost Premium,2015,2015-ford-mustang-ecoboost premium,271045445928578050294855674825349073502
143,False,Ford Mustang,Ford,"58,000 miles",20998,Mustang Ecoboost Premium,2015 Ford,carmax,58000,20998,Mustang,Ecoboost Premium,2015,2015-ford-mustang-ecoboost premium,271045445928578050294855674825349073502
144,False,Ford Mustang,Ford,"92,000 miles",18998,Mustang Ecoboost Premium,2015 Ford,carmax,92000,18998,Mustang,Ecoboost Premium,2015,2015-ford-mustang-ecoboost premium,271045445928578050294855674825349073502
145,False,Ford Mustang,Ford,"19,000 miles",23998,Mustang Ecoboost Premium,2015 Ford,carmax,19000,23998,Mustang,Ecoboost Premium,2015,2015-ford-mustang-ecoboost premium,271045445928578050294855674825349073502
146,False,Ford Mustang,Ford,"109,000 miles",16998,Mustang Ecoboost Premium,2015 Ford,carmax,109000,16998,Mustang,Ecoboost Premium,2015,2015-ford-mustang-ecoboost premium,271045445928578050294855674825349073502
147,False,Ford Mustang,Ford,"79,000 miles",18998,Mustang Ecoboost Premium,2015 Ford,carmax,79000,18998,Mustang,Ecoboost Premium,2015,2015-ford-mustang-ecoboost premium,271045445928578050294855674825349073502
148,False,Ford Mustang,Ford,"87,000 miles",17998,Mustang Ecoboost Premium,2015 Ford,carmax,87000,17998,Mustang,Ecoboost Premium,2015,2015-ford-mustang-ecoboost premium,271045445928578050294855674825349073502
149,False,Ford Mustang,Ford,"14,000 miles",23998,Mustang Ecoboost Premium,2015 Ford,carmax,14000,23998,Mustang,Ecoboost Premium,2015,2015-ford-mustang-ecoboost premium,271045445928578050294855674825349073502
150,False,Ford Mustang,Ford,"68,000 miles",20998,Mustang Ecoboost Premium,2015 Ford,carmax,68000,20998,Mustang,Ecoboost Premium,2015,2015-ford-mustang-ecoboost premium,271045445928578050294855674825349073502
151,False,Ford Mustang,Ford,"115,000 miles",14998,Mustang Ecoboost Premium,2015 Ford,carmax,115000,14998,Mustang,Ecoboost Premium,2015,2015-ford-mustang-ecoboost premium,271045445928578050294855674825349073502
152,False,Ford Mustang,Ford,"72,000 miles",26998,Mustang GT,2015 Ford,carmax,72000,26998,Mustang,GT,2015,2015-ford-mustang-gt,50072548315760588598955347642272615786
153,False,Ford Mustang,Ford,"101,000 miles",23998,Mustang GT,2015 Ford,carmax,101000,23998,Mustang,GT,2015,2015-ford-mustang-gt,50072548315760588598955347642272615786
154,False,Ford Mustang,Ford,"104,000 miles",26998,Mustang GT Premium,2015 Ford,carmax,104000,26998,Mustang,GT Premium,2015,2015-ford-mustang-gt premium,164829946076437940695407277462820084653
155,False,Ford Mustang,Ford,"87,000 miles",25998,Mustang GT Premium,2015 Ford,carmax,87000,25998,Mustang,GT Premium,2015,2015-ford-mustang-gt premium,164829946076437940695407277462820084653
156,False,Ford Mustang,Ford,"114,000 miles",19998,Mustang GT Premium,2015 Ford,carmax,114000,19998,Mustang,GT Premium,2015,2015-ford-mustang-gt premium,164829946076437940695407277462820084653
157,False,Ford Mustang,Ford,"49,000 miles",30998,Mustang GT Premium,2015 Ford,carmax,49000,30998,Mustang,GT Premium,2015,2015-ford-mustang-gt premium,164829946076437940695407277462820084653
158,False,Ford Mustang,Ford,"87,000 miles",26998,Mustang GT Premium,2015 Ford,carmax,87000,26998,Mustang,GT Premium,2015,2015-ford-mustang-gt premium,164829946076437940695407277462820084653
159,False,Dodge Challenger,Dodge,"78,000 miles",23998,Challenger R/T,2016 Dodge,carmax,78000,23998,Challenger,R/T,2016,2016-dodge-challenger-r/t,298729211515037690373602237417396505647
160,False,Dodge Challenger,Dodge,"37,000 miles",25998,Challenger R/T,2016 Dodge,carmax,37000,25998,Challenger,R/T,2016,2016-dodge-challenger-r/t,298729211515037690373602237417396505647
161,False,Dodge Challenger,Dodge,"90,000 miles",23998,Challenger R/T,2016 Dodge,carmax,90000,23998,Challenger,R/T,2016,2016-dodge-challenger-r/t,298729211515037690373602237417396505647
162,False,Dodge Challenger,Dodge,"13,000 miles",29998,Challenger R/T,2016 Dodge,carmax,13000,29998,Challenger,R/T,2016,2016-dodge-challenger-r/t,298729211515037690373602237417396505647
163,False,Dodge Challenger,Dodge,"50,000 miles",27998,Challenger R/T Plus,2016 Dodge,carmax,50000,27998,Challenger,R/T Plus,2016,2016-dodge-challenger-r/t plus,80658187511732130109342019658866295383
164,False,Dodge Challenger,Dodge,"127,000 miles",20998,Challenger R/T Plus,2016 Dodge,carmax,127000,20998,Challenger,R/T Plus,2016,2016-dodge-challenger-r/t plus,80658187511732130109342019658866295383
165,False,Dodge Challenger,Dodge,"7,000 miles",35998,Challenger R/T Plus Shaker,2016 Dodge,carmax,7000,35998,Challenger,R/T Plus Shaker,2016,2016-dodge-challenger-r/t plus shaker,302068889736902548307874221137027195777
166,False,Dodge Challenger,Dodge,"60,000 miles",30998,Challenger R/T Scat Pack,2016 Dodge,carmax,60000,30998,Challenger,R/T Scat Pack,2016,2016-dodge-challenger-r/t scat pack,117727510160244463766689267368112441984
167,False,Dodge Challenger,Dodge,"44,000 miles",32998,Challenger R/T Scat Pack,2016 Dodge,carmax,44000,32998,Challenger,R/T Scat Pack,2016,2016-dodge-challenger-r/t scat pack,117727510160244463766689267368112441984
168,False,Dodge Challenger,Dodge,"76,000 miles",26998,Challenger R/T Scat Pack,2016 Dodge,carmax,76000,26998,Challenger,R/T Scat Pack,2016,2016-dodge-challenger-r/t scat pack,117727510160244463766689267368112441984
169,False,Dodge Challenger,Dodge,"28,000 miles",35998,Challenger SRT 392,2016 Dodge,carmax,28000,35998,Challenger,SRT 392,2016,2016-dodge-challenger-srt 392,222368106554998772272369110239890567025
170,False,Dodge Challenger,Dodge,"51,000 miles",21998,Challenger SXT,2016 Dodge,carmax,51000,21998,Challenger,SXT,2016,2016-dodge-challenger-sxt,328398241864395391038760243965371741019
171,False,Dodge Challenger,Dodge,"98,000 miles",16998,Challenger SXT,2016 Dodge,carmax,98000,16998,Challenger,SXT,2016,2016-dodge-challenger-sxt,328398241864395391038760243965371741019
172,False,Dodge Challenger,Dodge,"128,000 miles",14599,Challenger SXT,2016 Dodge,carmax,128000,14599,Challenger,SXT,2016,2016-dodge-challenger-sxt,328398241864395391038760243965371741019
173,False,Dodge Challenger,Dodge,"89,000 miles",18998,Challenger SXT,2016 Dodge,carmax,89000,18998,Challenger,SXT,2016,2016-dodge-challenger-sxt,328398241864395391038760243965371741019
174,False,Dodge Challenger,Dodge,"50,000 miles",20998,Challenger SXT,2016 Dodge,carmax,50000,20998,Challenger,SXT,2016,2016-dodge-challenger-sxt,328398241864395391038760243965371741019
175,False,Dodge Challenger,Dodge,"67,000 miles",19998,Challenger SXT Plus,2016 Dodge,carmax,67000,19998,Challenger,SXT Plus,2016,2016-dodge-challenger-sxt plus,62419788427588266216697755547889690058
176,False,Dodge Challenger,Dodge,"36,000 miles",23998,Challenger SXT Plus,2016 Dodge,carmax,36000,23998,Challenger,SXT Plus,2016,2016-dodge-challenger-sxt plus,62419788427588266216697755547889690058
177,False,Dodge Challenger,Dodge,"37,000 miles",23998,Challenger SXT Plus,2016 Dodge,carmax,37000,23998,Challenger,SXT Plus,2016,2016-dodge-challenger-sxt plus,62419788427588266216697755547889690058
178,False,Dodge Charger,Dodge,"56,000 miles",26998,Charger R/T,2016 Dodge,carmax,56000,26998,Charger,R/T,2016,2016-dodge-charger-r/t,335712252029318240983197820735645469676
179,False,Dodge Charger,Dodge,"84,000 miles",22998,Charger R/T,2016 Dodge,carmax,84000,22998,Charger,R/T,2016,2016-dodge-charger-r/t,335712252029318240983197820735645469676
180,False,Dodge Charger,Dodge,"121,000 miles",17998,Charger R/T,2016 Dodge,carmax,121000,17998,Charger,R/T,2016,2016-dodge-charger-r/t,335712252029318240983197820735645469676
181,False,Dodge Charger,Dodge,"122,000 miles",16998,Charger R/T,2016 Dodge,carmax,122000,16998,Charger,R/T,2016,2016-dodge-charger-r/t,335712252029318240983197820735645469676
182,False,Dodge Charger,Dodge,"109,000 miles",17998,Charger R/T,2016 Dodge,carmax,109000,17998,Charger,R/T,2016,2016-dodge-charger-r/t,335712252029318240983197820735645469676
183,False,Dodge Charger,Dodge,"76,000 miles",21998,Charger R/T,2016 Dodge,carmax,76000,21998,Charger,R/T,2016,2016-dodge-charger-r/t,335712252029318240983197820735645469676
184,False,Dodge Charger,Dodge,"65,000 miles",31998,Charger R/T Scat Pack,2016 Dodge,carmax,65000,31998,Charger,R/T Scat Pack,2016,2016-dodge-charger-r/t scat pack,307685644294282292817476665654643664529
185,False,Dodge Charger,Dodge,"54,000 miles",33998,Charger R/T Scat Pack,2016 Dodge,carmax,54000,33998,Charger,R/T Scat Pack,2016,2016-dodge-charger-r/t scat pack,307685644294282292817476665654643664529
186,False,Dodge Charger,Dodge,"103,000 miles",17998,Charger SE,2016 Dodge,carmax,103000,17998,Charger,SE,2016,2016-dodge-charger-se,328171824930394311835720344196316271127
187,False,Dodge Charger,Dodge,"111,000 miles",14599,Charger SE,2016 Dodge,carmax,111000,14599,Charger,SE,2016,2016-dodge-charger-se,328171824930394311835720344196316271127
188,False,Dodge Charger,Dodge,"96,000 miles",15998,Charger SE,2016 Dodge,carmax,96000,15998,Charger,SE,2016,2016-dodge-charger-se,328171824930394311835720344196316271127
189,False,Dodge Charger,Dodge,"100,000 miles",14998,Charger SXT,2016 Dodge,carmax,100000,14998,Charger,SXT,2016,2016-dodge-charger-sxt,198517384199241946529368673350164815235
190,False,Dodge Charger,Dodge,"35,000 miles",19998,Charger SXT,2016 Dodge,carmax,35000,19998,Charger,SXT,2016,2016-dodge-charger-sxt,198517384199241946529368673350164815235
191,False,Dodge Charger,Dodge,"128,000 miles",16998,Charger SXT,2016 Dodge,carmax,128000,16998,Charger,SXT,2016,2016-dodge-charger-sxt,198517384199241946529368673350164815235
192,False,Dodge Charger,Dodge,"90,000 miles",15998,Charger SXT,2016 Dodge,carmax,90000,15998,Charger,SXT,2016,2016-dodge-charger-sxt,198517384199241946529368673350164815235
193,False,Dodge Charger,Dodge,"71,000 miles",16998,Charger SXT,2016 Dodge,carmax,71000,16998,Charger,SXT,2016,2016-dodge-charger-sxt,198517384199241946529368673350164815235
194,False,Dodge Charger,Dodge,"81,000 miles",16998,Charger SXT,2016 Dodge,carmax,81000,16998,Charger,SXT,2016,2016-dodge-charger-sxt,198517384199241946529368673350164815235
195,False,Dodge Charger,Dodge,"99,000 miles",17998,Charger SXT,2016 Dodge,carmax,99000,17998,Charger,SXT,2016,2016-dodge-charger-sxt,198517384199241946529368673350164815235
196,False,Dodge Durango,Dodge,"66,000 miles",19998,Durango Limited,2016 Dodge,carmax,66000,19998,Durango,Limited,2016,2016-dodge-durango-limited,302920275785591996049397074967783637679
197,False,Dodge Durango,Dodge,"49,000 miles",20998,Durango Limited,2016 Dodge,carmax,49000,20998,Durango,Limited,2016,2016-dodge-durango-limited,302920275785591996049397074967783637679
198,False,Ford Mustang,Ford,"72,000 miles",19998,Mustang,2016 Ford,carmax,72000,19998,Mustang,-,2016,2016-ford-mustang--,287945907499041441852647427240591968411
199,False,Ford Mustang,Ford,"106,000 miles",16998,Mustang,2016 Ford,carmax,106000,16998,Mustang,-,2016,2016-ford-mustang--,287945907499041441852647427240591968411
200,False,Ford Mustang,Ford,"105,000 miles",18998,Mustang,2016 Ford,carmax,105000,18998,Mustang,-,2016,2016-ford-mustang--,287945907499041441852647427240591968411
201,False,Ford Mustang,Ford,"12,000 miles",23998,Mustang,2016 Ford,carmax,12000,23998,Mustang,-,2016,2016-ford-mustang--,287945907499041441852647427240591968411
202,False,Ford Mustang,Ford,"78,000 miles",18998,Mustang,2016 Ford,carmax,78000,18998,Mustang,-,2016,2016-ford-mustang--,287945907499041441852647427240591968411
203,False,Ford Mustang,Ford,"80,000 miles",17998,Mustang,2016 Ford,carmax,80000,17998,Mustang,-,2016,2016-ford-mustang--,287945907499041441852647427240591968411
204,False,Ford Mustang,Ford,"94,000 miles",16998,Mustang,2016 Ford,carmax,94000,16998,Mustang,-,2016,2016-ford-mustang--,287945907499041441852647427240591968411
205,False,Ford Mustang,Ford,"101,000 miles",16998,Mustang,2016 Ford,carmax,101000,16998,Mustang,-,2016,2016-ford-mustang--,287945907499041441852647427240591968411
206,False,Ford Mustang,Ford,"120,000 miles",15998,Mustang,2016 Ford,carmax,120000,15998,Mustang,-,2016,2016-ford-mustang--,287945907499041441852647427240591968411
207,False,Ford Mustang,Ford,"105,000 miles",16998,Mustang,2016 Ford,carmax,105000,16998,Mustang,-,2016,2016-ford-mustang--,287945907499041441852647427240591968411
208,False,Ford Mustang,Ford,"119,000 miles",16998,Mustang Ecoboost,2016 Ford,carmax,119000,16998,Mustang,Ecoboost,2016,2016-ford-mustang-ecoboost,166930967059827817228763187118221553954
209,False,Ford Mustang,Ford,"84,000 miles",18998,Mustang Ecoboost,2016 Ford,carmax,84000,18998,Mustang,Ecoboost,2016,2016-ford-mustang-ecoboost,166930967059827817228763187118221553954
210,False,Ford Mustang,Ford,"79,000 miles",16998,Mustang Ecoboost,2016 Ford,carmax,79000,16998,Mustang,Ecoboost,2016,2016-ford-mustang-ecoboost,166930967059827817228763187118221553954
211,False,Ford Mustang,Ford,"103,000 miles",14998,Mustang Ecoboost,2016 Ford,carmax,103000,14998,Mustang,Ecoboost,2016,2016-ford-mustang-ecoboost,166930967059827817228763187118221553954
212,False,Ford Mustang,Ford,"13,000 miles",22998,Mustang Ecoboost,2016 Ford,carmax,13000,22998,Mustang,Ecoboost,2016,2016-ford-mustang-ecoboost,166930967059827817228763187118221553954
213,False,Ford Mustang,Ford,"98,000 miles",16998,Mustang Ecoboost,2016 Ford,carmax,98000,16998,Mustang,Ecoboost,2016,2016-ford-mustang-ecoboost,166930967059827817228763187118221553954
214,False,Ford Mustang,Ford,"62,000 miles",20998,Mustang Ecoboost,2016 Ford,carmax,62000,20998,Mustang,Ecoboost,2016,2016-ford-mustang-ecoboost,166930967059827817228763187118221553954
215,False,Ford Mustang,Ford,"116,000 miles",17998,Mustang Ecoboost,2016 Ford,carmax,116000,17998,Mustang,Ecoboost,2016,2016-ford-mustang-ecoboost,166930967059827817228763187118221553954
216,False,Ford Mustang,Ford,"124,000 miles",18998,Mustang Ecoboost,2016 Ford,carmax,124000,18998,Mustang,Ecoboost,2016,2016-ford-mustang-ecoboost,166930967059827817228763187118221553954
217,False,Ford Mustang,Ford,"39,000 miles",21998,Mustang Ecoboost Premium,2016 Ford,carmax,39000,21998,Mustang,Ecoboost Premium,2016,2016-ford-mustang-ecoboost premium,266481449698076646526159549143649790837
218,False,Ford Mustang,Ford,"58,000 miles",20998,Mustang Ecoboost Premium,2016 Ford,carmax,58000,20998,Mustang,Ecoboost Premium,2016,2016-ford-mustang-ecoboost premium,266481449698076646526159549143649790837
219,False,Ford Mustang,Ford,"82,000 miles",19998,Mustang Ecoboost Premium,2016 Ford,carmax,82000,19998,Mustang,Ecoboost Premium,2016,2016-ford-mustang-ecoboost premium,266481449698076646526159549143649790837
220,False,Ford Mustang,Ford,"105,000 miles",17998,Mustang Ecoboost Premium,2016 Ford,carmax,105000,17998,Mustang,Ecoboost Premium,2016,2016-ford-mustang-ecoboost premium,266481449698076646526159549143649790837
221,False,Ford Mustang,Ford,"80,000 miles",16998,Mustang Ecoboost Premium,2016 Ford,carmax,80000,16998,Mustang,Ecoboost Premium,2016,2016-ford-mustang-ecoboost premium,266481449698076646526159549143649790837
222,False,Ford Mustang,Ford,"93,000 miles",17998,Mustang Ecoboost Premium,2016 Ford,carmax,93000,17998,Mustang,Ecoboost Premium,2016,2016-ford-mustang-ecoboost premium,266481449698076646526159549143649790837
223,False,Ford Mustang,Ford,"97,000 miles",17998,Mustang Ecoboost Premium,2016 Ford,carmax,97000,17998,Mustang,Ecoboost Premium,2016,2016-ford-mustang-ecoboost premium,266481449698076646526159549143649790837
224,False,Ford Mustang,Ford,"95,000 miles",18998,Mustang Ecoboost Premium,2016 Ford,carmax,95000,18998,Mustang,Ecoboost Premium,2016,2016-ford-mustang-ecoboost premium,266481449698076646526159549143649790837
225,False,Ford Mustang,Ford,"87,000 miles",16998,Mustang Ecoboost Premium,2016 Ford,carmax,87000,16998,Mustang,Ecoboost Premium,2016,2016-ford-mustang-ecoboost premium,266481449698076646526159549143649790837
226,False,Ford Mustang,Ford,"87,000 miles",19998,Mustang Ecoboost Premium,2016 Ford,carmax,87000,19998,Mustang,Ecoboost Premium,2016,2016-ford-mustang-ecoboost premium,266481449698076646526159549143649790837
227,False,Ford Mustang,Ford,"62,000 miles",18998,Mustang Ecoboost Premium,2016 Ford,carmax,62000,18998,Mustang,Ecoboost Premium,2016,2016-ford-mustang-ecoboost premium,266481449698076646526159549143649790837
228,False,Ford Mustang,Ford,"107,000 miles",17998,Mustang Ecoboost Premium,2016 Ford,carmax,107000,17998,Mustang,Ecoboost Premium,2016,2016-ford-mustang-ecoboost premium,266481449698076646526159549143649790837
229,False,Ford Mustang,Ford,"115,000 miles",14998,Mustang Ecoboost Premium,2016 Ford,carmax,115000,14998,Mustang,Ecoboost Premium,2016,2016-ford-mustang-ecoboost premium,266481449698076646526159549143649790837
230,False,Ford Mustang,Ford,"119,000 miles",16998,Mustang Ecoboost Premium,2016 Ford,carmax,119000,16998,Mustang,Ecoboost Premium,2016,2016-ford-mustang-ecoboost premium,266481449698076646526159549143649790837
231,False,Ford Mustang,Ford,"82,000 miles",19998,Mustang Ecoboost Premium,2016 Ford,carmax,82000,19998,Mustang,Ecoboost Premium,2016,2016-ford-mustang-ecoboost premium,266481449698076646526159549143649790837
232,False,Ford Mustang,Ford,"108,000 miles",25998,Mustang GT Premium,2016 Ford,carmax,108000,25998,Mustang,GT Premium,2016,2016-ford-mustang-gt premium,238870520252976062899845474695600481751
233,False,Ford Mustang,Ford,"31,000 miles",32998,Mustang GT Premium,2016 Ford,carmax,31000,32998,Mustang,GT Premium,2016,2016-ford-mustang-gt premium,238870520252976062899845474695600481751
234,False,Ford Mustang,Ford,"102,000 miles",28998,Mustang GT Premium,2016 Ford,carmax,102000,28998,Mustang,GT Premium,2016,2016-ford-mustang-gt premium,238870520252976062899845474695600481751
235,False,Ford Mustang,Ford,"127,000 miles",22998,Mustang GT Premium,2016 Ford,carmax,127000,22998,Mustang,GT Premium,2016,2016-ford-mustang-gt premium,238870520252976062899845474695600481751
236,False,Ford Mustang,Ford,"92,000 miles",25998,Mustang GT Premium,2016 Ford,carmax,92000,25998,Mustang,GT Premium,2016,2016-ford-mustang-gt premium,238870520252976062899845474695600481751
237,False,Ford Mustang,Ford,"55,000 miles",28998,Mustang GT Premium,2016 Ford,carmax,55000,28998,Mustang,GT Premium,2016,2016-ford-mustang-gt premium,238870520252976062899845474695600481751
238,False,Ford Mustang,Ford,"7,000 miles",34998,Mustang GT Premium,2016 Ford,carmax,7000,34998,Mustang,GT Premium,2016,2016-ford-mustang-gt premium,238870520252976062899845474695600481751
239,False,Ford Mustang,Ford,"3,000 miles",56998,Mustang Shelby GT350,2016 Ford,carmax,3000,56998,Mustang,Shelby GT350,2016,2016-ford-mustang-shelby gt350,165758925767208318914555049251664977578
240,False,Ford Mustang,Ford,"12,000 miles",52998,Mustang Shelby GT350,2016 Ford,carmax,12000,52998,Mustang,Shelby GT350,2016,2016-ford-mustang-shelby gt350,165758925767208318914555049251664977578
241,False,Ford Mustang,Ford,"18,000 miles",51998,Mustang Shelby GT350,2016 Ford,carmax,18000,51998,Mustang,Shelby GT350,2016,2016-ford-mustang-shelby gt350,165758925767208318914555049251664977578
242,False,Dodge Challenger,Dodge,"23,000 miles",35998,Challenger 392 Hemi Scat Pack Shaker,2017 Dodge,carmax,23000,35998,Challenger,392 Hemi Scat Pack Shaker,2017,2017-dodge-challenger-392 hemi scat pack shaker,190203019277883564557300910819422574172
243,False,Dodge Challenger,Dodge,"64,000 miles",22998,Challenger GT,2017 Dodge,carmax,64000,22998,Challenger,GT,2017,2017-dodge-challenger-gt,105776575288091472283975695716053417285
244,False,Dodge Challenger,Dodge,"80,000 miles",25998,Challenger R/T,2017 Dodge,carmax,80000,25998,Challenger,R/T,2017,2017-dodge-challenger-r/t,57023637859904275654414444459966769431
245,False,Dodge Challenger,Dodge,"101,000 miles",24998,Challenger R/T,2017 Dodge,carmax,101000,24998,Challenger,R/T,2017,2017-dodge-challenger-r/t,57023637859904275654414444459966769431
246,False,Dodge Challenger,Dodge,"87,000 miles",22998,Challenger R/T,2017 Dodge,carmax,87000,22998,Challenger,R/T,2017,2017-dodge-challenger-r/t,57023637859904275654414444459966769431
247,False,Dodge Challenger,Dodge,"82,000 miles",21998,Challenger R/T,2017 Dodge,carmax,82000,21998,Challenger,R/T,2017,2017-dodge-challenger-r/t,57023637859904275654414444459966769431
248,False,Dodge Challenger,Dodge,"63,000 miles",24998,Challenger R/T,2017 Dodge,carmax,63000,24998,Challenger,R/T,2017,2017-dodge-challenger-r/t,57023637859904275654414444459966769431
249,False,Dodge Challenger,Dodge,"71,000 miles",25998,Challenger R/T Plus,2017 Dodge,carmax,71000,25998,Challenger,R/T Plus,2017,2017-dodge-challenger-r/t plus,141009929194002080509318762414759964175
250,False,Dodge Challenger,Dodge,"49,000 miles",30998,Challenger R/T Scat Pack,2017 Dodge,carmax,49000,30998,Challenger,R/T Scat Pack,2017,2017-dodge-challenger-r/t scat pack,319252737845550059439004213064421854800
251,False,Dodge Challenger,Dodge,"37,000 miles",21998,Challenger SXT,2017 Dodge,carmax,37000,21998,Challenger,SXT,2017,2017-dodge-challenger-sxt,146865251878895630931990280617575112413
252,False,Dodge Challenger,Dodge,"92,000 miles",19998,Challenger SXT,2017 Dodge,carmax,92000,19998,Challenger,SXT,2017,2017-dodge-challenger-sxt,146865251878895630931990280617575112413
253,False,Dodge Challenger,Dodge,"66,000 miles",21998,Challenger SXT,2017 Dodge,carmax,66000,21998,Challenger,SXT,2017,2017-dodge-challenger-sxt,146865251878895630931990280617575112413
254,False,Dodge Challenger,Dodge,"78,000 miles",20998,Challenger SXT,2017 Dodge,carmax,78000,20998,Challenger,SXT,2017,2017-dodge-challenger-sxt,146865251878895630931990280617575112413
255,False,Dodge Challenger,Dodge,"113,000 miles",16998,Challenger SXT,2017 Dodge,carmax,113000,16998,Challenger,SXT,2017,2017-dodge-challenger-sxt,146865251878895630931990280617575112413
256,False,Dodge Challenger,Dodge,"57,000 miles",19998,Challenger SXT,2017 Dodge,carmax,57000,19998,Challenger,SXT,2017,2017-dodge-challenger-sxt,146865251878895630931990280617575112413
257,False,Dodge Challenger,Dodge,"86,000 miles",19998,Challenger SXT Plus,2017 Dodge,carmax,86000,19998,Challenger,SXT Plus,2017,2017-dodge-challenger-sxt plus,87552781762971172912259705143623046084
258,False,Dodge Challenger,Dodge,"94,000 miles",19998,Challenger SXT Plus,2017 Dodge,carmax,94000,19998,Challenger,SXT Plus,2017,2017-dodge-challenger-sxt plus,87552781762971172912259705143623046084
259,False,Dodge Challenger,Dodge,"75,000 miles",20998,Challenger SXT Plus,2017 Dodge,carmax,75000,20998,Challenger,SXT Plus,2017,2017-dodge-challenger-sxt plus,87552781762971172912259705143623046084
260,False,Dodge Challenger,Dodge,"69,000 miles",19998,Challenger SXT Plus,2017 Dodge,carmax,69000,19998,Challenger,SXT Plus,2017,2017-dodge-challenger-sxt plus,87552781762971172912259705143623046084
261,False,Dodge Charger,Dodge,"99,000 miles",27998,Charger Daytona 392,2017 Dodge,carmax,99000,27998,Charger,Daytona 392,2017,2017-dodge-charger-daytona 392,147570208334444394295299884374780216182
262,False,Dodge Charger,Dodge,"50,000 miles",35998,Charger Daytona 392,2017 Dodge,carmax,50000,35998,Charger,Daytona 392,2017,2017-dodge-charger-daytona 392,147570208334444394295299884374780216182
263,False,Dodge Charger,Dodge,"92,000 miles",22998,Charger R/T,2017 Dodge,carmax,92000,22998,Charger,R/T,2017,2017-dodge-charger-r/t,260220744915293881663671052879483109014
264,False,Dodge Charger,Dodge,"61,000 miles",22998,Charger R/T,2017 Dodge,carmax,61000,22998,Charger,R/T,2017,2017-dodge-charger-r/t,260220744915293881663671052879483109014
265,False,Dodge Charger,Dodge,"84,000 miles",22998,Charger R/T,2017 Dodge,carmax,84000,22998,Charger,R/T,2017,2017-dodge-charger-r/t,260220744915293881663671052879483109014
266,False,Dodge Charger,Dodge,"53,000 miles",32998,Charger R/T Scat Pack,2017 Dodge,carmax,53000,32998,Charger,R/T Scat Pack,2017,2017-dodge-charger-r/t scat pack,13011354929488666352358174031898064101
267,False,Dodge Charger,Dodge,"91,000 miles",28998,Charger R/T Scat Pack,2017 Dodge,carmax,91000,28998,Charger,R/T Scat Pack,2017,2017-dodge-charger-r/t scat pack,13011354929488666352358174031898064101
268,False,Dodge Charger,Dodge,"110,000 miles",15998,Charger SE,2017 Dodge,carmax,110000,15998,Charger,SE,2017,2017-dodge-charger-se,146513973963280497808246118216081386790
269,False,Dodge Charger,Dodge,"91,000 miles",18998,Charger SE,2017 Dodge,carmax,91000,18998,Charger,SE,2017,2017-dodge-charger-se,146513973963280497808246118216081386790
270,False,Dodge Charger,Dodge,"91,000 miles",16998,Charger SE,2017 Dodge,carmax,91000,16998,Charger,SE,2017,2017-dodge-charger-se,146513973963280497808246118216081386790
271,False,Dodge Charger,Dodge,"103,000 miles",15998,Charger SE,2017 Dodge,carmax,103000,15998,Charger,SE,2017,2017-dodge-charger-se,146513973963280497808246118216081386790
272,False,Dodge Charger,Dodge,"28,000 miles",21998,Charger SE,2017 Dodge,carmax,28000,21998,Charger,SE,2017,2017-dodge-charger-se,146513973963280497808246118216081386790
273,False,Dodge Charger,Dodge,"127,000 miles",14998,Charger SXT,2017 Dodge,carmax,127000,14998,Charger,SXT,2017,2017-dodge-charger-sxt,113350853069814128110021974096867360199
274,False,Dodge Charger,Dodge,"108,000 miles",14998,Charger SXT,2017 Dodge,carmax,108000,14998,Charger,SXT,2017,2017-dodge-charger-sxt,113350853069814128110021974096867360199
275,False,Dodge Charger,Dodge,"98,000 miles",17998,Charger SXT,2017 Dodge,carmax,98000,17998,Charger,SXT,2017,2017-dodge-charger-sxt,113350853069814128110021974096867360199
276,False,Dodge Charger,Dodge,"77,000 miles",19998,Charger SXT,2017 Dodge,carmax,77000,19998,Charger,SXT,2017,2017-dodge-charger-sxt,113350853069814128110021974096867360199
277,False,Dodge Charger,Dodge,"90,000 miles",20998,Charger SXT,2017 Dodge,carmax,90000,20998,Charger,SXT,2017,2017-dodge-charger-sxt,113350853069814128110021974096867360199
278,False,Dodge Durango,Dodge,"70,000 miles",21998,Durango GT,2017 Dodge,carmax,70000,21998,Durango,GT,2017,2017-dodge-durango-gt,27974156944916962308960289349269434357
279,False,Dodge Durango,Dodge,"70,000 miles",22998,Durango GT,2017 Dodge,carmax,70000,22998,Durango,GT,2017,2017-dodge-durango-gt,27974156944916962308960289349269434357
280,False,Dodge Durango,Dodge,"29,000 miles",31998,Durango R/T,2017 Dodge,carmax,29000,31998,Durango,R/T,2017,2017-dodge-durango-r/t,281707110929567104578733848511177705507
281,False,Dodge Durango,Dodge,"68,000 miles",28998,Durango R/T,2017 Dodge,carmax,68000,28998,Durango,R/T,2017,2017-dodge-durango-r/t,281707110929567104578733848511177705507
282,False,Dodge Durango,Dodge,"53,000 miles",26998,Durango R/T,2017 Dodge,carmax,53000,26998,Durango,R/T,2017,2017-dodge-durango-r/t,281707110929567104578733848511177705507
283,False,Ford Mustang,Ford,"80,000 miles",18998,Mustang,2017 Ford,carmax,80000,18998,Mustang,-,2017,2017-ford-mustang--,152594525175790712569506662706102444723
284,False,Ford Mustang,Ford,"107,000 miles",17998,Mustang,2017 Ford,carmax,107000,17998,Mustang,-,2017,2017-ford-mustang--,152594525175790712569506662706102444723
285,False,Ford Mustang,Ford,"60,000 miles",19998,Mustang,2017 Ford,carmax,60000,19998,Mustang,-,2017,2017-ford-mustang--,152594525175790712569506662706102444723
286,False,Ford Mustang,Ford,"84,000 miles",18998,Mustang,2017 Ford,carmax,84000,18998,Mustang,-,2017,2017-ford-mustang--,152594525175790712569506662706102444723
287,False,Ford Mustang,Ford,"90,000 miles",19998,Mustang Ecoboost,2017 Ford,carmax,90000,19998,Mustang,Ecoboost,2017,2017-ford-mustang-ecoboost,244643176994734249653284752006084750162
288,False,Ford Mustang,Ford,"83,000 miles",18998,Mustang Ecoboost,2017 Ford,carmax,83000,18998,Mustang,Ecoboost,2017,2017-ford-mustang-ecoboost,244643176994734249653284752006084750162
289,False,Ford Mustang,Ford,"62,000 miles",19998,Mustang Ecoboost,2017 Ford,carmax,62000,19998,Mustang,Ecoboost,2017,2017-ford-mustang-ecoboost,244643176994734249653284752006084750162
290,False,Ford Mustang,Ford,"74,000 miles",20998,Mustang Ecoboost,2017 Ford,carmax,74000,20998,Mustang,Ecoboost,2017,2017-ford-mustang-ecoboost,244643176994734249653284752006084750162
291,False,Ford Mustang,Ford,"108,000 miles",17998,Mustang Ecoboost,2017 Ford,carmax,108000,17998,Mustang,Ecoboost,2017,2017-ford-mustang-ecoboost,244643176994734249653284752006084750162
292,False,Ford Mustang,Ford,"92,000 miles",19998,Mustang Ecoboost Premium,2017 Ford,carmax,92000,19998,Mustang,Ecoboost Premium,2017,2017-ford-mustang-ecoboost premium,249406671921528978162126477862998590306
293,False,Ford Mustang,Ford,"109,000 miles",18998,Mustang Ecoboost Premium,2017 Ford,carmax,109000,18998,Mustang,Ecoboost Premium,2017,2017-ford-mustang-ecoboost premium,249406671921528978162126477862998590306
294,False,Ford Mustang,Ford,"40,000 miles",22998,Mustang Ecoboost Premium,2017 Ford,carmax,40000,22998,Mustang,Ecoboost Premium,2017,2017-ford-mustang-ecoboost premium,249406671921528978162126477862998590306
295,False,Ford Mustang,Ford,"59,000 miles",21998,Mustang Ecoboost Premium,2017 Ford,carmax,59000,21998,Mustang,Ecoboost Premium,2017,2017-ford-mustang-ecoboost premium,249406671921528978162126477862998590306
296,False,Ford Mustang,Ford,"81,000 miles",19998,Mustang Ecoboost Premium,2017 Ford,carmax,81000,19998,Mustang,Ecoboost Premium,2017,2017-ford-mustang-ecoboost premium,249406671921528978162126477862998590306
297,False,Ford Mustang,Ford,"57,000 miles",19998,Mustang Ecoboost Premium,2017 Ford,carmax,57000,19998,Mustang,Ecoboost Premium,2017,2017-ford-mustang-ecoboost premium,249406671921528978162126477862998590306
298,False,Ford Mustang,Ford,"111,000 miles",15998,Mustang Ecoboost Premium,2017 Ford,carmax,111000,15998,Mustang,Ecoboost Premium,2017,2017-ford-mustang-ecoboost premium,249406671921528978162126477862998590306
299,False,Ford Mustang,Ford,"84,000 miles",20998,Mustang Ecoboost Premium,2017 Ford,carmax,84000,20998,Mustang,Ecoboost Premium,2017,2017-ford-mustang-ecoboost premium,249406671921528978162126477862998590306
300,False,Ford Mustang,Ford,"95,000 miles",18998,Mustang Ecoboost Premium,2017 Ford,carmax,95000,18998,Mustang,Ecoboost Premium,2017,2017-ford-mustang-ecoboost premium,249406671921528978162126477862998590306
301,False,Ford Mustang,Ford,"74,000 miles",20998,Mustang Ecoboost Premium,2017 Ford,carmax,74000,20998,Mustang,Ecoboost Premium,2017,2017-ford-mustang-ecoboost premium,249406671921528978162126477862998590306
302,False,Ford Mustang,Ford,"48,000 miles",21998,Mustang Ecoboost Premium,2017 Ford,carmax,48000,21998,Mustang,Ecoboost Premium,2017,2017-ford-mustang-ecoboost premium,249406671921528978162126477862998590306
303,False,Ford Mustang,Ford,"30,000 miles",32998,Mustang GT,2017 Ford,carmax,30000,32998,Mustang,GT,2017,2017-ford-mustang-gt,56203927096043528102880764816030544381
304,False,Ford Mustang,Ford,"46,000 miles",27998,Mustang GT,2017 Ford,carmax,46000,27998,Mustang,GT,2017,2017-ford-mustang-gt,56203927096043528102880764816030544381
305,False,Ford Mustang,Ford,"76,000 miles",27998,Mustang GT,2017 Ford,carmax,76000,27998,Mustang,GT,2017,2017-ford-mustang-gt,56203927096043528102880764816030544381
306,False,Ford Mustang,Ford,"82,000 miles",27998,Mustang GT,2017 Ford,carmax,82000,27998,Mustang,GT,2017,2017-ford-mustang-gt,56203927096043528102880764816030544381
307,False,Ford Mustang,Ford,"44,000 miles",29998,Mustang GT,2017 Ford,carmax,44000,29998,Mustang,GT,2017,2017-ford-mustang-gt,56203927096043528102880764816030544381
308,False,Ford Mustang,Ford,"31,000 miles",31998,Mustang GT,2017 Ford,carmax,31000,31998,Mustang,GT,2017,2017-ford-mustang-gt,56203927096043528102880764816030544381
309,False,Ford Mustang,Ford,"35,000 miles",30998,Mustang GT,2017 Ford,carmax,35000,30998,Mustang,GT,2017,2017-ford-mustang-gt,56203927096043528102880764816030544381
310,False,Ford Mustang,Ford,"53,000 miles",32998,Mustang GT Premium,2017 Ford,carmax,53000,32998,Mustang,GT Premium,2017,2017-ford-mustang-gt premium,162453134833113419323638781580758234077
311,False,Ford Mustang,Ford,"85,000 miles",24998,Mustang GT Premium,2017 Ford,carmax,85000,24998,Mustang,GT Premium,2017,2017-ford-mustang-gt premium,162453134833113419323638781580758234077
312,False,Ford Mustang,Ford,"61,000 miles",29998,Mustang GT Premium,2017 Ford,carmax,61000,29998,Mustang,GT Premium,2017,2017-ford-mustang-gt premium,162453134833113419323638781580758234077
313,False,Ford Mustang,Ford,"79,000 miles",27998,Mustang GT Premium,2017 Ford,carmax,79000,27998,Mustang,GT Premium,2017,2017-ford-mustang-gt premium,162453134833113419323638781580758234077
314,False,Ford Mustang,Ford,"43,000 miles",31998,Mustang GT Premium,2017 Ford,carmax,43000,31998,Mustang,GT Premium,2017,2017-ford-mustang-gt premium,162453134833113419323638781580758234077
315,False,Ford Mustang,Ford,"10,000 miles",32998,Mustang GT Premium,2017 Ford,carmax,10000,32998,Mustang,GT Premium,2017,2017-ford-mustang-gt premium,162453134833113419323638781580758234077
316,False,Ford Mustang,Ford,"77,000 miles",28998,Mustang GT Premium,2017 Ford,carmax,77000,28998,Mustang,GT Premium,2017,2017-ford-mustang-gt premium,162453134833113419323638781580758234077
317,False,Ford Mustang,Ford,"33,000 miles",56998,Mustang Shelby GT350,2017 Ford,carmax,33000,56998,Mustang,Shelby GT350,2017,2017-ford-mustang-shelby gt350,5958136378372248289911325092039908347
318,False,Ford Mustang,Ford,"25,000 miles",53998,Mustang Shelby GT350,2017 Ford,carmax,25000,53998,Mustang,Shelby GT350,2017,2017-ford-mustang-shelby gt350,5958136378372248289911325092039908347
319,False,Ford Mustang,Ford,"36,000 miles",48998,Mustang Shelby GT350,2017 Ford,carmax,36000,48998,Mustang,Shelby GT350,2017,2017-ford-mustang-shelby gt350,5958136378372248289911325092039908347
320,False,Dodge Challenger,Dodge,"93,000 miles",21998,Challenger GT,2018 Dodge,carmax,93000,21998,Challenger,GT,2018,2018-dodge-challenger-gt,338754724943173953780259291811782635725
321,False,Dodge Challenger,Dodge,"61,000 miles",22998,Challenger GT,2018 Dodge,carmax,61000,22998,Challenger,GT,2018,2018-dodge-challenger-gt,338754724943173953780259291811782635725
322,False,Dodge Challenger,Dodge,"94,000 miles",21998,Challenger GT,2018 Dodge,carmax,94000,21998,Challenger,GT,2018,2018-dodge-challenger-gt,338754724943173953780259291811782635725
323,False,Dodge Challenger,Dodge,"80,000 miles",21998,Challenger GT,2018 Dodge,carmax,80000,21998,Challenger,GT,2018,2018-dodge-challenger-gt,338754724943173953780259291811782635725
324,False,Dodge Challenger,Dodge,"20,000 miles",27998,Challenger GT,2018 Dodge,carmax,20000,27998,Challenger,GT,2018,2018-dodge-challenger-gt,338754724943173953780259291811782635725
325,False,Dodge Challenger,Dodge,"122,000 miles",21998,Challenger R/T,2018 Dodge,carmax,122000,21998,Challenger,R/T,2018,2018-dodge-challenger-r/t,179366055850528348045579075007133829029
326,False,Dodge Challenger,Dodge,"72,000 miles",24998,Challenger R/T Plus,2018 Dodge,carmax,72000,24998,Challenger,R/T Plus,2018,2018-dodge-challenger-r/t plus,34097178577345714675447946824921511228
327,False,Dodge Challenger,Dodge,"52,000 miles",27998,Challenger R/T Plus,2018 Dodge,carmax,52000,27998,Challenger,R/T Plus,2018,2018-dodge-challenger-r/t plus,34097178577345714675447946824921511228
328,False,Dodge Challenger,Dodge,"58,000 miles",26998,Challenger R/T Plus Shaker,2018 Dodge,carmax,58000,26998,Challenger,R/T Plus Shaker,2018,2018-dodge-challenger-r/t plus shaker,308275301051530674782944538438223443314
329,False,Dodge Challenger,Dodge,"123,000 miles",15998,Challenger SXT,2018 Dodge,carmax,123000,15998,Challenger,SXT,2018,2018-dodge-challenger-sxt,338220153194086419613807128211630175010
330,False,Dodge Challenger,Dodge,"101,000 miles",17998,Challenger SXT,2018 Dodge,carmax,101000,17998,Challenger,SXT,2018,2018-dodge-challenger-sxt,338220153194086419613807128211630175010
331,False,Dodge Challenger,Dodge,"61,000 miles",23998,Challenger SXT Plus,2018 Dodge,carmax,61000,23998,Challenger,SXT Plus,2018,2018-dodge-challenger-sxt plus,284768090149535207791293576398338285092
332,False,Dodge Challenger,Dodge,"116,000 miles",18998,Challenger SXT Plus,2018 Dodge,carmax,116000,18998,Challenger,SXT Plus,2018,2018-dodge-challenger-sxt plus,284768090149535207791293576398338285092
333,False,Dodge Challenger,Dodge,"77,000 miles",20998,Challenger SXT Plus,2018 Dodge,carmax,77000,20998,Challenger,SXT Plus,2018,2018-dodge-challenger-sxt plus,284768090149535207791293576398338285092
334,False,Dodge Challenger,Dodge,"26,000 miles",34998,Challenger T/A 392,2018 Dodge,carmax,26000,34998,Challenger,T/A 392,2018,2018-dodge-challenger-t/a 392,35758886991988728753169376354664432163
335,False,Dodge Challenger,Dodge,"18,000 miles",38998,Challenger T/A 392,2018 Dodge,carmax,18000,38998,Challenger,T/A 392,2018,2018-dodge-challenger-t/a 392,35758886991988728753169376354664432163
336,False,Dodge Challenger,Dodge,"51,000 miles",36998,Challenger T/A 392,2018 Dodge,carmax,51000,36998,Challenger,T/A 392,2018,2018-dodge-challenger-t/a 392,35758886991988728753169376354664432163
337,False,Dodge Charger,Dodge,"10,000 miles",42998,Charger Daytona 392,2018 Dodge,carmax,10000,42998,Charger,Daytona 392,2018,2018-dodge-charger-daytona 392,183763902539129804568917772767243610233
338,False,Dodge Charger,Dodge,"40,000 miles",38998,Charger Daytona 392,2018 Dodge,carmax,40000,38998,Charger,Daytona 392,2018,2018-dodge-charger-daytona 392,183763902539129804568917772767243610233
339,False,Dodge Charger,Dodge,"101,000 miles",19998,Charger GT,2018 Dodge,carmax,101000,19998,Charger,GT,2018,2018-dodge-charger-gt,115707603654485245968842513338080863748
340,False,Dodge Charger,Dodge,"65,000 miles",23998,Charger GT,2018 Dodge,carmax,65000,23998,Charger,GT,2018,2018-dodge-charger-gt,115707603654485245968842513338080863748
341,False,Dodge Charger,Dodge,"86,000 miles",20998,Charger GT,2018 Dodge,carmax,86000,20998,Charger,GT,2018,2018-dodge-charger-gt,115707603654485245968842513338080863748
342,False,Dodge Charger,Dodge,"70,000 miles",27998,Charger R/T,2018 Dodge,carmax,70000,27998,Charger,R/T,2018,2018-dodge-charger-r/t,271761378103904795611572825856794449560
343,False,Dodge Charger,Dodge,"89,000 miles",23998,Charger R/T,2018 Dodge,carmax,89000,23998,Charger,R/T,2018,2018-dodge-charger-r/t,271761378103904795611572825856794449560
344,False,Dodge Charger,Dodge,"67,000 miles",26998,Charger R/T,2018 Dodge,carmax,67000,26998,Charger,R/T,2018,2018-dodge-charger-r/t,271761378103904795611572825856794449560
345,False,Dodge Charger,Dodge,"60,000 miles",23998,Charger R/T,2018 Dodge,carmax,60000,23998,Charger,R/T,2018,2018-dodge-charger-r/t,271761378103904795611572825856794449560
346,False,Dodge Charger,Dodge,"93,000 miles",22998,Charger R/T,2018 Dodge,carmax,93000,22998,Charger,R/T,2018,2018-dodge-charger-r/t,271761378103904795611572825856794449560
347,False,Dodge Charger,Dodge,"126,000 miles",19998,Charger R/T,2018 Dodge,carmax,126000,19998,Charger,R/T,2018,2018-dodge-charger-r/t,271761378103904795611572825856794449560
348,False,Dodge Charger,Dodge,"63,000 miles",25998,Charger R/T,2018 Dodge,carmax,63000,25998,Charger,R/T,2018,2018-dodge-charger-r/t,271761378103904795611572825856794449560
349,False,Dodge Charger,Dodge,"55,000 miles",24998,Charger R/T,2018 Dodge,carmax,55000,24998,Charger,R/T,2018,2018-dodge-charger-r/t,271761378103904795611572825856794449560
350,False,Dodge Charger,Dodge,"44,000 miles",36998,Charger R/T Scat Pack,2018 Dodge,carmax,44000,36998,Charger,R/T Scat Pack,2018,2018-dodge-charger-r/t scat pack,272028239363480975595487157759024870358
351,False,Dodge Charger,Dodge,"73,000 miles",31998,Charger R/T Scat Pack,2018 Dodge,carmax,73000,31998,Charger,R/T Scat Pack,2018,2018-dodge-charger-r/t scat pack,272028239363480975595487157759024870358
352,False,Dodge Charger,Dodge,"108,000 miles",28998,Charger R/T Scat Pack,2018 Dodge,carmax,108000,28998,Charger,R/T Scat Pack,2018,2018-dodge-charger-r/t scat pack,272028239363480975595487157759024870358
353,False,Dodge Charger,Dodge,"104,000 miles",17998,Charger SXT,2018 Dodge,carmax,104000,17998,Charger,SXT,2018,2018-dodge-charger-sxt,113580810863589683134791381861788057578
354,False,Dodge Charger,Dodge,"107,000 miles",17998,Charger SXT,2018 Dodge,carmax,107000,17998,Charger,SXT,2018,2018-dodge-charger-sxt,113580810863589683134791381861788057578
355,False,Dodge Charger,Dodge,"38,000 miles",20998,Charger SXT,2018 Dodge,carmax,38000,20998,Charger,SXT,2018,2018-dodge-charger-sxt,113580810863589683134791381861788057578
356,False,Dodge Charger,Dodge,"120,000 miles",16998,Charger SXT,2018 Dodge,carmax,120000,16998,Charger,SXT,2018,2018-dodge-charger-sxt,113580810863589683134791381861788057578
357,False,Dodge Charger,Dodge,"111,000 miles",17998,Charger SXT,2018 Dodge,carmax,111000,17998,Charger,SXT,2018,2018-dodge-charger-sxt,113580810863589683134791381861788057578
358,False,Dodge Charger,Dodge,"89,000 miles",20998,Charger SXT,2018 Dodge,carmax,89000,20998,Charger,SXT,2018,2018-dodge-charger-sxt,113580810863589683134791381861788057578
359,False,Dodge Charger,Dodge,"88,000 miles",18998,Charger SXT,2018 Dodge,carmax,88000,18998,Charger,SXT,2018,2018-dodge-charger-sxt,113580810863589683134791381861788057578
360,False,Dodge Charger,Dodge,"68,000 miles",21998,Charger SXT,2018 Dodge,carmax,68000,21998,Charger,SXT,2018,2018-dodge-charger-sxt,113580810863589683134791381861788057578
361,False,Dodge Charger,Dodge,"50,000 miles",19998,Charger SXT,2018 Dodge,carmax,50000,19998,Charger,SXT,2018,2018-dodge-charger-sxt,113580810863589683134791381861788057578
362,False,Dodge Charger,Dodge,"80,000 miles",19998,Charger SXT,2018 Dodge,carmax,80000,19998,Charger,SXT,2018,2018-dodge-charger-sxt,113580810863589683134791381861788057578
363,False,Dodge Charger,Dodge,"108,000 miles",15998,Charger SXT,2018 Dodge,carmax,108000,15998,Charger,SXT,2018,2018-dodge-charger-sxt,113580810863589683134791381861788057578
364,False,Dodge Charger,Dodge,"86,000 miles",21998,Charger SXT Plus,2018 Dodge,carmax,86000,21998,Charger,SXT Plus,2018,2018-dodge-charger-sxt plus,106395367974222269950951717817663591669
365,False,Dodge Charger,Dodge,"77,000 miles",22998,Charger SXT Plus,2018 Dodge,carmax,77000,22998,Charger,SXT Plus,2018,2018-dodge-charger-sxt plus,106395367974222269950951717817663591669
366,False,Dodge Charger,Dodge,"115,000 miles",16998,Charger SXT Plus,2018 Dodge,carmax,115000,16998,Charger,SXT Plus,2018,2018-dodge-charger-sxt plus,106395367974222269950951717817663591669
367,False,Dodge Charger,Dodge,"88,000 miles",22998,Charger SXT Plus,2018 Dodge,carmax,88000,22998,Charger,SXT Plus,2018,2018-dodge-charger-sxt plus,106395367974222269950951717817663591669
368,False,Dodge Durango,Dodge,"60,000 miles",24998,Durango GT,2018 Dodge,carmax,60000,24998,Durango,GT,2018,2018-dodge-durango-gt,139252843248435214036839274713624691419
369,False,Dodge Durango,Dodge,"72,000 miles",25998,Durango GT,2018 Dodge,carmax,72000,25998,Durango,GT,2018,2018-dodge-durango-gt,139252843248435214036839274713624691419
370,False,Dodge Durango,Dodge,"55,000 miles",29998,Durango R/T,2018 Dodge,carmax,55000,29998,Durango,R/T,2018,2018-dodge-durango-r/t,306348276888528257493257874907229591878
371,False,Dodge Durango,Dodge,"46,000 miles",48998,Durango SRT,2018 Dodge,carmax,46000,48998,Durango,SRT,2018,2018-dodge-durango-srt,137895842988052924851786387204387831207
372,False,Dodge Durango,Dodge,"53,000 miles",42998,Durango SRT,2018 Dodge,carmax,53000,42998,Durango,SRT,2018,2018-dodge-durango-srt,137895842988052924851786387204387831207
373,False,Dodge Durango,Dodge,"67,000 miles",43998,Durango SRT,2018 Dodge,carmax,67000,43998,Durango,SRT,2018,2018-dodge-durango-srt,137895842988052924851786387204387831207
374,False,Dodge Durango,Dodge,"69,000 miles",19998,Durango SXT,2018 Dodge,carmax,69000,19998,Durango,SXT,2018,2018-dodge-durango-sxt,320537837388808739685736303639219234593
375,False,Dodge Durango,Dodge,"70,000 miles",20998,Durango SXT,2018 Dodge,carmax,70000,20998,Durango,SXT,2018,2018-dodge-durango-sxt,320537837388808739685736303639219234593
376,False,Ford Mustang,Ford,"50,000 miles",19998,Mustang Ecoboost,2018 Ford,carmax,50000,19998,Mustang,Ecoboost,2018,2018-ford-mustang-ecoboost,191286423629841271490610116664056499410
377,False,Ford Mustang,Ford,"9,000 miles",24998,Mustang Ecoboost,2018 Ford,carmax,9000,24998,Mustang,Ecoboost,2018,2018-ford-mustang-ecoboost,191286423629841271490610116664056499410
378,False,Ford Mustang,Ford,"71,000 miles",20998,Mustang Ecoboost,2018 Ford,carmax,71000,20998,Mustang,Ecoboost,2018,2018-ford-mustang-ecoboost,191286423629841271490610116664056499410
379,False,Ford Mustang,Ford,"69,000 miles",19998,Mustang Ecoboost,2018 Ford,carmax,69000,19998,Mustang,Ecoboost,2018,2018-ford-mustang-ecoboost,191286423629841271490610116664056499410
380,False,Ford Mustang,Ford,"85,000 miles",18998,Mustang Ecoboost,2018 Ford,carmax,85000,18998,Mustang,Ecoboost,2018,2018-ford-mustang-ecoboost,191286423629841271490610116664056499410
381,False,Ford Mustang,Ford,"86,000 miles",18998,Mustang Ecoboost,2018 Ford,carmax,86000,18998,Mustang,Ecoboost,2018,2018-ford-mustang-ecoboost,191286423629841271490610116664056499410
382,False,Ford Mustang,Ford,"105,000 miles",16998,Mustang Ecoboost,2018 Ford,carmax,105000,16998,Mustang,Ecoboost,2018,2018-ford-mustang-ecoboost,191286423629841271490610116664056499410
383,False,Ford Mustang,Ford,"56,000 miles",20998,Mustang Ecoboost,2018 Ford,carmax,56000,20998,Mustang,Ecoboost,2018,2018-ford-mustang-ecoboost,191286423629841271490610116664056499410
384,False,Ford Mustang,Ford,"67,000 miles",20998,Mustang Ecoboost,2018 Ford,carmax,67000,20998,Mustang,Ecoboost,2018,2018-ford-mustang-ecoboost,191286423629841271490610116664056499410
385,False,Ford Mustang,Ford,"28,000 miles",23998,Mustang Ecoboost,2018 Ford,carmax,28000,23998,Mustang,Ecoboost,2018,2018-ford-mustang-ecoboost,191286423629841271490610116664056499410
386,False,Ford Mustang,Ford,"63,000 miles",20998,Mustang Ecoboost,2018 Ford,carmax,63000,20998,Mustang,Ecoboost,2018,2018-ford-mustang-ecoboost,191286423629841271490610116664056499410
387,False,Ford Mustang,Ford,"42,000 miles",20998,Mustang Ecoboost,2018 Ford,carmax,42000,20998,Mustang,Ecoboost,2018,2018-ford-mustang-ecoboost,191286423629841271490610116664056499410
388,False,Ford Mustang,Ford,"127,000 miles",18998,Mustang Ecoboost Premium,2018 Ford,carmax,127000,18998,Mustang,Ecoboost Premium,2018,2018-ford-mustang-ecoboost premium,232355859811269728266783169722954880665
389,False,Ford Mustang,Ford,"79,000 miles",18998,Mustang Ecoboost Premium,2018 Ford,carmax,79000,18998,Mustang,Ecoboost Premium,2018,2018-ford-mustang-ecoboost premium,232355859811269728266783169722954880665
390,False,Ford Mustang,Ford,"73,000 miles",20998,Mustang Ecoboost Premium,2018 Ford,carmax,73000,20998,Mustang,Ecoboost Premium,2018,2018-ford-mustang-ecoboost premium,232355859811269728266783169722954880665
391,False,Ford Mustang,Ford,"87,000 miles",19998,Mustang Ecoboost Premium,2018 Ford,carmax,87000,19998,Mustang,Ecoboost Premium,2018,2018-ford-mustang-ecoboost premium,232355859811269728266783169722954880665
392,False,Ford Mustang,Ford,"93,000 miles",19998,Mustang Ecoboost Premium,2018 Ford,carmax,93000,19998,Mustang,Ecoboost Premium,2018,2018-ford-mustang-ecoboost premium,232355859811269728266783169722954880665
393,False,Ford Mustang,Ford,"53,000 miles",24998,Mustang Ecoboost Premium,2018 Ford,carmax,53000,24998,Mustang,Ecoboost Premium,2018,2018-ford-mustang-ecoboost premium,232355859811269728266783169722954880665
394,False,Ford Mustang,Ford,"99,000 miles",18998,Mustang Ecoboost Premium,2018 Ford,carmax,99000,18998,Mustang,Ecoboost Premium,2018,2018-ford-mustang-ecoboost premium,232355859811269728266783169722954880665
395,False,Ford Mustang,Ford,"101,000 miles",17998,Mustang Ecoboost Premium,2018 Ford,carmax,101000,17998,Mustang,Ecoboost Premium,2018,2018-ford-mustang-ecoboost premium,232355859811269728266783169722954880665
396,False,Ford Mustang,Ford,"88,000 miles",16998,Mustang Ecoboost Premium,2018 Ford,carmax,88000,16998,Mustang,Ecoboost Premium,2018,2018-ford-mustang-ecoboost premium,232355859811269728266783169722954880665
397,False,Ford Mustang,Ford,"80,000 miles",17998,Mustang Ecoboost Premium,2018 Ford,carmax,80000,17998,Mustang,Ecoboost Premium,2018,2018-ford-mustang-ecoboost premium,232355859811269728266783169722954880665
398,False,Ford Mustang,Ford,"58,000 miles",20998,Mustang Ecoboost Premium,2018 Ford,carmax,58000,20998,Mustang,Ecoboost Premium,2018,2018-ford-mustang-ecoboost premium,232355859811269728266783169722954880665
399,False,Ford Mustang,Ford,"112,000 miles",18998,Mustang Ecoboost Premium,2018 Ford,carmax,112000,18998,Mustang,Ecoboost Premium,2018,2018-ford-mustang-ecoboost premium,232355859811269728266783169722954880665
400,False,Ford Mustang,Ford,"98,000 miles",19998,Mustang Ecoboost Premium,2018 Ford,carmax,98000,19998,Mustang,Ecoboost Premium,2018,2018-ford-mustang-ecoboost premium,232355859811269728266783169722954880665
401,False,Ford Mustang,Ford,"70,000 miles",17998,Mustang Ecoboost Premium,2018 Ford,carmax,70000,17998,Mustang,Ecoboost Premium,2018,2018-ford-mustang-ecoboost premium,232355859811269728266783169722954880665
402,False,Ford Mustang,Ford,"49,000 miles",22998,Mustang Ecoboost Premium,2018 Ford,carmax,49000,22998,Mustang,Ecoboost Premium,2018,2018-ford-mustang-ecoboost premium,232355859811269728266783169722954880665
403,False,Ford Mustang,Ford,"88,000 miles",25998,Mustang GT,2018 Ford,carmax,88000,25998,Mustang,GT,2018,2018-ford-mustang-gt,260239449071295269561362088662600628518
404,False,Ford Mustang,Ford,"36,000 miles",32998,Mustang GT,2018 Ford,carmax,36000,32998,Mustang,GT,2018,2018-ford-mustang-gt,260239449071295269561362088662600628518
405,False,Ford Mustang,Ford,"20,000 miles",37998,Mustang GT Premium,2018 Ford,carmax,20000,37998,Mustang,GT Premium,2018,2018-ford-mustang-gt premium,320496172746417009323373528739739009785
406,False,Ford Mustang,Ford,"18,000 miles",38998,Mustang GT Premium,2018 Ford,carmax,18000,38998,Mustang,GT Premium,2018,2018-ford-mustang-gt premium,320496172746417009323373528739739009785
407,False,Ford Mustang,Ford,"66,000 miles",29998,Mustang GT Premium,2018 Ford,carmax,66000,29998,Mustang,GT Premium,2018,2018-ford-mustang-gt premium,320496172746417009323373528739739009785
408,False,Ford Mustang,Ford,"79,000 miles",29998,Mustang GT Premium,2018 Ford,carmax,79000,29998,Mustang,GT Premium,2018,2018-ford-mustang-gt premium,320496172746417009323373528739739009785
409,False,Ford Mustang,Ford,"62,000 miles",26998,Mustang GT Premium,2018 Ford,carmax,62000,26998,Mustang,GT Premium,2018,2018-ford-mustang-gt premium,320496172746417009323373528739739009785
410,False,Ford Mustang,Ford,"21,000 miles",35998,Mustang GT Premium,2018 Ford,carmax,21000,35998,Mustang,GT Premium,2018,2018-ford-mustang-gt premium,320496172746417009323373528739739009785
411,False,Ford Mustang,Ford,"54,000 miles",31998,Mustang GT Premium,2018 Ford,carmax,54000,31998,Mustang,GT Premium,2018,2018-ford-mustang-gt premium,320496172746417009323373528739739009785
412,False,Ford Mustang,Ford,"50,000 miles",50998,Mustang Shelby GT350,2018 Ford,carmax,50000,50998,Mustang,Shelby GT350,2018,2018-ford-mustang-shelby gt350,308982248419012333589826328925820924689
413,False,Ford Mustang,Ford,"46,000 miles",52998,Mustang Shelby GT350,2018 Ford,carmax,46000,52998,Mustang,Shelby GT350,2018,2018-ford-mustang-shelby gt350,308982248419012333589826328925820924689
414,False,Ford Mustang,Ford,"12,000 miles",58998,Mustang Shelby GT350,2018 Ford,carmax,12000,58998,Mustang,Shelby GT350,2018,2018-ford-mustang-shelby gt350,308982248419012333589826328925820924689
415,False,Ford Mustang,Ford,"58,000 miles",45998,Mustang Shelby GT350,2018 Ford,carmax,58000,45998,Mustang,Shelby GT350,2018,2018-ford-mustang-shelby gt350,308982248419012333589826328925820924689
416,False,Ford Mustang,Ford,"50,000 miles",51998,Mustang Shelby GT350,2018 Ford,carmax,50000,51998,Mustang,Shelby GT350,2018,2018-ford-mustang-shelby gt350,308982248419012333589826328925820924689
417,False,Ford Mustang,Ford,"65,000 miles",45998,Mustang Shelby GT350,2018 Ford,carmax,65000,45998,Mustang,Shelby GT350,2018,2018-ford-mustang-shelby gt350,308982248419012333589826328925820924689
418,False,Dodge Challenger,Dodge,"47,000 miles",24998,Challenger GT,2019 Dodge,carmax,47000,24998,Challenger,GT,2019,2019-dodge-challenger-gt,206197423346175024879484031001942573262
419,False,Dodge Challenger,Dodge,"109,000 miles",20998,Challenger GT,2019 Dodge,carmax,109000,20998,Challenger,GT,2019,2019-dodge-challenger-gt,206197423346175024879484031001942573262
420,False,Dodge Challenger,Dodge,"60,000 miles",27998,Challenger GT,2019 Dodge,carmax,60000,27998,Challenger,GT,2019,2019-dodge-challenger-gt,206197423346175024879484031001942573262
421,False,Dodge Challenger,Dodge,"66,000 miles",24998,Challenger GT,2019 Dodge,carmax,66000,24998,Challenger,GT,2019,2019-dodge-challenger-gt,206197423346175024879484031001942573262
422,False,Dodge Challenger,Dodge,"30,000 miles",25998,Challenger GT,2019 Dodge,carmax,30000,25998,Challenger,GT,2019,2019-dodge-challenger-gt,206197423346175024879484031001942573262
423,False,Dodge Challenger,Dodge,"30,000 miles",26998,Challenger GT Plus,2019 Dodge,carmax,30000,26998,Challenger,GT Plus,2019,2019-dodge-challenger-gt plus,284894725713274538177169928340006367332
424,False,Dodge Challenger,Dodge,"87,000 miles",25998,Challenger R/T,2019 Dodge,carmax,87000,25998,Challenger,R/T,2019,2019-dodge-challenger-r/t,237842709711243907292054892634477124294
425,False,Dodge Challenger,Dodge,"81,000 miles",23998,Challenger R/T,2019 Dodge,carmax,81000,23998,Challenger,R/T,2019,2019-dodge-challenger-r/t,237842709711243907292054892634477124294
426,False,Dodge Challenger,Dodge,"89,000 miles",25998,Challenger R/T,2019 Dodge,carmax,89000,25998,Challenger,R/T,2019,2019-dodge-challenger-r/t,237842709711243907292054892634477124294
427,False,Dodge Challenger,Dodge,"31,000 miles",29998,Challenger R/T,2019 Dodge,carmax,31000,29998,Challenger,R/T,2019,2019-dodge-challenger-r/t,237842709711243907292054892634477124294
428,False,Dodge Challenger,Dodge,"49,000 miles",26998,Challenger R/T,2019 Dodge,carmax,49000,26998,Challenger,R/T,2019,2019-dodge-challenger-r/t,237842709711243907292054892634477124294
429,False,Dodge Challenger,Dodge,"60,000 miles",26998,Challenger R/T,2019 Dodge,carmax,60000,26998,Challenger,R/T,2019,2019-dodge-challenger-r/t,237842709711243907292054892634477124294
430,False,Dodge Challenger,Dodge,"49,000 miles",27998,Challenger R/T,2019 Dodge,carmax,49000,27998,Challenger,R/T,2019,2019-dodge-challenger-r/t,237842709711243907292054892634477124294
431,False,Dodge Challenger,Dodge,"48,000 miles",26998,Challenger R/T,2019 Dodge,carmax,48000,26998,Challenger,R/T,2019,2019-dodge-challenger-r/t,237842709711243907292054892634477124294
432,False,Dodge Challenger,Dodge,"40,000 miles",28998,Challenger R/T Plus,2019 Dodge,carmax,40000,28998,Challenger,R/T Plus,2019,2019-dodge-challenger-r/t plus,37732101404968034340681973262754189605
433,False,Dodge Challenger,Dodge,"73,000 miles",27998,Challenger R/T Plus,2019 Dodge,carmax,73000,27998,Challenger,R/T Plus,2019,2019-dodge-challenger-r/t plus,37732101404968034340681973262754189605
434,False,Dodge Challenger,Dodge,"22,000 miles",39998,Challenger R/T Scat Pack,2019 Dodge,carmax,22000,39998,Challenger,R/T Scat Pack,2019,2019-dodge-challenger-r/t scat pack,171370498343855815576377610565629246081
435,False,Dodge Challenger,Dodge,"44,000 miles",34998,Challenger R/T Scat Pack,2019 Dodge,carmax,44000,34998,Challenger,R/T Scat Pack,2019,2019-dodge-challenger-r/t scat pack,171370498343855815576377610565629246081
436,False,Dodge Challenger,Dodge,"85,000 miles",31998,Challenger R/T Scat Pack,2019 Dodge,carmax,85000,31998,Challenger,R/T Scat Pack,2019,2019-dodge-challenger-r/t scat pack,171370498343855815576377610565629246081
437,False,Dodge Challenger,Dodge,"5,000 miles",39998,Challenger R/T Scat Pack,2019 Dodge,carmax,5000,39998,Challenger,R/T Scat Pack,2019,2019-dodge-challenger-r/t scat pack,171370498343855815576377610565629246081
438,False,Dodge Challenger,Dodge,"92,000 miles",31998,Challenger R/T Scat Pack,2019 Dodge,carmax,92000,31998,Challenger,R/T Scat Pack,2019,2019-dodge-challenger-r/t scat pack,171370498343855815576377610565629246081
439,False,Dodge Challenger,Dodge,"54,000 miles",32998,Challenger R/T Scat Pack,2019 Dodge,carmax,54000,32998,Challenger,R/T Scat Pack,2019,2019-dodge-challenger-r/t scat pack,171370498343855815576377610565629246081
440,False,Dodge Challenger,Dodge,"20,000 miles",46998,Challenger R/T Scat Pack Widebody,2019 Dodge,carmax,20000,46998,Challenger,R/T Scat Pack Widebody,2019,2019-dodge-challenger-r/t scat pack widebody,149123222465956537131870286510729428717
441,False,Dodge Challenger,Dodge,"73,000 miles",35998,Challenger R/T Scat Pack Widebody,2019 Dodge,carmax,73000,35998,Challenger,R/T Scat Pack Widebody,2019,2019-dodge-challenger-r/t scat pack widebody,149123222465956537131870286510729428717
442,False,Dodge Challenger,Dodge,"24,000 miles",45998,Challenger R/T Scat Pack Widebody,2019 Dodge,carmax,24000,45998,Challenger,R/T Scat Pack Widebody,2019,2019-dodge-challenger-r/t scat pack widebody,149123222465956537131870286510729428717
443,False,Dodge Challenger,Dodge,"47,000 miles",36998,Challenger R/T Scat Pack Widebody,2019 Dodge,carmax,47000,36998,Challenger,R/T Scat Pack Widebody,2019,2019-dodge-challenger-r/t scat pack widebody,149123222465956537131870286510729428717
444,False,Dodge Challenger,Dodge,"10,000 miles",47998,Challenger R/T Scat Pack Widebody,2019 Dodge,carmax,10000,47998,Challenger,R/T Scat Pack Widebody,2019,2019-dodge-challenger-r/t scat pack widebody,149123222465956537131870286510729428717
445,False,Dodge Challenger,Dodge,"36,000 miles",24998,Challenger SXT,2019 Dodge,carmax,36000,24998,Challenger,SXT,2019,2019-dodge-challenger-sxt,325970957810706951568816862306882939163
446,False,Dodge Challenger,Dodge,"70,000 miles",20998,Challenger SXT,2019 Dodge,carmax,70000,20998,Challenger,SXT,2019,2019-dodge-challenger-sxt,325970957810706951568816862306882939163
447,False,Dodge Challenger,Dodge,"106,000 miles",17998,Challenger SXT,2019 Dodge,carmax,106000,17998,Challenger,SXT,2019,2019-dodge-challenger-sxt,325970957810706951568816862306882939163
448,False,Dodge Challenger,Dodge,"82,000 miles",19998,Challenger SXT,2019 Dodge,carmax,82000,19998,Challenger,SXT,2019,2019-dodge-challenger-sxt,325970957810706951568816862306882939163
449,False,Dodge Challenger,Dodge,"45,000 miles",22998,Challenger SXT,2019 Dodge,carmax,45000,22998,Challenger,SXT,2019,2019-dodge-challenger-sxt,325970957810706951568816862306882939163
450,False,Dodge Challenger,Dodge,"98,000 miles",20998,Challenger SXT,2019 Dodge,carmax,98000,20998,Challenger,SXT,2019,2019-dodge-challenger-sxt,325970957810706951568816862306882939163
451,False,Dodge Challenger,Dodge,"27,000 miles",23998,Challenger SXT,2019 Dodge,carmax,27000,23998,Challenger,SXT,2019,2019-dodge-challenger-sxt,325970957810706951568816862306882939163
452,False,Dodge Challenger,Dodge,"55,000 miles",21998,Challenger SXT,2019 Dodge,carmax,55000,21998,Challenger,SXT,2019,2019-dodge-challenger-sxt,325970957810706951568816862306882939163
453,False,Dodge Challenger,Dodge,"38,000 miles",21998,Challenger SXT,2019 Dodge,carmax,38000,21998,Challenger,SXT,2019,2019-dodge-challenger-sxt,325970957810706951568816862306882939163
454,False,Dodge Challenger,Dodge,"42,000 miles",25998,Challenger SXT,2019 Dodge,carmax,42000,25998,Challenger,SXT,2019,2019-dodge-challenger-sxt,325970957810706951568816862306882939163
455,False,Dodge Challenger,Dodge,"81,000 miles",19998,Challenger SXT,2019 Dodge,carmax,81000,19998,Challenger,SXT,2019,2019-dodge-challenger-sxt,325970957810706951568816862306882939163
456,False,Dodge Challenger,Dodge,"31,000 miles",22998,Challenger SXT,2019 Dodge,carmax,31000,22998,Challenger,SXT,2019,2019-dodge-challenger-sxt,325970957810706951568816862306882939163
457,False,Dodge Challenger,Dodge,"77,000 miles",23998,Challenger SXT,2019 Dodge,carmax,77000,23998,Challenger,SXT,2019,2019-dodge-challenger-sxt,325970957810706951568816862306882939163
458,False,Dodge Challenger,Dodge,"50,000 miles",20998,Challenger SXT,2019 Dodge,carmax,50000,20998,Challenger,SXT,2019,2019-dodge-challenger-sxt,325970957810706951568816862306882939163
459,False,Dodge Challenger,Dodge,"106,000 miles",20998,Challenger SXT,2019 Dodge,carmax,106000,20998,Challenger,SXT,2019,2019-dodge-challenger-sxt,325970957810706951568816862306882939163
460,False,Dodge Challenger,Dodge,"86,000 miles",19998,Challenger SXT,2019 Dodge,carmax,86000,19998,Challenger,SXT,2019,2019-dodge-challenger-sxt,325970957810706951568816862306882939163
461,False,Dodge Challenger,Dodge,"52,000 miles",21998,Challenger SXT,2019 Dodge,carmax,52000,21998,Challenger,SXT,2019,2019-dodge-challenger-sxt,325970957810706951568816862306882939163
462,False,Dodge Challenger,Dodge,"43,000 miles",23998,Challenger SXT,2019 Dodge,carmax,43000,23998,Challenger,SXT,2019,2019-dodge-challenger-sxt,325970957810706951568816862306882939163
463,False,Dodge Challenger,Dodge,"27,000 miles",22998,Challenger SXT,2019 Dodge,carmax,27000,22998,Challenger,SXT,2019,2019-dodge-challenger-sxt,325970957810706951568816862306882939163
464,False,Dodge Challenger,Dodge,"61,000 miles",21998,Challenger SXT,2019 Dodge,carmax,61000,21998,Challenger,SXT,2019,2019-dodge-challenger-sxt,325970957810706951568816862306882939163
465,False,Dodge Challenger,Dodge,"90,000 miles",19998,Challenger SXT,2019 Dodge,carmax,90000,19998,Challenger,SXT,2019,2019-dodge-challenger-sxt,325970957810706951568816862306882939163
466,False,Dodge Challenger,Dodge,"41,000 miles",21998,Challenger SXT,2019 Dodge,carmax,41000,21998,Challenger,SXT,2019,2019-dodge-challenger-sxt,325970957810706951568816862306882939163
467,False,Dodge Challenger,Dodge,"22,000 miles",25998,Challenger SXT,2019 Dodge,carmax,22000,25998,Challenger,SXT,2019,2019-dodge-challenger-sxt,325970957810706951568816862306882939163
468,False,Dodge Challenger,Dodge,"43,000 miles",22998,Challenger SXT,2019 Dodge,carmax,43000,22998,Challenger,SXT,2019,2019-dodge-challenger-sxt,325970957810706951568816862306882939163
469,False,Dodge Challenger,Dodge,"43,000 miles",21998,Challenger SXT,2019 Dodge,carmax,43000,21998,Challenger,SXT,2019,2019-dodge-challenger-sxt,325970957810706951568816862306882939163
470,False,Dodge Challenger,Dodge,"57,000 miles",21998,Challenger SXT,2019 Dodge,carmax,57000,21998,Challenger,SXT,2019,2019-dodge-challenger-sxt,325970957810706951568816862306882939163
471,False,Dodge Challenger,Dodge,"41,000 miles",25998,Challenger SXT,2019 Dodge,carmax,41000,25998,Challenger,SXT,2019,2019-dodge-challenger-sxt,325970957810706951568816862306882939163
472,False,Dodge Challenger,Dodge,"78,000 miles",20998,Challenger SXT,2019 Dodge,carmax,78000,20998,Challenger,SXT,2019,2019-dodge-challenger-sxt,325970957810706951568816862306882939163
473,False,Dodge Challenger,Dodge,"60,000 miles",21998,Challenger SXT Plus,2019 Dodge,carmax,60000,21998,Challenger,SXT Plus,2019,2019-dodge-challenger-sxt plus,317781359972495434100582916849064996622
474,False,Dodge Challenger,Dodge,"59,000 miles",21998,Challenger SXT Plus,2019 Dodge,carmax,59000,21998,Challenger,SXT Plus,2019,2019-dodge-challenger-sxt plus,317781359972495434100582916849064996622
475,False,Dodge Charger,Dodge,"58,000 miles",37998,Charger Daytona 392,2019 Dodge,carmax,58000,37998,Charger,Daytona 392,2019,2019-dodge-charger-daytona 392,140015282352427950267970965362605158754
476,False,Dodge Charger,Dodge,"40,000 miles",23998,Charger GT,2019 Dodge,carmax,40000,23998,Charger,GT,2019,2019-dodge-charger-gt,17008296101206753282675559188222847443
477,False,Dodge Charger,Dodge,"71,000 miles",24998,Charger GT,2019 Dodge,carmax,71000,24998,Charger,GT,2019,2019-dodge-charger-gt,17008296101206753282675559188222847443
478,False,Dodge Charger,Dodge,"28,000 miles",29998,Charger GT,2019 Dodge,carmax,28000,29998,Charger,GT,2019,2019-dodge-charger-gt,17008296101206753282675559188222847443
479,False,Dodge Charger,Dodge,"115,000 miles",20998,Charger GT,2019 Dodge,carmax,115000,20998,Charger,GT,2019,2019-dodge-charger-gt,17008296101206753282675559188222847443
480,False,Dodge Charger,Dodge,"42,000 miles",23998,Charger GT,2019 Dodge,carmax,42000,23998,Charger,GT,2019,2019-dodge-charger-gt,17008296101206753282675559188222847443
481,False,Dodge Charger,Dodge,"67,000 miles",23998,Charger GT,2019 Dodge,carmax,67000,23998,Charger,GT,2019,2019-dodge-charger-gt,17008296101206753282675559188222847443
482,False,Dodge Charger,Dodge,"57,000 miles",24998,Charger GT Plus,2019 Dodge,carmax,57000,24998,Charger,GT Plus,2019,2019-dodge-charger-gt plus,337921877350444092401149025877702784858
483,False,Dodge Charger,Dodge,"50,000 miles",26998,Charger GT Plus,2019 Dodge,carmax,50000,26998,Charger,GT Plus,2019,2019-dodge-charger-gt plus,337921877350444092401149025877702784858
484,False,Dodge Charger,Dodge,"45,000 miles",27998,Charger GT Plus,2019 Dodge,carmax,45000,27998,Charger,GT Plus,2019,2019-dodge-charger-gt plus,337921877350444092401149025877702784858
485,False,Dodge Charger,Dodge,"114,000 miles",23998,Charger R/T,2019 Dodge,carmax,114000,23998,Charger,R/T,2019,2019-dodge-charger-r/t,10839125735263152845262284812808710087
486,False,Dodge Charger,Dodge,"58,000 miles",30998,Charger R/T,2019 Dodge,carmax,58000,30998,Charger,R/T,2019,2019-dodge-charger-r/t,10839125735263152845262284812808710087
487,False,Dodge Charger,Dodge,"120,000 miles",22998,Charger R/T,2019 Dodge,carmax,120000,22998,Charger,R/T,2019,2019-dodge-charger-r/t,10839125735263152845262284812808710087
488,False,Dodge Charger,Dodge,"77,000 miles",25998,Charger R/T,2019 Dodge,carmax,77000,25998,Charger,R/T,2019,2019-dodge-charger-r/t,10839125735263152845262284812808710087
489,False,Dodge Charger,Dodge,"80,000 miles",26998,Charger R/T,2019 Dodge,carmax,80000,26998,Charger,R/T,2019,2019-dodge-charger-r/t,10839125735263152845262284812808710087
490,False,Dodge Charger,Dodge,"35,000 miles",29998,Charger R/T,2019 Dodge,carmax,35000,29998,Charger,R/T,2019,2019-dodge-charger-r/t,10839125735263152845262284812808710087
491,False,Dodge Charger,Dodge,"58,000 miles",28998,Charger R/T,2019 Dodge,carmax,58000,28998,Charger,R/T,2019,2019-dodge-charger-r/t,10839125735263152845262284812808710087
492,False,Dodge Charger,Dodge,"66,000 miles",27998,Charger R/T Plus,2019 Dodge,carmax,66000,27998,Charger,R/T Plus,2019,2019-dodge-charger-r/t plus,96555898912854542407377073509289515020
493,False,Dodge Charger,Dodge,"72,000 miles",29998,Charger R/T Plus,2019 Dodge,carmax,72000,29998,Charger,R/T Plus,2019,2019-dodge-charger-r/t plus,96555898912854542407377073509289515020
494,False,Dodge Charger,Dodge,"45,000 miles",38998,Charger R/T Scat Pack,2019 Dodge,carmax,45000,38998,Charger,R/T Scat Pack,2019,2019-dodge-charger-r/t scat pack,34743033569271776124341607370623741301
495,False,Dodge Charger,Dodge,"51,000 miles",37998,Charger R/T Scat Pack,2019 Dodge,carmax,51000,37998,Charger,R/T Scat Pack,2019,2019-dodge-charger-r/t scat pack,34743033569271776124341607370623741301
496,False,Dodge Charger,Dodge,"11,000 miles",43998,Charger R/T Scat Pack,2019 Dodge,carmax,11000,43998,Charger,R/T Scat Pack,2019,2019-dodge-charger-r/t scat pack,34743033569271776124341607370623741301
497,False,Dodge Charger,Dodge,"44,000 miles",38998,Charger R/T Scat Pack,2019 Dodge,carmax,44000,38998,Charger,R/T Scat Pack,2019,2019-dodge-charger-r/t scat pack,34743033569271776124341607370623741301
498,False,Dodge Charger,Dodge,"11,000 miles",41998,Charger R/T Scat Pack,2019 Dodge,carmax,11000,41998,Charger,R/T Scat Pack,2019,2019-dodge-charger-r/t scat pack,34743033569271776124341607370623741301
499,False,Dodge Charger,Dodge,"55,000 miles",39998,Charger R/T Scat Pack,2019 Dodge,carmax,55000,39998,Charger,R/T Scat Pack,2019,2019-dodge-charger-r/t scat pack,34743033569271776124341607370623741301
500,False,Dodge Charger,Dodge,"63,000 miles",35998,Charger R/T Scat Pack,2019 Dodge,carmax,63000,35998,Charger,R/T Scat Pack,2019,2019-dodge-charger-r/t scat pack,34743033569271776124341607370623741301
501,False,Dodge Charger,Dodge,"33,000 miles",37998,Charger R/T Scat Pack,2019 Dodge,carmax,33000,37998,Charger,R/T Scat Pack,2019,2019-dodge-charger-r/t scat pack,34743033569271776124341607370623741301
502,False,Dodge Charger,Dodge,"41,000 miles",39998,Charger R/T Scat Pack,2019 Dodge,carmax,41000,39998,Charger,R/T Scat Pack,2019,2019-dodge-charger-r/t scat pack,34743033569271776124341607370623741301
503,False,Dodge Charger,Dodge,"61,000 miles",36998,Charger R/T Scat Pack,2019 Dodge,carmax,61000,36998,Charger,R/T Scat Pack,2019,2019-dodge-charger-r/t scat pack,34743033569271776124341607370623741301
504,False,Dodge Charger,Dodge,"88,000 miles",30998,Charger R/T Scat Pack,2019 Dodge,carmax,88000,30998,Charger,R/T Scat Pack,2019,2019-dodge-charger-r/t scat pack,34743033569271776124341607370623741301
505,False,Dodge Charger,Dodge,"22,000 miles",39998,Charger R/T Scat Pack,2019 Dodge,carmax,22000,39998,Charger,R/T Scat Pack,2019,2019-dodge-charger-r/t scat pack,34743033569271776124341607370623741301
506,False,Dodge Charger,Dodge,"36,000 miles",38998,Charger R/T Scat Pack Plus,2019 Dodge,carmax,36000,38998,Charger,R/T Scat Pack Plus,2019,2019-dodge-charger-r/t scat pack plus,35285123207626423213858882696976822733
507,False,Dodge Charger,Dodge,"53,000 miles",22998,Charger SXT,2019 Dodge,carmax,53000,22998,Charger,SXT,2019,2019-dodge-charger-sxt,233300871916909503628072427105634382791
508,False,Dodge Charger,Dodge,"59,000 miles",22998,Charger SXT,2019 Dodge,carmax,59000,22998,Charger,SXT,2019,2019-dodge-charger-sxt,233300871916909503628072427105634382791
509,False,Dodge Charger,Dodge,"108,000 miles",18998,Charger SXT,2019 Dodge,carmax,108000,18998,Charger,SXT,2019,2019-dodge-charger-sxt,233300871916909503628072427105634382791
510,False,Dodge Charger,Dodge,"19,000 miles",24998,Charger SXT,2019 Dodge,carmax,19000,24998,Charger,SXT,2019,2019-dodge-charger-sxt,233300871916909503628072427105634382791
511,False,Dodge Charger,Dodge,"83,000 miles",20998,Charger SXT,2019 Dodge,carmax,83000,20998,Charger,SXT,2019,2019-dodge-charger-sxt,233300871916909503628072427105634382791
512,False,Dodge Charger,Dodge,"96,000 miles",18998,Charger SXT,2019 Dodge,carmax,96000,18998,Charger,SXT,2019,2019-dodge-charger-sxt,233300871916909503628072427105634382791
513,False,Dodge Charger,Dodge,"43,000 miles",22998,Charger SXT,2019 Dodge,carmax,43000,22998,Charger,SXT,2019,2019-dodge-charger-sxt,233300871916909503628072427105634382791
514,False,Dodge Charger,Dodge,"59,000 miles",19998,Charger SXT,2019 Dodge,carmax,59000,19998,Charger,SXT,2019,2019-dodge-charger-sxt,233300871916909503628072427105634382791
515,False,Dodge Charger,Dodge,"126,000 miles",17998,Charger SXT,2019 Dodge,carmax,126000,17998,Charger,SXT,2019,2019-dodge-charger-sxt,233300871916909503628072427105634382791
516,False,Dodge Charger,Dodge,"32,000 miles",21998,Charger SXT,2019 Dodge,carmax,32000,21998,Charger,SXT,2019,2019-dodge-charger-sxt,233300871916909503628072427105634382791
517,False,Dodge Charger,Dodge,"76,000 miles",19998,Charger SXT,2019 Dodge,carmax,76000,19998,Charger,SXT,2019,2019-dodge-charger-sxt,233300871916909503628072427105634382791
518,False,Dodge Charger,Dodge,"50,000 miles",18998,Charger SXT,2019 Dodge,carmax,50000,18998,Charger,SXT,2019,2019-dodge-charger-sxt,233300871916909503628072427105634382791
519,False,Dodge Charger,Dodge,"47,000 miles",19998,Charger SXT,2019 Dodge,carmax,47000,19998,Charger,SXT,2019,2019-dodge-charger-sxt,233300871916909503628072427105634382791
520,False,Dodge Charger,Dodge,"72,000 miles",20998,Charger SXT,2019 Dodge,carmax,72000,20998,Charger,SXT,2019,2019-dodge-charger-sxt,233300871916909503628072427105634382791
521,False,Dodge Charger,Dodge,"86,000 miles",19998,Charger SXT Plus,2019 Dodge,carmax,86000,19998,Charger,SXT Plus,2019,2019-dodge-charger-sxt plus,104222416451501656844647936241534651532
522,False,Dodge Durango,Dodge,"70,000 miles",24998,Durango GT,2019 Dodge,carmax,70000,24998,Durango,GT,2019,2019-dodge-durango-gt,8582997748615624425085460950812666228
523,False,Dodge Durango,Dodge,"53,000 miles",25998,Durango GT Plus,2019 Dodge,carmax,53000,25998,Durango,GT Plus,2019,2019-dodge-durango-gt plus,228487224987399617429611263517702103944
524,False,Dodge Durango,Dodge,"60,000 miles",24998,Durango GT Plus,2019 Dodge,carmax,60000,24998,Durango,GT Plus,2019,2019-dodge-durango-gt plus,228487224987399617429611263517702103944
525,False,Dodge Durango,Dodge,"67,000 miles",22998,Durango GT Plus,2019 Dodge,carmax,67000,22998,Durango,GT Plus,2019,2019-dodge-durango-gt plus,228487224987399617429611263517702103944
526,False,Dodge Durango,Dodge,"61,000 miles",26998,Durango R/T,2019 Dodge,carmax,61000,26998,Durango,R/T,2019,2019-dodge-durango-r/t,141444901632656628363161010178553670556
527,False,Dodge Durango,Dodge,"60,000 miles",30998,Durango R/T,2019 Dodge,carmax,60000,30998,Durango,R/T,2019,2019-dodge-durango-r/t,141444901632656628363161010178553670556
528,False,Dodge Durango,Dodge,"65,000 miles",28998,Durango R/T,2019 Dodge,carmax,65000,28998,Durango,R/T,2019,2019-dodge-durango-r/t,141444901632656628363161010178553670556
529,False,Dodge Durango,Dodge,"48,000 miles",21998,Durango SXT,2019 Dodge,carmax,48000,21998,Durango,SXT,2019,2019-dodge-durango-sxt,180720894415303736636346663826157625108
530,False,Dodge Durango,Dodge,"45,000 miles",23998,Durango SXT,2019 Dodge,carmax,45000,23998,Durango,SXT,2019,2019-dodge-durango-sxt,180720894415303736636346663826157625108
531,False,Ford Mustang,Ford,"53,000 miles",36998,Mustang Bullitt,2019 Ford,carmax,53000,36998,Mustang,Bullitt,2019,2019-ford-mustang-bullitt,68589299611253397469101279949112131240
532,False,Ford Mustang,Ford,"19,000 miles",23998,Mustang Ecoboost,2019 Ford,carmax,19000,23998,Mustang,Ecoboost,2019,2019-ford-mustang-ecoboost,34535014200247489251240592003729924315
533,False,Ford Mustang,Ford,"110,000 miles",19998,Mustang Ecoboost,2019 Ford,carmax,110000,19998,Mustang,Ecoboost,2019,2019-ford-mustang-ecoboost,34535014200247489251240592003729924315
534,False,Ford Mustang,Ford,"43,000 miles",22998,Mustang Ecoboost,2019 Ford,carmax,43000,22998,Mustang,Ecoboost,2019,2019-ford-mustang-ecoboost,34535014200247489251240592003729924315
535,False,Ford Mustang,Ford,"29,000 miles",24998,Mustang Ecoboost,2019 Ford,carmax,29000,24998,Mustang,Ecoboost,2019,2019-ford-mustang-ecoboost,34535014200247489251240592003729924315
536,False,Ford Mustang,Ford,"104,000 miles",18998,Mustang Ecoboost,2019 Ford,carmax,104000,18998,Mustang,Ecoboost,2019,2019-ford-mustang-ecoboost,34535014200247489251240592003729924315
537,False,Ford Mustang,Ford,"55,000 miles",20998,Mustang Ecoboost,2019 Ford,carmax,55000,20998,Mustang,Ecoboost,2019,2019-ford-mustang-ecoboost,34535014200247489251240592003729924315
538,False,Ford Mustang,Ford,"42,000 miles",23998,Mustang Ecoboost,2019 Ford,carmax,42000,23998,Mustang,Ecoboost,2019,2019-ford-mustang-ecoboost,34535014200247489251240592003729924315
539,False,Ford Mustang,Ford,"78,000 miles",20998,Mustang Ecoboost,2019 Ford,carmax,78000,20998,Mustang,Ecoboost,2019,2019-ford-mustang-ecoboost,34535014200247489251240592003729924315
540,False,Ford Mustang,Ford,"71,000 miles",19998,Mustang Ecoboost,2019 Ford,carmax,71000,19998,Mustang,Ecoboost,2019,2019-ford-mustang-ecoboost,34535014200247489251240592003729924315
541,False,Ford Mustang,Ford,"32,000 miles",22998,Mustang Ecoboost,2019 Ford,carmax,32000,22998,Mustang,Ecoboost,2019,2019-ford-mustang-ecoboost,34535014200247489251240592003729924315
542,False,Ford Mustang,Ford,"107,000 miles",15998,Mustang Ecoboost,2019 Ford,carmax,107000,15998,Mustang,Ecoboost,2019,2019-ford-mustang-ecoboost,34535014200247489251240592003729924315
543,False,Ford Mustang,Ford,"64,000 miles",19998,Mustang Ecoboost,2019 Ford,carmax,64000,19998,Mustang,Ecoboost,2019,2019-ford-mustang-ecoboost,34535014200247489251240592003729924315
544,False,Ford Mustang,Ford,"100,000 miles",17998,Mustang Ecoboost,2019 Ford,carmax,100000,17998,Mustang,Ecoboost,2019,2019-ford-mustang-ecoboost,34535014200247489251240592003729924315
545,False,Ford Mustang,Ford,"2,000 miles",26998,Mustang Ecoboost,2019 Ford,carmax,2000,26998,Mustang,Ecoboost,2019,2019-ford-mustang-ecoboost,34535014200247489251240592003729924315
546,False,Ford Mustang,Ford,"50,000 miles",21998,Mustang Ecoboost,2019 Ford,carmax,50000,21998,Mustang,Ecoboost,2019,2019-ford-mustang-ecoboost,34535014200247489251240592003729924315
547,False,Ford Mustang,Ford,"57,000 miles",19998,Mustang Ecoboost,2019 Ford,carmax,57000,19998,Mustang,Ecoboost,2019,2019-ford-mustang-ecoboost,34535014200247489251240592003729924315
548,False,Ford Mustang,Ford,"41,000 miles",23998,Mustang Ecoboost,2019 Ford,carmax,41000,23998,Mustang,Ecoboost,2019,2019-ford-mustang-ecoboost,34535014200247489251240592003729924315
549,False,Ford Mustang,Ford,"12,000 miles",25998,Mustang Ecoboost,2019 Ford,carmax,12000,25998,Mustang,Ecoboost,2019,2019-ford-mustang-ecoboost,34535014200247489251240592003729924315
550,False,Ford Mustang,Ford,"88,000 miles",19998,Mustang Ecoboost,2019 Ford,carmax,88000,19998,Mustang,Ecoboost,2019,2019-ford-mustang-ecoboost,34535014200247489251240592003729924315
551,False,Ford Mustang,Ford,"52,000 miles",21998,Mustang Ecoboost,2019 Ford,carmax,52000,21998,Mustang,Ecoboost,2019,2019-ford-mustang-ecoboost,34535014200247489251240592003729924315
552,False,Ford Mustang,Ford,"48,000 miles",20998,Mustang Ecoboost,2019 Ford,carmax,48000,20998,Mustang,Ecoboost,2019,2019-ford-mustang-ecoboost,34535014200247489251240592003729924315
553,False,Ford Mustang,Ford,"113,000 miles",19998,Mustang Ecoboost,2019 Ford,carmax,113000,19998,Mustang,Ecoboost,2019,2019-ford-mustang-ecoboost,34535014200247489251240592003729924315
554,False,Ford Mustang,Ford,"40,000 miles",22998,Mustang Ecoboost,2019 Ford,carmax,40000,22998,Mustang,Ecoboost,2019,2019-ford-mustang-ecoboost,34535014200247489251240592003729924315
555,False,Ford Mustang,Ford,"49,000 miles",22998,Mustang Ecoboost Premium,2019 Ford,carmax,49000,22998,Mustang,Ecoboost Premium,2019,2019-ford-mustang-ecoboost premium,239492302141582242392187560351986432223
556,False,Ford Mustang,Ford,"55,000 miles",22998,Mustang Ecoboost Premium,2019 Ford,carmax,55000,22998,Mustang,Ecoboost Premium,2019,2019-ford-mustang-ecoboost premium,239492302141582242392187560351986432223
557,False,Ford Mustang,Ford,"45,000 miles",23998,Mustang Ecoboost Premium,2019 Ford,carmax,45000,23998,Mustang,Ecoboost Premium,2019,2019-ford-mustang-ecoboost premium,239492302141582242392187560351986432223
558,False,Ford Mustang,Ford,"33,000 miles",23998,Mustang Ecoboost Premium,2019 Ford,carmax,33000,23998,Mustang,Ecoboost Premium,2019,2019-ford-mustang-ecoboost premium,239492302141582242392187560351986432223
559,False,Ford Mustang,Ford,"107,000 miles",19998,Mustang Ecoboost Premium,2019 Ford,carmax,107000,19998,Mustang,Ecoboost Premium,2019,2019-ford-mustang-ecoboost premium,239492302141582242392187560351986432223
560,False,Ford Mustang,Ford,"83,000 miles",22998,Mustang Ecoboost Premium,2019 Ford,carmax,83000,22998,Mustang,Ecoboost Premium,2019,2019-ford-mustang-ecoboost premium,239492302141582242392187560351986432223
561,False,Ford Mustang,Ford,"32,000 miles",24998,Mustang Ecoboost Premium,2019 Ford,carmax,32000,24998,Mustang,Ecoboost Premium,2019,2019-ford-mustang-ecoboost premium,239492302141582242392187560351986432223
562,False,Ford Mustang,Ford,"53,000 miles",21998,Mustang Ecoboost Premium,2019 Ford,carmax,53000,21998,Mustang,Ecoboost Premium,2019,2019-ford-mustang-ecoboost premium,239492302141582242392187560351986432223
563,False,Ford Mustang,Ford,"40,000 miles",25998,Mustang Ecoboost Premium,2019 Ford,carmax,40000,25998,Mustang,Ecoboost Premium,2019,2019-ford-mustang-ecoboost premium,239492302141582242392187560351986432223
564,False,Ford Mustang,Ford,"22,000 miles",25998,Mustang Ecoboost Premium,2019 Ford,carmax,22000,25998,Mustang,Ecoboost Premium,2019,2019-ford-mustang-ecoboost premium,239492302141582242392187560351986432223
565,False,Ford Mustang,Ford,"56,000 miles",23998,Mustang Ecoboost Premium,2019 Ford,carmax,56000,23998,Mustang,Ecoboost Premium,2019,2019-ford-mustang-ecoboost premium,239492302141582242392187560351986432223
566,False,Ford Mustang,Ford,"116,000 miles",15998,Mustang Ecoboost Premium,2019 Ford,carmax,116000,15998,Mustang,Ecoboost Premium,2019,2019-ford-mustang-ecoboost premium,239492302141582242392187560351986432223
567,False,Ford Mustang,Ford,"47,000 miles",24998,Mustang Ecoboost Premium,2019 Ford,carmax,47000,24998,Mustang,Ecoboost Premium,2019,2019-ford-mustang-ecoboost premium,239492302141582242392187560351986432223
568,False,Ford Mustang,Ford,"45,000 miles",25998,Mustang Ecoboost Premium,2019 Ford,carmax,45000,25998,Mustang,Ecoboost Premium,2019,2019-ford-mustang-ecoboost premium,239492302141582242392187560351986432223
569,False,Ford Mustang,Ford,"113,000 miles",17998,Mustang Ecoboost Premium,2019 Ford,carmax,113000,17998,Mustang,Ecoboost Premium,2019,2019-ford-mustang-ecoboost premium,239492302141582242392187560351986432223
570,False,Ford Mustang,Ford,"77,000 miles",27998,Mustang GT,2019 Ford,carmax,77000,27998,Mustang,GT,2019,2019-ford-mustang-gt,121819352853013623656316767200931990844
571,False,Ford Mustang,Ford,"29,000 miles",30998,Mustang GT,2019 Ford,carmax,29000,30998,Mustang,GT,2019,2019-ford-mustang-gt,121819352853013623656316767200931990844
572,False,Ford Mustang,Ford,"62,000 miles",29998,Mustang GT,2019 Ford,carmax,62000,29998,Mustang,GT,2019,2019-ford-mustang-gt,121819352853013623656316767200931990844
573,False,Ford Mustang,Ford,"10,000 miles",36998,Mustang GT,2019 Ford,carmax,10000,36998,Mustang,GT,2019,2019-ford-mustang-gt,121819352853013623656316767200931990844
574,False,Ford Mustang,Ford,"55,000 miles",29998,Mustang GT,2019 Ford,carmax,55000,29998,Mustang,GT,2019,2019-ford-mustang-gt,121819352853013623656316767200931990844
575,False,Ford Mustang,Ford,"42,000 miles",33998,Mustang GT,2019 Ford,carmax,42000,33998,Mustang,GT,2019,2019-ford-mustang-gt,121819352853013623656316767200931990844
576,False,Ford Mustang,Ford,"44,000 miles",30998,Mustang GT,2019 Ford,carmax,44000,30998,Mustang,GT,2019,2019-ford-mustang-gt,121819352853013623656316767200931990844
577,False,Ford Mustang,Ford,"68,000 miles",32998,Mustang GT Premium,2019 Ford,carmax,68000,32998,Mustang,GT Premium,2019,2019-ford-mustang-gt premium,46534771110008074161333176670463566905
578,False,Ford Mustang,Ford,"30,000 miles",33998,Mustang GT Premium,2019 Ford,carmax,30000,33998,Mustang,GT Premium,2019,2019-ford-mustang-gt premium,46534771110008074161333176670463566905
579,False,Ford Mustang,Ford,"23,000 miles",37998,Mustang GT Premium,2019 Ford,carmax,23000,37998,Mustang,GT Premium,2019,2019-ford-mustang-gt premium,46534771110008074161333176670463566905
580,False,Ford Mustang,Ford,"27,000 miles",33998,Mustang GT Premium,2019 Ford,carmax,27000,33998,Mustang,GT Premium,2019,2019-ford-mustang-gt premium,46534771110008074161333176670463566905
581,False,Ford Mustang,Ford,"15,000 miles",36998,Mustang GT Premium,2019 Ford,carmax,15000,36998,Mustang,GT Premium,2019,2019-ford-mustang-gt premium,46534771110008074161333176670463566905
582,False,Ford Mustang,Ford,"64,000 miles",30998,Mustang GT Premium,2019 Ford,carmax,64000,30998,Mustang,GT Premium,2019,2019-ford-mustang-gt premium,46534771110008074161333176670463566905
583,False,Ford Mustang,Ford,"53,000 miles",32998,Mustang GT Premium,2019 Ford,carmax,53000,32998,Mustang,GT Premium,2019,2019-ford-mustang-gt premium,46534771110008074161333176670463566905
584,False,Ford Mustang,Ford,"26,000 miles",37998,Mustang GT Premium,2019 Ford,carmax,26000,37998,Mustang,GT Premium,2019,2019-ford-mustang-gt premium,46534771110008074161333176670463566905
585,False,Ford Mustang,Ford,"20,000 miles",37998,Mustang GT Premium,2019 Ford,carmax,20000,37998,Mustang,GT Premium,2019,2019-ford-mustang-gt premium,46534771110008074161333176670463566905
586,False,Ford Mustang,Ford,"44,000 miles",30998,Mustang GT Premium,2019 Ford,carmax,44000,30998,Mustang,GT Premium,2019,2019-ford-mustang-gt premium,46534771110008074161333176670463566905
587,False,Ford Mustang,Ford,"31,000 miles",32998,Mustang GT Premium,2019 Ford,carmax,31000,32998,Mustang,GT Premium,2019,2019-ford-mustang-gt premium,46534771110008074161333176670463566905
588,False,Ford Mustang,Ford,"84,000 miles",29998,Mustang GT Premium,2019 Ford,carmax,84000,29998,Mustang,GT Premium,2019,2019-ford-mustang-gt premium,46534771110008074161333176670463566905
589,False,Ford Mustang,Ford,"66,000 miles",30998,Mustang GT Premium,2019 Ford,carmax,66000,30998,Mustang,GT Premium,2019,2019-ford-mustang-gt premium,46534771110008074161333176670463566905
590,False,Dodge Challenger,Dodge,"60,000 miles",23998,Challenger GT,2020 Dodge,carmax,60000,23998,Challenger,GT,2020,2020-dodge-challenger-gt,109034907116076953817193191057420756084
591,False,Dodge Challenger,Dodge,"50,000 miles",25998,Challenger GT,2020 Dodge,carmax,50000,25998,Challenger,GT,2020,2020-dodge-challenger-gt,109034907116076953817193191057420756084
592,False,Dodge Challenger,Dodge,"102,000 miles",18998,Challenger GT,2020 Dodge,carmax,102000,18998,Challenger,GT,2020,2020-dodge-challenger-gt,109034907116076953817193191057420756084
593,False,Dodge Challenger,Dodge,"71,000 miles",21998,Challenger GT,2020 Dodge,carmax,71000,21998,Challenger,GT,2020,2020-dodge-challenger-gt,109034907116076953817193191057420756084
594,False,Dodge Challenger,Dodge,"44,000 miles",25998,Challenger GT,2020 Dodge,carmax,44000,25998,Challenger,GT,2020,2020-dodge-challenger-gt,109034907116076953817193191057420756084
595,False,Dodge Challenger,Dodge,"59,000 miles",28998,Challenger R/T,2020 Dodge,carmax,59000,28998,Challenger,R/T,2020,2020-dodge-challenger-r/t,242166630932947509258691363138038794989
596,False,Dodge Challenger,Dodge,"43,000 miles",29998,Challenger R/T,2020 Dodge,carmax,43000,29998,Challenger,R/T,2020,2020-dodge-challenger-r/t,242166630932947509258691363138038794989
597,False,Dodge Challenger,Dodge,"33,000 miles",30998,Challenger R/T,2020 Dodge,carmax,33000,30998,Challenger,R/T,2020,2020-dodge-challenger-r/t,242166630932947509258691363138038794989
598,False,Dodge Challenger,Dodge,"57,000 miles",28998,Challenger R/T,2020 Dodge,carmax,57000,28998,Challenger,R/T,2020,2020-dodge-challenger-r/t,242166630932947509258691363138038794989
599,False,Dodge Challenger,Dodge,"46,000 miles",29998,Challenger R/T,2020 Dodge,carmax,46000,29998,Challenger,R/T,2020,2020-dodge-challenger-r/t,242166630932947509258691363138038794989
600,False,Dodge Challenger,Dodge,"16,000 miles",32998,Challenger R/T,2020 Dodge,carmax,16000,32998,Challenger,R/T,2020,2020-dodge-challenger-r/t,242166630932947509258691363138038794989
601,False,Dodge Challenger,Dodge,"20,000 miles",29998,Challenger R/T,2020 Dodge,carmax,20000,29998,Challenger,R/T,2020,2020-dodge-challenger-r/t,242166630932947509258691363138038794989
602,False,Dodge Challenger,Dodge,"17,000 miles",34998,Challenger R/T,2020 Dodge,carmax,17000,34998,Challenger,R/T,2020,2020-dodge-challenger-r/t,242166630932947509258691363138038794989
603,False,Dodge Challenger,Dodge,"18,000 miles",32998,Challenger R/T,2020 Dodge,carmax,18000,32998,Challenger,R/T,2020,2020-dodge-challenger-r/t,242166630932947509258691363138038794989
604,False,Dodge Challenger,Dodge,"32,000 miles",34998,Challenger R/T 50th Anniversary,2020 Dodge,carmax,32000,34998,Challenger,R/T 50th Anniversary,2020,2020-dodge-challenger-r/t 50th anniversary,169963615094022010036305739304417960950
605,False,Dodge Challenger,Dodge,"25,000 miles",39998,Challenger R/T Scat Pack,2020 Dodge,carmax,25000,39998,Challenger,R/T Scat Pack,2020,2020-dodge-challenger-r/t scat pack,203601242716162694964169837153706222574
606,False,Dodge Challenger,Dodge,"35,000 miles",36998,Challenger R/T Scat Pack,2020 Dodge,carmax,35000,36998,Challenger,R/T Scat Pack,2020,2020-dodge-challenger-r/t scat pack,203601242716162694964169837153706222574
607,False,Dodge Challenger,Dodge,"28,000 miles",38998,Challenger R/T Scat Pack,2020 Dodge,carmax,28000,38998,Challenger,R/T Scat Pack,2020,2020-dodge-challenger-r/t scat pack,203601242716162694964169837153706222574
608,False,Dodge Challenger,Dodge,"120,000 miles",27998,Challenger R/T Scat Pack,2020 Dodge,carmax,120000,27998,Challenger,R/T Scat Pack,2020,2020-dodge-challenger-r/t scat pack,203601242716162694964169837153706222574
609,False,Dodge Challenger,Dodge,"9,000 miles",40998,Challenger R/T Scat Pack,2020 Dodge,carmax,9000,40998,Challenger,R/T Scat Pack,2020,2020-dodge-challenger-r/t scat pack,203601242716162694964169837153706222574
610,False,Dodge Challenger,Dodge,"24,000 miles",38998,Challenger R/T Scat Pack,2020 Dodge,carmax,24000,38998,Challenger,R/T Scat Pack,2020,2020-dodge-challenger-r/t scat pack,203601242716162694964169837153706222574
611,False,Dodge Challenger,Dodge,"25,000 miles",38998,Challenger R/T Scat Pack,2020 Dodge,carmax,25000,38998,Challenger,R/T Scat Pack,2020,2020-dodge-challenger-r/t scat pack,203601242716162694964169837153706222574
612,False,Dodge Challenger,Dodge,"11,000 miles",38998,Challenger R/T Scat Pack,2020 Dodge,carmax,11000,38998,Challenger,R/T Scat Pack,2020,2020-dodge-challenger-r/t scat pack,203601242716162694964169837153706222574
613,False,Dodge Challenger,Dodge,"31,000 miles",36998,Challenger R/T Scat Pack,2020 Dodge,carmax,31000,36998,Challenger,R/T Scat Pack,2020,2020-dodge-challenger-r/t scat pack,203601242716162694964169837153706222574
614,False,Dodge Challenger,Dodge,"6,000 miles",38998,Challenger R/T Scat Pack,2020 Dodge,carmax,6000,38998,Challenger,R/T Scat Pack,2020,2020-dodge-challenger-r/t scat pack,203601242716162694964169837153706222574
615,False,Dodge Challenger,Dodge,"43,000 miles",35998,Challenger R/T Scat Pack,2020 Dodge,carmax,43000,35998,Challenger,R/T Scat Pack,2020,2020-dodge-challenger-r/t scat pack,203601242716162694964169837153706222574
616,False,Dodge Challenger,Dodge,"35,000 miles",40998,Challenger R/T Scat Pack Widebody,2020 Dodge,carmax,35000,40998,Challenger,R/T Scat Pack Widebody,2020,2020-dodge-challenger-r/t scat pack widebody,45155201262800042068942381720506309616
617,False,Dodge Challenger,Dodge,"25,000 miles",43998,Challenger R/T Scat Pack Widebody,2020 Dodge,carmax,25000,43998,Challenger,R/T Scat Pack Widebody,2020,2020-dodge-challenger-r/t scat pack widebody,45155201262800042068942381720506309616
618,False,Dodge Challenger,Dodge,"37,000 miles",43998,Challenger R/T Scat Pack Widebody,2020 Dodge,carmax,37000,43998,Challenger,R/T Scat Pack Widebody,2020,2020-dodge-challenger-r/t scat pack widebody,45155201262800042068942381720506309616
619,False,Dodge Challenger,Dodge,"32,000 miles",46998,Challenger R/T Scat Pack Widebody,2020 Dodge,carmax,32000,46998,Challenger,R/T Scat Pack Widebody,2020,2020-dodge-challenger-r/t scat pack widebody,45155201262800042068942381720506309616
620,False,Dodge Challenger,Dodge,"46,000 miles",42998,Challenger R/T Scat Pack Widebody,2020 Dodge,carmax,46000,42998,Challenger,R/T Scat Pack Widebody,2020,2020-dodge-challenger-r/t scat pack widebody,45155201262800042068942381720506309616
621,False,Dodge Challenger,Dodge,"13,000 miles",43998,Challenger R/T Scat Pack Widebody,2020 Dodge,carmax,13000,43998,Challenger,R/T Scat Pack Widebody,2020,2020-dodge-challenger-r/t scat pack widebody,45155201262800042068942381720506309616
622,False,Dodge Challenger,Dodge,"47,000 miles",25998,Challenger SXT,2020 Dodge,carmax,47000,25998,Challenger,SXT,2020,2020-dodge-challenger-sxt,245041110061844038628930665210462061065
623,False,Dodge Challenger,Dodge,"64,000 miles",20998,Challenger SXT,2020 Dodge,carmax,64000,20998,Challenger,SXT,2020,2020-dodge-challenger-sxt,245041110061844038628930665210462061065
624,False,Dodge Challenger,Dodge,"67,000 miles",20998,Challenger SXT,2020 Dodge,carmax,67000,20998,Challenger,SXT,2020,2020-dodge-challenger-sxt,245041110061844038628930665210462061065
625,False,Dodge Challenger,Dodge,"85,000 miles",20998,Challenger SXT,2020 Dodge,carmax,85000,20998,Challenger,SXT,2020,2020-dodge-challenger-sxt,245041110061844038628930665210462061065
626,False,Dodge Challenger,Dodge,"57,000 miles",22998,Challenger SXT,2020 Dodge,carmax,57000,22998,Challenger,SXT,2020,2020-dodge-challenger-sxt,245041110061844038628930665210462061065
627,False,Dodge Challenger,Dodge,"55,000 miles",23998,Challenger SXT,2020 Dodge,carmax,55000,23998,Challenger,SXT,2020,2020-dodge-challenger-sxt,245041110061844038628930665210462061065
628,False,Dodge Challenger,Dodge,"50,000 miles",23998,Challenger SXT,2020 Dodge,carmax,50000,23998,Challenger,SXT,2020,2020-dodge-challenger-sxt,245041110061844038628930665210462061065
629,False,Dodge Challenger,Dodge,"57,000 miles",23998,Challenger SXT,2020 Dodge,carmax,57000,23998,Challenger,SXT,2020,2020-dodge-challenger-sxt,245041110061844038628930665210462061065
630,False,Dodge Challenger,Dodge,"77,000 miles",23998,Challenger SXT,2020 Dodge,carmax,77000,23998,Challenger,SXT,2020,2020-dodge-challenger-sxt,245041110061844038628930665210462061065
631,False,Dodge Challenger,Dodge,"27,000 miles",24998,Challenger SXT,2020 Dodge,carmax,27000,24998,Challenger,SXT,2020,2020-dodge-challenger-sxt,245041110061844038628930665210462061065
632,False,Dodge Challenger,Dodge,"46,000 miles",22998,Challenger SXT,2020 Dodge,carmax,46000,22998,Challenger,SXT,2020,2020-dodge-challenger-sxt,245041110061844038628930665210462061065
633,False,Dodge Challenger,Dodge,"52,000 miles",20998,Challenger SXT,2020 Dodge,carmax,52000,20998,Challenger,SXT,2020,2020-dodge-challenger-sxt,245041110061844038628930665210462061065
634,False,Dodge Challenger,Dodge,"19,000 miles",24998,Challenger SXT,2020 Dodge,carmax,19000,24998,Challenger,SXT,2020,2020-dodge-challenger-sxt,245041110061844038628930665210462061065
635,False,Dodge Challenger,Dodge,"45,000 miles",27998,Challenger SXT,2020 Dodge,carmax,45000,27998,Challenger,SXT,2020,2020-dodge-challenger-sxt,245041110061844038628930665210462061065
636,False,Dodge Challenger,Dodge,"56,000 miles",22998,Challenger SXT,2020 Dodge,carmax,56000,22998,Challenger,SXT,2020,2020-dodge-challenger-sxt,245041110061844038628930665210462061065
637,False,Dodge Charger,Dodge,"35,000 miles",28998,Charger GT,2020 Dodge,carmax,35000,28998,Charger,GT,2020,2020-dodge-charger-gt,239125662647197702818448461473593854279
638,False,Dodge Charger,Dodge,"60,000 miles",24998,Charger GT,2020 Dodge,carmax,60000,24998,Charger,GT,2020,2020-dodge-charger-gt,239125662647197702818448461473593854279
639,False,Dodge Charger,Dodge,"21,000 miles",29998,Charger GT,2020 Dodge,carmax,21000,29998,Charger,GT,2020,2020-dodge-charger-gt,239125662647197702818448461473593854279
640,False,Dodge Charger,Dodge,"52,000 miles",27998,Charger GT,2020 Dodge,carmax,52000,27998,Charger,GT,2020,2020-dodge-charger-gt,239125662647197702818448461473593854279
641,False,Dodge Charger,Dodge,"53,000 miles",26998,Charger GT,2020 Dodge,carmax,53000,26998,Charger,GT,2020,2020-dodge-charger-gt,239125662647197702818448461473593854279
642,False,Dodge Charger,Dodge,"122,000 miles",20998,Charger GT,2020 Dodge,carmax,122000,20998,Charger,GT,2020,2020-dodge-charger-gt,239125662647197702818448461473593854279
643,False,Dodge Charger,Dodge,"83,000 miles",20998,Charger GT,2020 Dodge,carmax,83000,20998,Charger,GT,2020,2020-dodge-charger-gt,239125662647197702818448461473593854279
644,False,Dodge Charger,Dodge,"32,000 miles",35998,Charger R/T,2020 Dodge,carmax,32000,35998,Charger,R/T,2020,2020-dodge-charger-r/t,254387523443411662948443283493737796021
645,False,Dodge Charger,Dodge,"66,000 miles",29998,Charger R/T,2020 Dodge,carmax,66000,29998,Charger,R/T,2020,2020-dodge-charger-r/t,254387523443411662948443283493737796021
646,False,Dodge Charger,Dodge,"84,000 miles",26998,Charger R/T,2020 Dodge,carmax,84000,26998,Charger,R/T,2020,2020-dodge-charger-r/t,254387523443411662948443283493737796021
647,False,Dodge Charger,Dodge,"76,000 miles",28998,Charger R/T,2020 Dodge,carmax,76000,28998,Charger,R/T,2020,2020-dodge-charger-r/t,254387523443411662948443283493737796021
648,False,Dodge Charger,Dodge,"13,000 miles",36998,Charger R/T,2020 Dodge,carmax,13000,36998,Charger,R/T,2020,2020-dodge-charger-r/t,254387523443411662948443283493737796021
649,False,Dodge Charger,Dodge,"40,000 miles",31998,Charger R/T,2020 Dodge,carmax,40000,31998,Charger,R/T,2020,2020-dodge-charger-r/t,254387523443411662948443283493737796021
650,False,Dodge Charger,Dodge,"51,000 miles",28998,Charger R/T,2020 Dodge,carmax,51000,28998,Charger,R/T,2020,2020-dodge-charger-r/t,254387523443411662948443283493737796021
651,False,Dodge Charger,Dodge,"59,000 miles",29998,Charger R/T,2020 Dodge,carmax,59000,29998,Charger,R/T,2020,2020-dodge-charger-r/t,254387523443411662948443283493737796021
652,False,Dodge Charger,Dodge,"60,000 miles",31998,Charger R/T,2020 Dodge,carmax,60000,31998,Charger,R/T,2020,2020-dodge-charger-r/t,254387523443411662948443283493737796021
653,False,Dodge Charger,Dodge,"60,000 miles",30998,Charger R/T,2020 Dodge,carmax,60000,30998,Charger,R/T,2020,2020-dodge-charger-r/t,254387523443411662948443283493737796021
654,False,Dodge Charger,Dodge,"32,000 miles",33998,Charger R/T,2020 Dodge,carmax,32000,33998,Charger,R/T,2020,2020-dodge-charger-r/t,254387523443411662948443283493737796021
655,False,Dodge Charger,Dodge,"50,000 miles",31998,Charger R/T,2020 Dodge,carmax,50000,31998,Charger,R/T,2020,2020-dodge-charger-r/t,254387523443411662948443283493737796021
656,False,Dodge Charger,Dodge,"68,000 miles",29998,Charger R/T,2020 Dodge,carmax,68000,29998,Charger,R/T,2020,2020-dodge-charger-r/t,254387523443411662948443283493737796021
657,False,Dodge Charger,Dodge,"60,000 miles",19998,Charger SXT,2020 Dodge,carmax,60000,19998,Charger,SXT,2020,2020-dodge-charger-sxt,66489757320053471042555040879904457233
658,False,Dodge Charger,Dodge,"46,000 miles",21998,Charger SXT,2020 Dodge,carmax,46000,21998,Charger,SXT,2020,2020-dodge-charger-sxt,66489757320053471042555040879904457233
659,False,Dodge Charger,Dodge,"43,000 miles",23998,Charger SXT,2020 Dodge,carmax,43000,23998,Charger,SXT,2020,2020-dodge-charger-sxt,66489757320053471042555040879904457233
660,False,Dodge Charger,Dodge,"81,000 miles",20998,Charger SXT,2020 Dodge,carmax,81000,20998,Charger,SXT,2020,2020-dodge-charger-sxt,66489757320053471042555040879904457233
661,False,Dodge Charger,Dodge,"88,000 miles",18998,Charger SXT,2020 Dodge,carmax,88000,18998,Charger,SXT,2020,2020-dodge-charger-sxt,66489757320053471042555040879904457233
662,False,Dodge Charger,Dodge,"33,000 miles",25998,Charger SXT,2020 Dodge,carmax,33000,25998,Charger,SXT,2020,2020-dodge-charger-sxt,66489757320053471042555040879904457233
663,False,Dodge Charger,Dodge,"48,000 miles",22998,Charger SXT,2020 Dodge,carmax,48000,22998,Charger,SXT,2020,2020-dodge-charger-sxt,66489757320053471042555040879904457233
664,False,Dodge Charger,Dodge,"52,000 miles",21998,Charger SXT,2020 Dodge,carmax,52000,21998,Charger,SXT,2020,2020-dodge-charger-sxt,66489757320053471042555040879904457233
665,False,Dodge Charger,Dodge,"49,000 miles",23998,Charger SXT,2020 Dodge,carmax,49000,23998,Charger,SXT,2020,2020-dodge-charger-sxt,66489757320053471042555040879904457233
666,False,Dodge Charger,Dodge,"55,000 miles",22998,Charger SXT,2020 Dodge,carmax,55000,22998,Charger,SXT,2020,2020-dodge-charger-sxt,66489757320053471042555040879904457233
667,False,Dodge Charger,Dodge,"59,000 miles",21998,Charger SXT,2020 Dodge,carmax,59000,21998,Charger,SXT,2020,2020-dodge-charger-sxt,66489757320053471042555040879904457233
668,False,Dodge Charger,Dodge,"42,000 miles",23998,Charger SXT,2020 Dodge,carmax,42000,23998,Charger,SXT,2020,2020-dodge-charger-sxt,66489757320053471042555040879904457233
669,False,Dodge Charger,Dodge,"17,000 miles",26998,Charger SXT,2020 Dodge,carmax,17000,26998,Charger,SXT,2020,2020-dodge-charger-sxt,66489757320053471042555040879904457233
670,False,Dodge Charger,Dodge,"48,000 miles",24998,Charger SXT,2020 Dodge,carmax,48000,24998,Charger,SXT,2020,2020-dodge-charger-sxt,66489757320053471042555040879904457233
671,False,Dodge Charger,Dodge,"42,000 miles",23998,Charger SXT,2020 Dodge,carmax,42000,23998,Charger,SXT,2020,2020-dodge-charger-sxt,66489757320053471042555040879904457233
672,False,Dodge Charger,Dodge,"25,000 miles",40998,Charger Scat Pack,2020 Dodge,carmax,25000,40998,Charger,Scat Pack,2020,2020-dodge-charger-scat pack,124080991024064837704057995439771242984
673,False,Dodge Charger,Dodge,"65,000 miles",38998,Charger Scat Pack,2020 Dodge,carmax,65000,38998,Charger,Scat Pack,2020,2020-dodge-charger-scat pack,124080991024064837704057995439771242984
674,False,Dodge Charger,Dodge,"56,000 miles",38998,Charger Scat Pack,2020 Dodge,carmax,56000,38998,Charger,Scat Pack,2020,2020-dodge-charger-scat pack,124080991024064837704057995439771242984
675,False,Dodge Charger,Dodge,"56,000 miles",38998,Charger Scat Pack,2020 Dodge,carmax,56000,38998,Charger,Scat Pack,2020,2020-dodge-charger-scat pack,124080991024064837704057995439771242984
676,False,Dodge Charger,Dodge,"42,000 miles",41998,Charger Scat Pack,2020 Dodge,carmax,42000,41998,Charger,Scat Pack,2020,2020-dodge-charger-scat pack,124080991024064837704057995439771242984
677,False,Dodge Charger,Dodge,"22,000 miles",41998,Charger Scat Pack,2020 Dodge,carmax,22000,41998,Charger,Scat Pack,2020,2020-dodge-charger-scat pack,124080991024064837704057995439771242984
678,False,Dodge Charger,Dodge,"23,000 miles",39998,Charger Scat Pack,2020 Dodge,carmax,23000,39998,Charger,Scat Pack,2020,2020-dodge-charger-scat pack,124080991024064837704057995439771242984
679,False,Dodge Charger,Dodge,"46,000 miles",38998,Charger Scat Pack,2020 Dodge,carmax,46000,38998,Charger,Scat Pack,2020,2020-dodge-charger-scat pack,124080991024064837704057995439771242984
680,False,Dodge Charger,Dodge,"42,000 miles",38998,Charger Scat Pack,2020 Dodge,carmax,42000,38998,Charger,Scat Pack,2020,2020-dodge-charger-scat pack,124080991024064837704057995439771242984
681,False,Dodge Charger,Dodge,"40,000 miles",41998,Charger Scat Pack,2020 Dodge,carmax,40000,41998,Charger,Scat Pack,2020,2020-dodge-charger-scat pack,124080991024064837704057995439771242984
682,False,Dodge Charger,Dodge,"99,000 miles",32998,Charger Scat Pack,2020 Dodge,carmax,99000,32998,Charger,Scat Pack,2020,2020-dodge-charger-scat pack,124080991024064837704057995439771242984
683,False,Dodge Charger,Dodge,"60,000 miles",36998,Charger Scat Pack,2020 Dodge,carmax,60000,36998,Charger,Scat Pack,2020,2020-dodge-charger-scat pack,124080991024064837704057995439771242984
684,False,Dodge Charger,Dodge,"4,000 miles",49998,Charger Scat Pack,2020 Dodge,carmax,4000,49998,Charger,Scat Pack,2020,2020-dodge-charger-scat pack,124080991024064837704057995439771242984
685,False,Dodge Charger,Dodge,"34,000 miles",46998,Charger Scat Pack Widebody,2020 Dodge,carmax,34000,46998,Charger,Scat Pack Widebody,2020,2020-dodge-charger-scat pack widebody,141905303021847394373580007244604933912
686,False,Dodge Charger,Dodge,"17,000 miles",47998,Charger Scat Pack Widebody,2020 Dodge,carmax,17000,47998,Charger,Scat Pack Widebody,2020,2020-dodge-charger-scat pack widebody,141905303021847394373580007244604933912
687,False,Dodge Charger,Dodge,"22,000 miles",50998,Charger Scat Pack Widebody,2020 Dodge,carmax,22000,50998,Charger,Scat Pack Widebody,2020,2020-dodge-charger-scat pack widebody,141905303021847394373580007244604933912
688,False,Dodge Charger,Dodge,"56,000 miles",42998,Charger Scat Pack Widebody,2020 Dodge,carmax,56000,42998,Charger,Scat Pack Widebody,2020,2020-dodge-charger-scat pack widebody,141905303021847394373580007244604933912
689,False,Dodge Charger,Dodge,"10,000 miles",54998,Charger Scat Pack Widebody,2020 Dodge,carmax,10000,54998,Charger,Scat Pack Widebody,2020,2020-dodge-charger-scat pack widebody,141905303021847394373580007244604933912
690,False,Dodge Charger,Dodge,"12,000 miles",51998,Charger Scat Pack Widebody,2020 Dodge,carmax,12000,51998,Charger,Scat Pack Widebody,2020,2020-dodge-charger-scat pack widebody,141905303021847394373580007244604933912
691,False,Dodge Charger,Dodge,"73,000 miles",39998,Charger Scat Pack Widebody,2020 Dodge,carmax,73000,39998,Charger,Scat Pack Widebody,2020,2020-dodge-charger-scat pack widebody,141905303021847394373580007244604933912
692,False,Dodge Durango,Dodge,"40,000 miles",25998,Durango GT,2020 Dodge,carmax,40000,25998,Durango,GT,2020,2020-dodge-durango-gt,287384511455610403656561673389389625302
693,False,Dodge Durango,Dodge,"54,000 miles",24998,Durango GT,2020 Dodge,carmax,54000,24998,Durango,GT,2020,2020-dodge-durango-gt,287384511455610403656561673389389625302
694,False,Dodge Durango,Dodge,"42,000 miles",29998,Durango GT Plus,2020 Dodge,carmax,42000,29998,Durango,GT Plus,2020,2020-dodge-durango-gt plus,185585575417787073942848824475615981750
695,False,Dodge Durango,Dodge,"62,000 miles",24998,Durango GT Plus,2020 Dodge,carmax,62000,24998,Durango,GT Plus,2020,2020-dodge-durango-gt plus,185585575417787073942848824475615981750
696,False,Dodge Durango,Dodge,"72,000 miles",24998,Durango GT Plus,2020 Dodge,carmax,72000,24998,Durango,GT Plus,2020,2020-dodge-durango-gt plus,185585575417787073942848824475615981750
697,False,Dodge Durango,Dodge,"48,000 miles",26998,Durango GT Plus,2020 Dodge,carmax,48000,26998,Durango,GT Plus,2020,2020-dodge-durango-gt plus,185585575417787073942848824475615981750
698,False,Dodge Durango,Dodge,"71,000 miles",30998,Durango R/T,2020 Dodge,carmax,71000,30998,Durango,R/T,2020,2020-dodge-durango-r/t,200199708335269167385144400789917729912
699,False,Dodge Durango,Dodge,"52,000 miles",35998,Durango R/T,2020 Dodge,carmax,52000,35998,Durango,R/T,2020,2020-dodge-durango-r/t,200199708335269167385144400789917729912
700,False,Dodge Durango,Dodge,"55,000 miles",33998,Durango R/T,2020 Dodge,carmax,55000,33998,Durango,R/T,2020,2020-dodge-durango-r/t,200199708335269167385144400789917729912
701,False,Dodge Durango,Dodge,"30,000 miles",36998,Durango R/T,2020 Dodge,carmax,30000,36998,Durango,R/T,2020,2020-dodge-durango-r/t,200199708335269167385144400789917729912
702,False,Dodge Durango,Dodge,"50,000 miles",30998,Durango R/T,2020 Dodge,carmax,50000,30998,Durango,R/T,2020,2020-dodge-durango-r/t,200199708335269167385144400789917729912
703,False,Dodge Durango,Dodge,"41,000 miles",33998,Durango R/T,2020 Dodge,carmax,41000,33998,Durango,R/T,2020,2020-dodge-durango-r/t,200199708335269167385144400789917729912
704,False,Dodge Durango,Dodge,"24,000 miles",38998,Durango R/T,2020 Dodge,carmax,24000,38998,Durango,R/T,2020,2020-dodge-durango-r/t,200199708335269167385144400789917729912
705,False,Dodge Durango,Dodge,"25,000 miles",54998,Durango SRT,2020 Dodge,carmax,25000,54998,Durango,SRT,2020,2020-dodge-durango-srt,323318990917822656505279607491170236948
706,False,Dodge Durango,Dodge,"68,000 miles",47998,Durango SRT,2020 Dodge,carmax,68000,47998,Durango,SRT,2020,2020-dodge-durango-srt,323318990917822656505279607491170236948
707,False,Dodge Durango,Dodge,"17,000 miles",27998,Durango SXT,2020 Dodge,carmax,17000,27998,Durango,SXT,2020,2020-dodge-durango-sxt,334598395265861429875551738926040010739
708,False,Dodge Durango,Dodge,"55,000 miles",23998,Durango SXT Plus,2020 Dodge,carmax,55000,23998,Durango,SXT Plus,2020,2020-dodge-durango-sxt plus,333404971512008846275833643435246170570
709,False,Ford Mustang,Ford,"44,000 miles",24998,Mustang Ecoboost,2020 Ford,carmax,44000,24998,Mustang,Ecoboost,2020,2020-ford-mustang-ecoboost,257524065019524223984248752789313534023
710,False,Ford Mustang,Ford,"35,000 miles",24998,Mustang Ecoboost,2020 Ford,carmax,35000,24998,Mustang,Ecoboost,2020,2020-ford-mustang-ecoboost,257524065019524223984248752789313534023
711,False,Ford Mustang,Ford,"27,000 miles",24998,Mustang Ecoboost,2020 Ford,carmax,27000,24998,Mustang,Ecoboost,2020,2020-ford-mustang-ecoboost,257524065019524223984248752789313534023
712,False,Ford Mustang,Ford,"33,000 miles",25998,Mustang Ecoboost,2020 Ford,carmax,33000,25998,Mustang,Ecoboost,2020,2020-ford-mustang-ecoboost,257524065019524223984248752789313534023
713,False,Ford Mustang,Ford,"26,000 miles",25998,Mustang Ecoboost,2020 Ford,carmax,26000,25998,Mustang,Ecoboost,2020,2020-ford-mustang-ecoboost,257524065019524223984248752789313534023
714,False,Ford Mustang,Ford,"56,000 miles",22998,Mustang Ecoboost,2020 Ford,carmax,56000,22998,Mustang,Ecoboost,2020,2020-ford-mustang-ecoboost,257524065019524223984248752789313534023
715,False,Ford Mustang,Ford,"34,000 miles",23998,Mustang Ecoboost,2020 Ford,carmax,34000,23998,Mustang,Ecoboost,2020,2020-ford-mustang-ecoboost,257524065019524223984248752789313534023
716,False,Ford Mustang,Ford,"127,000 miles",17998,Mustang Ecoboost,2020 Ford,carmax,127000,17998,Mustang,Ecoboost,2020,2020-ford-mustang-ecoboost,257524065019524223984248752789313534023
717,False,Ford Mustang,Ford,"63,000 miles",22998,Mustang Ecoboost,2020 Ford,carmax,63000,22998,Mustang,Ecoboost,2020,2020-ford-mustang-ecoboost,257524065019524223984248752789313534023
718,False,Ford Mustang,Ford,"44,000 miles",23998,Mustang Ecoboost,2020 Ford,carmax,44000,23998,Mustang,Ecoboost,2020,2020-ford-mustang-ecoboost,257524065019524223984248752789313534023
719,False,Ford Mustang,Ford,"75,000 miles",20998,Mustang Ecoboost,2020 Ford,carmax,75000,20998,Mustang,Ecoboost,2020,2020-ford-mustang-ecoboost,257524065019524223984248752789313534023
720,False,Ford Mustang,Ford,"15,000 miles",24998,Mustang Ecoboost,2020 Ford,carmax,15000,24998,Mustang,Ecoboost,2020,2020-ford-mustang-ecoboost,257524065019524223984248752789313534023
721,False,Ford Mustang,Ford,"75,000 miles",20998,Mustang Ecoboost,2020 Ford,carmax,75000,20998,Mustang,Ecoboost,2020,2020-ford-mustang-ecoboost,257524065019524223984248752789313534023
722,False,Ford Mustang,Ford,"37,000 miles",22998,Mustang Ecoboost,2020 Ford,carmax,37000,22998,Mustang,Ecoboost,2020,2020-ford-mustang-ecoboost,257524065019524223984248752789313534023
723,False,Ford Mustang,Ford,"42,000 miles",24998,Mustang Ecoboost,2020 Ford,carmax,42000,24998,Mustang,Ecoboost,2020,2020-ford-mustang-ecoboost,257524065019524223984248752789313534023
724,False,Ford Mustang,Ford,"37,000 miles",23998,Mustang Ecoboost,2020 Ford,carmax,37000,23998,Mustang,Ecoboost,2020,2020-ford-mustang-ecoboost,257524065019524223984248752789313534023
725,False,Ford Mustang,Ford,"43,000 miles",22998,Mustang Ecoboost,2020 Ford,carmax,43000,22998,Mustang,Ecoboost,2020,2020-ford-mustang-ecoboost,257524065019524223984248752789313534023
726,False,Ford Mustang,Ford,"32,000 miles",23998,Mustang Ecoboost,2020 Ford,carmax,32000,23998,Mustang,Ecoboost,2020,2020-ford-mustang-ecoboost,257524065019524223984248752789313534023
727,False,Ford Mustang,Ford,"65,000 miles",20998,Mustang Ecoboost,2020 Ford,carmax,65000,20998,Mustang,Ecoboost,2020,2020-ford-mustang-ecoboost,257524065019524223984248752789313534023
728,False,Ford Mustang,Ford,"18,000 miles",25998,Mustang Ecoboost,2020 Ford,carmax,18000,25998,Mustang,Ecoboost,2020,2020-ford-mustang-ecoboost,257524065019524223984248752789313534023
729,False,Ford Mustang,Ford,"45,000 miles",23998,Mustang Ecoboost,2020 Ford,carmax,45000,23998,Mustang,Ecoboost,2020,2020-ford-mustang-ecoboost,257524065019524223984248752789313534023
730,False,Ford Mustang,Ford,"50,000 miles",23998,Mustang Ecoboost,2020 Ford,carmax,50000,23998,Mustang,Ecoboost,2020,2020-ford-mustang-ecoboost,257524065019524223984248752789313534023
731,False,Ford Mustang,Ford,"53,000 miles",21998,Mustang Ecoboost,2020 Ford,carmax,53000,21998,Mustang,Ecoboost,2020,2020-ford-mustang-ecoboost,257524065019524223984248752789313534023
732,False,Ford Mustang,Ford,"34,000 miles",24998,Mustang Ecoboost,2020 Ford,carmax,34000,24998,Mustang,Ecoboost,2020,2020-ford-mustang-ecoboost,257524065019524223984248752789313534023
733,False,Ford Mustang,Ford,"36,000 miles",22998,Mustang Ecoboost,2020 Ford,carmax,36000,22998,Mustang,Ecoboost,2020,2020-ford-mustang-ecoboost,257524065019524223984248752789313534023
734,False,Ford Mustang,Ford,"53,000 miles",21998,Mustang Ecoboost,2020 Ford,carmax,53000,21998,Mustang,Ecoboost,2020,2020-ford-mustang-ecoboost,257524065019524223984248752789313534023
735,False,Ford Mustang,Ford,"45,000 miles",23998,Mustang Ecoboost,2020 Ford,carmax,45000,23998,Mustang,Ecoboost,2020,2020-ford-mustang-ecoboost,257524065019524223984248752789313534023
736,False,Ford Mustang,Ford,"40,000 miles",24998,Mustang Ecoboost,2020 Ford,carmax,40000,24998,Mustang,Ecoboost,2020,2020-ford-mustang-ecoboost,257524065019524223984248752789313534023
737,False,Ford Mustang,Ford,"39,000 miles",24998,Mustang Ecoboost,2020 Ford,carmax,39000,24998,Mustang,Ecoboost,2020,2020-ford-mustang-ecoboost,257524065019524223984248752789313534023
738,False,Ford Mustang,Ford,"37,000 miles",23998,Mustang Ecoboost,2020 Ford,carmax,37000,23998,Mustang,Ecoboost,2020,2020-ford-mustang-ecoboost,257524065019524223984248752789313534023
739,False,Ford Mustang,Ford,"58,000 miles",21998,Mustang Ecoboost,2020 Ford,carmax,58000,21998,Mustang,Ecoboost,2020,2020-ford-mustang-ecoboost,257524065019524223984248752789313534023
740,False,Ford Mustang,Ford,"57,000 miles",22998,Mustang Ecoboost,2020 Ford,carmax,57000,22998,Mustang,Ecoboost,2020,2020-ford-mustang-ecoboost,257524065019524223984248752789313534023
741,False,Ford Mustang,Ford,"55,000 miles",22998,Mustang Ecoboost,2020 Ford,carmax,55000,22998,Mustang,Ecoboost,2020,2020-ford-mustang-ecoboost,257524065019524223984248752789313534023
742,False,Ford Mustang,Ford,"43,000 miles",23998,Mustang Ecoboost Premium,2020 Ford,carmax,43000,23998,Mustang,Ecoboost Premium,2020,2020-ford-mustang-ecoboost premium,249799801551243326474799770863563938106
743,False,Ford Mustang,Ford,"30,000 miles",25998,Mustang Ecoboost Premium,2020 Ford,carmax,30000,25998,Mustang,Ecoboost Premium,2020,2020-ford-mustang-ecoboost premium,249799801551243326474799770863563938106
744,False,Ford Mustang,Ford,"88,000 miles",21998,Mustang Ecoboost Premium,2020 Ford,carmax,88000,21998,Mustang,Ecoboost Premium,2020,2020-ford-mustang-ecoboost premium,249799801551243326474799770863563938106
745,False,Ford Mustang,Ford,"33,000 miles",27998,Mustang Ecoboost Premium,2020 Ford,carmax,33000,27998,Mustang,Ecoboost Premium,2020,2020-ford-mustang-ecoboost premium,249799801551243326474799770863563938106
746,False,Ford Mustang,Ford,"33,000 miles",27998,Mustang Ecoboost Premium,2020 Ford,carmax,33000,27998,Mustang,Ecoboost Premium,2020,2020-ford-mustang-ecoboost premium,249799801551243326474799770863563938106
747,False,Ford Mustang,Ford,"80,000 miles",22998,Mustang Ecoboost Premium,2020 Ford,carmax,80000,22998,Mustang,Ecoboost Premium,2020,2020-ford-mustang-ecoboost premium,249799801551243326474799770863563938106
748,False,Ford Mustang,Ford,"66,000 miles",21998,Mustang Ecoboost Premium,2020 Ford,carmax,66000,21998,Mustang,Ecoboost Premium,2020,2020-ford-mustang-ecoboost premium,249799801551243326474799770863563938106
749,False,Ford Mustang,Ford,"26,000 miles",26998,Mustang Ecoboost Premium,2020 Ford,carmax,26000,26998,Mustang,Ecoboost Premium,2020,2020-ford-mustang-ecoboost premium,249799801551243326474799770863563938106
750,False,Ford Mustang,Ford,"28,000 miles",26998,Mustang Ecoboost Premium,2020 Ford,carmax,28000,26998,Mustang,Ecoboost Premium,2020,2020-ford-mustang-ecoboost premium,249799801551243326474799770863563938106
751,False,Ford Mustang,Ford,"57,000 miles",25998,Mustang Ecoboost Premium,2020 Ford,carmax,57000,25998,Mustang,Ecoboost Premium,2020,2020-ford-mustang-ecoboost premium,249799801551243326474799770863563938106
752,False,Ford Mustang,Ford,"39,000 miles",25998,Mustang Ecoboost Premium,2020 Ford,carmax,39000,25998,Mustang,Ecoboost Premium,2020,2020-ford-mustang-ecoboost premium,249799801551243326474799770863563938106
753,False,Ford Mustang,Ford,"8,000 miles",28998,Mustang Ecoboost Premium,2020 Ford,carmax,8000,28998,Mustang,Ecoboost Premium,2020,2020-ford-mustang-ecoboost premium,249799801551243326474799770863563938106
754,False,Ford Mustang,Ford,"69,000 miles",21998,Mustang Ecoboost Premium,2020 Ford,carmax,69000,21998,Mustang,Ecoboost Premium,2020,2020-ford-mustang-ecoboost premium,249799801551243326474799770863563938106
755,False,Ford Mustang,Ford,"32,000 miles",28998,Mustang Ecoboost Premium,2020 Ford,carmax,32000,28998,Mustang,Ecoboost Premium,2020,2020-ford-mustang-ecoboost premium,249799801551243326474799770863563938106
756,False,Ford Mustang,Ford,"43,000 miles",23998,Mustang Ecoboost Premium,2020 Ford,carmax,43000,23998,Mustang,Ecoboost Premium,2020,2020-ford-mustang-ecoboost premium,249799801551243326474799770863563938106
757,False,Ford Mustang,Ford,"76,000 miles",19998,Mustang Ecoboost Premium,2020 Ford,carmax,76000,19998,Mustang,Ecoboost Premium,2020,2020-ford-mustang-ecoboost premium,249799801551243326474799770863563938106
758,False,Ford Mustang,Ford,"19,000 miles",26998,Mustang Ecoboost Premium,2020 Ford,carmax,19000,26998,Mustang,Ecoboost Premium,2020,2020-ford-mustang-ecoboost premium,249799801551243326474799770863563938106
759,False,Ford Mustang,Ford,"56,000 miles",24998,Mustang Ecoboost Premium,2020 Ford,carmax,56000,24998,Mustang,Ecoboost Premium,2020,2020-ford-mustang-ecoboost premium,249799801551243326474799770863563938106
760,False,Ford Mustang,Ford,"30,000 miles",27998,Mustang Ecoboost Premium,2020 Ford,carmax,30000,27998,Mustang,Ecoboost Premium,2020,2020-ford-mustang-ecoboost premium,249799801551243326474799770863563938106
761,False,Ford Mustang,Ford,"37,000 miles",33998,Mustang GT,2020 Ford,carmax,37000,33998,Mustang,GT,2020,2020-ford-mustang-gt,48288839022652968531372932640488091074
762,False,Ford Mustang,Ford,"8,000 miles",35998,Mustang GT,2020 Ford,carmax,8000,35998,Mustang,GT,2020,2020-ford-mustang-gt,48288839022652968531372932640488091074
763,False,Ford Mustang,Ford,"53,000 miles",30998,Mustang GT,2020 Ford,carmax,53000,30998,Mustang,GT,2020,2020-ford-mustang-gt,48288839022652968531372932640488091074
764,False,Ford Mustang,Ford,"40,000 miles",34998,Mustang GT,2020 Ford,carmax,40000,34998,Mustang,GT,2020,2020-ford-mustang-gt,48288839022652968531372932640488091074
765,False,Ford Mustang,Ford,"17,000 miles",33998,Mustang GT,2020 Ford,carmax,17000,33998,Mustang,GT,2020,2020-ford-mustang-gt,48288839022652968531372932640488091074
766,False,Ford Mustang,Ford,"29,000 miles",33998,Mustang GT,2020 Ford,carmax,29000,33998,Mustang,GT,2020,2020-ford-mustang-gt,48288839022652968531372932640488091074
767,False,Ford Mustang,Ford,"33,000 miles",34998,Mustang GT,2020 Ford,carmax,33000,34998,Mustang,GT,2020,2020-ford-mustang-gt,48288839022652968531372932640488091074
768,False,Ford Mustang,Ford,"40,000 miles",30998,Mustang GT,2020 Ford,carmax,40000,30998,Mustang,GT,2020,2020-ford-mustang-gt,48288839022652968531372932640488091074
769,False,Ford Mustang,Ford,"29,000 miles",33998,Mustang GT,2020 Ford,carmax,29000,33998,Mustang,GT,2020,2020-ford-mustang-gt,48288839022652968531372932640488091074
770,False,Ford Mustang,Ford,"15,000 miles",38998,Mustang GT,2020 Ford,carmax,15000,38998,Mustang,GT,2020,2020-ford-mustang-gt,48288839022652968531372932640488091074
771,False,Ford Mustang,Ford,"50,000 miles",31998,Mustang GT,2020 Ford,carmax,50000,31998,Mustang,GT,2020,2020-ford-mustang-gt,48288839022652968531372932640488091074
772,False,Ford Mustang,Ford,"27,000 miles",37998,Mustang GT Premium,2020 Ford,carmax,27000,37998,Mustang,GT Premium,2020,2020-ford-mustang-gt premium,5457133684382610349792327017337778373
773,False,Ford Mustang,Ford,"12,000 miles",36998,Mustang GT Premium,2020 Ford,carmax,12000,36998,Mustang,GT Premium,2020,2020-ford-mustang-gt premium,5457133684382610349792327017337778373
774,False,Ford Mustang,Ford,"47,000 miles",31998,Mustang GT Premium,2020 Ford,carmax,47000,31998,Mustang,GT Premium,2020,2020-ford-mustang-gt premium,5457133684382610349792327017337778373
775,False,Ford Mustang,Ford,"29,000 miles",34998,Mustang GT Premium,2020 Ford,carmax,29000,34998,Mustang,GT Premium,2020,2020-ford-mustang-gt premium,5457133684382610349792327017337778373
776,False,Ford Mustang,Ford,"32,000 miles",33998,Mustang GT Premium,2020 Ford,carmax,32000,33998,Mustang,GT Premium,2020,2020-ford-mustang-gt premium,5457133684382610349792327017337778373
777,False,Ford Mustang,Ford,"40,000 miles",35998,Mustang GT Premium,2020 Ford,carmax,40000,35998,Mustang,GT Premium,2020,2020-ford-mustang-gt premium,5457133684382610349792327017337778373
778,False,Ford Mustang,Ford,"55,000 miles",33998,Mustang GT Premium,2020 Ford,carmax,55000,33998,Mustang,GT Premium,2020,2020-ford-mustang-gt premium,5457133684382610349792327017337778373
779,False,Ford Mustang,Ford,"25,000 miles",37998,Mustang GT Premium,2020 Ford,carmax,25000,37998,Mustang,GT Premium,2020,2020-ford-mustang-gt premium,5457133684382610349792327017337778373
780,False,Ford Mustang,Ford,"24,000 miles",35998,Mustang GT Premium,2020 Ford,carmax,24000,35998,Mustang,GT Premium,2020,2020-ford-mustang-gt premium,5457133684382610349792327017337778373
781,False,Ford Mustang,Ford,"44,000 miles",33998,Mustang GT Premium,2020 Ford,carmax,44000,33998,Mustang,GT Premium,2020,2020-ford-mustang-gt premium,5457133684382610349792327017337778373
782,False,Ford Mustang,Ford,"6,000 miles",40998,Mustang GT Premium,2020 Ford,carmax,6000,40998,Mustang,GT Premium,2020,2020-ford-mustang-gt premium,5457133684382610349792327017337778373
783,False,Ford Mustang,Ford,"13,000 miles",37998,Mustang GT Premium,2020 Ford,carmax,13000,37998,Mustang,GT Premium,2020,2020-ford-mustang-gt premium,5457133684382610349792327017337778373
784,False,Ford Mustang,Ford,"11,000 miles",69998,Mustang Shelby GT350,2020 Ford,carmax,11000,69998,Mustang,Shelby GT350,2020,2020-ford-mustang-shelby gt350,314751861948207103373445914198384140979
785,False,Ford Mustang,Ford,"49,000 miles",66998,Mustang Shelby GT500,2020 Ford,carmax,49000,66998,Mustang,Shelby GT500,2020,2020-ford-mustang-shelby gt500,293521313955580654336446358491336234558
786,False,Ford Mustang,Ford,"21,000 miles",77998,Mustang Shelby GT500,2020 Ford,carmax,21000,77998,Mustang,Shelby GT500,2020,2020-ford-mustang-shelby gt500,293521313955580654336446358491336234558
787,False,Dodge Challenger,Dodge,"25,000 miles",26998,Challenger GT,2021 Dodge,carmax,25000,26998,Challenger,GT,2021,2021-dodge-challenger-gt,222416754454848317801495465009623718099
788,False,Dodge Challenger,Dodge,"27,000 miles",25998,Challenger GT,2021 Dodge,carmax,27000,25998,Challenger,GT,2021,2021-dodge-challenger-gt,222416754454848317801495465009623718099
789,False,Dodge Challenger,Dodge,"48,000 miles",24998,Challenger GT,2021 Dodge,carmax,48000,24998,Challenger,GT,2021,2021-dodge-challenger-gt,222416754454848317801495465009623718099
790,False,Dodge Challenger,Dodge,"61,000 miles",22998,Challenger GT,2021 Dodge,carmax,61000,22998,Challenger,GT,2021,2021-dodge-challenger-gt,222416754454848317801495465009623718099
791,False,Dodge Challenger,Dodge,"52,000 miles",25998,Challenger GT,2021 Dodge,carmax,52000,25998,Challenger,GT,2021,2021-dodge-challenger-gt,222416754454848317801495465009623718099
792,False,Dodge Challenger,Dodge,"33,000 miles",28998,Challenger GT,2021 Dodge,carmax,33000,28998,Challenger,GT,2021,2021-dodge-challenger-gt,222416754454848317801495465009623718099
793,False,Dodge Challenger,Dodge,"3,000 miles",30998,Challenger GT,2021 Dodge,carmax,3000,30998,Challenger,GT,2021,2021-dodge-challenger-gt,222416754454848317801495465009623718099
794,False,Dodge Challenger,Dodge,"47,000 miles",27998,Challenger GT,2021 Dodge,carmax,47000,27998,Challenger,GT,2021,2021-dodge-challenger-gt,222416754454848317801495465009623718099
795,False,Dodge Challenger,Dodge,"28,000 miles",26998,Challenger GT,2021 Dodge,carmax,28000,26998,Challenger,GT,2021,2021-dodge-challenger-gt,222416754454848317801495465009623718099
796,False,Dodge Challenger,Dodge,"48,000 miles",27998,Challenger GT,2021 Dodge,carmax,48000,27998,Challenger,GT,2021,2021-dodge-challenger-gt,222416754454848317801495465009623718099
797,False,Dodge Challenger,Dodge,"34,000 miles",26998,Challenger GT,2021 Dodge,carmax,34000,26998,Challenger,GT,2021,2021-dodge-challenger-gt,222416754454848317801495465009623718099
798,False,Dodge Challenger,Dodge,"55,000 miles",25998,Challenger GT,2021 Dodge,carmax,55000,25998,Challenger,GT,2021,2021-dodge-challenger-gt,222416754454848317801495465009623718099
799,False,Dodge Challenger,Dodge,"47,000 miles",23998,Challenger GT,2021 Dodge,carmax,47000,23998,Challenger,GT,2021,2021-dodge-challenger-gt,222416754454848317801495465009623718099
800,False,Dodge Challenger,Dodge,"25,000 miles",24998,Challenger GT,2021 Dodge,carmax,25000,24998,Challenger,GT,2021,2021-dodge-challenger-gt,222416754454848317801495465009623718099
801,False,Dodge Challenger,Dodge,"10,000 miles",34998,Challenger R/T,2021 Dodge,carmax,10000,34998,Challenger,R/T,2021,2021-dodge-challenger-r/t,78520806865496491633959486448007882559
802,False,Dodge Challenger,Dodge,"36,000 miles",30998,Challenger R/T,2021 Dodge,carmax,36000,30998,Challenger,R/T,2021,2021-dodge-challenger-r/t,78520806865496491633959486448007882559
803,False,Dodge Challenger,Dodge,"49,000 miles",27998,Challenger R/T,2021 Dodge,carmax,49000,27998,Challenger,R/T,2021,2021-dodge-challenger-r/t,78520806865496491633959486448007882559
804,False,Dodge Challenger,Dodge,"54,000 miles",28998,Challenger R/T,2021 Dodge,carmax,54000,28998,Challenger,R/T,2021,2021-dodge-challenger-r/t,78520806865496491633959486448007882559
805,False,Dodge Challenger,Dodge,"27,000 miles",30998,Challenger R/T,2021 Dodge,carmax,27000,30998,Challenger,R/T,2021,2021-dodge-challenger-r/t,78520806865496491633959486448007882559
806,False,Dodge Challenger,Dodge,"48,000 miles",30998,Challenger R/T,2021 Dodge,carmax,48000,30998,Challenger,R/T,2021,2021-dodge-challenger-r/t,78520806865496491633959486448007882559
807,False,Dodge Challenger,Dodge,"47,000 miles",30998,Challenger R/T,2021 Dodge,carmax,47000,30998,Challenger,R/T,2021,2021-dodge-challenger-r/t,78520806865496491633959486448007882559
808,False,Dodge Challenger,Dodge,"14,000 miles",31998,Challenger R/T,2021 Dodge,carmax,14000,31998,Challenger,R/T,2021,2021-dodge-challenger-r/t,78520806865496491633959486448007882559
809,False,Dodge Challenger,Dodge,"32,000 miles",31998,Challenger R/T,2021 Dodge,carmax,32000,31998,Challenger,R/T,2021,2021-dodge-challenger-r/t,78520806865496491633959486448007882559
810,False,Dodge Challenger,Dodge,"60,000 miles",30998,Challenger R/T,2021 Dodge,carmax,60000,30998,Challenger,R/T,2021,2021-dodge-challenger-r/t,78520806865496491633959486448007882559
811,False,Dodge Challenger,Dodge,"28,000 miles",31998,Challenger R/T,2021 Dodge,carmax,28000,31998,Challenger,R/T,2021,2021-dodge-challenger-r/t,78520806865496491633959486448007882559
812,False,Dodge Challenger,Dodge,"51,000 miles",29998,Challenger R/T,2021 Dodge,carmax,51000,29998,Challenger,R/T,2021,2021-dodge-challenger-r/t,78520806865496491633959486448007882559
813,False,Dodge Challenger,Dodge,"27,000 miles",30998,Challenger R/T,2021 Dodge,carmax,27000,30998,Challenger,R/T,2021,2021-dodge-challenger-r/t,78520806865496491633959486448007882559
814,False,Dodge Challenger,Dodge,"18,000 miles",30998,Challenger R/T,2021 Dodge,carmax,18000,30998,Challenger,R/T,2021,2021-dodge-challenger-r/t,78520806865496491633959486448007882559
815,False,Dodge Challenger,Dodge,"47,000 miles",29998,Challenger R/T,2021 Dodge,carmax,47000,29998,Challenger,R/T,2021,2021-dodge-challenger-r/t,78520806865496491633959486448007882559
816,False,Dodge Challenger,Dodge,"1,000 miles",34998,Challenger R/T,2021 Dodge,carmax,1000,34998,Challenger,R/T,2021,2021-dodge-challenger-r/t,78520806865496491633959486448007882559
817,False,Dodge Challenger,Dodge,"33,000 miles",29998,Challenger R/T,2021 Dodge,carmax,33000,29998,Challenger,R/T,2021,2021-dodge-challenger-r/t,78520806865496491633959486448007882559
818,False,Dodge Challenger,Dodge,"34,000 miles",36998,Challenger R/T Scat Pack,2021 Dodge,carmax,34000,36998,Challenger,R/T Scat Pack,2021,2021-dodge-challenger-r/t scat pack,148369831400936544512603922067725676874
819,False,Dodge Challenger,Dodge,"30,000 miles",37998,Challenger R/T Scat Pack,2021 Dodge,carmax,30000,37998,Challenger,R/T Scat Pack,2021,2021-dodge-challenger-r/t scat pack,148369831400936544512603922067725676874
820,False,Dodge Challenger,Dodge,"24,000 miles",40998,Challenger R/T Scat Pack,2021 Dodge,carmax,24000,40998,Challenger,R/T Scat Pack,2021,2021-dodge-challenger-r/t scat pack,148369831400936544512603922067725676874
821,False,Dodge Challenger,Dodge,"56,000 miles",34998,Challenger R/T Scat Pack,2021 Dodge,carmax,56000,34998,Challenger,R/T Scat Pack,2021,2021-dodge-challenger-r/t scat pack,148369831400936544512603922067725676874
822,False,Dodge Challenger,Dodge,"51,000 miles",36998,Challenger R/T Scat Pack,2021 Dodge,carmax,51000,36998,Challenger,R/T Scat Pack,2021,2021-dodge-challenger-r/t scat pack,148369831400936544512603922067725676874
823,False,Dodge Challenger,Dodge,"44,000 miles",35998,Challenger R/T Scat Pack,2021 Dodge,carmax,44000,35998,Challenger,R/T Scat Pack,2021,2021-dodge-challenger-r/t scat pack,148369831400936544512603922067725676874
824,False,Dodge Challenger,Dodge,"10,000 miles",39998,Challenger R/T Scat Pack,2021 Dodge,carmax,10000,39998,Challenger,R/T Scat Pack,2021,2021-dodge-challenger-r/t scat pack,148369831400936544512603922067725676874
825,False,Dodge Challenger,Dodge,"32,000 miles",37998,Challenger R/T Scat Pack,2021 Dodge,carmax,32000,37998,Challenger,R/T Scat Pack,2021,2021-dodge-challenger-r/t scat pack,148369831400936544512603922067725676874
826,False,Dodge Challenger,Dodge,"29,000 miles",37998,Challenger R/T Scat Pack,2021 Dodge,carmax,29000,37998,Challenger,R/T Scat Pack,2021,2021-dodge-challenger-r/t scat pack,148369831400936544512603922067725676874
827,False,Dodge Challenger,Dodge,"38,000 miles",36998,Challenger R/T Scat Pack,2021 Dodge,carmax,38000,36998,Challenger,R/T Scat Pack,2021,2021-dodge-challenger-r/t scat pack,148369831400936544512603922067725676874
828,False,Dodge Challenger,Dodge,"29,000 miles",37998,Challenger R/T Scat Pack,2021 Dodge,carmax,29000,37998,Challenger,R/T Scat Pack,2021,2021-dodge-challenger-r/t scat pack,148369831400936544512603922067725676874
829,False,Dodge Challenger,Dodge,"50,000 miles",36998,Challenger R/T Scat Pack,2021 Dodge,carmax,50000,36998,Challenger,R/T Scat Pack,2021,2021-dodge-challenger-r/t scat pack,148369831400936544512603922067725676874
830,False,Dodge Challenger,Dodge,"5,000 miles",51998,Challenger R/T Scat Pack Widebody,2021 Dodge,carmax,5000,51998,Challenger,R/T Scat Pack Widebody,2021,2021-dodge-challenger-r/t scat pack widebody,172817084889798236553539278209440601868
831,False,Dodge Challenger,Dodge,"15,000 miles",48998,Challenger R/T Scat Pack Widebody,2021 Dodge,carmax,15000,48998,Challenger,R/T Scat Pack Widebody,2021,2021-dodge-challenger-r/t scat pack widebody,172817084889798236553539278209440601868
832,False,Dodge Challenger,Dodge,"9,000 miles",50998,Challenger R/T Scat Pack Widebody,2021 Dodge,carmax,9000,50998,Challenger,R/T Scat Pack Widebody,2021,2021-dodge-challenger-r/t scat pack widebody,172817084889798236553539278209440601868
833,False,Dodge Challenger,Dodge,"42,000 miles",42998,Challenger R/T Scat Pack Widebody,2021 Dodge,carmax,42000,42998,Challenger,R/T Scat Pack Widebody,2021,2021-dodge-challenger-r/t scat pack widebody,172817084889798236553539278209440601868
834,False,Dodge Challenger,Dodge,"43,000 miles",41998,Challenger R/T Scat Pack Widebody,2021 Dodge,carmax,43000,41998,Challenger,R/T Scat Pack Widebody,2021,2021-dodge-challenger-r/t scat pack widebody,172817084889798236553539278209440601868
835,False,Dodge Challenger,Dodge,"55,000 miles",43998,Challenger R/T Scat Pack Widebody,2021 Dodge,carmax,55000,43998,Challenger,R/T Scat Pack Widebody,2021,2021-dodge-challenger-r/t scat pack widebody,172817084889798236553539278209440601868
836,False,Dodge Challenger,Dodge,"15,000 miles",48998,Challenger R/T Scat Pack Widebody,2021 Dodge,carmax,15000,48998,Challenger,R/T Scat Pack Widebody,2021,2021-dodge-challenger-r/t scat pack widebody,172817084889798236553539278209440601868
837,False,Dodge Challenger,Dodge,"53,000 miles",23998,Challenger SXT,2021 Dodge,carmax,53000,23998,Challenger,SXT,2021,2021-dodge-challenger-sxt,324401310963123785378377101855068004688
838,False,Dodge Challenger,Dodge,"53,000 miles",23998,Challenger SXT,2021 Dodge,carmax,53000,23998,Challenger,SXT,2021,2021-dodge-challenger-sxt,324401310963123785378377101855068004688
839,False,Dodge Challenger,Dodge,"55,000 miles",23998,Challenger SXT,2021 Dodge,carmax,55000,23998,Challenger,SXT,2021,2021-dodge-challenger-sxt,324401310963123785378377101855068004688
840,False,Dodge Challenger,Dodge,"48,000 miles",23998,Challenger SXT,2021 Dodge,carmax,48000,23998,Challenger,SXT,2021,2021-dodge-challenger-sxt,324401310963123785378377101855068004688
841,False,Dodge Challenger,Dodge,"33,000 miles",26998,Challenger SXT,2021 Dodge,carmax,33000,26998,Challenger,SXT,2021,2021-dodge-challenger-sxt,324401310963123785378377101855068004688
842,False,Dodge Challenger,Dodge,"32,000 miles",25998,Challenger SXT,2021 Dodge,carmax,32000,25998,Challenger,SXT,2021,2021-dodge-challenger-sxt,324401310963123785378377101855068004688
843,False,Dodge Challenger,Dodge,"18,000 miles",26998,Challenger SXT,2021 Dodge,carmax,18000,26998,Challenger,SXT,2021,2021-dodge-challenger-sxt,324401310963123785378377101855068004688
844,False,Dodge Challenger,Dodge,"52,000 miles",21998,Challenger SXT,2021 Dodge,carmax,52000,21998,Challenger,SXT,2021,2021-dodge-challenger-sxt,324401310963123785378377101855068004688
845,False,Dodge Challenger,Dodge,"60,000 miles",21998,Challenger SXT,2021 Dodge,carmax,60000,21998,Challenger,SXT,2021,2021-dodge-challenger-sxt,324401310963123785378377101855068004688
846,False,Dodge Challenger,Dodge,"24,000 miles",24998,Challenger SXT,2021 Dodge,carmax,24000,24998,Challenger,SXT,2021,2021-dodge-challenger-sxt,324401310963123785378377101855068004688
847,False,Dodge Challenger,Dodge,"38,000 miles",22998,Challenger SXT,2021 Dodge,carmax,38000,22998,Challenger,SXT,2021,2021-dodge-challenger-sxt,324401310963123785378377101855068004688
848,False,Dodge Challenger,Dodge,"53,000 miles",23998,Challenger SXT,2021 Dodge,carmax,53000,23998,Challenger,SXT,2021,2021-dodge-challenger-sxt,324401310963123785378377101855068004688
849,False,Dodge Challenger,Dodge,"30,000 miles",25998,Challenger SXT,2021 Dodge,carmax,30000,25998,Challenger,SXT,2021,2021-dodge-challenger-sxt,324401310963123785378377101855068004688
850,False,Dodge Challenger,Dodge,"78,000 miles",20998,Challenger SXT,2021 Dodge,carmax,78000,20998,Challenger,SXT,2021,2021-dodge-challenger-sxt,324401310963123785378377101855068004688
851,False,Dodge Challenger,Dodge,"45,000 miles",22998,Challenger SXT,2021 Dodge,carmax,45000,22998,Challenger,SXT,2021,2021-dodge-challenger-sxt,324401310963123785378377101855068004688
852,False,Dodge Challenger,Dodge,"34,000 miles",24998,Challenger SXT,2021 Dodge,carmax,34000,24998,Challenger,SXT,2021,2021-dodge-challenger-sxt,324401310963123785378377101855068004688
853,False,Dodge Challenger,Dodge,"73,000 miles",19998,Challenger SXT,2021 Dodge,carmax,73000,19998,Challenger,SXT,2021,2021-dodge-challenger-sxt,324401310963123785378377101855068004688
854,False,Dodge Challenger,Dodge,"45,000 miles",23998,Challenger SXT,2021 Dodge,carmax,45000,23998,Challenger,SXT,2021,2021-dodge-challenger-sxt,324401310963123785378377101855068004688
855,False,Dodge Challenger,Dodge,"30,000 miles",24998,Challenger SXT,2021 Dodge,carmax,30000,24998,Challenger,SXT,2021,2021-dodge-challenger-sxt,324401310963123785378377101855068004688
856,False,Dodge Challenger,Dodge,"57,000 miles",23998,Challenger SXT,2021 Dodge,carmax,57000,23998,Challenger,SXT,2021,2021-dodge-challenger-sxt,324401310963123785378377101855068004688
857,False,Dodge Challenger,Dodge,"55,000 miles",23998,Challenger SXT,2021 Dodge,carmax,55000,23998,Challenger,SXT,2021,2021-dodge-challenger-sxt,324401310963123785378377101855068004688
858,False,Dodge Charger,Dodge,"48,000 miles",29998,Charger GT,2021 Dodge,carmax,48000,29998,Charger,GT,2021,2021-dodge-charger-gt,83550646287249185692776107024978085944
859,False,Dodge Charger,Dodge,"35,000 miles",28998,Charger GT,2021 Dodge,carmax,35000,28998,Charger,GT,2021,2021-dodge-charger-gt,83550646287249185692776107024978085944
860,False,Dodge Charger,Dodge,"53,000 miles",27998,Charger GT,2021 Dodge,carmax,53000,27998,Charger,GT,2021,2021-dodge-charger-gt,83550646287249185692776107024978085944
861,False,Dodge Charger,Dodge,"51,000 miles",25998,Charger GT,2021 Dodge,carmax,51000,25998,Charger,GT,2021,2021-dodge-charger-gt,83550646287249185692776107024978085944
862,False,Dodge Charger,Dodge,"53,000 miles",27998,Charger GT,2021 Dodge,carmax,53000,27998,Charger,GT,2021,2021-dodge-charger-gt,83550646287249185692776107024978085944
863,False,Dodge Charger,Dodge,"48,000 miles",26998,Charger GT,2021 Dodge,carmax,48000,26998,Charger,GT,2021,2021-dodge-charger-gt,83550646287249185692776107024978085944
864,False,Dodge Charger,Dodge,"51,000 miles",24998,Charger GT,2021 Dodge,carmax,51000,24998,Charger,GT,2021,2021-dodge-charger-gt,83550646287249185692776107024978085944
865,False,Dodge Charger,Dodge,"47,000 miles",24998,Charger GT,2021 Dodge,carmax,47000,24998,Charger,GT,2021,2021-dodge-charger-gt,83550646287249185692776107024978085944
866,False,Dodge Charger,Dodge,"52,000 miles",26998,Charger GT,2021 Dodge,carmax,52000,26998,Charger,GT,2021,2021-dodge-charger-gt,83550646287249185692776107024978085944
867,False,Dodge Charger,Dodge,"68,000 miles",23998,Charger GT,2021 Dodge,carmax,68000,23998,Charger,GT,2021,2021-dodge-charger-gt,83550646287249185692776107024978085944
868,False,Dodge Charger,Dodge,"39,000 miles",31998,Charger GT,2021 Dodge,carmax,39000,31998,Charger,GT,2021,2021-dodge-charger-gt,83550646287249185692776107024978085944
869,False,Dodge Charger,Dodge,"44,000 miles",26998,Charger GT,2021 Dodge,carmax,44000,26998,Charger,GT,2021,2021-dodge-charger-gt,83550646287249185692776107024978085944
870,False,Dodge Charger,Dodge,"18,000 miles",29998,Charger GT,2021 Dodge,carmax,18000,29998,Charger,GT,2021,2021-dodge-charger-gt,83550646287249185692776107024978085944
871,False,Dodge Charger,Dodge,"35,000 miles",26998,Charger GT,2021 Dodge,carmax,35000,26998,Charger,GT,2021,2021-dodge-charger-gt,83550646287249185692776107024978085944
872,False,Dodge Charger,Dodge,"65,000 miles",23998,Charger GT,2021 Dodge,carmax,65000,23998,Charger,GT,2021,2021-dodge-charger-gt,83550646287249185692776107024978085944
873,False,Dodge Charger,Dodge,"40,000 miles",26998,Charger GT,2021 Dodge,carmax,40000,26998,Charger,GT,2021,2021-dodge-charger-gt,83550646287249185692776107024978085944
874,False,Dodge Charger,Dodge,"44,000 miles",27998,Charger GT,2021 Dodge,carmax,44000,27998,Charger,GT,2021,2021-dodge-charger-gt,83550646287249185692776107024978085944
875,False,Dodge Charger,Dodge,"23,000 miles",30998,Charger GT,2021 Dodge,carmax,23000,30998,Charger,GT,2021,2021-dodge-charger-gt,83550646287249185692776107024978085944
876,False,Dodge Charger,Dodge,"38,000 miles",27998,Charger GT,2021 Dodge,carmax,38000,27998,Charger,GT,2021,2021-dodge-charger-gt,83550646287249185692776107024978085944
877,False,Dodge Charger,Dodge,"27,000 miles",35998,Charger R/T,2021 Dodge,carmax,27000,35998,Charger,R/T,2021,2021-dodge-charger-r/t,42108871860286282736584357982478564322
878,False,Dodge Charger,Dodge,"50,000 miles",31998,Charger R/T,2021 Dodge,carmax,50000,31998,Charger,R/T,2021,2021-dodge-charger-r/t,42108871860286282736584357982478564322
879,False,Dodge Charger,Dodge,"34,000 miles",32998,Charger R/T,2021 Dodge,carmax,34000,32998,Charger,R/T,2021,2021-dodge-charger-r/t,42108871860286282736584357982478564322
880,False,Dodge Charger,Dodge,"5,000 miles",37998,Charger R/T,2021 Dodge,carmax,5000,37998,Charger,R/T,2021,2021-dodge-charger-r/t,42108871860286282736584357982478564322
881,False,Dodge Charger,Dodge,"44,000 miles",31998,Charger R/T,2021 Dodge,carmax,44000,31998,Charger,R/T,2021,2021-dodge-charger-r/t,42108871860286282736584357982478564322
882,False,Dodge Charger,Dodge,"41,000 miles",32998,Charger R/T,2021 Dodge,carmax,41000,32998,Charger,R/T,2021,2021-dodge-charger-r/t,42108871860286282736584357982478564322
883,False,Dodge Charger,Dodge,"36,000 miles",34998,Charger R/T,2021 Dodge,carmax,36000,34998,Charger,R/T,2021,2021-dodge-charger-r/t,42108871860286282736584357982478564322
884,False,Dodge Charger,Dodge,"26,000 miles",33998,Charger R/T,2021 Dodge,carmax,26000,33998,Charger,R/T,2021,2021-dodge-charger-r/t,42108871860286282736584357982478564322
885,False,Dodge Charger,Dodge,"39,000 miles",31998,Charger R/T,2021 Dodge,carmax,39000,31998,Charger,R/T,2021,2021-dodge-charger-r/t,42108871860286282736584357982478564322
886,False,Dodge Charger,Dodge,"32,000 miles",33998,Charger R/T,2021 Dodge,carmax,32000,33998,Charger,R/T,2021,2021-dodge-charger-r/t,42108871860286282736584357982478564322
887,False,Dodge Charger,Dodge,"57,000 miles",29998,Charger R/T,2021 Dodge,carmax,57000,29998,Charger,R/T,2021,2021-dodge-charger-r/t,42108871860286282736584357982478564322
888,False,Dodge Charger,Dodge,"59,000 miles",28998,Charger R/T,2021 Dodge,carmax,59000,28998,Charger,R/T,2021,2021-dodge-charger-r/t,42108871860286282736584357982478564322
889,False,Dodge Charger,Dodge,"16,000 miles",35998,Charger R/T,2021 Dodge,carmax,16000,35998,Charger,R/T,2021,2021-dodge-charger-r/t,42108871860286282736584357982478564322
890,False,Dodge Charger,Dodge,"30,000 miles",31998,Charger R/T,2021 Dodge,carmax,30000,31998,Charger,R/T,2021,2021-dodge-charger-r/t,42108871860286282736584357982478564322
891,False,Dodge Charger,Dodge,"49,000 miles",33998,Charger R/T,2021 Dodge,carmax,49000,33998,Charger,R/T,2021,2021-dodge-charger-r/t,42108871860286282736584357982478564322
892,False,Dodge Charger,Dodge,"49,000 miles",22998,Charger SXT,2021 Dodge,carmax,49000,22998,Charger,SXT,2021,2021-dodge-charger-sxt,317324899553238762569067990513863072508
893,False,Dodge Charger,Dodge,"60,000 miles",23998,Charger SXT,2021 Dodge,carmax,60000,23998,Charger,SXT,2021,2021-dodge-charger-sxt,317324899553238762569067990513863072508
894,False,Dodge Charger,Dodge,"51,000 miles",22998,Charger SXT,2021 Dodge,carmax,51000,22998,Charger,SXT,2021,2021-dodge-charger-sxt,317324899553238762569067990513863072508
895,False,Dodge Charger,Dodge,"41,000 miles",21998,Charger SXT,2021 Dodge,carmax,41000,21998,Charger,SXT,2021,2021-dodge-charger-sxt,317324899553238762569067990513863072508
896,False,Dodge Charger,Dodge,"47,000 miles",21998,Charger SXT,2021 Dodge,carmax,47000,21998,Charger,SXT,2021,2021-dodge-charger-sxt,317324899553238762569067990513863072508
897,False,Dodge Charger,Dodge,"50,000 miles",22998,Charger SXT,2021 Dodge,carmax,50000,22998,Charger,SXT,2021,2021-dodge-charger-sxt,317324899553238762569067990513863072508
898,False,Dodge Charger,Dodge,"37,000 miles",21998,Charger SXT,2021 Dodge,carmax,37000,21998,Charger,SXT,2021,2021-dodge-charger-sxt,317324899553238762569067990513863072508
899,False,Dodge Charger,Dodge,"43,000 miles",21998,Charger SXT,2021 Dodge,carmax,43000,21998,Charger,SXT,2021,2021-dodge-charger-sxt,317324899553238762569067990513863072508
900,False,Dodge Charger,Dodge,"41,000 miles",21998,Charger SXT,2021 Dodge,carmax,41000,21998,Charger,SXT,2021,2021-dodge-charger-sxt,317324899553238762569067990513863072508
901,False,Dodge Charger,Dodge,"44,000 miles",20998,Charger SXT,2021 Dodge,carmax,44000,20998,Charger,SXT,2021,2021-dodge-charger-sxt,317324899553238762569067990513863072508
902,False,Dodge Charger,Dodge,"45,000 miles",21998,Charger SXT,2021 Dodge,carmax,45000,21998,Charger,SXT,2021,2021-dodge-charger-sxt,317324899553238762569067990513863072508
903,False,Dodge Charger,Dodge,"35,000 miles",21998,Charger SXT,2021 Dodge,carmax,35000,21998,Charger,SXT,2021,2021-dodge-charger-sxt,317324899553238762569067990513863072508
904,False,Dodge Charger,Dodge,"40,000 miles",21998,Charger SXT,2021 Dodge,carmax,40000,21998,Charger,SXT,2021,2021-dodge-charger-sxt,317324899553238762569067990513863072508
905,False,Dodge Charger,Dodge,"43,000 miles",21998,Charger SXT,2021 Dodge,carmax,43000,21998,Charger,SXT,2021,2021-dodge-charger-sxt,317324899553238762569067990513863072508
906,False,Dodge Charger,Dodge,"46,000 miles",22998,Charger SXT,2021 Dodge,carmax,46000,22998,Charger,SXT,2021,2021-dodge-charger-sxt,317324899553238762569067990513863072508
907,False,Dodge Charger,Dodge,"48,000 miles",20998,Charger SXT,2021 Dodge,carmax,48000,20998,Charger,SXT,2021,2021-dodge-charger-sxt,317324899553238762569067990513863072508
908,False,Dodge Charger,Dodge,"55,000 miles",19998,Charger SXT,2021 Dodge,carmax,55000,19998,Charger,SXT,2021,2021-dodge-charger-sxt,317324899553238762569067990513863072508
909,False,Dodge Charger,Dodge,"35,000 miles",21998,Charger SXT,2021 Dodge,carmax,35000,21998,Charger,SXT,2021,2021-dodge-charger-sxt,317324899553238762569067990513863072508
910,False,Dodge Charger,Dodge,"48,000 miles",23998,Charger SXT,2021 Dodge,carmax,48000,23998,Charger,SXT,2021,2021-dodge-charger-sxt,317324899553238762569067990513863072508
911,False,Dodge Charger,Dodge,"48,000 miles",20998,Charger SXT,2021 Dodge,carmax,48000,20998,Charger,SXT,2021,2021-dodge-charger-sxt,317324899553238762569067990513863072508
912,False,Dodge Charger,Dodge,"43,000 miles",19998,Charger SXT,2021 Dodge,carmax,43000,19998,Charger,SXT,2021,2021-dodge-charger-sxt,317324899553238762569067990513863072508
913,False,Dodge Charger,Dodge,"37,000 miles",24998,Charger SXT,2021 Dodge,carmax,37000,24998,Charger,SXT,2021,2021-dodge-charger-sxt,317324899553238762569067990513863072508
914,False,Dodge Charger,Dodge,"12,000 miles",29998,Charger SXT,2021 Dodge,carmax,12000,29998,Charger,SXT,2021,2021-dodge-charger-sxt,317324899553238762569067990513863072508
915,False,Dodge Charger,Dodge,"51,000 miles",21998,Charger SXT,2021 Dodge,carmax,51000,21998,Charger,SXT,2021,2021-dodge-charger-sxt,317324899553238762569067990513863072508
916,False,Dodge Charger,Dodge,"36,000 miles",22998,Charger SXT,2021 Dodge,carmax,36000,22998,Charger,SXT,2021,2021-dodge-charger-sxt,317324899553238762569067990513863072508
917,False,Dodge Charger,Dodge,"31,000 miles",24998,Charger SXT,2021 Dodge,carmax,31000,24998,Charger,SXT,2021,2021-dodge-charger-sxt,317324899553238762569067990513863072508
918,False,Dodge Charger,Dodge,"41,000 miles",24998,Charger SXT,2021 Dodge,carmax,41000,24998,Charger,SXT,2021,2021-dodge-charger-sxt,317324899553238762569067990513863072508
919,False,Dodge Charger,Dodge,"41,000 miles",23998,Charger SXT,2021 Dodge,carmax,41000,23998,Charger,SXT,2021,2021-dodge-charger-sxt,317324899553238762569067990513863072508
920,False,Dodge Charger,Dodge,"43,000 miles",21998,Charger SXT,2021 Dodge,carmax,43000,21998,Charger,SXT,2021,2021-dodge-charger-sxt,317324899553238762569067990513863072508
921,False,Dodge Charger,Dodge,"33,000 miles",24998,Charger SXT,2021 Dodge,carmax,33000,24998,Charger,SXT,2021,2021-dodge-charger-sxt,317324899553238762569067990513863072508
922,False,Dodge Charger,Dodge,"76,000 miles",18998,Charger SXT,2021 Dodge,carmax,76000,18998,Charger,SXT,2021,2021-dodge-charger-sxt,317324899553238762569067990513863072508
923,False,Dodge Charger,Dodge,"35,000 miles",24998,Charger SXT,2021 Dodge,carmax,35000,24998,Charger,SXT,2021,2021-dodge-charger-sxt,317324899553238762569067990513863072508
924,False,Dodge Charger,Dodge,"39,000 miles",22998,Charger SXT,2021 Dodge,carmax,39000,22998,Charger,SXT,2021,2021-dodge-charger-sxt,317324899553238762569067990513863072508
925,False,Dodge Charger,Dodge,"22,000 miles",25998,Charger SXT,2021 Dodge,carmax,22000,25998,Charger,SXT,2021,2021-dodge-charger-sxt,317324899553238762569067990513863072508
926,False,Dodge Charger,Dodge,"15,000 miles",41998,Charger Scat Pack,2021 Dodge,carmax,15000,41998,Charger,Scat Pack,2021,2021-dodge-charger-scat pack,136617952891292494568289242523374147427
927,False,Dodge Charger,Dodge,"4,000 miles",47998,Charger Scat Pack,2021 Dodge,carmax,4000,47998,Charger,Scat Pack,2021,2021-dodge-charger-scat pack,136617952891292494568289242523374147427
928,False,Dodge Charger,Dodge,"36,000 miles",39998,Charger Scat Pack,2021 Dodge,carmax,36000,39998,Charger,Scat Pack,2021,2021-dodge-charger-scat pack,136617952891292494568289242523374147427
929,False,Dodge Charger,Dodge,"94,000 miles",33998,Charger Scat Pack,2021 Dodge,carmax,94000,33998,Charger,Scat Pack,2021,2021-dodge-charger-scat pack,136617952891292494568289242523374147427
930,False,Dodge Charger,Dodge,"32,000 miles",41998,Charger Scat Pack,2021 Dodge,carmax,32000,41998,Charger,Scat Pack,2021,2021-dodge-charger-scat pack,136617952891292494568289242523374147427
931,False,Dodge Charger,Dodge,"66,000 miles",34998,Charger Scat Pack,2021 Dodge,carmax,66000,34998,Charger,Scat Pack,2021,2021-dodge-charger-scat pack,136617952891292494568289242523374147427
932,False,Dodge Charger,Dodge,"21,000 miles",44998,Charger Scat Pack,2021 Dodge,carmax,21000,44998,Charger,Scat Pack,2021,2021-dodge-charger-scat pack,136617952891292494568289242523374147427
933,False,Dodge Charger,Dodge,"39,000 miles",41998,Charger Scat Pack,2021 Dodge,carmax,39000,41998,Charger,Scat Pack,2021,2021-dodge-charger-scat pack,136617952891292494568289242523374147427
934,False,Dodge Charger,Dodge,"12,000 miles",44998,Charger Scat Pack,2021 Dodge,carmax,12000,44998,Charger,Scat Pack,2021,2021-dodge-charger-scat pack,136617952891292494568289242523374147427
935,False,Dodge Charger,Dodge,"30,000 miles",40998,Charger Scat Pack,2021 Dodge,carmax,30000,40998,Charger,Scat Pack,2021,2021-dodge-charger-scat pack,136617952891292494568289242523374147427
936,False,Dodge Charger,Dodge,"57,000 miles",37998,Charger Scat Pack,2021 Dodge,carmax,57000,37998,Charger,Scat Pack,2021,2021-dodge-charger-scat pack,136617952891292494568289242523374147427
937,False,Dodge Charger,Dodge,"71,000 miles",36998,Charger Scat Pack,2021 Dodge,carmax,71000,36998,Charger,Scat Pack,2021,2021-dodge-charger-scat pack,136617952891292494568289242523374147427
938,False,Dodge Charger,Dodge,"89,000 miles",37998,Charger Scat Pack,2021 Dodge,carmax,89000,37998,Charger,Scat Pack,2021,2021-dodge-charger-scat pack,136617952891292494568289242523374147427
939,False,Dodge Charger,Dodge,"9,000 miles",47998,Charger Scat Pack,2021 Dodge,carmax,9000,47998,Charger,Scat Pack,2021,2021-dodge-charger-scat pack,136617952891292494568289242523374147427
940,False,Dodge Charger,Dodge,"23,000 miles",44998,Charger Scat Pack,2021 Dodge,carmax,23000,44998,Charger,Scat Pack,2021,2021-dodge-charger-scat pack,136617952891292494568289242523374147427
941,False,Dodge Charger,Dodge,"43,000 miles",37998,Charger Scat Pack,2021 Dodge,carmax,43000,37998,Charger,Scat Pack,2021,2021-dodge-charger-scat pack,136617952891292494568289242523374147427
942,False,Dodge Charger,Dodge,"18,000 miles",42998,Charger Scat Pack,2021 Dodge,carmax,18000,42998,Charger,Scat Pack,2021,2021-dodge-charger-scat pack,136617952891292494568289242523374147427
943,False,Dodge Charger,Dodge,"44,000 miles",37998,Charger Scat Pack,2021 Dodge,carmax,44000,37998,Charger,Scat Pack,2021,2021-dodge-charger-scat pack,136617952891292494568289242523374147427
944,False,Dodge Charger,Dodge,"38,000 miles",39998,Charger Scat Pack,2021 Dodge,carmax,38000,39998,Charger,Scat Pack,2021,2021-dodge-charger-scat pack,136617952891292494568289242523374147427
945,False,Dodge Charger,Dodge,"66,000 miles",38998,Charger Scat Pack,2021 Dodge,carmax,66000,38998,Charger,Scat Pack,2021,2021-dodge-charger-scat pack,136617952891292494568289242523374147427
946,False,Dodge Charger,Dodge,"11,000 miles",55998,Charger Scat Pack Widebody,2021 Dodge,carmax,11000,55998,Charger,Scat Pack Widebody,2021,2021-dodge-charger-scat pack widebody,88019902232547199587935454768344786216
947,False,Dodge Charger,Dodge,"13,000 miles",55998,Charger Scat Pack Widebody,2021 Dodge,carmax,13000,55998,Charger,Scat Pack Widebody,2021,2021-dodge-charger-scat pack widebody,88019902232547199587935454768344786216
948,False,Dodge Charger,Dodge,"14,000 miles",50998,Charger Scat Pack Widebody,2021 Dodge,carmax,14000,50998,Charger,Scat Pack Widebody,2021,2021-dodge-charger-scat pack widebody,88019902232547199587935454768344786216
949,False,Dodge Charger,Dodge,"28,000 miles",51998,Charger Scat Pack Widebody,2021 Dodge,carmax,28000,51998,Charger,Scat Pack Widebody,2021,2021-dodge-charger-scat pack widebody,88019902232547199587935454768344786216
950,False,Dodge Charger,Dodge,"21,000 miles",52998,Charger Scat Pack Widebody,2021 Dodge,carmax,21000,52998,Charger,Scat Pack Widebody,2021,2021-dodge-charger-scat pack widebody,88019902232547199587935454768344786216
951,False,Dodge Charger,Dodge,"27,000 miles",50998,Charger Scat Pack Widebody,2021 Dodge,carmax,27000,50998,Charger,Scat Pack Widebody,2021,2021-dodge-charger-scat pack widebody,88019902232547199587935454768344786216
952,False,Dodge Charger,Dodge,"16,000 miles",51998,Charger Scat Pack Widebody,2021 Dodge,carmax,16000,51998,Charger,Scat Pack Widebody,2021,2021-dodge-charger-scat pack widebody,88019902232547199587935454768344786216
953,False,Dodge Charger,Dodge,"5,000 miles",55998,Charger Scat Pack Widebody,2021 Dodge,carmax,5000,55998,Charger,Scat Pack Widebody,2021,2021-dodge-charger-scat pack widebody,88019902232547199587935454768344786216
954,False,Dodge Charger,Dodge,"71,000 miles",43998,Charger Scat Pack Widebody,2021 Dodge,carmax,71000,43998,Charger,Scat Pack Widebody,2021,2021-dodge-charger-scat pack widebody,88019902232547199587935454768344786216
955,False,Dodge Charger,Dodge,"17,000 miles",51998,Charger Scat Pack Widebody,2021 Dodge,carmax,17000,51998,Charger,Scat Pack Widebody,2021,2021-dodge-charger-scat pack widebody,88019902232547199587935454768344786216
956,False,Dodge Charger,Dodge,"38,000 miles",47998,Charger Scat Pack Widebody,2021 Dodge,carmax,38000,47998,Charger,Scat Pack Widebody,2021,2021-dodge-charger-scat pack widebody,88019902232547199587935454768344786216
957,False,Dodge Durango,Dodge,"48,000 miles",29998,Durango Citadel,2021 Dodge,carmax,48000,29998,Durango,Citadel,2021,2021-dodge-durango-citadel,326488221964097431245633352363645667196
958,False,Dodge Durango,Dodge,"37,000 miles",34998,Durango Citadel,2021 Dodge,carmax,37000,34998,Durango,Citadel,2021,2021-dodge-durango-citadel,326488221964097431245633352363645667196
959,False,Dodge Durango,Dodge,"24,000 miles",34998,Durango Citadel,2021 Dodge,carmax,24000,34998,Durango,Citadel,2021,2021-dodge-durango-citadel,326488221964097431245633352363645667196
960,False,Dodge Durango,Dodge,"32,000 miles",33998,Durango Citadel,2021 Dodge,carmax,32000,33998,Durango,Citadel,2021,2021-dodge-durango-citadel,326488221964097431245633352363645667196
961,False,Dodge Durango,Dodge,"4,000 miles",33998,Durango GT,2021 Dodge,carmax,4000,33998,Durango,GT,2021,2021-dodge-durango-gt,251393066833410517679535767732787442357
962,False,Dodge Durango,Dodge,"36,000 miles",26998,Durango GT,2021 Dodge,carmax,36000,26998,Durango,GT,2021,2021-dodge-durango-gt,251393066833410517679535767732787442357
963,False,Dodge Durango,Dodge,"51,000 miles",27998,Durango GT,2021 Dodge,carmax,51000,27998,Durango,GT,2021,2021-dodge-durango-gt,251393066833410517679535767732787442357
964,False,Dodge Durango,Dodge,"42,000 miles",30998,Durango GT,2021 Dodge,carmax,42000,30998,Durango,GT,2021,2021-dodge-durango-gt,251393066833410517679535767732787442357
965,False,Dodge Durango,Dodge,"6,000 miles",33998,Durango GT,2021 Dodge,carmax,6000,33998,Durango,GT,2021,2021-dodge-durango-gt,251393066833410517679535767732787442357
966,False,Dodge Durango,Dodge,"3,000 miles",33998,Durango GT,2021 Dodge,carmax,3000,33998,Durango,GT,2021,2021-dodge-durango-gt,251393066833410517679535767732787442357
967,False,Dodge Durango,Dodge,"69,000 miles",25998,Durango GT,2021 Dodge,carmax,69000,25998,Durango,GT,2021,2021-dodge-durango-gt,251393066833410517679535767732787442357
968,False,Dodge Durango,Dodge,"53,000 miles",29998,Durango GT Plus,2021 Dodge,carmax,53000,29998,Durango,GT Plus,2021,2021-dodge-durango-gt plus,98946159597732696011902887617133816190
969,False,Dodge Durango,Dodge,"86,000 miles",25998,Durango GT Plus,2021 Dodge,carmax,86000,25998,Durango,GT Plus,2021,2021-dodge-durango-gt plus,98946159597732696011902887617133816190
970,False,Dodge Durango,Dodge,"58,000 miles",26998,Durango GT Plus,2021 Dodge,carmax,58000,26998,Durango,GT Plus,2021,2021-dodge-durango-gt plus,98946159597732696011902887617133816190
971,False,Dodge Durango,Dodge,"37,000 miles",28998,Durango GT Plus,2021 Dodge,carmax,37000,28998,Durango,GT Plus,2021,2021-dodge-durango-gt plus,98946159597732696011902887617133816190
972,False,Dodge Durango,Dodge,"51,000 miles",29998,Durango GT Plus,2021 Dodge,carmax,51000,29998,Durango,GT Plus,2021,2021-dodge-durango-gt plus,98946159597732696011902887617133816190
973,False,Dodge Durango,Dodge,"50,000 miles",27998,Durango GT Plus,2021 Dodge,carmax,50000,27998,Durango,GT Plus,2021,2021-dodge-durango-gt plus,98946159597732696011902887617133816190
974,False,Dodge Durango,Dodge,"41,000 miles",31998,Durango GT Plus,2021 Dodge,carmax,41000,31998,Durango,GT Plus,2021,2021-dodge-durango-gt plus,98946159597732696011902887617133816190
975,False,Dodge Durango,Dodge,"27,000 miles",31998,Durango GT Plus,2021 Dodge,carmax,27000,31998,Durango,GT Plus,2021,2021-dodge-durango-gt plus,98946159597732696011902887617133816190
976,False,Dodge Durango,Dodge,"57,000 miles",27998,Durango GT Plus,2021 Dodge,carmax,57000,27998,Durango,GT Plus,2021,2021-dodge-durango-gt plus,98946159597732696011902887617133816190
977,False,Dodge Durango,Dodge,"28,000 miles",39998,Durango R/T,2021 Dodge,carmax,28000,39998,Durango,R/T,2021,2021-dodge-durango-r/t,69302102152780745943296654324699988155
978,False,Dodge Durango,Dodge,"27,000 miles",36998,Durango R/T,2021 Dodge,carmax,27000,36998,Durango,R/T,2021,2021-dodge-durango-r/t,69302102152780745943296654324699988155
979,False,Dodge Durango,Dodge,"55,000 miles",33998,Durango R/T,2021 Dodge,carmax,55000,33998,Durango,R/T,2021,2021-dodge-durango-r/t,69302102152780745943296654324699988155
980,False,Dodge Durango,Dodge,"51,000 miles",31998,Durango R/T,2021 Dodge,carmax,51000,31998,Durango,R/T,2021,2021-dodge-durango-r/t,69302102152780745943296654324699988155
981,False,Dodge Durango,Dodge,"66,000 miles",33998,Durango R/T,2021 Dodge,carmax,66000,33998,Durango,R/T,2021,2021-dodge-durango-r/t,69302102152780745943296654324699988155
982,False,Dodge Durango,Dodge,"62,000 miles",34998,Durango R/T,2021 Dodge,carmax,62000,34998,Durango,R/T,2021,2021-dodge-durango-r/t,69302102152780745943296654324699988155
983,False,Dodge Durango,Dodge,"32,000 miles",41998,Durango R/T,2021 Dodge,carmax,32000,41998,Durango,R/T,2021,2021-dodge-durango-r/t,69302102152780745943296654324699988155
984,False,Dodge Durango,Dodge,"41,000 miles",38998,Durango R/T,2021 Dodge,carmax,41000,38998,Durango,R/T,2021,2021-dodge-durango-r/t,69302102152780745943296654324699988155
985,False,Dodge Durango,Dodge,"27,000 miles",39998,Durango R/T,2021 Dodge,carmax,27000,39998,Durango,R/T,2021,2021-dodge-durango-r/t,69302102152780745943296654324699988155
986,False,Dodge Durango,Dodge,"36,000 miles",35998,Durango R/T,2021 Dodge,carmax,36000,35998,Durango,R/T,2021,2021-dodge-durango-r/t,69302102152780745943296654324699988155
987,False,Dodge Durango,Dodge,"31,000 miles",38998,Durango R/T,2021 Dodge,carmax,31000,38998,Durango,R/T,2021,2021-dodge-durango-r/t,69302102152780745943296654324699988155
988,False,Dodge Durango,Dodge,"57,000 miles",36998,Durango R/T,2021 Dodge,carmax,57000,36998,Durango,R/T,2021,2021-dodge-durango-r/t,69302102152780745943296654324699988155
989,False,Dodge Durango,Dodge,"37,000 miles",34998,Durango R/T,2021 Dodge,carmax,37000,34998,Durango,R/T,2021,2021-dodge-durango-r/t,69302102152780745943296654324699988155
990,False,Dodge Durango,Dodge,"50,000 miles",23998,Durango SXT,2021 Dodge,carmax,50000,23998,Durango,SXT,2021,2021-dodge-durango-sxt,323458365479474035353990794690981698449
991,False,Dodge Durango,Dodge,"46,000 miles",23998,Durango SXT,2021 Dodge,carmax,46000,23998,Durango,SXT,2021,2021-dodge-durango-sxt,323458365479474035353990794690981698449
992,False,Dodge Durango,Dodge,"43,000 miles",27998,Durango SXT,2021 Dodge,carmax,43000,27998,Durango,SXT,2021,2021-dodge-durango-sxt,323458365479474035353990794690981698449
993,False,Dodge Durango,Dodge,"52,000 miles",27998,Durango SXT Plus,2021 Dodge,carmax,52000,27998,Durango,SXT Plus,2021,2021-dodge-durango-sxt plus,179704367676399292809260789866776683083
994,False,Dodge Durango,Dodge,"56,000 miles",28998,Durango SXT Plus,2021 Dodge,carmax,56000,28998,Durango,SXT Plus,2021,2021-dodge-durango-sxt plus,179704367676399292809260789866776683083
995,False,Dodge Durango,Dodge,"53,000 miles",26998,Durango SXT Plus,2021 Dodge,carmax,53000,26998,Durango,SXT Plus,2021,2021-dodge-durango-sxt plus,179704367676399292809260789866776683083
996,False,Ford Mustang,Ford,"32,000 miles",23998,Mustang Ecoboost,2021 Ford,carmax,32000,23998,Mustang,Ecoboost,2021,2021-ford-mustang-ecoboost,215651356098584700362243930172041721543
997,False,Ford Mustang,Ford,"24,000 miles",25998,Mustang Ecoboost,2021 Ford,carmax,24000,25998,Mustang,Ecoboost,2021,2021-ford-mustang-ecoboost,215651356098584700362243930172041721543
998,False,Ford Mustang,Ford,"37,000 miles",25998,Mustang Ecoboost,2021 Ford,carmax,37000,25998,Mustang,Ecoboost,2021,2021-ford-mustang-ecoboost,215651356098584700362243930172041721543
999,False,Ford Mustang,Ford,"7,000 miles",27998,Mustang Ecoboost,2021 Ford,carmax,7000,27998,Mustang,Ecoboost,2021,2021-ford-mustang-ecoboost,215651356098584700362243930172041721543
1000,False,Ford Mustang,Ford,"35,000 miles",28998,Mustang Ecoboost,2021 Ford,carmax,35000,28998,Mustang,Ecoboost,2021,2021-ford-mustang-ecoboost,215651356098584700362243930172041721543
1001,False,Ford Mustang,Ford,"35,000 miles",25998,Mustang Ecoboost,2021 Ford,carmax,35000,25998,Mustang,Ecoboost,2021,2021-ford-mustang-ecoboost,215651356098584700362243930172041721543
1002,False,Ford Mustang,Ford,"24,000 miles",24998,Mustang Ecoboost,2021 Ford,carmax,24000,24998,Mustang,Ecoboost,2021,2021-ford-mustang-ecoboost,215651356098584700362243930172041721543
1003,False,Ford Mustang,Ford,"5,000 miles",27998,Mustang Ecoboost,2021 Ford,carmax,5000,27998,Mustang,Ecoboost,2021,2021-ford-mustang-ecoboost,215651356098584700362243930172041721543
1004,False,Ford Mustang,Ford,"19,000 miles",25998,Mustang Ecoboost,2021 Ford,carmax,19000,25998,Mustang,Ecoboost,2021,2021-ford-mustang-ecoboost,215651356098584700362243930172041721543
1005,False,Ford Mustang,Ford,"24,000 miles",25998,Mustang Ecoboost,2021 Ford,carmax,24000,25998,Mustang,Ecoboost,2021,2021-ford-mustang-ecoboost,215651356098584700362243930172041721543
1006,False,Ford Mustang,Ford,"25,000 miles",25998,Mustang Ecoboost,2021 Ford,carmax,25000,25998,Mustang,Ecoboost,2021,2021-ford-mustang-ecoboost,215651356098584700362243930172041721543
1007,False,Ford Mustang,Ford,"49,000 miles",23998,Mustang Ecoboost,2021 Ford,carmax,49000,23998,Mustang,Ecoboost,2021,2021-ford-mustang-ecoboost,215651356098584700362243930172041721543
1008,False,Ford Mustang,Ford,"27,000 miles",26998,Mustang Ecoboost,2021 Ford,carmax,27000,26998,Mustang,Ecoboost,2021,2021-ford-mustang-ecoboost,215651356098584700362243930172041721543
1009,False,Ford Mustang,Ford,"25,000 miles",26998,Mustang Ecoboost,2021 Ford,carmax,25000,26998,Mustang,Ecoboost,2021,2021-ford-mustang-ecoboost,215651356098584700362243930172041721543
1010,False,Ford Mustang,Ford,"21,000 miles",26998,Mustang Ecoboost,2021 Ford,carmax,21000,26998,Mustang,Ecoboost,2021,2021-ford-mustang-ecoboost,215651356098584700362243930172041721543
1011,False,Ford Mustang,Ford,"54,000 miles",23998,Mustang Ecoboost Premium,2021 Ford,carmax,54000,23998,Mustang,Ecoboost Premium,2021,2021-ford-mustang-ecoboost premium,99607190331703967110776614095074339328
1012,False,Ford Mustang,Ford,"56,000 miles",24998,Mustang Ecoboost Premium,2021 Ford,carmax,56000,24998,Mustang,Ecoboost Premium,2021,2021-ford-mustang-ecoboost premium,99607190331703967110776614095074339328
1013,False,Ford Mustang,Ford,"46,000 miles",24998,Mustang Ecoboost Premium,2021 Ford,carmax,46000,24998,Mustang,Ecoboost Premium,2021,2021-ford-mustang-ecoboost premium,99607190331703967110776614095074339328
1014,False,Ford Mustang,Ford,"37,000 miles",27998,Mustang Ecoboost Premium,2021 Ford,carmax,37000,27998,Mustang,Ecoboost Premium,2021,2021-ford-mustang-ecoboost premium,99607190331703967110776614095074339328
1015,False,Ford Mustang,Ford,"75,000 miles",22998,Mustang Ecoboost Premium,2021 Ford,carmax,75000,22998,Mustang,Ecoboost Premium,2021,2021-ford-mustang-ecoboost premium,99607190331703967110776614095074339328
1016,False,Ford Mustang,Ford,"34,000 miles",27998,Mustang Ecoboost Premium,2021 Ford,carmax,34000,27998,Mustang,Ecoboost Premium,2021,2021-ford-mustang-ecoboost premium,99607190331703967110776614095074339328
1017,False,Ford Mustang,Ford,"40,000 miles",24998,Mustang Ecoboost Premium,2021 Ford,carmax,40000,24998,Mustang,Ecoboost Premium,2021,2021-ford-mustang-ecoboost premium,99607190331703967110776614095074339328
1018,False,Ford Mustang,Ford,"16,000 miles",28998,Mustang Ecoboost Premium,2021 Ford,carmax,16000,28998,Mustang,Ecoboost Premium,2021,2021-ford-mustang-ecoboost premium,99607190331703967110776614095074339328
1019,False,Ford Mustang,Ford,"48,000 miles",24998,Mustang Ecoboost Premium,2021 Ford,carmax,48000,24998,Mustang,Ecoboost Premium,2021,2021-ford-mustang-ecoboost premium,99607190331703967110776614095074339328
1020,False,Ford Mustang,Ford,"41,000 miles",27998,Mustang Ecoboost Premium,2021 Ford,carmax,41000,27998,Mustang,Ecoboost Premium,2021,2021-ford-mustang-ecoboost premium,99607190331703967110776614095074339328
1021,False,Ford Mustang,Ford,"30,000 miles",26998,Mustang Ecoboost Premium,2021 Ford,carmax,30000,26998,Mustang,Ecoboost Premium,2021,2021-ford-mustang-ecoboost premium,99607190331703967110776614095074339328
1022,False,Ford Mustang,Ford,"112,000 miles",18998,Mustang Ecoboost Premium,2021 Ford,carmax,112000,18998,Mustang,Ecoboost Premium,2021,2021-ford-mustang-ecoboost premium,99607190331703967110776614095074339328
1023,False,Ford Mustang,Ford,"22,000 miles",29998,Mustang Ecoboost Premium,2021 Ford,carmax,22000,29998,Mustang,Ecoboost Premium,2021,2021-ford-mustang-ecoboost premium,99607190331703967110776614095074339328
1024,False,Ford Mustang,Ford,"63,000 miles",23998,Mustang Ecoboost Premium,2021 Ford,carmax,63000,23998,Mustang,Ecoboost Premium,2021,2021-ford-mustang-ecoboost premium,99607190331703967110776614095074339328
1025,False,Ford Mustang,Ford,"16,000 miles",28998,Mustang Ecoboost Premium,2021 Ford,carmax,16000,28998,Mustang,Ecoboost Premium,2021,2021-ford-mustang-ecoboost premium,99607190331703967110776614095074339328
1026,False,Ford Mustang,Ford,"22,000 miles",26998,Mustang Ecoboost Premium,2021 Ford,carmax,22000,26998,Mustang,Ecoboost Premium,2021,2021-ford-mustang-ecoboost premium,99607190331703967110776614095074339328
1027,False,Ford Mustang,Ford,"43,000 miles",32998,Mustang GT,2021 Ford,carmax,43000,32998,Mustang,GT,2021,2021-ford-mustang-gt,30906847143181347273300024446865174976
1028,False,Ford Mustang,Ford,"43,000 miles",30998,Mustang GT,2021 Ford,carmax,43000,30998,Mustang,GT,2021,2021-ford-mustang-gt,30906847143181347273300024446865174976
1029,False,Ford Mustang,Ford,"29,000 miles",33998,Mustang GT,2021 Ford,carmax,29000,33998,Mustang,GT,2021,2021-ford-mustang-gt,30906847143181347273300024446865174976
1030,False,Ford Mustang,Ford,"14,000 miles",33998,Mustang GT,2021 Ford,carmax,14000,33998,Mustang,GT,2021,2021-ford-mustang-gt,30906847143181347273300024446865174976
1031,False,Ford Mustang,Ford,"10,000 miles",35998,Mustang GT,2021 Ford,carmax,10000,35998,Mustang,GT,2021,2021-ford-mustang-gt,30906847143181347273300024446865174976
1032,False,Ford Mustang,Ford,"39,000 miles",30998,Mustang GT,2021 Ford,carmax,39000,30998,Mustang,GT,2021,2021-ford-mustang-gt,30906847143181347273300024446865174976
1033,False,Ford Mustang,Ford,"86,000 miles",28998,Mustang GT,2021 Ford,carmax,86000,28998,Mustang,GT,2021,2021-ford-mustang-gt,30906847143181347273300024446865174976
1034,False,Ford Mustang,Ford,"59,000 miles",29998,Mustang GT,2021 Ford,carmax,59000,29998,Mustang,GT,2021,2021-ford-mustang-gt,30906847143181347273300024446865174976
1035,False,Ford Mustang,Ford,"11,000 miles",35998,Mustang GT,2021 Ford,carmax,11000,35998,Mustang,GT,2021,2021-ford-mustang-gt,30906847143181347273300024446865174976
1036,False,Ford Mustang,Ford,"36,000 miles",32998,Mustang GT,2021 Ford,carmax,36000,32998,Mustang,GT,2021,2021-ford-mustang-gt,30906847143181347273300024446865174976
1037,False,Ford Mustang,Ford,"35,000 miles",37998,Mustang GT Premium,2021 Ford,carmax,35000,37998,Mustang,GT Premium,2021,2021-ford-mustang-gt premium,42055457874489535919690402459852948364
1038,False,Ford Mustang,Ford,"14,000 miles",39998,Mustang GT Premium,2021 Ford,carmax,14000,39998,Mustang,GT Premium,2021,2021-ford-mustang-gt premium,42055457874489535919690402459852948364
1039,False,Ford Mustang,Ford,"37,000 miles",36998,Mustang GT Premium,2021 Ford,carmax,37000,36998,Mustang,GT Premium,2021,2021-ford-mustang-gt premium,42055457874489535919690402459852948364
1040,False,Ford Mustang,Ford,"18,000 miles",39998,Mustang GT Premium,2021 Ford,carmax,18000,39998,Mustang,GT Premium,2021,2021-ford-mustang-gt premium,42055457874489535919690402459852948364
1041,False,Ford Mustang,Ford,"39,000 miles",33998,Mustang GT Premium,2021 Ford,carmax,39000,33998,Mustang,GT Premium,2021,2021-ford-mustang-gt premium,42055457874489535919690402459852948364
1042,False,Ford Mustang,Ford,"3,000 miles",38998,Mustang GT Premium,2021 Ford,carmax,3000,38998,Mustang,GT Premium,2021,2021-ford-mustang-gt premium,42055457874489535919690402459852948364
1043,False,Ford Mustang,Ford,"12,000 miles",37998,Mustang GT Premium,2021 Ford,carmax,12000,37998,Mustang,GT Premium,2021,2021-ford-mustang-gt premium,42055457874489535919690402459852948364
1044,False,Ford Mustang,Ford,"15,000 miles",36998,Mustang GT Premium,2021 Ford,carmax,15000,36998,Mustang,GT Premium,2021,2021-ford-mustang-gt premium,42055457874489535919690402459852948364
1045,False,Ford Mustang,Ford,"20,000 miles",36998,Mustang GT Premium,2021 Ford,carmax,20000,36998,Mustang,GT Premium,2021,2021-ford-mustang-gt premium,42055457874489535919690402459852948364
1046,False,Ford Mustang,Ford,"36,000 miles",36998,Mustang GT Premium,2021 Ford,carmax,36000,36998,Mustang,GT Premium,2021,2021-ford-mustang-gt premium,42055457874489535919690402459852948364
1047,False,Ford Mustang,Ford,"2,000 miles",39998,Mustang GT Premium,2021 Ford,carmax,2000,39998,Mustang,GT Premium,2021,2021-ford-mustang-gt premium,42055457874489535919690402459852948364
1048,False,Ford Mustang,Ford,"7,000 miles",42998,Mustang GT Premium,2021 Ford,carmax,7000,42998,Mustang,GT Premium,2021,2021-ford-mustang-gt premium,42055457874489535919690402459852948364
1049,False,Ford Mustang,Ford,"13,000 miles",40998,Mustang GT Premium,2021 Ford,carmax,13000,40998,Mustang,GT Premium,2021,2021-ford-mustang-gt premium,42055457874489535919690402459852948364
1050,False,Ford Mustang,Ford,"24,000 miles",36998,Mustang GT Premium,2021 Ford,carmax,24000,36998,Mustang,GT Premium,2021,2021-ford-mustang-gt premium,42055457874489535919690402459852948364
1051,False,Ford Mustang,Ford,"12,000 miles",38998,Mustang GT Premium,2021 Ford,carmax,12000,38998,Mustang,GT Premium,2021,2021-ford-mustang-gt premium,42055457874489535919690402459852948364
1052,False,Ford Mustang,Ford,"15,000 miles",39998,Mustang GT Premium,2021 Ford,carmax,15000,39998,Mustang,GT Premium,2021,2021-ford-mustang-gt premium,42055457874489535919690402459852948364
1053,False,Ford Mustang,Ford,"34,000 miles",36998,Mustang GT Premium,2021 Ford,carmax,34000,36998,Mustang,GT Premium,2021,2021-ford-mustang-gt premium,42055457874489535919690402459852948364
1054,False,Ford Mustang,Ford,"40,000 miles",34998,Mustang GT Premium,2021 Ford,carmax,40000,34998,Mustang,GT Premium,2021,2021-ford-mustang-gt premium,42055457874489535919690402459852948364
1055,False,Ford Mustang,Ford,"51,000 miles",34998,Mustang GT Premium,2021 Ford,carmax,51000,34998,Mustang,GT Premium,2021,2021-ford-mustang-gt premium,42055457874489535919690402459852948364
1056,False,Ford Mustang,Ford,"7,000 miles",40998,Mustang GT Premium,2021 Ford,carmax,7000,40998,Mustang,GT Premium,2021,2021-ford-mustang-gt premium,42055457874489535919690402459852948364
1057,False,Ford Mustang,Ford,"47,000 miles",34998,Mustang GT Premium,2021 Ford,carmax,47000,34998,Mustang,GT Premium,2021,2021-ford-mustang-gt premium,42055457874489535919690402459852948364
1058,False,Ford Mustang,Ford,"5,000 miles",53998,Mustang Mach 1,2021 Ford,carmax,5000,53998,Mustang,Mach 1,2021,2021-ford-mustang-mach 1,71211939103123813679412653145771772492
1059,False,Ford Mustang,Ford,"26,000 miles",50998,Mustang Mach 1,2021 Ford,carmax,26000,50998,Mustang,Mach 1,2021,2021-ford-mustang-mach 1,71211939103123813679412653145771772492
1060,False,Ford Mustang,Ford,"7,000 miles",53998,Mustang Mach 1,2021 Ford,carmax,7000,53998,Mustang,Mach 1,2021,2021-ford-mustang-mach 1,71211939103123813679412653145771772492
1061,False,Ford Mustang,Ford,"40,000 miles",46998,Mustang Mach 1,2021 Ford,carmax,40000,46998,Mustang,Mach 1,2021,2021-ford-mustang-mach 1,71211939103123813679412653145771772492
1062,False,Ford Mustang,Ford,"66,000 miles",43998,Mustang Mach 1,2021 Ford,carmax,66000,43998,Mustang,Mach 1,2021,2021-ford-mustang-mach 1,71211939103123813679412653145771772492
1063,False,Ford Mustang,Ford,"24,000 miles",79998,Mustang Shelby GT500,2021 Ford,carmax,24000,79998,Mustang,Shelby GT500,2021,2021-ford-mustang-shelby gt500,20932752520135413662254071863183571444
1064,False,Ford Mustang,Ford,"3,000 miles",85998,Mustang Shelby GT500,2021 Ford,carmax,3000,85998,Mustang,Shelby GT500,2021,2021-ford-mustang-shelby gt500,20932752520135413662254071863183571444
1065,False,Dodge Challenger,Dodge,"35,000 miles",25998,Challenger GT,2022 Dodge,carmax,35000,25998,Challenger,GT,2022,2022-dodge-challenger-gt,158890227470753090544956228358141856165
1066,False,Dodge Challenger,Dodge,"55,000 miles",24998,Challenger GT,2022 Dodge,carmax,55000,24998,Challenger,GT,2022,2022-dodge-challenger-gt,158890227470753090544956228358141856165
1067,False,Dodge Challenger,Dodge,"19,000 miles",27998,Challenger GT,2022 Dodge,carmax,19000,27998,Challenger,GT,2022,2022-dodge-challenger-gt,158890227470753090544956228358141856165
1068,False,Dodge Challenger,Dodge,"34,000 miles",24998,Challenger GT,2022 Dodge,carmax,34000,24998,Challenger,GT,2022,2022-dodge-challenger-gt,158890227470753090544956228358141856165
1069,False,Dodge Challenger,Dodge,"15,000 miles",29998,Challenger GT,2022 Dodge,carmax,15000,29998,Challenger,GT,2022,2022-dodge-challenger-gt,158890227470753090544956228358141856165
1070,False,Dodge Challenger,Dodge,"57,000 miles",26998,Challenger GT,2022 Dodge,carmax,57000,26998,Challenger,GT,2022,2022-dodge-challenger-gt,158890227470753090544956228358141856165
1071,False,Dodge Challenger,Dodge,"58,000 miles",22998,Challenger GT,2022 Dodge,carmax,58000,22998,Challenger,GT,2022,2022-dodge-challenger-gt,158890227470753090544956228358141856165
1072,False,Dodge Challenger,Dodge,"8,000 miles",31998,Challenger GT,2022 Dodge,carmax,8000,31998,Challenger,GT,2022,2022-dodge-challenger-gt,158890227470753090544956228358141856165
1073,False,Dodge Challenger,Dodge,"57,000 miles",24998,Challenger GT,2022 Dodge,carmax,57000,24998,Challenger,GT,2022,2022-dodge-challenger-gt,158890227470753090544956228358141856165
1074,False,Dodge Challenger,Dodge,"36,000 miles",28998,Challenger GT,2022 Dodge,carmax,36000,28998,Challenger,GT,2022,2022-dodge-challenger-gt,158890227470753090544956228358141856165
1075,False,Dodge Challenger,Dodge,"44,000 miles",25998,Challenger GT,2022 Dodge,carmax,44000,25998,Challenger,GT,2022,2022-dodge-challenger-gt,158890227470753090544956228358141856165
1076,False,Dodge Challenger,Dodge,"60,000 miles",25998,Challenger GT,2022 Dodge,carmax,60000,25998,Challenger,GT,2022,2022-dodge-challenger-gt,158890227470753090544956228358141856165
1077,False,Dodge Challenger,Dodge,"47,000 miles",24998,Challenger GT,2022 Dodge,carmax,47000,24998,Challenger,GT,2022,2022-dodge-challenger-gt,158890227470753090544956228358141856165
1078,False,Dodge Challenger,Dodge,"49,000 miles",25998,Challenger GT,2022 Dodge,carmax,49000,25998,Challenger,GT,2022,2022-dodge-challenger-gt,158890227470753090544956228358141856165
1079,False,Dodge Challenger,Dodge,"36,000 miles",25998,Challenger GT,2022 Dodge,carmax,36000,25998,Challenger,GT,2022,2022-dodge-challenger-gt,158890227470753090544956228358141856165
1080,False,Dodge Challenger,Dodge,"42,000 miles",25998,Challenger GT,2022 Dodge,carmax,42000,25998,Challenger,GT,2022,2022-dodge-challenger-gt,158890227470753090544956228358141856165
1081,False,Dodge Challenger,Dodge,"36,000 miles",34998,Challenger R/T,2022 Dodge,carmax,36000,34998,Challenger,R/T,2022,2022-dodge-challenger-r/t,26285292331470638135737819327891919841
1082,False,Dodge Challenger,Dodge,"36,000 miles",30998,Challenger R/T,2022 Dodge,carmax,36000,30998,Challenger,R/T,2022,2022-dodge-challenger-r/t,26285292331470638135737819327891919841
1083,False,Dodge Challenger,Dodge,"41,000 miles",29998,Challenger R/T,2022 Dodge,carmax,41000,29998,Challenger,R/T,2022,2022-dodge-challenger-r/t,26285292331470638135737819327891919841
1084,False,Dodge Challenger,Dodge,"13,000 miles",34998,Challenger R/T,2022 Dodge,carmax,13000,34998,Challenger,R/T,2022,2022-dodge-challenger-r/t,26285292331470638135737819327891919841
1085,False,Dodge Challenger,Dodge,"28,000 miles",32998,Challenger R/T,2022 Dodge,carmax,28000,32998,Challenger,R/T,2022,2022-dodge-challenger-r/t,26285292331470638135737819327891919841
1086,False,Dodge Challenger,Dodge,"60,000 miles",28998,Challenger R/T,2022 Dodge,carmax,60000,28998,Challenger,R/T,2022,2022-dodge-challenger-r/t,26285292331470638135737819327891919841
1087,False,Dodge Challenger,Dodge,"26,000 miles",30998,Challenger R/T,2022 Dodge,carmax,26000,30998,Challenger,R/T,2022,2022-dodge-challenger-r/t,26285292331470638135737819327891919841
1088,False,Dodge Challenger,Dodge,"47,000 miles",30998,Challenger R/T,2022 Dodge,carmax,47000,30998,Challenger,R/T,2022,2022-dodge-challenger-r/t,26285292331470638135737819327891919841
1089,False,Dodge Challenger,Dodge,"4,000 miles",35998,Challenger R/T,2022 Dodge,carmax,4000,35998,Challenger,R/T,2022,2022-dodge-challenger-r/t,26285292331470638135737819327891919841
1090,False,Dodge Challenger,Dodge,"8,000 miles",33998,Challenger R/T,2022 Dodge,carmax,8000,33998,Challenger,R/T,2022,2022-dodge-challenger-r/t,26285292331470638135737819327891919841
1091,False,Dodge Challenger,Dodge,"41,000 miles",31998,Challenger R/T,2022 Dodge,carmax,41000,31998,Challenger,R/T,2022,2022-dodge-challenger-r/t,26285292331470638135737819327891919841
1092,False,Dodge Challenger,Dodge,"63,000 miles",30998,Challenger R/T,2022 Dodge,carmax,63000,30998,Challenger,R/T,2022,2022-dodge-challenger-r/t,26285292331470638135737819327891919841
1093,False,Dodge Challenger,Dodge,"21,000 miles",31998,Challenger R/T,2022 Dodge,carmax,21000,31998,Challenger,R/T,2022,2022-dodge-challenger-r/t,26285292331470638135737819327891919841
1094,False,Dodge Challenger,Dodge,"7,000 miles",34998,Challenger R/T,2022 Dodge,carmax,7000,34998,Challenger,R/T,2022,2022-dodge-challenger-r/t,26285292331470638135737819327891919841
1095,False,Dodge Challenger,Dodge,"24,000 miles",38998,Challenger R/T Scat Pack,2022 Dodge,carmax,24000,38998,Challenger,R/T Scat Pack,2022,2022-dodge-challenger-r/t scat pack,107612641542707838580085108945611985610
1096,False,Dodge Challenger,Dodge,"25,000 miles",38998,Challenger R/T Scat Pack,2022 Dodge,carmax,25000,38998,Challenger,R/T Scat Pack,2022,2022-dodge-challenger-r/t scat pack,107612641542707838580085108945611985610
1097,False,Dodge Challenger,Dodge,"26,000 miles",35998,Challenger R/T Scat Pack,2022 Dodge,carmax,26000,35998,Challenger,R/T Scat Pack,2022,2022-dodge-challenger-r/t scat pack,107612641542707838580085108945611985610
1098,False,Dodge Challenger,Dodge,"27,000 miles",38998,Challenger R/T Scat Pack,2022 Dodge,carmax,27000,38998,Challenger,R/T Scat Pack,2022,2022-dodge-challenger-r/t scat pack,107612641542707838580085108945611985610
1099,False,Dodge Challenger,Dodge,"38,000 miles",36998,Challenger R/T Scat Pack,2022 Dodge,carmax,38000,36998,Challenger,R/T Scat Pack,2022,2022-dodge-challenger-r/t scat pack,107612641542707838580085108945611985610
1100,False,Dodge Challenger,Dodge,"46,000 miles",44998,Challenger R/T Scat Pack,2022 Dodge,carmax,46000,44998,Challenger,R/T Scat Pack,2022,2022-dodge-challenger-r/t scat pack,107612641542707838580085108945611985610
1101,False,Dodge Challenger,Dodge,"36,000 miles",38998,Challenger R/T Scat Pack,2022 Dodge,carmax,36000,38998,Challenger,R/T Scat Pack,2022,2022-dodge-challenger-r/t scat pack,107612641542707838580085108945611985610
1102,False,Dodge Challenger,Dodge,"44,000 miles",36998,Challenger R/T Scat Pack,2022 Dodge,carmax,44000,36998,Challenger,R/T Scat Pack,2022,2022-dodge-challenger-r/t scat pack,107612641542707838580085108945611985610
1103,False,Dodge Challenger,Dodge,"21,000 miles",36998,Challenger R/T Scat Pack,2022 Dodge,carmax,21000,36998,Challenger,R/T Scat Pack,2022,2022-dodge-challenger-r/t scat pack,107612641542707838580085108945611985610
1104,False,Dodge Challenger,Dodge,"14,000 miles",39998,Challenger R/T Scat Pack,2022 Dodge,carmax,14000,39998,Challenger,R/T Scat Pack,2022,2022-dodge-challenger-r/t scat pack,107612641542707838580085108945611985610
1105,False,Dodge Challenger,Dodge,"19,000 miles",46998,Challenger R/T Scat Pack Widebody,2022 Dodge,carmax,19000,46998,Challenger,R/T Scat Pack Widebody,2022,2022-dodge-challenger-r/t scat pack widebody,134841431794572819684551217363606413610
1106,False,Dodge Challenger,Dodge,"13,000 miles",48998,Challenger R/T Scat Pack Widebody,2022 Dodge,carmax,13000,48998,Challenger,R/T Scat Pack Widebody,2022,2022-dodge-challenger-r/t scat pack widebody,134841431794572819684551217363606413610
1107,False,Dodge Challenger,Dodge,"31,000 miles",43998,Challenger R/T Scat Pack Widebody,2022 Dodge,carmax,31000,43998,Challenger,R/T Scat Pack Widebody,2022,2022-dodge-challenger-r/t scat pack widebody,134841431794572819684551217363606413610
1108,False,Dodge Challenger,Dodge,"26,000 miles",49998,Challenger R/T Scat Pack Widebody,2022 Dodge,carmax,26000,49998,Challenger,R/T Scat Pack Widebody,2022,2022-dodge-challenger-r/t scat pack widebody,134841431794572819684551217363606413610
1109,False,Dodge Challenger,Dodge,"38,000 miles",46998,Challenger R/T Scat Pack Widebody,2022 Dodge,carmax,38000,46998,Challenger,R/T Scat Pack Widebody,2022,2022-dodge-challenger-r/t scat pack widebody,134841431794572819684551217363606413610
1110,False,Dodge Challenger,Dodge,"39,000 miles",44998,Challenger R/T Scat Pack Widebody,2022 Dodge,carmax,39000,44998,Challenger,R/T Scat Pack Widebody,2022,2022-dodge-challenger-r/t scat pack widebody,134841431794572819684551217363606413610
1111,False,Dodge Challenger,Dodge,"39,000 miles",45998,Challenger R/T Scat Pack Widebody,2022 Dodge,carmax,39000,45998,Challenger,R/T Scat Pack Widebody,2022,2022-dodge-challenger-r/t scat pack widebody,134841431794572819684551217363606413610
1112,False,Dodge Challenger,Dodge,"9,000 miles",26998,Challenger SXT,2022 Dodge,carmax,9000,26998,Challenger,SXT,2022,2022-dodge-challenger-sxt,187459457628459040428692867259811831362
1113,False,Dodge Challenger,Dodge,"33,000 miles",29998,Challenger SXT,2022 Dodge,carmax,33000,29998,Challenger,SXT,2022,2022-dodge-challenger-sxt,187459457628459040428692867259811831362
1114,False,Dodge Challenger,Dodge,"30,000 miles",26998,Challenger SXT,2022 Dodge,carmax,30000,26998,Challenger,SXT,2022,2022-dodge-challenger-sxt,187459457628459040428692867259811831362
1115,False,Dodge Challenger,Dodge,"30,000 miles",25998,Challenger SXT,2022 Dodge,carmax,30000,25998,Challenger,SXT,2022,2022-dodge-challenger-sxt,187459457628459040428692867259811831362
1116,False,Dodge Challenger,Dodge,"35,000 miles",25998,Challenger SXT,2022 Dodge,carmax,35000,25998,Challenger,SXT,2022,2022-dodge-challenger-sxt,187459457628459040428692867259811831362
1117,False,Dodge Challenger,Dodge,"50,000 miles",22998,Challenger SXT,2022 Dodge,carmax,50000,22998,Challenger,SXT,2022,2022-dodge-challenger-sxt,187459457628459040428692867259811831362
1118,False,Dodge Challenger,Dodge,"36,000 miles",26998,Challenger SXT,2022 Dodge,carmax,36000,26998,Challenger,SXT,2022,2022-dodge-challenger-sxt,187459457628459040428692867259811831362
1119,False,Dodge Challenger,Dodge,"14,000 miles",27998,Challenger SXT,2022 Dodge,carmax,14000,27998,Challenger,SXT,2022,2022-dodge-challenger-sxt,187459457628459040428692867259811831362
1120,False,Dodge Challenger,Dodge,"48,000 miles",24998,Challenger SXT,2022 Dodge,carmax,48000,24998,Challenger,SXT,2022,2022-dodge-challenger-sxt,187459457628459040428692867259811831362
1121,False,Dodge Challenger,Dodge,"60,000 miles",22998,Challenger SXT,2022 Dodge,carmax,60000,22998,Challenger,SXT,2022,2022-dodge-challenger-sxt,187459457628459040428692867259811831362
1122,False,Dodge Challenger,Dodge,"42,000 miles",24998,Challenger SXT,2022 Dodge,carmax,42000,24998,Challenger,SXT,2022,2022-dodge-challenger-sxt,187459457628459040428692867259811831362
1123,False,Dodge Challenger,Dodge,"54,000 miles",22998,Challenger SXT,2022 Dodge,carmax,54000,22998,Challenger,SXT,2022,2022-dodge-challenger-sxt,187459457628459040428692867259811831362
1124,False,Dodge Challenger,Dodge,"21,000 miles",26998,Challenger SXT,2022 Dodge,carmax,21000,26998,Challenger,SXT,2022,2022-dodge-challenger-sxt,187459457628459040428692867259811831362
1125,False,Dodge Challenger,Dodge,"29,000 miles",25998,Challenger SXT,2022 Dodge,carmax,29000,25998,Challenger,SXT,2022,2022-dodge-challenger-sxt,187459457628459040428692867259811831362
1126,False,Dodge Challenger,Dodge,"51,000 miles",23998,Challenger SXT,2022 Dodge,carmax,51000,23998,Challenger,SXT,2022,2022-dodge-challenger-sxt,187459457628459040428692867259811831362
1127,False,Dodge Challenger,Dodge,"31,000 miles",26998,Challenger SXT,2022 Dodge,carmax,31000,26998,Challenger,SXT,2022,2022-dodge-challenger-sxt,187459457628459040428692867259811831362
1128,False,Dodge Challenger,Dodge,"55,000 miles",21998,Challenger SXT,2022 Dodge,carmax,55000,21998,Challenger,SXT,2022,2022-dodge-challenger-sxt,187459457628459040428692867259811831362
1129,False,Dodge Challenger,Dodge,"23,000 miles",26998,Challenger SXT,2022 Dodge,carmax,23000,26998,Challenger,SXT,2022,2022-dodge-challenger-sxt,187459457628459040428692867259811831362
1130,False,Dodge Challenger,Dodge,"48,000 miles",25998,Challenger SXT,2022 Dodge,carmax,48000,25998,Challenger,SXT,2022,2022-dodge-challenger-sxt,187459457628459040428692867259811831362
1131,False,Dodge Challenger,Dodge,"51,000 miles",23998,Challenger SXT,2022 Dodge,carmax,51000,23998,Challenger,SXT,2022,2022-dodge-challenger-sxt,187459457628459040428692867259811831362
1132,False,Dodge Challenger,Dodge,"89,000 miles",22998,Challenger SXT,2022 Dodge,carmax,89000,22998,Challenger,SXT,2022,2022-dodge-challenger-sxt,187459457628459040428692867259811831362
1133,False,Dodge Charger,Dodge,"53,000 miles",26998,Charger GT,2022 Dodge,carmax,53000,26998,Charger,GT,2022,2022-dodge-charger-gt,25183458801718919517466566093591878088
1134,False,Dodge Charger,Dodge,"45,000 miles",25998,Charger GT,2022 Dodge,carmax,45000,25998,Charger,GT,2022,2022-dodge-charger-gt,25183458801718919517466566093591878088
1135,False,Dodge Charger,Dodge,"37,000 miles",27998,Charger GT,2022 Dodge,carmax,37000,27998,Charger,GT,2022,2022-dodge-charger-gt,25183458801718919517466566093591878088
1136,False,Dodge Charger,Dodge,"39,000 miles",25998,Charger GT,2022 Dodge,carmax,39000,25998,Charger,GT,2022,2022-dodge-charger-gt,25183458801718919517466566093591878088
1137,False,Dodge Charger,Dodge,"20,000 miles",29998,Charger GT,2022 Dodge,carmax,20000,29998,Charger,GT,2022,2022-dodge-charger-gt,25183458801718919517466566093591878088
1138,False,Dodge Charger,Dodge,"23,000 miles",28998,Charger GT,2022 Dodge,carmax,23000,28998,Charger,GT,2022,2022-dodge-charger-gt,25183458801718919517466566093591878088
1139,False,Dodge Charger,Dodge,"44,000 miles",25998,Charger GT,2022 Dodge,carmax,44000,25998,Charger,GT,2022,2022-dodge-charger-gt,25183458801718919517466566093591878088
1140,False,Dodge Charger,Dodge,"44,000 miles",28998,Charger GT,2022 Dodge,carmax,44000,28998,Charger,GT,2022,2022-dodge-charger-gt,25183458801718919517466566093591878088
1141,False,Dodge Charger,Dodge,"57,000 miles",25998,Charger GT,2022 Dodge,carmax,57000,25998,Charger,GT,2022,2022-dodge-charger-gt,25183458801718919517466566093591878088
1142,False,Dodge Charger,Dodge,"44,000 miles",25998,Charger GT,2022 Dodge,carmax,44000,25998,Charger,GT,2022,2022-dodge-charger-gt,25183458801718919517466566093591878088
1143,False,Dodge Charger,Dodge,"48,000 miles",26998,Charger GT,2022 Dodge,carmax,48000,26998,Charger,GT,2022,2022-dodge-charger-gt,25183458801718919517466566093591878088
1144,False,Dodge Charger,Dodge,"55,000 miles",23998,Charger GT,2022 Dodge,carmax,55000,23998,Charger,GT,2022,2022-dodge-charger-gt,25183458801718919517466566093591878088
1145,False,Dodge Charger,Dodge,"38,000 miles",26998,Charger GT,2022 Dodge,carmax,38000,26998,Charger,GT,2022,2022-dodge-charger-gt,25183458801718919517466566093591878088
1146,False,Dodge Charger,Dodge,"34,000 miles",26998,Charger GT,2022 Dodge,carmax,34000,26998,Charger,GT,2022,2022-dodge-charger-gt,25183458801718919517466566093591878088
1147,False,Dodge Charger,Dodge,"40,000 miles",25998,Charger GT,2022 Dodge,carmax,40000,25998,Charger,GT,2022,2022-dodge-charger-gt,25183458801718919517466566093591878088
1148,False,Dodge Charger,Dodge,"54,000 miles",24998,Charger GT,2022 Dodge,carmax,54000,24998,Charger,GT,2022,2022-dodge-charger-gt,25183458801718919517466566093591878088
1149,False,Dodge Charger,Dodge,"39,000 miles",27998,Charger GT,2022 Dodge,carmax,39000,27998,Charger,GT,2022,2022-dodge-charger-gt,25183458801718919517466566093591878088
1150,False,Dodge Charger,Dodge,"34,000 miles",27998,Charger GT,2022 Dodge,carmax,34000,27998,Charger,GT,2022,2022-dodge-charger-gt,25183458801718919517466566093591878088
1151,False,Dodge Charger,Dodge,"47,000 miles",26998,Charger GT,2022 Dodge,carmax,47000,26998,Charger,GT,2022,2022-dodge-charger-gt,25183458801718919517466566093591878088
1152,False,Dodge Charger,Dodge,"55,000 miles",25998,Charger GT,2022 Dodge,carmax,55000,25998,Charger,GT,2022,2022-dodge-charger-gt,25183458801718919517466566093591878088
1153,False,Dodge Charger,Dodge,"19,000 miles",34998,Charger R/T,2022 Dodge,carmax,19000,34998,Charger,R/T,2022,2022-dodge-charger-r/t,46901397501785557171404564979612161226
1154,False,Dodge Charger,Dodge,"30,000 miles",32998,Charger R/T,2022 Dodge,carmax,30000,32998,Charger,R/T,2022,2022-dodge-charger-r/t,46901397501785557171404564979612161226
1155,False,Dodge Charger,Dodge,"34,000 miles",32998,Charger R/T,2022 Dodge,carmax,34000,32998,Charger,R/T,2022,2022-dodge-charger-r/t,46901397501785557171404564979612161226
1156,False,Dodge Charger,Dodge,"52,000 miles",33998,Charger R/T,2022 Dodge,carmax,52000,33998,Charger,R/T,2022,2022-dodge-charger-r/t,46901397501785557171404564979612161226
1157,False,Dodge Charger,Dodge,"12,000 miles",37998,Charger R/T,2022 Dodge,carmax,12000,37998,Charger,R/T,2022,2022-dodge-charger-r/t,46901397501785557171404564979612161226
1158,False,Dodge Charger,Dodge,"50,000 miles",29998,Charger R/T,2022 Dodge,carmax,50000,29998,Charger,R/T,2022,2022-dodge-charger-r/t,46901397501785557171404564979612161226
1159,False,Dodge Charger,Dodge,"52,000 miles",30998,Charger R/T,2022 Dodge,carmax,52000,30998,Charger,R/T,2022,2022-dodge-charger-r/t,46901397501785557171404564979612161226
1160,False,Dodge Charger,Dodge,"37,000 miles",34998,Charger R/T,2022 Dodge,carmax,37000,34998,Charger,R/T,2022,2022-dodge-charger-r/t,46901397501785557171404564979612161226
1161,False,Dodge Charger,Dodge,"6,000 miles",38998,Charger R/T,2022 Dodge,carmax,6000,38998,Charger,R/T,2022,2022-dodge-charger-r/t,46901397501785557171404564979612161226
1162,False,Dodge Charger,Dodge,"22,000 miles",22998,Charger SXT,2022 Dodge,carmax,22000,22998,Charger,SXT,2022,2022-dodge-charger-sxt,257309234299723535071467636084108400977
1163,False,Dodge Charger,Dodge,"54,000 miles",20998,Charger SXT,2022 Dodge,carmax,54000,20998,Charger,SXT,2022,2022-dodge-charger-sxt,257309234299723535071467636084108400977
1164,False,Dodge Charger,Dodge,"21,000 miles",23998,Charger SXT,2022 Dodge,carmax,21000,23998,Charger,SXT,2022,2022-dodge-charger-sxt,257309234299723535071467636084108400977
1165,False,Dodge Charger,Dodge,"59,000 miles",21998,Charger SXT,2022 Dodge,carmax,59000,21998,Charger,SXT,2022,2022-dodge-charger-sxt,257309234299723535071467636084108400977
1166,False,Dodge Charger,Dodge,"58,000 miles",20998,Charger SXT,2022 Dodge,carmax,58000,20998,Charger,SXT,2022,2022-dodge-charger-sxt,257309234299723535071467636084108400977
1167,False,Dodge Charger,Dodge,"42,000 miles",23998,Charger SXT,2022 Dodge,carmax,42000,23998,Charger,SXT,2022,2022-dodge-charger-sxt,257309234299723535071467636084108400977
1168,False,Dodge Charger,Dodge,"52,000 miles",20998,Charger SXT,2022 Dodge,carmax,52000,20998,Charger,SXT,2022,2022-dodge-charger-sxt,257309234299723535071467636084108400977
1169,False,Dodge Charger,Dodge,"47,000 miles",22998,Charger SXT,2022 Dodge,carmax,47000,22998,Charger,SXT,2022,2022-dodge-charger-sxt,257309234299723535071467636084108400977
1170,False,Dodge Charger,Dodge,"20,000 miles",25998,Charger SXT,2022 Dodge,carmax,20000,25998,Charger,SXT,2022,2022-dodge-charger-sxt,257309234299723535071467636084108400977
1171,False,Dodge Charger,Dodge,"28,000 miles",23998,Charger SXT,2022 Dodge,carmax,28000,23998,Charger,SXT,2022,2022-dodge-charger-sxt,257309234299723535071467636084108400977
1172,False,Dodge Charger,Dodge,"41,000 miles",21998,Charger SXT,2022 Dodge,carmax,41000,21998,Charger,SXT,2022,2022-dodge-charger-sxt,257309234299723535071467636084108400977
1173,False,Dodge Charger,Dodge,"54,000 miles",21998,Charger SXT,2022 Dodge,carmax,54000,21998,Charger,SXT,2022,2022-dodge-charger-sxt,257309234299723535071467636084108400977
1174,False,Dodge Charger,Dodge,"35,000 miles",22998,Charger SXT,2022 Dodge,carmax,35000,22998,Charger,SXT,2022,2022-dodge-charger-sxt,257309234299723535071467636084108400977
1175,False,Dodge Charger,Dodge,"23,000 miles",24998,Charger SXT,2022 Dodge,carmax,23000,24998,Charger,SXT,2022,2022-dodge-charger-sxt,257309234299723535071467636084108400977
1176,False,Dodge Charger,Dodge,"48,000 miles",22998,Charger SXT,2022 Dodge,carmax,48000,22998,Charger,SXT,2022,2022-dodge-charger-sxt,257309234299723535071467636084108400977
1177,False,Dodge Charger,Dodge,"53,000 miles",23998,Charger SXT,2022 Dodge,carmax,53000,23998,Charger,SXT,2022,2022-dodge-charger-sxt,257309234299723535071467636084108400977
1178,False,Dodge Charger,Dodge,"40,000 miles",22998,Charger SXT,2022 Dodge,carmax,40000,22998,Charger,SXT,2022,2022-dodge-charger-sxt,257309234299723535071467636084108400977
1179,False,Dodge Charger,Dodge,"21,000 miles",22998,Charger SXT,2022 Dodge,carmax,21000,22998,Charger,SXT,2022,2022-dodge-charger-sxt,257309234299723535071467636084108400977
1180,False,Dodge Charger,Dodge,"56,000 miles",21998,Charger SXT,2022 Dodge,carmax,56000,21998,Charger,SXT,2022,2022-dodge-charger-sxt,257309234299723535071467636084108400977
1181,False,Dodge Charger,Dodge,"33,000 miles",25998,Charger SXT,2022 Dodge,carmax,33000,25998,Charger,SXT,2022,2022-dodge-charger-sxt,257309234299723535071467636084108400977
1182,False,Dodge Charger,Dodge,"42,000 miles",20998,Charger SXT,2022 Dodge,carmax,42000,20998,Charger,SXT,2022,2022-dodge-charger-sxt,257309234299723535071467636084108400977
1183,False,Dodge Charger,Dodge,"55,000 miles",21998,Charger SXT,2022 Dodge,carmax,55000,21998,Charger,SXT,2022,2022-dodge-charger-sxt,257309234299723535071467636084108400977
1184,False,Dodge Charger,Dodge,"43,000 miles",24998,Charger SXT,2022 Dodge,carmax,43000,24998,Charger,SXT,2022,2022-dodge-charger-sxt,257309234299723535071467636084108400977
1185,False,Dodge Charger,Dodge,"37,000 miles",22998,Charger SXT,2022 Dodge,carmax,37000,22998,Charger,SXT,2022,2022-dodge-charger-sxt,257309234299723535071467636084108400977
1186,False,Dodge Charger,Dodge,"25,000 miles",26998,Charger SXT,2022 Dodge,carmax,25000,26998,Charger,SXT,2022,2022-dodge-charger-sxt,257309234299723535071467636084108400977
1187,False,Dodge Charger,Dodge,"37,000 miles",23998,Charger SXT,2022 Dodge,carmax,37000,23998,Charger,SXT,2022,2022-dodge-charger-sxt,257309234299723535071467636084108400977
1188,False,Dodge Charger,Dodge,"24,000 miles",25998,Charger SXT,2022 Dodge,carmax,24000,25998,Charger,SXT,2022,2022-dodge-charger-sxt,257309234299723535071467636084108400977
1189,False,Dodge Charger,Dodge,"32,000 miles",24998,Charger SXT,2022 Dodge,carmax,32000,24998,Charger,SXT,2022,2022-dodge-charger-sxt,257309234299723535071467636084108400977
1190,False,Dodge Charger,Dodge,"55,000 miles",22998,Charger SXT,2022 Dodge,carmax,55000,22998,Charger,SXT,2022,2022-dodge-charger-sxt,257309234299723535071467636084108400977
1191,False,Dodge Charger,Dodge,"67,000 miles",21998,Charger SXT,2022 Dodge,carmax,67000,21998,Charger,SXT,2022,2022-dodge-charger-sxt,257309234299723535071467636084108400977
1192,False,Dodge Charger,Dodge,"26,000 miles",25998,Charger SXT,2022 Dodge,carmax,26000,25998,Charger,SXT,2022,2022-dodge-charger-sxt,257309234299723535071467636084108400977
1193,False,Dodge Charger,Dodge,"57,000 miles",21998,Charger SXT,2022 Dodge,carmax,57000,21998,Charger,SXT,2022,2022-dodge-charger-sxt,257309234299723535071467636084108400977
1194,False,Dodge Charger,Dodge,"48,000 miles",21998,Charger SXT,2022 Dodge,carmax,48000,21998,Charger,SXT,2022,2022-dodge-charger-sxt,257309234299723535071467636084108400977
1195,False,Dodge Charger,Dodge,"36,000 miles",25998,Charger SXT,2022 Dodge,carmax,36000,25998,Charger,SXT,2022,2022-dodge-charger-sxt,257309234299723535071467636084108400977
1196,False,Dodge Charger,Dodge,"58,000 miles",21998,Charger SXT,2022 Dodge,carmax,58000,21998,Charger,SXT,2022,2022-dodge-charger-sxt,257309234299723535071467636084108400977
1197,False,Dodge Charger,Dodge,"46,000 miles",23998,Charger SXT,2022 Dodge,carmax,46000,23998,Charger,SXT,2022,2022-dodge-charger-sxt,257309234299723535071467636084108400977
1198,False,Dodge Charger,Dodge,"24,000 miles",25998,Charger SXT,2022 Dodge,carmax,24000,25998,Charger,SXT,2022,2022-dodge-charger-sxt,257309234299723535071467636084108400977
1199,False,Dodge Charger,Dodge,"46,000 miles",21998,Charger SXT,2022 Dodge,carmax,46000,21998,Charger,SXT,2022,2022-dodge-charger-sxt,257309234299723535071467636084108400977
1200,False,Dodge Charger,Dodge,"22,000 miles",29998,Charger SXT,2022 Dodge,carmax,22000,29998,Charger,SXT,2022,2022-dodge-charger-sxt,257309234299723535071467636084108400977
1201,False,Dodge Charger,Dodge,"45,000 miles",20998,Charger SXT,2022 Dodge,carmax,45000,20998,Charger,SXT,2022,2022-dodge-charger-sxt,257309234299723535071467636084108400977
1202,False,Dodge Charger,Dodge,"40,000 miles",22998,Charger SXT,2022 Dodge,carmax,40000,22998,Charger,SXT,2022,2022-dodge-charger-sxt,257309234299723535071467636084108400977
1203,False,Dodge Charger,Dodge,"17,000 miles",26998,Charger SXT,2022 Dodge,carmax,17000,26998,Charger,SXT,2022,2022-dodge-charger-sxt,257309234299723535071467636084108400977
1204,False,Dodge Charger,Dodge,"37,000 miles",25998,Charger SXT,2022 Dodge,carmax,37000,25998,Charger,SXT,2022,2022-dodge-charger-sxt,257309234299723535071467636084108400977
1205,False,Dodge Charger,Dodge,"57,000 miles",20998,Charger SXT,2022 Dodge,carmax,57000,20998,Charger,SXT,2022,2022-dodge-charger-sxt,257309234299723535071467636084108400977
1206,False,Dodge Charger,Dodge,"40,000 miles",22998,Charger SXT,2022 Dodge,carmax,40000,22998,Charger,SXT,2022,2022-dodge-charger-sxt,257309234299723535071467636084108400977
1207,False,Dodge Charger,Dodge,"7,000 miles",44998,Charger Scat Pack,2022 Dodge,carmax,7000,44998,Charger,Scat Pack,2022,2022-dodge-charger-scat pack,137208130708368549799373582144237138835
1208,False,Dodge Charger,Dodge,"23,000 miles",42998,Charger Scat Pack,2022 Dodge,carmax,23000,42998,Charger,Scat Pack,2022,2022-dodge-charger-scat pack,137208130708368549799373582144237138835
1209,False,Dodge Charger,Dodge,"56,000 miles",38998,Charger Scat Pack,2022 Dodge,carmax,56000,38998,Charger,Scat Pack,2022,2022-dodge-charger-scat pack,137208130708368549799373582144237138835
1210,False,Dodge Charger,Dodge,"30,000 miles",41998,Charger Scat Pack,2022 Dodge,carmax,30000,41998,Charger,Scat Pack,2022,2022-dodge-charger-scat pack,137208130708368549799373582144237138835
1211,False,Dodge Charger,Dodge,"14,000 miles",45998,Charger Scat Pack,2022 Dodge,carmax,14000,45998,Charger,Scat Pack,2022,2022-dodge-charger-scat pack,137208130708368549799373582144237138835
1212,False,Dodge Charger,Dodge,"35,000 miles",41998,Charger Scat Pack,2022 Dodge,carmax,35000,41998,Charger,Scat Pack,2022,2022-dodge-charger-scat pack,137208130708368549799373582144237138835
1213,False,Dodge Charger,Dodge,"56,000 miles",38998,Charger Scat Pack,2022 Dodge,carmax,56000,38998,Charger,Scat Pack,2022,2022-dodge-charger-scat pack,137208130708368549799373582144237138835
1214,False,Dodge Charger,Dodge,"3,000 miles",48998,Charger Scat Pack,2022 Dodge,carmax,3000,48998,Charger,Scat Pack,2022,2022-dodge-charger-scat pack,137208130708368549799373582144237138835
1215,False,Dodge Charger,Dodge,"33,000 miles",43998,Charger Scat Pack,2022 Dodge,carmax,33000,43998,Charger,Scat Pack,2022,2022-dodge-charger-scat pack,137208130708368549799373582144237138835
1216,False,Dodge Charger,Dodge,"5,000 miles",46998,Charger Scat Pack,2022 Dodge,carmax,5000,46998,Charger,Scat Pack,2022,2022-dodge-charger-scat pack,137208130708368549799373582144237138835
1217,False,Dodge Charger,Dodge,"34,000 miles",41998,Charger Scat Pack,2022 Dodge,carmax,34000,41998,Charger,Scat Pack,2022,2022-dodge-charger-scat pack,137208130708368549799373582144237138835
1218,False,Dodge Charger,Dodge,"26,000 miles",43998,Charger Scat Pack,2022 Dodge,carmax,26000,43998,Charger,Scat Pack,2022,2022-dodge-charger-scat pack,137208130708368549799373582144237138835
1219,False,Dodge Charger,Dodge,"14,000 miles",45998,Charger Scat Pack,2022 Dodge,carmax,14000,45998,Charger,Scat Pack,2022,2022-dodge-charger-scat pack,137208130708368549799373582144237138835
1220,False,Dodge Charger,Dodge,"52,000 miles",39998,Charger Scat Pack,2022 Dodge,carmax,52000,39998,Charger,Scat Pack,2022,2022-dodge-charger-scat pack,137208130708368549799373582144237138835
1221,False,Dodge Charger,Dodge,"27,000 miles",48998,Charger Scat Pack Widebody,2022 Dodge,carmax,27000,48998,Charger,Scat Pack Widebody,2022,2022-dodge-charger-scat pack widebody,131314646956460903945311611781168240712
1222,False,Dodge Charger,Dodge,"44,000 miles",46998,Charger Scat Pack Widebody,2022 Dodge,carmax,44000,46998,Charger,Scat Pack Widebody,2022,2022-dodge-charger-scat pack widebody,131314646956460903945311611781168240712
1223,False,Dodge Charger,Dodge,"16,000 miles",50998,Charger Scat Pack Widebody,2022 Dodge,carmax,16000,50998,Charger,Scat Pack Widebody,2022,2022-dodge-charger-scat pack widebody,131314646956460903945311611781168240712
1224,False,Dodge Charger,Dodge,"28,000 miles",49998,Charger Scat Pack Widebody,2022 Dodge,carmax,28000,49998,Charger,Scat Pack Widebody,2022,2022-dodge-charger-scat pack widebody,131314646956460903945311611781168240712
1225,False,Dodge Charger,Dodge,"61,000 miles",43998,Charger Scat Pack Widebody,2022 Dodge,carmax,61000,43998,Charger,Scat Pack Widebody,2022,2022-dodge-charger-scat pack widebody,131314646956460903945311611781168240712
1226,False,Dodge Charger,Dodge,"14,000 miles",54998,Charger Scat Pack Widebody,2022 Dodge,carmax,14000,54998,Charger,Scat Pack Widebody,2022,2022-dodge-charger-scat pack widebody,131314646956460903945311611781168240712
1227,False,Dodge Durango,Dodge,"37,000 miles",30998,Durango GT,2022 Dodge,carmax,37000,30998,Durango,GT,2022,2022-dodge-durango-gt,156997921067398884999401514289443602384
1228,False,Dodge Durango,Dodge,"15,000 miles",31998,Durango GT,2022 Dodge,carmax,15000,31998,Durango,GT,2022,2022-dodge-durango-gt,156997921067398884999401514289443602384
1229,False,Dodge Durango,Dodge,"40,000 miles",28998,Durango GT,2022 Dodge,carmax,40000,28998,Durango,GT,2022,2022-dodge-durango-gt,156997921067398884999401514289443602384
1230,False,Dodge Durango,Dodge,"31,000 miles",31998,Durango GT Plus,2022 Dodge,carmax,31000,31998,Durango,GT Plus,2022,2022-dodge-durango-gt plus,167451527053226504636639693560895385831
1231,False,Dodge Durango,Dodge,"9,000 miles",34998,Durango GT Plus,2022 Dodge,carmax,9000,34998,Durango,GT Plus,2022,2022-dodge-durango-gt plus,167451527053226504636639693560895385831
1232,False,Dodge Durango,Dodge,"57,000 miles",27998,Durango GT Plus,2022 Dodge,carmax,57000,27998,Durango,GT Plus,2022,2022-dodge-durango-gt plus,167451527053226504636639693560895385831
1233,False,Dodge Durango,Dodge,"37,000 miles",28998,Durango GT Plus,2022 Dodge,carmax,37000,28998,Durango,GT Plus,2022,2022-dodge-durango-gt plus,167451527053226504636639693560895385831
1234,False,Dodge Durango,Dodge,"19,000 miles",29998,Durango GT Plus,2022 Dodge,carmax,19000,29998,Durango,GT Plus,2022,2022-dodge-durango-gt plus,167451527053226504636639693560895385831
1235,False,Dodge Durango,Dodge,"52,000 miles",26998,Durango GT Plus,2022 Dodge,carmax,52000,26998,Durango,GT Plus,2022,2022-dodge-durango-gt plus,167451527053226504636639693560895385831
1236,False,Dodge Durango,Dodge,"43,000 miles",34998,Durango R/T,2022 Dodge,carmax,43000,34998,Durango,R/T,2022,2022-dodge-durango-r/t,65046390527695167257341591020572929748
1237,False,Dodge Durango,Dodge,"52,000 miles",34998,Durango R/T,2022 Dodge,carmax,52000,34998,Durango,R/T,2022,2022-dodge-durango-r/t,65046390527695167257341591020572929748
1238,False,Dodge Durango,Dodge,"64,000 miles",31998,Durango R/T,2022 Dodge,carmax,64000,31998,Durango,R/T,2022,2022-dodge-durango-r/t,65046390527695167257341591020572929748
1239,False,Dodge Durango,Dodge,"46,000 miles",36998,Durango R/T,2022 Dodge,carmax,46000,36998,Durango,R/T,2022,2022-dodge-durango-r/t,65046390527695167257341591020572929748
1240,False,Dodge Durango,Dodge,"34,000 miles",38998,Durango R/T,2022 Dodge,carmax,34000,38998,Durango,R/T,2022,2022-dodge-durango-r/t,65046390527695167257341591020572929748
1241,False,Dodge Durango,Dodge,"53,000 miles",32998,Durango R/T,2022 Dodge,carmax,53000,32998,Durango,R/T,2022,2022-dodge-durango-r/t,65046390527695167257341591020572929748
1242,False,Dodge Durango,Dodge,"65,000 miles",33998,Durango R/T,2022 Dodge,carmax,65000,33998,Durango,R/T,2022,2022-dodge-durango-r/t,65046390527695167257341591020572929748
1243,False,Dodge Durango,Dodge,"15,000 miles",45998,Durango R/T,2022 Dodge,carmax,15000,45998,Durango,R/T,2022,2022-dodge-durango-r/t,65046390527695167257341591020572929748
1244,False,Dodge Durango,Dodge,"30,000 miles",37998,Durango R/T,2022 Dodge,carmax,30000,37998,Durango,R/T,2022,2022-dodge-durango-r/t,65046390527695167257341591020572929748
1245,False,Dodge Durango,Dodge,"34,000 miles",36998,Durango R/T Plus,2022 Dodge,carmax,34000,36998,Durango,R/T Plus,2022,2022-dodge-durango-r/t plus,270361906711173034114204339949152091115
1246,False,Dodge Durango,Dodge,"45,000 miles",35998,Durango R/T Plus,2022 Dodge,carmax,45000,35998,Durango,R/T Plus,2022,2022-dodge-durango-r/t plus,270361906711173034114204339949152091115
1247,False,Dodge Durango,Dodge,"10,000 miles",44998,Durango R/T Plus,2022 Dodge,carmax,10000,44998,Durango,R/T Plus,2022,2022-dodge-durango-r/t plus,270361906711173034114204339949152091115
1248,False,Dodge Durango,Dodge,"17,000 miles",43998,Durango R/T Plus,2022 Dodge,carmax,17000,43998,Durango,R/T Plus,2022,2022-dodge-durango-r/t plus,270361906711173034114204339949152091115
1249,False,Dodge Durango,Dodge,"33,000 miles",55998,Durango SRT 392,2022 Dodge,carmax,33000,55998,Durango,SRT 392,2022,2022-dodge-durango-srt 392,276698195136791934818221481099569754298
1250,False,Dodge Durango,Dodge,"44,000 miles",26998,Durango SXT,2022 Dodge,carmax,44000,26998,Durango,SXT,2022,2022-dodge-durango-sxt,333131249932580196554331021468904018264
1251,False,Dodge Durango,Dodge,"42,000 miles",25998,Durango SXT,2022 Dodge,carmax,42000,25998,Durango,SXT,2022,2022-dodge-durango-sxt,333131249932580196554331021468904018264
1252,False,Ford Mustang,Ford,"37,000 miles",25998,Mustang Ecoboost,2022 Ford,carmax,37000,25998,Mustang,Ecoboost,2022,2022-ford-mustang-ecoboost,166833653864480565711492497326530372167
1253,False,Ford Mustang,Ford,"16,000 miles",26998,Mustang Ecoboost,2022 Ford,carmax,16000,26998,Mustang,Ecoboost,2022,2022-ford-mustang-ecoboost,166833653864480565711492497326530372167
1254,False,Ford Mustang,Ford,"27,000 miles",25998,Mustang Ecoboost,2022 Ford,carmax,27000,25998,Mustang,Ecoboost,2022,2022-ford-mustang-ecoboost,166833653864480565711492497326530372167
1255,False,Ford Mustang,Ford,"35,000 miles",25998,Mustang Ecoboost,2022 Ford,carmax,35000,25998,Mustang,Ecoboost,2022,2022-ford-mustang-ecoboost,166833653864480565711492497326530372167
1256,False,Ford Mustang,Ford,"28,000 miles",24998,Mustang Ecoboost,2022 Ford,carmax,28000,24998,Mustang,Ecoboost,2022,2022-ford-mustang-ecoboost,166833653864480565711492497326530372167
1257,False,Ford Mustang,Ford,"38,000 miles",24998,Mustang Ecoboost,2022 Ford,carmax,38000,24998,Mustang,Ecoboost,2022,2022-ford-mustang-ecoboost,166833653864480565711492497326530372167
1258,False,Ford Mustang,Ford,"46,000 miles",21998,Mustang Ecoboost,2022 Ford,carmax,46000,21998,Mustang,Ecoboost,2022,2022-ford-mustang-ecoboost,166833653864480565711492497326530372167
1259,False,Ford Mustang,Ford,"40,000 miles",24998,Mustang Ecoboost,2022 Ford,carmax,40000,24998,Mustang,Ecoboost,2022,2022-ford-mustang-ecoboost,166833653864480565711492497326530372167
1260,False,Ford Mustang,Ford,"67,000 miles",22998,Mustang Ecoboost,2022 Ford,carmax,67000,22998,Mustang,Ecoboost,2022,2022-ford-mustang-ecoboost,166833653864480565711492497326530372167
1261,False,Ford Mustang,Ford,"29,000 miles",25998,Mustang Ecoboost,2022 Ford,carmax,29000,25998,Mustang,Ecoboost,2022,2022-ford-mustang-ecoboost,166833653864480565711492497326530372167
1262,False,Ford Mustang,Ford,"12,000 miles",29998,Mustang Ecoboost Premium,2022 Ford,carmax,12000,29998,Mustang,Ecoboost Premium,2022,2022-ford-mustang-ecoboost premium,304894063569754649550540610575009464362
1263,False,Ford Mustang,Ford,"58,000 miles",25998,Mustang Ecoboost Premium,2022 Ford,carmax,58000,25998,Mustang,Ecoboost Premium,2022,2022-ford-mustang-ecoboost premium,304894063569754649550540610575009464362
1264,False,Ford Mustang,Ford,"61,000 miles",24998,Mustang Ecoboost Premium,2022 Ford,carmax,61000,24998,Mustang,Ecoboost Premium,2022,2022-ford-mustang-ecoboost premium,304894063569754649550540610575009464362
1265,False,Ford Mustang,Ford,"31,000 miles",27998,Mustang Ecoboost Premium,2022 Ford,carmax,31000,27998,Mustang,Ecoboost Premium,2022,2022-ford-mustang-ecoboost premium,304894063569754649550540610575009464362
1266,False,Ford Mustang,Ford,"26,000 miles",28998,Mustang Ecoboost Premium,2022 Ford,carmax,26000,28998,Mustang,Ecoboost Premium,2022,2022-ford-mustang-ecoboost premium,304894063569754649550540610575009464362
1267,False,Ford Mustang,Ford,"27,000 miles",27998,Mustang Ecoboost Premium,2022 Ford,carmax,27000,27998,Mustang,Ecoboost Premium,2022,2022-ford-mustang-ecoboost premium,304894063569754649550540610575009464362
1268,False,Ford Mustang,Ford,"47,000 miles",23998,Mustang Ecoboost Premium,2022 Ford,carmax,47000,23998,Mustang,Ecoboost Premium,2022,2022-ford-mustang-ecoboost premium,304894063569754649550540610575009464362
1269,False,Ford Mustang,Ford,"15,000 miles",29998,Mustang Ecoboost Premium,2022 Ford,carmax,15000,29998,Mustang,Ecoboost Premium,2022,2022-ford-mustang-ecoboost premium,304894063569754649550540610575009464362
1270,False,Ford Mustang,Ford,"26,000 miles",29998,Mustang Ecoboost Premium,2022 Ford,carmax,26000,29998,Mustang,Ecoboost Premium,2022,2022-ford-mustang-ecoboost premium,304894063569754649550540610575009464362
1271,False,Ford Mustang,Ford,"79,000 miles",21998,Mustang Ecoboost Premium,2022 Ford,carmax,79000,21998,Mustang,Ecoboost Premium,2022,2022-ford-mustang-ecoboost premium,304894063569754649550540610575009464362
1272,False,Ford Mustang,Ford,"5,000 miles",33998,Mustang Ecoboost Premium,2022 Ford,carmax,5000,33998,Mustang,Ecoboost Premium,2022,2022-ford-mustang-ecoboost premium,304894063569754649550540610575009464362
1273,False,Ford Mustang,Ford,"57,000 miles",23998,Mustang Ecoboost Premium,2022 Ford,carmax,57000,23998,Mustang,Ecoboost Premium,2022,2022-ford-mustang-ecoboost premium,304894063569754649550540610575009464362
1274,False,Ford Mustang,Ford,"12,000 miles",31998,Mustang Ecoboost Premium,2022 Ford,carmax,12000,31998,Mustang,Ecoboost Premium,2022,2022-ford-mustang-ecoboost premium,304894063569754649550540610575009464362
1275,False,Ford Mustang,Ford,"65,000 miles",21998,Mustang Ecoboost Premium,2022 Ford,carmax,65000,21998,Mustang,Ecoboost Premium,2022,2022-ford-mustang-ecoboost premium,304894063569754649550540610575009464362
1276,False,Ford Mustang,Ford,"12,000 miles",31998,Mustang Ecoboost Premium,2022 Ford,carmax,12000,31998,Mustang,Ecoboost Premium,2022,2022-ford-mustang-ecoboost premium,304894063569754649550540610575009464362
1277,False,Ford Mustang,Ford,"28,000 miles",28998,Mustang Ecoboost Premium,2022 Ford,carmax,28000,28998,Mustang,Ecoboost Premium,2022,2022-ford-mustang-ecoboost premium,304894063569754649550540610575009464362
1278,False,Ford Mustang,Ford,"35,000 miles",28998,Mustang Ecoboost Premium,2022 Ford,carmax,35000,28998,Mustang,Ecoboost Premium,2022,2022-ford-mustang-ecoboost premium,304894063569754649550540610575009464362
1279,False,Ford Mustang,Ford,"15,000 miles",31998,Mustang Ecoboost Premium,2022 Ford,carmax,15000,31998,Mustang,Ecoboost Premium,2022,2022-ford-mustang-ecoboost premium,304894063569754649550540610575009464362
1280,False,Ford Mustang,Ford,"11,000 miles",31998,Mustang Ecoboost Premium,2022 Ford,carmax,11000,31998,Mustang,Ecoboost Premium,2022,2022-ford-mustang-ecoboost premium,304894063569754649550540610575009464362
1281,False,Ford Mustang,Ford,"34,000 miles",27998,Mustang Ecoboost Premium,2022 Ford,carmax,34000,27998,Mustang,Ecoboost Premium,2022,2022-ford-mustang-ecoboost premium,304894063569754649550540610575009464362
1282,False,Ford Mustang,Ford,"17,000 miles",34998,Mustang GT,2022 Ford,carmax,17000,34998,Mustang,GT,2022,2022-ford-mustang-gt,131261789355735408635757303503039758884
1283,False,Ford Mustang,Ford,"27,000 miles",34998,Mustang GT,2022 Ford,carmax,27000,34998,Mustang,GT,2022,2022-ford-mustang-gt,131261789355735408635757303503039758884
1284,False,Ford Mustang,Ford,"28,000 miles",32998,Mustang GT,2022 Ford,carmax,28000,32998,Mustang,GT,2022,2022-ford-mustang-gt,131261789355735408635757303503039758884
1285,False,Ford Mustang,Ford,"22,000 miles",34998,Mustang GT,2022 Ford,carmax,22000,34998,Mustang,GT,2022,2022-ford-mustang-gt,131261789355735408635757303503039758884
1286,False,Ford Mustang,Ford,"6,000 miles",41998,Mustang GT Premium,2022 Ford,carmax,6000,41998,Mustang,GT Premium,2022,2022-ford-mustang-gt premium,37931506678130148162513637926960496867
1287,False,Ford Mustang,Ford,"24,000 miles",39998,Mustang GT Premium,2022 Ford,carmax,24000,39998,Mustang,GT Premium,2022,2022-ford-mustang-gt premium,37931506678130148162513637926960496867
1288,False,Ford Mustang,Ford,"17,000 miles",38998,Mustang GT Premium,2022 Ford,carmax,17000,38998,Mustang,GT Premium,2022,2022-ford-mustang-gt premium,37931506678130148162513637926960496867
1289,False,Ford Mustang,Ford,"25,000 miles",38998,Mustang GT Premium,2022 Ford,carmax,25000,38998,Mustang,GT Premium,2022,2022-ford-mustang-gt premium,37931506678130148162513637926960496867
1290,False,Ford Mustang,Ford,"25,000 miles",41998,Mustang GT Premium,2022 Ford,carmax,25000,41998,Mustang,GT Premium,2022,2022-ford-mustang-gt premium,37931506678130148162513637926960496867
1291,False,Ford Mustang,Ford,"32,000 miles",36998,Mustang GT Premium,2022 Ford,carmax,32000,36998,Mustang,GT Premium,2022,2022-ford-mustang-gt premium,37931506678130148162513637926960496867
1292,False,Ford Mustang,Ford,"9,000 miles",37998,Mustang GT Premium,2022 Ford,carmax,9000,37998,Mustang,GT Premium,2022,2022-ford-mustang-gt premium,37931506678130148162513637926960496867
1293,False,Ford Mustang,Ford,"25,000 miles",36998,Mustang GT Premium,2022 Ford,carmax,25000,36998,Mustang,GT Premium,2022,2022-ford-mustang-gt premium,37931506678130148162513637926960496867
1294,False,Ford Mustang,Ford,"15,000 miles",37998,Mustang GT Premium,2022 Ford,carmax,15000,37998,Mustang,GT Premium,2022,2022-ford-mustang-gt premium,37931506678130148162513637926960496867
1295,False,Ford Mustang,Ford,"9,000 miles",37998,Mustang GT Premium,2022 Ford,carmax,9000,37998,Mustang,GT Premium,2022,2022-ford-mustang-gt premium,37931506678130148162513637926960496867
1296,False,Ford Mustang,Ford,"23,000 miles",39998,Mustang GT Premium,2022 Ford,carmax,23000,39998,Mustang,GT Premium,2022,2022-ford-mustang-gt premium,37931506678130148162513637926960496867
1297,False,Ford Mustang,Ford,"43,000 miles",35998,Mustang GT Premium,2022 Ford,carmax,43000,35998,Mustang,GT Premium,2022,2022-ford-mustang-gt premium,37931506678130148162513637926960496867
1298,False,Ford Mustang,Ford,"19,000 miles",36998,Mustang GT Premium,2022 Ford,carmax,19000,36998,Mustang,GT Premium,2022,2022-ford-mustang-gt premium,37931506678130148162513637926960496867
1299,False,Ford Mustang,Ford,"40,000 miles",35998,Mustang GT Premium,2022 Ford,carmax,40000,35998,Mustang,GT Premium,2022,2022-ford-mustang-gt premium,37931506678130148162513637926960496867
1300,False,Ford Mustang,Ford,"24,000 miles",48998,Mustang Mach 1,2022 Ford,carmax,24000,48998,Mustang,Mach 1,2022,2022-ford-mustang-mach 1,67626006958191084245556836309902323500
1301,False,Ford Mustang,Ford,"4,000 miles",95998,Mustang Shelby GT500,2022 Ford,carmax,4000,95998,Mustang,Shelby GT500,2022,2022-ford-mustang-shelby gt500,145635160093643418480266677850164614223
1302,False,Dodge Challenger,Dodge,"34,000 miles",29998,Challenger GT,2023 Dodge,carmax,34000,29998,Challenger,GT,2023,2023-dodge-challenger-gt,48126940364944891516125281199937566694
1303,False,Dodge Challenger,Dodge,"23,000 miles",29998,Challenger GT,2023 Dodge,carmax,23000,29998,Challenger,GT,2023,2023-dodge-challenger-gt,48126940364944891516125281199937566694
1304,False,Dodge Challenger,Dodge,"15,000 miles",28998,Challenger GT,2023 Dodge,carmax,15000,28998,Challenger,GT,2023,2023-dodge-challenger-gt,48126940364944891516125281199937566694
1305,False,Dodge Challenger,Dodge,"11,000 miles",29998,Challenger GT,2023 Dodge,carmax,11000,29998,Challenger,GT,2023,2023-dodge-challenger-gt,48126940364944891516125281199937566694
1306,False,Dodge Challenger,Dodge,"39,000 miles",26998,Challenger GT,2023 Dodge,carmax,39000,26998,Challenger,GT,2023,2023-dodge-challenger-gt,48126940364944891516125281199937566694
1307,False,Dodge Challenger,Dodge,"23,000 miles",29998,Challenger GT,2023 Dodge,carmax,23000,29998,Challenger,GT,2023,2023-dodge-challenger-gt,48126940364944891516125281199937566694
1308,False,Dodge Challenger,Dodge,"36,000 miles",28998,Challenger GT,2023 Dodge,carmax,36000,28998,Challenger,GT,2023,2023-dodge-challenger-gt,48126940364944891516125281199937566694
1309,False,Dodge Challenger,Dodge,"35,000 miles",28998,Challenger GT,2023 Dodge,carmax,35000,28998,Challenger,GT,2023,2023-dodge-challenger-gt,48126940364944891516125281199937566694
1310,False,Dodge Challenger,Dodge,"13,000 miles",32998,Challenger GT,2023 Dodge,carmax,13000,32998,Challenger,GT,2023,2023-dodge-challenger-gt,48126940364944891516125281199937566694
1311,False,Dodge Challenger,Dodge,"14,000 miles",33998,Challenger R/T,2023 Dodge,carmax,14000,33998,Challenger,R/T,2023,2023-dodge-challenger-r/t,278688564406141440637959595698746329581
1312,False,Dodge Challenger,Dodge,"27,000 miles",31998,Challenger R/T,2023 Dodge,carmax,27000,31998,Challenger,R/T,2023,2023-dodge-challenger-r/t,278688564406141440637959595698746329581
1313,False,Dodge Challenger,Dodge,"1,000 miles",38998,Challenger R/T,2023 Dodge,carmax,1000,38998,Challenger,R/T,2023,2023-dodge-challenger-r/t,278688564406141440637959595698746329581
1314,False,Dodge Challenger,Dodge,"38,000 miles",33998,Challenger R/T,2023 Dodge,carmax,38000,33998,Challenger,R/T,2023,2023-dodge-challenger-r/t,278688564406141440637959595698746329581
1315,False,Dodge Challenger,Dodge,"12,000 miles",40998,Challenger R/T,2023 Dodge,carmax,12000,40998,Challenger,R/T,2023,2023-dodge-challenger-r/t,278688564406141440637959595698746329581
1316,False,Dodge Challenger,Dodge,"12,000 miles",33998,Challenger R/T,2023 Dodge,carmax,12000,33998,Challenger,R/T,2023,2023-dodge-challenger-r/t,278688564406141440637959595698746329581
1317,False,Dodge Challenger,Dodge,"20,000 miles",40998,Challenger R/T Scat Pack,2023 Dodge,carmax,20000,40998,Challenger,R/T Scat Pack,2023,2023-dodge-challenger-r/t scat pack,197974791632532119755120840528955471676
1318,False,Dodge Challenger,Dodge,"3,000 miles",43998,Challenger R/T Scat Pack,2023 Dodge,carmax,3000,43998,Challenger,R/T Scat Pack,2023,2023-dodge-challenger-r/t scat pack,197974791632532119755120840528955471676
1319,False,Dodge Challenger,Dodge,"15,000 miles",38998,Challenger R/T Scat Pack,2023 Dodge,carmax,15000,38998,Challenger,R/T Scat Pack,2023,2023-dodge-challenger-r/t scat pack,197974791632532119755120840528955471676
1320,False,Dodge Challenger,Dodge,"4,000 miles",44998,Challenger R/T Scat Pack,2023 Dodge,carmax,4000,44998,Challenger,R/T Scat Pack,2023,2023-dodge-challenger-r/t scat pack,197974791632532119755120840528955471676
1321,False,Dodge Challenger,Dodge,"9,000 miles",50998,Challenger R/T Scat Pack Widebody,2023 Dodge,carmax,9000,50998,Challenger,R/T Scat Pack Widebody,2023,2023-dodge-challenger-r/t scat pack widebody,61252966854648148504796074059228999768
1322,False,Dodge Challenger,Dodge,"1,000 miles",57998,Challenger R/T Scat Pack Widebody,2023 Dodge,carmax,1000,57998,Challenger,R/T Scat Pack Widebody,2023,2023-dodge-challenger-r/t scat pack widebody,61252966854648148504796074059228999768
1323,False,Dodge Challenger,Dodge,"19,000 miles",50998,Challenger R/T Scat Pack Widebody,2023 Dodge,carmax,19000,50998,Challenger,R/T Scat Pack Widebody,2023,2023-dodge-challenger-r/t scat pack widebody,61252966854648148504796074059228999768
1324,False,Dodge Challenger,Dodge,"18,000 miles",29998,Challenger SXT,2023 Dodge,carmax,18000,29998,Challenger,SXT,2023,2023-dodge-challenger-sxt,124996224300346869334554238621345862789
1325,False,Dodge Challenger,Dodge,"38,000 miles",24998,Challenger SXT,2023 Dodge,carmax,38000,24998,Challenger,SXT,2023,2023-dodge-challenger-sxt,124996224300346869334554238621345862789
1326,False,Dodge Challenger,Dodge,"56,000 miles",25998,Challenger SXT,2023 Dodge,carmax,56000,25998,Challenger,SXT,2023,2023-dodge-challenger-sxt,124996224300346869334554238621345862789
1327,False,Dodge Challenger,Dodge,"54,000 miles",24998,Challenger SXT,2023 Dodge,carmax,54000,24998,Challenger,SXT,2023,2023-dodge-challenger-sxt,124996224300346869334554238621345862789
1328,False,Dodge Challenger,Dodge,"37,000 miles",26998,Challenger SXT,2023 Dodge,carmax,37000,26998,Challenger,SXT,2023,2023-dodge-challenger-sxt,124996224300346869334554238621345862789
1329,False,Dodge Challenger,Dodge,"2,000 miles",29998,Challenger SXT,2023 Dodge,carmax,2000,29998,Challenger,SXT,2023,2023-dodge-challenger-sxt,124996224300346869334554238621345862789
1330,False,Dodge Challenger,Dodge,"11,000 miles",27998,Challenger SXT,2023 Dodge,carmax,11000,27998,Challenger,SXT,2023,2023-dodge-challenger-sxt,124996224300346869334554238621345862789
1331,False,Dodge Challenger,Dodge,"20,000 miles",27998,Challenger SXT,2023 Dodge,carmax,20000,27998,Challenger,SXT,2023,2023-dodge-challenger-sxt,124996224300346869334554238621345862789
1332,False,Dodge Challenger,Dodge,"10,000 miles",30998,Challenger SXT,2023 Dodge,carmax,10000,30998,Challenger,SXT,2023,2023-dodge-challenger-sxt,124996224300346869334554238621345862789
1333,False,Dodge Challenger,Dodge,"3,000 miles",29998,Challenger SXT,2023 Dodge,carmax,3000,29998,Challenger,SXT,2023,2023-dodge-challenger-sxt,124996224300346869334554238621345862789
1334,False,Dodge Challenger,Dodge,"41,000 miles",25998,Challenger SXT,2023 Dodge,carmax,41000,25998,Challenger,SXT,2023,2023-dodge-challenger-sxt,124996224300346869334554238621345862789
1335,False,Dodge Challenger,Dodge,"54,000 miles",23998,Challenger SXT,2023 Dodge,carmax,54000,23998,Challenger,SXT,2023,2023-dodge-challenger-sxt,124996224300346869334554238621345862789
1336,False,Dodge Challenger,Dodge,"13,000 miles",28998,Challenger SXT,2023 Dodge,carmax,13000,28998,Challenger,SXT,2023,2023-dodge-challenger-sxt,124996224300346869334554238621345862789
1337,False,Dodge Challenger,Dodge,"28,000 miles",26998,Challenger SXT,2023 Dodge,carmax,28000,26998,Challenger,SXT,2023,2023-dodge-challenger-sxt,124996224300346869334554238621345862789
1338,False,Dodge Challenger,Dodge,"35,000 miles",25998,Challenger SXT,2023 Dodge,carmax,35000,25998,Challenger,SXT,2023,2023-dodge-challenger-sxt,124996224300346869334554238621345862789
1339,False,Dodge Challenger,Dodge,"11,000 miles",27998,Challenger SXT,2023 Dodge,carmax,11000,27998,Challenger,SXT,2023,2023-dodge-challenger-sxt,124996224300346869334554238621345862789
1340,False,Dodge Challenger,Dodge,"13,000 miles",26998,Challenger SXT,2023 Dodge,carmax,13000,26998,Challenger,SXT,2023,2023-dodge-challenger-sxt,124996224300346869334554238621345862789
1341,False,Dodge Challenger,Dodge,"3,000 miles",29998,Challenger SXT,2023 Dodge,carmax,3000,29998,Challenger,SXT,2023,2023-dodge-challenger-sxt,124996224300346869334554238621345862789
1342,False,Dodge Challenger,Dodge,"18,000 miles",26998,Challenger SXT,2023 Dodge,carmax,18000,26998,Challenger,SXT,2023,2023-dodge-challenger-sxt,124996224300346869334554238621345862789
1343,False,Dodge Challenger,Dodge,"21,000 miles",26998,Challenger SXT,2023 Dodge,carmax,21000,26998,Challenger,SXT,2023,2023-dodge-challenger-sxt,124996224300346869334554238621345862789
1344,False,Dodge Challenger,Dodge,"19,000 miles",27998,Challenger SXT,2023 Dodge,carmax,19000,27998,Challenger,SXT,2023,2023-dodge-challenger-sxt,124996224300346869334554238621345862789
1345,False,Dodge Challenger,Dodge,"9,000 miles",29998,Challenger SXT,2023 Dodge,carmax,9000,29998,Challenger,SXT,2023,2023-dodge-challenger-sxt,124996224300346869334554238621345862789
1346,False,Dodge Challenger,Dodge,"25,000 miles",25998,Challenger SXT,2023 Dodge,carmax,25000,25998,Challenger,SXT,2023,2023-dodge-challenger-sxt,124996224300346869334554238621345862789
1347,False,Dodge Charger,Dodge,"13,000 miles",29998,Charger GT,2023 Dodge,carmax,13000,29998,Charger,GT,2023,2023-dodge-charger-gt,288268499314600144987643412432835749483
1348,False,Dodge Charger,Dodge,"5,000 miles",32998,Charger GT,2023 Dodge,carmax,5000,32998,Charger,GT,2023,2023-dodge-charger-gt,288268499314600144987643412432835749483
1349,False,Dodge Charger,Dodge,"53,000 miles",24998,Charger GT,2023 Dodge,carmax,53000,24998,Charger,GT,2023,2023-dodge-charger-gt,288268499314600144987643412432835749483
1350,False,Dodge Charger,Dodge,"15,000 miles",29998,Charger GT,2023 Dodge,carmax,15000,29998,Charger,GT,2023,2023-dodge-charger-gt,288268499314600144987643412432835749483
1351,False,Dodge Charger,Dodge,"52,000 miles",27998,Charger GT,2023 Dodge,carmax,52000,27998,Charger,GT,2023,2023-dodge-charger-gt,288268499314600144987643412432835749483
1352,False,Dodge Charger,Dodge,"45,000 miles",25998,Charger GT,2023 Dodge,carmax,45000,25998,Charger,GT,2023,2023-dodge-charger-gt,288268499314600144987643412432835749483
1353,False,Dodge Charger,Dodge,"44,000 miles",24998,Charger GT,2023 Dodge,carmax,44000,24998,Charger,GT,2023,2023-dodge-charger-gt,288268499314600144987643412432835749483
1354,False,Dodge Charger,Dodge,"56,000 miles",27998,Charger GT,2023 Dodge,carmax,56000,27998,Charger,GT,2023,2023-dodge-charger-gt,288268499314600144987643412432835749483
1355,False,Dodge Charger,Dodge,"60,000 miles",25998,Charger GT,2023 Dodge,carmax,60000,25998,Charger,GT,2023,2023-dodge-charger-gt,288268499314600144987643412432835749483
1356,False,Dodge Charger,Dodge,"52,000 miles",27998,Charger GT,2023 Dodge,carmax,52000,27998,Charger,GT,2023,2023-dodge-charger-gt,288268499314600144987643412432835749483
1357,False,Dodge Charger,Dodge,"44,000 miles",24998,Charger GT,2023 Dodge,carmax,44000,24998,Charger,GT,2023,2023-dodge-charger-gt,288268499314600144987643412432835749483
1358,False,Dodge Charger,Dodge,"50,000 miles",24998,Charger GT,2023 Dodge,carmax,50000,24998,Charger,GT,2023,2023-dodge-charger-gt,288268499314600144987643412432835749483
1359,False,Dodge Charger,Dodge,"59,000 miles",24998,Charger GT,2023 Dodge,carmax,59000,24998,Charger,GT,2023,2023-dodge-charger-gt,288268499314600144987643412432835749483
1360,False,Dodge Charger,Dodge,"55,000 miles",26998,Charger GT,2023 Dodge,carmax,55000,26998,Charger,GT,2023,2023-dodge-charger-gt,288268499314600144987643412432835749483
1361,False,Dodge Charger,Dodge,"26,000 miles",31998,Charger GT,2023 Dodge,carmax,26000,31998,Charger,GT,2023,2023-dodge-charger-gt,288268499314600144987643412432835749483
1362,False,Dodge Charger,Dodge,"58,000 miles",25998,Charger GT,2023 Dodge,carmax,58000,25998,Charger,GT,2023,2023-dodge-charger-gt,288268499314600144987643412432835749483
1363,False,Dodge Charger,Dodge,"45,000 miles",26998,Charger GT,2023 Dodge,carmax,45000,26998,Charger,GT,2023,2023-dodge-charger-gt,288268499314600144987643412432835749483
1364,False,Dodge Charger,Dodge,"55,000 miles",26998,Charger GT,2023 Dodge,carmax,55000,26998,Charger,GT,2023,2023-dodge-charger-gt,288268499314600144987643412432835749483
1365,False,Dodge Charger,Dodge,"34,000 miles",29998,Charger GT,2023 Dodge,carmax,34000,29998,Charger,GT,2023,2023-dodge-charger-gt,288268499314600144987643412432835749483
1366,False,Dodge Charger,Dodge,"56,000 miles",25998,Charger GT,2023 Dodge,carmax,56000,25998,Charger,GT,2023,2023-dodge-charger-gt,288268499314600144987643412432835749483
1367,False,Dodge Charger,Dodge,"31,000 miles",28998,Charger GT,2023 Dodge,carmax,31000,28998,Charger,GT,2023,2023-dodge-charger-gt,288268499314600144987643412432835749483
1368,False,Dodge Charger,Dodge,"36,000 miles",27998,Charger GT,2023 Dodge,carmax,36000,27998,Charger,GT,2023,2023-dodge-charger-gt,288268499314600144987643412432835749483
1369,False,Dodge Charger,Dodge,"2,000 miles",31998,Charger GT,2023 Dodge,carmax,2000,31998,Charger,GT,2023,2023-dodge-charger-gt,288268499314600144987643412432835749483
1370,False,Dodge Charger,Dodge,"43,000 miles",25998,Charger GT,2023 Dodge,carmax,43000,25998,Charger,GT,2023,2023-dodge-charger-gt,288268499314600144987643412432835749483
1371,False,Dodge Charger,Dodge,"49,000 miles",24998,Charger GT,2023 Dodge,carmax,49000,24998,Charger,GT,2023,2023-dodge-charger-gt,288268499314600144987643412432835749483
1372,False,Dodge Charger,Dodge,"27,000 miles",30998,Charger GT,2023 Dodge,carmax,27000,30998,Charger,GT,2023,2023-dodge-charger-gt,288268499314600144987643412432835749483
1373,False,Dodge Charger,Dodge,"35,000 miles",33998,Charger R/T,2023 Dodge,carmax,35000,33998,Charger,R/T,2023,2023-dodge-charger-r/t,78489482008228401399755631663450881814
1374,False,Dodge Charger,Dodge,"9,000 miles",37998,Charger R/T,2023 Dodge,carmax,9000,37998,Charger,R/T,2023,2023-dodge-charger-r/t,78489482008228401399755631663450881814
1375,False,Dodge Charger,Dodge,"6,000 miles",41998,Charger R/T,2023 Dodge,carmax,6000,41998,Charger,R/T,2023,2023-dodge-charger-r/t,78489482008228401399755631663450881814
1376,False,Dodge Charger,Dodge,"24,000 miles",36998,Charger R/T,2023 Dodge,carmax,24000,36998,Charger,R/T,2023,2023-dodge-charger-r/t,78489482008228401399755631663450881814
1377,False,Dodge Charger,Dodge,"10,000 miles",38998,Charger R/T,2023 Dodge,carmax,10000,38998,Charger,R/T,2023,2023-dodge-charger-r/t,78489482008228401399755631663450881814
1378,False,Dodge Charger,Dodge,"7,000 miles",26998,Charger SXT,2023 Dodge,carmax,7000,26998,Charger,SXT,2023,2023-dodge-charger-sxt,275954479026364915717424989486137242204
1379,False,Dodge Charger,Dodge,"54,000 miles",22998,Charger SXT,2023 Dodge,carmax,54000,22998,Charger,SXT,2023,2023-dodge-charger-sxt,275954479026364915717424989486137242204
1380,False,Dodge Charger,Dodge,"60,000 miles",21998,Charger SXT,2023 Dodge,carmax,60000,21998,Charger,SXT,2023,2023-dodge-charger-sxt,275954479026364915717424989486137242204
1381,False,Dodge Charger,Dodge,"3,000 miles",29998,Charger SXT,2023 Dodge,carmax,3000,29998,Charger,SXT,2023,2023-dodge-charger-sxt,275954479026364915717424989486137242204
1382,False,Dodge Charger,Dodge,"57,000 miles",20998,Charger SXT,2023 Dodge,carmax,57000,20998,Charger,SXT,2023,2023-dodge-charger-sxt,275954479026364915717424989486137242204
1383,False,Dodge Charger,Dodge,"52,000 miles",21998,Charger SXT,2023 Dodge,carmax,52000,21998,Charger,SXT,2023,2023-dodge-charger-sxt,275954479026364915717424989486137242204
1384,False,Dodge Charger,Dodge,"7,000 miles",26998,Charger SXT,2023 Dodge,carmax,7000,26998,Charger,SXT,2023,2023-dodge-charger-sxt,275954479026364915717424989486137242204
1385,False,Dodge Charger,Dodge,"53,000 miles",22998,Charger SXT,2023 Dodge,carmax,53000,22998,Charger,SXT,2023,2023-dodge-charger-sxt,275954479026364915717424989486137242204
1386,False,Dodge Charger,Dodge,"42,000 miles",22998,Charger SXT,2023 Dodge,carmax,42000,22998,Charger,SXT,2023,2023-dodge-charger-sxt,275954479026364915717424989486137242204
1387,False,Dodge Charger,Dodge,"51,000 miles",22998,Charger SXT,2023 Dodge,carmax,51000,22998,Charger,SXT,2023,2023-dodge-charger-sxt,275954479026364915717424989486137242204
1388,False,Dodge Charger,Dodge,"60,000 miles",22998,Charger SXT,2023 Dodge,carmax,60000,22998,Charger,SXT,2023,2023-dodge-charger-sxt,275954479026364915717424989486137242204
1389,False,Dodge Charger,Dodge,"60,000 miles",21998,Charger SXT,2023 Dodge,carmax,60000,21998,Charger,SXT,2023,2023-dodge-charger-sxt,275954479026364915717424989486137242204
1390,False,Dodge Charger,Dodge,"34,000 miles",22998,Charger SXT,2023 Dodge,carmax,34000,22998,Charger,SXT,2023,2023-dodge-charger-sxt,275954479026364915717424989486137242204
1391,False,Dodge Charger,Dodge,"39,000 miles",25998,Charger SXT,2023 Dodge,carmax,39000,25998,Charger,SXT,2023,2023-dodge-charger-sxt,275954479026364915717424989486137242204
1392,False,Dodge Charger,Dodge,"48,000 miles",23998,Charger SXT,2023 Dodge,carmax,48000,23998,Charger,SXT,2023,2023-dodge-charger-sxt,275954479026364915717424989486137242204
1393,False,Dodge Charger,Dodge,"40,000 miles",24998,Charger SXT,2023 Dodge,carmax,40000,24998,Charger,SXT,2023,2023-dodge-charger-sxt,275954479026364915717424989486137242204
1394,False,Dodge Charger,Dodge,"52,000 miles",21998,Charger SXT,2023 Dodge,carmax,52000,21998,Charger,SXT,2023,2023-dodge-charger-sxt,275954479026364915717424989486137242204
1395,False,Dodge Charger,Dodge,"54,000 miles",21998,Charger SXT,2023 Dodge,carmax,54000,21998,Charger,SXT,2023,2023-dodge-charger-sxt,275954479026364915717424989486137242204
1396,False,Dodge Charger,Dodge,"38,000 miles",23998,Charger SXT,2023 Dodge,carmax,38000,23998,Charger,SXT,2023,2023-dodge-charger-sxt,275954479026364915717424989486137242204
1397,False,Dodge Charger,Dodge,"22,000 miles",26998,Charger SXT,2023 Dodge,carmax,22000,26998,Charger,SXT,2023,2023-dodge-charger-sxt,275954479026364915717424989486137242204
1398,False,Dodge Charger,Dodge,"53,000 miles",22998,Charger SXT,2023 Dodge,carmax,53000,22998,Charger,SXT,2023,2023-dodge-charger-sxt,275954479026364915717424989486137242204
1399,False,Dodge Charger,Dodge,"10,000 miles",25998,Charger SXT,2023 Dodge,carmax,10000,25998,Charger,SXT,2023,2023-dodge-charger-sxt,275954479026364915717424989486137242204
1400,False,Dodge Charger,Dodge,"45,000 miles",23998,Charger SXT,2023 Dodge,carmax,45000,23998,Charger,SXT,2023,2023-dodge-charger-sxt,275954479026364915717424989486137242204
1401,False,Dodge Charger,Dodge,"32,000 miles",24998,Charger SXT,2023 Dodge,carmax,32000,24998,Charger,SXT,2023,2023-dodge-charger-sxt,275954479026364915717424989486137242204
1402,False,Dodge Charger,Dodge,"35,000 miles",23998,Charger SXT,2023 Dodge,carmax,35000,23998,Charger,SXT,2023,2023-dodge-charger-sxt,275954479026364915717424989486137242204
1403,False,Dodge Charger,Dodge,"53,000 miles",22998,Charger SXT,2023 Dodge,carmax,53000,22998,Charger,SXT,2023,2023-dodge-charger-sxt,275954479026364915717424989486137242204
1404,False,Dodge Charger,Dodge,"54,000 miles",21998,Charger SXT,2023 Dodge,carmax,54000,21998,Charger,SXT,2023,2023-dodge-charger-sxt,275954479026364915717424989486137242204
1405,False,Dodge Charger,Dodge,"60,000 miles",21998,Charger SXT,2023 Dodge,carmax,60000,21998,Charger,SXT,2023,2023-dodge-charger-sxt,275954479026364915717424989486137242204
1406,False,Dodge Charger,Dodge,"35,000 miles",24998,Charger SXT,2023 Dodge,carmax,35000,24998,Charger,SXT,2023,2023-dodge-charger-sxt,275954479026364915717424989486137242204
1407,False,Dodge Charger,Dodge,"37,000 miles",24998,Charger SXT,2023 Dodge,carmax,37000,24998,Charger,SXT,2023,2023-dodge-charger-sxt,275954479026364915717424989486137242204
1408,False,Dodge Charger,Dodge,"29,000 miles",23998,Charger SXT,2023 Dodge,carmax,29000,23998,Charger,SXT,2023,2023-dodge-charger-sxt,275954479026364915717424989486137242204
1409,False,Dodge Charger,Dodge,"41,000 miles",22998,Charger SXT,2023 Dodge,carmax,41000,22998,Charger,SXT,2023,2023-dodge-charger-sxt,275954479026364915717424989486137242204
1410,False,Dodge Charger,Dodge,"21,000 miles",26998,Charger SXT,2023 Dodge,carmax,21000,26998,Charger,SXT,2023,2023-dodge-charger-sxt,275954479026364915717424989486137242204
1411,False,Dodge Charger,Dodge,"8,000 miles",26998,Charger SXT,2023 Dodge,carmax,8000,26998,Charger,SXT,2023,2023-dodge-charger-sxt,275954479026364915717424989486137242204
1412,False,Dodge Charger,Dodge,"52,000 miles",20998,Charger SXT,2023 Dodge,carmax,52000,20998,Charger,SXT,2023,2023-dodge-charger-sxt,275954479026364915717424989486137242204
1413,False,Dodge Charger,Dodge,"57,000 miles",23998,Charger SXT,2023 Dodge,carmax,57000,23998,Charger,SXT,2023,2023-dodge-charger-sxt,275954479026364915717424989486137242204
1414,False,Dodge Charger,Dodge,"4,000 miles",30998,Charger SXT,2023 Dodge,carmax,4000,30998,Charger,SXT,2023,2023-dodge-charger-sxt,275954479026364915717424989486137242204
1415,False,Dodge Charger,Dodge,"55,000 miles",22998,Charger SXT,2023 Dodge,carmax,55000,22998,Charger,SXT,2023,2023-dodge-charger-sxt,275954479026364915717424989486137242204
1416,False,Dodge Charger,Dodge,"27,000 miles",24998,Charger SXT,2023 Dodge,carmax,27000,24998,Charger,SXT,2023,2023-dodge-charger-sxt,275954479026364915717424989486137242204
1417,False,Dodge Charger,Dodge,"36,000 miles",25998,Charger SXT,2023 Dodge,carmax,36000,25998,Charger,SXT,2023,2023-dodge-charger-sxt,275954479026364915717424989486137242204
1418,False,Dodge Charger,Dodge,"48,000 miles",25998,Charger SXT,2023 Dodge,carmax,48000,25998,Charger,SXT,2023,2023-dodge-charger-sxt,275954479026364915717424989486137242204
1419,False,Dodge Charger,Dodge,"16,000 miles",25998,Charger SXT,2023 Dodge,carmax,16000,25998,Charger,SXT,2023,2023-dodge-charger-sxt,275954479026364915717424989486137242204
1420,False,Dodge Charger,Dodge,"26,000 miles",26998,Charger SXT,2023 Dodge,carmax,26000,26998,Charger,SXT,2023,2023-dodge-charger-sxt,275954479026364915717424989486137242204
1421,False,Dodge Charger,Dodge,"26,000 miles",24998,Charger SXT,2023 Dodge,carmax,26000,24998,Charger,SXT,2023,2023-dodge-charger-sxt,275954479026364915717424989486137242204
1422,False,Dodge Charger,Dodge,"59,000 miles",21998,Charger SXT,2023 Dodge,carmax,59000,21998,Charger,SXT,2023,2023-dodge-charger-sxt,275954479026364915717424989486137242204
1423,False,Dodge Charger,Dodge,"9,000 miles",25998,Charger SXT,2023 Dodge,carmax,9000,25998,Charger,SXT,2023,2023-dodge-charger-sxt,275954479026364915717424989486137242204
1424,False,Dodge Charger,Dodge,"15,000 miles",26998,Charger SXT,2023 Dodge,carmax,15000,26998,Charger,SXT,2023,2023-dodge-charger-sxt,275954479026364915717424989486137242204
1425,False,Dodge Charger,Dodge,"54,000 miles",21998,Charger SXT,2023 Dodge,carmax,54000,21998,Charger,SXT,2023,2023-dodge-charger-sxt,275954479026364915717424989486137242204
1426,False,Dodge Charger,Dodge,"57,000 miles",21998,Charger SXT,2023 Dodge,carmax,57000,21998,Charger,SXT,2023,2023-dodge-charger-sxt,275954479026364915717424989486137242204
1427,False,Dodge Charger,Dodge,"58,000 miles",21998,Charger SXT,2023 Dodge,carmax,58000,21998,Charger,SXT,2023,2023-dodge-charger-sxt,275954479026364915717424989486137242204
1428,False,Dodge Charger,Dodge,"52,000 miles",20998,Charger SXT,2023 Dodge,carmax,52000,20998,Charger,SXT,2023,2023-dodge-charger-sxt,275954479026364915717424989486137242204
1429,False,Dodge Charger,Dodge,"37,000 miles",24998,Charger SXT,2023 Dodge,carmax,37000,24998,Charger,SXT,2023,2023-dodge-charger-sxt,275954479026364915717424989486137242204
1430,False,Dodge Charger,Dodge,"54,000 miles",22998,Charger SXT,2023 Dodge,carmax,54000,22998,Charger,SXT,2023,2023-dodge-charger-sxt,275954479026364915717424989486137242204
1431,False,Dodge Charger,Dodge,"75,000 miles",22998,Charger SXT,2023 Dodge,carmax,75000,22998,Charger,SXT,2023,2023-dodge-charger-sxt,275954479026364915717424989486137242204
1432,False,Dodge Charger,Dodge,"57,000 miles",20998,Charger SXT,2023 Dodge,carmax,57000,20998,Charger,SXT,2023,2023-dodge-charger-sxt,275954479026364915717424989486137242204
1433,False,Dodge Charger,Dodge,"57,000 miles",22998,Charger SXT,2023 Dodge,carmax,57000,22998,Charger,SXT,2023,2023-dodge-charger-sxt,275954479026364915717424989486137242204
1434,False,Dodge Charger,Dodge,"45,000 miles",25998,Charger SXT,2023 Dodge,carmax,45000,25998,Charger,SXT,2023,2023-dodge-charger-sxt,275954479026364915717424989486137242204
1435,False,Dodge Charger,Dodge,"57,000 miles",22998,Charger SXT,2023 Dodge,carmax,57000,22998,Charger,SXT,2023,2023-dodge-charger-sxt,275954479026364915717424989486137242204
1436,False,Dodge Charger,Dodge,"55,000 miles",21998,Charger SXT,2023 Dodge,carmax,55000,21998,Charger,SXT,2023,2023-dodge-charger-sxt,275954479026364915717424989486137242204
1437,False,Dodge Charger,Dodge,"60,000 miles",22998,Charger SXT,2023 Dodge,carmax,60000,22998,Charger,SXT,2023,2023-dodge-charger-sxt,275954479026364915717424989486137242204
1438,False,Dodge Charger,Dodge,"44,000 miles",23998,Charger SXT,2023 Dodge,carmax,44000,23998,Charger,SXT,2023,2023-dodge-charger-sxt,275954479026364915717424989486137242204
1439,False,Dodge Charger,Dodge,"56,000 miles",21998,Charger SXT,2023 Dodge,carmax,56000,21998,Charger,SXT,2023,2023-dodge-charger-sxt,275954479026364915717424989486137242204
1440,False,Dodge Charger,Dodge,"9,000 miles",25998,Charger SXT,2023 Dodge,carmax,9000,25998,Charger,SXT,2023,2023-dodge-charger-sxt,275954479026364915717424989486137242204
1441,False,Dodge Charger,Dodge,"2,000 miles",29998,Charger SXT,2023 Dodge,carmax,2000,29998,Charger,SXT,2023,2023-dodge-charger-sxt,275954479026364915717424989486137242204
1442,False,Dodge Charger,Dodge,"32,000 miles",25998,Charger SXT,2023 Dodge,carmax,32000,25998,Charger,SXT,2023,2023-dodge-charger-sxt,275954479026364915717424989486137242204
1443,False,Dodge Charger,Dodge,"56,000 miles",20998,Charger SXT,2023 Dodge,carmax,56000,20998,Charger,SXT,2023,2023-dodge-charger-sxt,275954479026364915717424989486137242204
1444,False,Dodge Charger,Dodge,"55,000 miles",21998,Charger SXT,2023 Dodge,carmax,55000,21998,Charger,SXT,2023,2023-dodge-charger-sxt,275954479026364915717424989486137242204
1445,False,Dodge Charger,Dodge,"17,000 miles",25998,Charger SXT,2023 Dodge,carmax,17000,25998,Charger,SXT,2023,2023-dodge-charger-sxt,275954479026364915717424989486137242204
1446,False,Dodge Charger,Dodge,"53,000 miles",21998,Charger SXT,2023 Dodge,carmax,53000,21998,Charger,SXT,2023,2023-dodge-charger-sxt,275954479026364915717424989486137242204
1447,False,Dodge Charger,Dodge,"5,000 miles",26998,Charger SXT,2023 Dodge,carmax,5000,26998,Charger,SXT,2023,2023-dodge-charger-sxt,275954479026364915717424989486137242204
1448,False,Dodge Charger,Dodge,"37,000 miles",25998,Charger SXT,2023 Dodge,carmax,37000,25998,Charger,SXT,2023,2023-dodge-charger-sxt,275954479026364915717424989486137242204
1449,False,Dodge Charger,Dodge,"36,000 miles",25998,Charger SXT,2023 Dodge,carmax,36000,25998,Charger,SXT,2023,2023-dodge-charger-sxt,275954479026364915717424989486137242204
1450,False,Dodge Charger,Dodge,"47,000 miles",21998,Charger SXT,2023 Dodge,carmax,47000,21998,Charger,SXT,2023,2023-dodge-charger-sxt,275954479026364915717424989486137242204
1451,False,Dodge Charger,Dodge,"41,000 miles",21998,Charger SXT,2023 Dodge,carmax,41000,21998,Charger,SXT,2023,2023-dodge-charger-sxt,275954479026364915717424989486137242204
1452,False,Dodge Charger,Dodge,"22,000 miles",24998,Charger SXT,2023 Dodge,carmax,22000,24998,Charger,SXT,2023,2023-dodge-charger-sxt,275954479026364915717424989486137242204
1453,False,Dodge Charger,Dodge,"14,000 miles",25998,Charger SXT,2023 Dodge,carmax,14000,25998,Charger,SXT,2023,2023-dodge-charger-sxt,275954479026364915717424989486137242204
1454,False,Dodge Charger,Dodge,"4,000 miles",25998,Charger SXT,2023 Dodge,carmax,4000,25998,Charger,SXT,2023,2023-dodge-charger-sxt,275954479026364915717424989486137242204
1455,False,Dodge Charger,Dodge,"56,000 miles",20998,Charger SXT,2023 Dodge,carmax,56000,20998,Charger,SXT,2023,2023-dodge-charger-sxt,275954479026364915717424989486137242204
1456,False,Dodge Charger,Dodge,"58,000 miles",20998,Charger SXT,2023 Dodge,carmax,58000,20998,Charger,SXT,2023,2023-dodge-charger-sxt,275954479026364915717424989486137242204
1457,False,Dodge Charger,Dodge,"54,000 miles",22998,Charger SXT,2023 Dodge,carmax,54000,22998,Charger,SXT,2023,2023-dodge-charger-sxt,275954479026364915717424989486137242204
1458,False,Dodge Charger,Dodge,"16,000 miles",26998,Charger SXT,2023 Dodge,carmax,16000,26998,Charger,SXT,2023,2023-dodge-charger-sxt,275954479026364915717424989486137242204
1459,False,Dodge Charger,Dodge,"35,000 miles",25998,Charger SXT,2023 Dodge,carmax,35000,25998,Charger,SXT,2023,2023-dodge-charger-sxt,275954479026364915717424989486137242204
1460,False,Dodge Charger,Dodge,"35,000 miles",25998,Charger SXT,2023 Dodge,carmax,35000,25998,Charger,SXT,2023,2023-dodge-charger-sxt,275954479026364915717424989486137242204
1461,False,Dodge Charger,Dodge,"35,000 miles",24998,Charger SXT,2023 Dodge,carmax,35000,24998,Charger,SXT,2023,2023-dodge-charger-sxt,275954479026364915717424989486137242204
1462,False,Dodge Charger,Dodge,"31,000 miles",26998,Charger SXT,2023 Dodge,carmax,31000,26998,Charger,SXT,2023,2023-dodge-charger-sxt,275954479026364915717424989486137242204
1463,False,Dodge Charger,Dodge,"19,000 miles",26998,Charger SXT,2023 Dodge,carmax,19000,26998,Charger,SXT,2023,2023-dodge-charger-sxt,275954479026364915717424989486137242204
1464,False,Dodge Charger,Dodge,"27,000 miles",23998,Charger SXT,2023 Dodge,carmax,27000,23998,Charger,SXT,2023,2023-dodge-charger-sxt,275954479026364915717424989486137242204
1465,False,Dodge Charger,Dodge,"35,000 miles",23998,Charger SXT,2023 Dodge,carmax,35000,23998,Charger,SXT,2023,2023-dodge-charger-sxt,275954479026364915717424989486137242204
1466,False,Dodge Charger,Dodge,"28,000 miles",26998,Charger SXT,2023 Dodge,carmax,28000,26998,Charger,SXT,2023,2023-dodge-charger-sxt,275954479026364915717424989486137242204
1467,False,Dodge Charger,Dodge,"12,000 miles",26998,Charger SXT,2023 Dodge,carmax,12000,26998,Charger,SXT,2023,2023-dodge-charger-sxt,275954479026364915717424989486137242204
1468,False,Dodge Charger,Dodge,"24,000 miles",24998,Charger SXT,2023 Dodge,carmax,24000,24998,Charger,SXT,2023,2023-dodge-charger-sxt,275954479026364915717424989486137242204
1469,False,Dodge Charger,Dodge,"25,000 miles",24998,Charger SXT,2023 Dodge,carmax,25000,24998,Charger,SXT,2023,2023-dodge-charger-sxt,275954479026364915717424989486137242204
1470,False,Dodge Charger,Dodge,"35,000 miles",22998,Charger SXT,2023 Dodge,carmax,35000,22998,Charger,SXT,2023,2023-dodge-charger-sxt,275954479026364915717424989486137242204
1471,False,Dodge Charger,Dodge,"1,000 miles",50998,Charger Scat Pack,2023 Dodge,carmax,1000,50998,Charger,Scat Pack,2023,2023-dodge-charger-scat pack,188377758277282167289176630065331520571
1472,False,Dodge Charger,Dodge,"1,000 miles",56998,Charger Scat Pack,2023 Dodge,carmax,1000,56998,Charger,Scat Pack,2023,2023-dodge-charger-scat pack,188377758277282167289176630065331520571
1473,False,Dodge Charger,Dodge,"13,000 miles",46998,Charger Scat Pack,2023 Dodge,carmax,13000,46998,Charger,Scat Pack,2023,2023-dodge-charger-scat pack,188377758277282167289176630065331520571
1474,False,Dodge Charger,Dodge,"4,000 miles",50998,Charger Scat Pack,2023 Dodge,carmax,4000,50998,Charger,Scat Pack,2023,2023-dodge-charger-scat pack,188377758277282167289176630065331520571
1475,False,Dodge Charger,Dodge,"6,000 miles",50998,Charger Scat Pack,2023 Dodge,carmax,6000,50998,Charger,Scat Pack,2023,2023-dodge-charger-scat pack,188377758277282167289176630065331520571
1476,False,Dodge Charger,Dodge,"4,000 miles",46998,Charger Scat Pack,2023 Dodge,carmax,4000,46998,Charger,Scat Pack,2023,2023-dodge-charger-scat pack,188377758277282167289176630065331520571
1477,False,Dodge Charger,Dodge,"14,000 miles",45998,Charger Scat Pack,2023 Dodge,carmax,14000,45998,Charger,Scat Pack,2023,2023-dodge-charger-scat pack,188377758277282167289176630065331520571
1478,False,Dodge Charger,Dodge,"11,000 miles",50998,Charger Scat Pack,2023 Dodge,carmax,11000,50998,Charger,Scat Pack,2023,2023-dodge-charger-scat pack,188377758277282167289176630065331520571
1479,False,Dodge Charger,Dodge,"15,000 miles",49998,Charger Scat Pack,2023 Dodge,carmax,15000,49998,Charger,Scat Pack,2023,2023-dodge-charger-scat pack,188377758277282167289176630065331520571
1480,False,Dodge Charger,Dodge,"9,000 miles",54998,Charger Scat Pack,2023 Dodge,carmax,9000,54998,Charger,Scat Pack,2023,2023-dodge-charger-scat pack,188377758277282167289176630065331520571
1481,False,Dodge Charger,Dodge,"1,000 miles",49998,Charger Scat Pack,2023 Dodge,carmax,1000,49998,Charger,Scat Pack,2023,2023-dodge-charger-scat pack,188377758277282167289176630065331520571
1482,False,Dodge Charger,Dodge,"2,000 miles",48998,Charger Scat Pack,2023 Dodge,carmax,2000,48998,Charger,Scat Pack,2023,2023-dodge-charger-scat pack,188377758277282167289176630065331520571
1483,False,Dodge Charger,Dodge,"6,000 miles",49998,Charger Scat Pack,2023 Dodge,carmax,6000,49998,Charger,Scat Pack,2023,2023-dodge-charger-scat pack,188377758277282167289176630065331520571
1484,False,Dodge Charger,Dodge,"2,000 miles",52998,Charger Scat Pack,2023 Dodge,carmax,2000,52998,Charger,Scat Pack,2023,2023-dodge-charger-scat pack,188377758277282167289176630065331520571
1485,False,Dodge Charger,Dodge,"11,000 miles",50998,Charger Scat Pack,2023 Dodge,carmax,11000,50998,Charger,Scat Pack,2023,2023-dodge-charger-scat pack,188377758277282167289176630065331520571
1486,False,Dodge Charger,Dodge,"3,000 miles",58998,Charger Scat Pack Widebody,2023 Dodge,carmax,3000,58998,Charger,Scat Pack Widebody,2023,2023-dodge-charger-scat pack widebody,137908948570727972608552387922789644077
1487,False,Dodge Charger,Dodge,"19,000 miles",51998,Charger Scat Pack Widebody,2023 Dodge,carmax,19000,51998,Charger,Scat Pack Widebody,2023,2023-dodge-charger-scat pack widebody,137908948570727972608552387922789644077
1488,False,Dodge Charger,Dodge,"3,000 miles",56998,Charger Scat Pack Widebody,2023 Dodge,carmax,3000,56998,Charger,Scat Pack Widebody,2023,2023-dodge-charger-scat pack widebody,137908948570727972608552387922789644077
1489,False,Dodge Charger,Dodge,"9,000 miles",55998,Charger Scat Pack Widebody,2023 Dodge,carmax,9000,55998,Charger,Scat Pack Widebody,2023,2023-dodge-charger-scat pack widebody,137908948570727972608552387922789644077
1490,False,Dodge Charger,Dodge,"13,000 miles",51998,Charger Scat Pack Widebody,2023 Dodge,carmax,13000,51998,Charger,Scat Pack Widebody,2023,2023-dodge-charger-scat pack widebody,137908948570727972608552387922789644077
1491,False,Dodge Charger,Dodge,"4,000 miles",56998,Charger Scat Pack Widebody,2023 Dodge,carmax,4000,56998,Charger,Scat Pack Widebody,2023,2023-dodge-charger-scat pack widebody,137908948570727972608552387922789644077
1492,False,Dodge Durango,Dodge,"23,000 miles",30998,Durango GT,2023 Dodge,carmax,23000,30998,Durango,GT,2023,2023-dodge-durango-gt,306545336449046575460024787517932396318
1493,False,Dodge Durango,Dodge,"22,000 miles",32998,Durango GT,2023 Dodge,carmax,22000,32998,Durango,GT,2023,2023-dodge-durango-gt,306545336449046575460024787517932396318
1494,False,Dodge Durango,Dodge,"16,000 miles",32998,Durango GT,2023 Dodge,carmax,16000,32998,Durango,GT,2023,2023-dodge-durango-gt,306545336449046575460024787517932396318
1495,False,Dodge Durango,Dodge,"13,000 miles",31998,Durango GT,2023 Dodge,carmax,13000,31998,Durango,GT,2023,2023-dodge-durango-gt,306545336449046575460024787517932396318
1496,False,Dodge Durango,Dodge,"29,000 miles",31998,Durango GT Launch Edition,2023 Dodge,carmax,29000,31998,Durango,GT Launch Edition,2023,2023-dodge-durango-gt launch edition,156148478599661209732564167646919887165
1497,False,Dodge Durango,Dodge,"53,000 miles",27998,Durango GT Launch Edition,2023 Dodge,carmax,53000,27998,Durango,GT Launch Edition,2023,2023-dodge-durango-gt launch edition,156148478599661209732564167646919887165
1498,False,Dodge Durango,Dodge,"39,000 miles",31998,Durango GT Plus,2023 Dodge,carmax,39000,31998,Durango,GT Plus,2023,2023-dodge-durango-gt plus,6451222297049544083177744931658496208
1499,False,Dodge Durango,Dodge,"51,000 miles",29998,Durango GT Plus,2023 Dodge,carmax,51000,29998,Durango,GT Plus,2023,2023-dodge-durango-gt plus,6451222297049544083177744931658496208
1500,False,Dodge Durango,Dodge,"28,000 miles",35998,Durango GT Plus,2023 Dodge,carmax,28000,35998,Durango,GT Plus,2023,2023-dodge-durango-gt plus,6451222297049544083177744931658496208
1501,False,Dodge Durango,Dodge,"48,000 miles",30998,Durango GT Plus,2023 Dodge,carmax,48000,30998,Durango,GT Plus,2023,2023-dodge-durango-gt plus,6451222297049544083177744931658496208
1502,False,Dodge Durango,Dodge,"55,000 miles",28998,Durango GT Plus,2023 Dodge,carmax,55000,28998,Durango,GT Plus,2023,2023-dodge-durango-gt plus,6451222297049544083177744931658496208
1503,False,Dodge Durango,Dodge,"54,000 miles",28998,Durango GT Plus,2023 Dodge,carmax,54000,28998,Durango,GT Plus,2023,2023-dodge-durango-gt plus,6451222297049544083177744931658496208
1504,False,Dodge Durango,Dodge,"47,000 miles",30998,Durango GT Premium,2023 Dodge,carmax,47000,30998,Durango,GT Premium,2023,2023-dodge-durango-gt premium,275198921616379063926185200445593281547
1505,False,Dodge Durango,Dodge,"47,000 miles",31998,Durango GT Premium,2023 Dodge,carmax,47000,31998,Durango,GT Premium,2023,2023-dodge-durango-gt premium,275198921616379063926185200445593281547
1506,False,Dodge Durango,Dodge,"45,000 miles",31998,Durango GT Premium,2023 Dodge,carmax,45000,31998,Durango,GT Premium,2023,2023-dodge-durango-gt premium,275198921616379063926185200445593281547
1507,False,Dodge Durango,Dodge,"27,000 miles",31998,Durango GT Premium,2023 Dodge,carmax,27000,31998,Durango,GT Premium,2023,2023-dodge-durango-gt premium,275198921616379063926185200445593281547
1508,False,Dodge Durango,Dodge,"14,000 miles",37998,Durango GT Premium,2023 Dodge,carmax,14000,37998,Durango,GT Premium,2023,2023-dodge-durango-gt premium,275198921616379063926185200445593281547
1509,False,Dodge Durango,Dodge,"19,000 miles",34998,Durango GT Premium,2023 Dodge,carmax,19000,34998,Durango,GT Premium,2023,2023-dodge-durango-gt premium,275198921616379063926185200445593281547
1510,False,Dodge Durango,Dodge,"37,000 miles",34998,Durango GT Premium,2023 Dodge,carmax,37000,34998,Durango,GT Premium,2023,2023-dodge-durango-gt premium,275198921616379063926185200445593281547
1511,False,Dodge Durango,Dodge,"40,000 miles",31998,Durango GT Premium,2023 Dodge,carmax,40000,31998,Durango,GT Premium,2023,2023-dodge-durango-gt premium,275198921616379063926185200445593281547
1512,False,Dodge Durango,Dodge,"52,000 miles",29998,Durango GT Premium,2023 Dodge,carmax,52000,29998,Durango,GT Premium,2023,2023-dodge-durango-gt premium,275198921616379063926185200445593281547
1513,False,Dodge Durango,Dodge,"19,000 miles",45998,Durango Hemi Orange,2023 Dodge,carmax,19000,45998,Durango,Hemi Orange,2023,2023-dodge-durango-hemi orange,31584206362934999631755978197504765419
1514,False,Dodge Durango,Dodge,"26,000 miles",41998,Durango Hemi Orange,2023 Dodge,carmax,26000,41998,Durango,Hemi Orange,2023,2023-dodge-durango-hemi orange,31584206362934999631755978197504765419
1515,False,Dodge Durango,Dodge,"56,000 miles",34998,Durango R/T,2023 Dodge,carmax,56000,34998,Durango,R/T,2023,2023-dodge-durango-r/t,114721747326748166649294175980775164737
1516,False,Dodge Durango,Dodge,"18,000 miles",36998,Durango R/T,2023 Dodge,carmax,18000,36998,Durango,R/T,2023,2023-dodge-durango-r/t,114721747326748166649294175980775164737
1517,False,Dodge Durango,Dodge,"25,000 miles",38998,Durango R/T,2023 Dodge,carmax,25000,38998,Durango,R/T,2023,2023-dodge-durango-r/t,114721747326748166649294175980775164737
1518,False,Dodge Durango,Dodge,"37,000 miles",37998,Durango R/T Plus,2023 Dodge,carmax,37000,37998,Durango,R/T Plus,2023,2023-dodge-durango-r/t plus,125900564871000375661371824165989661187
1519,False,Dodge Durango,Dodge,"36,000 miles",37998,Durango R/T Plus,2023 Dodge,carmax,36000,37998,Durango,R/T Plus,2023,2023-dodge-durango-r/t plus,125900564871000375661371824165989661187
1520,False,Dodge Durango,Dodge,"24,000 miles",39998,Durango R/T Plus,2023 Dodge,carmax,24000,39998,Durango,R/T Plus,2023,2023-dodge-durango-r/t plus,125900564871000375661371824165989661187
1521,False,Dodge Durango,Dodge,"59,000 miles",35998,Durango R/T Plus,2023 Dodge,carmax,59000,35998,Durango,R/T Plus,2023,2023-dodge-durango-r/t plus,125900564871000375661371824165989661187
1522,False,Dodge Durango,Dodge,"35,000 miles",38998,Durango R/T Plus,2023 Dodge,carmax,35000,38998,Durango,R/T Plus,2023,2023-dodge-durango-r/t plus,125900564871000375661371824165989661187
1523,False,Dodge Durango,Dodge,"23,000 miles",40998,Durango R/T Plus,2023 Dodge,carmax,23000,40998,Durango,R/T Plus,2023,2023-dodge-durango-r/t plus,125900564871000375661371824165989661187
1524,False,Dodge Durango,Dodge,"25,000 miles",42998,Durango R/T Plus,2023 Dodge,carmax,25000,42998,Durango,R/T Plus,2023,2023-dodge-durango-r/t plus,125900564871000375661371824165989661187
1525,False,Dodge Durango,Dodge,"12,000 miles",44998,Durango R/T Plus,2023 Dodge,carmax,12000,44998,Durango,R/T Plus,2023,2023-dodge-durango-r/t plus,125900564871000375661371824165989661187
1526,False,Dodge Durango,Dodge,"44,000 miles",38998,Durango R/T Premium,2023 Dodge,carmax,44000,38998,Durango,R/T Premium,2023,2023-dodge-durango-r/t premium,28894694887076563249427519348149722518
1527,False,Dodge Durango,Dodge,"56,000 miles",24998,Durango SXT,2023 Dodge,carmax,56000,24998,Durango,SXT,2023,2023-dodge-durango-sxt,27173763954048916706796110963306709546
1528,False,Dodge Durango,Dodge,"56,000 miles",24998,Durango SXT,2023 Dodge,carmax,56000,24998,Durango,SXT,2023,2023-dodge-durango-sxt,27173763954048916706796110963306709546
1529,False,Dodge Durango,Dodge,"50,000 miles",24998,Durango SXT,2023 Dodge,carmax,50000,24998,Durango,SXT,2023,2023-dodge-durango-sxt,27173763954048916706796110963306709546
1530,False,Dodge Durango,Dodge,"47,000 miles",24998,Durango SXT,2023 Dodge,carmax,47000,24998,Durango,SXT,2023,2023-dodge-durango-sxt,27173763954048916706796110963306709546
1531,False,Dodge Durango,Dodge,"49,000 miles",24998,Durango SXT,2023 Dodge,carmax,49000,24998,Durango,SXT,2023,2023-dodge-durango-sxt,27173763954048916706796110963306709546
1532,False,Dodge Durango,Dodge,"43,000 miles",28998,Durango SXT Launch Edition,2023 Dodge,carmax,43000,28998,Durango,SXT Launch Edition,2023,2023-dodge-durango-sxt launch edition,14639651915760059545047537010917781377
1533,False,Dodge Durango,Dodge,"46,000 miles",27998,Durango SXT Launch Edition,2023 Dodge,carmax,46000,27998,Durango,SXT Launch Edition,2023,2023-dodge-durango-sxt launch edition,14639651915760059545047537010917781377
1534,False,Dodge Durango,Dodge,"39,000 miles",27998,Durango SXT Plus,2023 Dodge,carmax,39000,27998,Durango,SXT Plus,2023,2023-dodge-durango-sxt plus,134552656955676117132262943876781919288
1535,False,Ford Mustang,Ford,"45,000 miles",25998,Mustang Ecoboost,2023 Ford,carmax,45000,25998,Mustang,Ecoboost,2023,2023-ford-mustang-ecoboost,59606513501463142890967730173084857462
1536,False,Ford Mustang,Ford,"39,000 miles",26998,Mustang Ecoboost,2023 Ford,carmax,39000,26998,Mustang,Ecoboost,2023,2023-ford-mustang-ecoboost,59606513501463142890967730173084857462
1537,False,Ford Mustang,Ford,"54,000 miles",25998,Mustang Ecoboost Premium,2023 Ford,carmax,54000,25998,Mustang,Ecoboost Premium,2023,2023-ford-mustang-ecoboost premium,99756568354942427147075788306573993838
1538,False,Ford Mustang,Ford,"41,000 miles",27998,Mustang Ecoboost Premium,2023 Ford,carmax,41000,27998,Mustang,Ecoboost Premium,2023,2023-ford-mustang-ecoboost premium,99756568354942427147075788306573993838
1539,False,Ford Mustang,Ford,"43,000 miles",25998,Mustang Ecoboost Premium,2023 Ford,carmax,43000,25998,Mustang,Ecoboost Premium,2023,2023-ford-mustang-ecoboost premium,99756568354942427147075788306573993838
1540,False,Ford Mustang,Ford,"12,000 miles",29998,Mustang Ecoboost Premium,2023 Ford,carmax,12000,29998,Mustang,Ecoboost Premium,2023,2023-ford-mustang-ecoboost premium,99756568354942427147075788306573993838
1541,False,Ford Mustang,Ford,"21,000 miles",28998,Mustang Ecoboost Premium,2023 Ford,carmax,21000,28998,Mustang,Ecoboost Premium,2023,2023-ford-mustang-ecoboost premium,99756568354942427147075788306573993838
1542,False,Ford Mustang,Ford,"35,000 miles",27998,Mustang Ecoboost Premium,2023 Ford,carmax,35000,27998,Mustang,Ecoboost Premium,2023,2023-ford-mustang-ecoboost premium,99756568354942427147075788306573993838
1543,False,Ford Mustang,Ford,"35,000 miles",28998,Mustang Ecoboost Premium,2023 Ford,carmax,35000,28998,Mustang,Ecoboost Premium,2023,2023-ford-mustang-ecoboost premium,99756568354942427147075788306573993838
1544,False,Ford Mustang,Ford,"24,000 miles",28998,Mustang Ecoboost Premium,2023 Ford,carmax,24000,28998,Mustang,Ecoboost Premium,2023,2023-ford-mustang-ecoboost premium,99756568354942427147075788306573993838
1545,False,Ford Mustang,Ford,"47,000 miles",25998,Mustang Ecoboost Premium,2023 Ford,carmax,47000,25998,Mustang,Ecoboost Premium,2023,2023-ford-mustang-ecoboost premium,99756568354942427147075788306573993838
1546,False,Ford Mustang,Ford,"39,000 miles",24998,Mustang Ecoboost Premium,2023 Ford,carmax,39000,24998,Mustang,Ecoboost Premium,2023,2023-ford-mustang-ecoboost premium,99756568354942427147075788306573993838
1547,False,Ford Mustang,Ford,"45,000 miles",25998,Mustang Ecoboost Premium,2023 Ford,carmax,45000,25998,Mustang,Ecoboost Premium,2023,2023-ford-mustang-ecoboost premium,99756568354942427147075788306573993838
1548,False,Ford Mustang,Ford,"19,000 miles",28998,Mustang Ecoboost Premium,2023 Ford,carmax,19000,28998,Mustang,Ecoboost Premium,2023,2023-ford-mustang-ecoboost premium,99756568354942427147075788306573993838
1549,False,Ford Mustang,Ford,"45,000 miles",25998,Mustang Ecoboost Premium,2023 Ford,carmax,45000,25998,Mustang,Ecoboost Premium,2023,2023-ford-mustang-ecoboost premium,99756568354942427147075788306573993838
1550,False,Ford Mustang,Ford,"42,000 miles",26998,Mustang Ecoboost Premium,2023 Ford,carmax,42000,26998,Mustang,Ecoboost Premium,2023,2023-ford-mustang-ecoboost premium,99756568354942427147075788306573993838
1551,False,Ford Mustang,Ford,"56,000 miles",24998,Mustang Ecoboost Premium,2023 Ford,carmax,56000,24998,Mustang,Ecoboost Premium,2023,2023-ford-mustang-ecoboost premium,99756568354942427147075788306573993838
1552,False,Ford Mustang,Ford,"24,000 miles",29998,Mustang Ecoboost Premium,2023 Ford,carmax,24000,29998,Mustang,Ecoboost Premium,2023,2023-ford-mustang-ecoboost premium,99756568354942427147075788306573993838
1553,False,Ford Mustang,Ford,"43,000 miles",26998,Mustang Ecoboost Premium,2023 Ford,carmax,43000,26998,Mustang,Ecoboost Premium,2023,2023-ford-mustang-ecoboost premium,99756568354942427147075788306573993838
1554,False,Ford Mustang,Ford,"29,000 miles",28998,Mustang Ecoboost Premium,2023 Ford,carmax,29000,28998,Mustang,Ecoboost Premium,2023,2023-ford-mustang-ecoboost premium,99756568354942427147075788306573993838
1555,False,Ford Mustang,Ford,"47,000 miles",25998,Mustang Ecoboost Premium,2023 Ford,carmax,47000,25998,Mustang,Ecoboost Premium,2023,2023-ford-mustang-ecoboost premium,99756568354942427147075788306573993838
1556,False,Ford Mustang,Ford,"37,000 miles",26998,Mustang Ecoboost Premium,2023 Ford,carmax,37000,26998,Mustang,Ecoboost Premium,2023,2023-ford-mustang-ecoboost premium,99756568354942427147075788306573993838
1557,False,Ford Mustang,Ford,"48,000 miles",25998,Mustang Ecoboost Premium,2023 Ford,carmax,48000,25998,Mustang,Ecoboost Premium,2023,2023-ford-mustang-ecoboost premium,99756568354942427147075788306573993838
1558,False,Ford Mustang,Ford,"40,000 miles",32998,Mustang GT,2023 Ford,carmax,40000,32998,Mustang,GT,2023,2023-ford-mustang-gt,42726159738907525094822484291915380666
1559,False,Ford Mustang,Ford,"17,000 miles",37998,Mustang GT,2023 Ford,carmax,17000,37998,Mustang,GT,2023,2023-ford-mustang-gt,42726159738907525094822484291915380666
1560,False,Ford Mustang,Ford,"23,000 miles",42998,Mustang GT Premium,2023 Ford,carmax,23000,42998,Mustang,GT Premium,2023,2023-ford-mustang-gt premium,204482111151739503625442389078331684141
1561,False,Ford Mustang,Ford,"24,000 miles",39998,Mustang GT Premium,2023 Ford,carmax,24000,39998,Mustang,GT Premium,2023,2023-ford-mustang-gt premium,204482111151739503625442389078331684141
1562,False,Ford Mustang,Ford,"9,000 miles",40998,Mustang GT Premium,2023 Ford,carmax,9000,40998,Mustang,GT Premium,2023,2023-ford-mustang-gt premium,204482111151739503625442389078331684141
1563,False,Ford Mustang,Ford,"41,000 miles",38998,Mustang GT Premium,2023 Ford,carmax,41000,38998,Mustang,GT Premium,2023,2023-ford-mustang-gt premium,204482111151739503625442389078331684141
1564,False,Ford Mustang,Ford,"20,000 miles",39998,Mustang GT Premium,2023 Ford,carmax,20000,39998,Mustang,GT Premium,2023,2023-ford-mustang-gt premium,204482111151739503625442389078331684141
1565,False,Ford Mustang,Ford,"7,000 miles",40998,Mustang GT Premium,2023 Ford,carmax,7000,40998,Mustang,GT Premium,2023,2023-ford-mustang-gt premium,204482111151739503625442389078331684141
1566,False,Ford Mustang,Ford,"25,000 miles",37998,Mustang GT Premium,2023 Ford,carmax,25000,37998,Mustang,GT Premium,2023,2023-ford-mustang-gt premium,204482111151739503625442389078331684141
1567,False,Ford Mustang,Ford,"3,000 miles",44998,Mustang GT Premium,2023 Ford,carmax,3000,44998,Mustang,GT Premium,2023,2023-ford-mustang-gt premium,204482111151739503625442389078331684141
1568,False,Ford Mustang,Ford,"8,000 miles",42998,Mustang GT Premium,2023 Ford,carmax,8000,42998,Mustang,GT Premium,2023,2023-ford-mustang-gt premium,204482111151739503625442389078331684141
1569,False,Ford Mustang,Ford,"14,000 miles",40998,Mustang GT Premium,2023 Ford,carmax,14000,40998,Mustang,GT Premium,2023,2023-ford-mustang-gt premium,204482111151739503625442389078331684141
1570,False,Ford Mustang,Ford,"15,000 miles",42998,Mustang GT Premium,2023 Ford,carmax,15000,42998,Mustang,GT Premium,2023,2023-ford-mustang-gt premium,204482111151739503625442389078331684141
1571,False,Ford Mustang,Ford,"22,000 miles",50998,Mustang Mach 1,2023 Ford,carmax,22000,50998,Mustang,Mach 1,2023,2023-ford-mustang-mach 1,775956927759150970298405411218806485
1572,False,Ford Mustang,Ford,"13,000 miles",54998,Mustang Mach 1,2023 Ford,carmax,13000,54998,Mustang,Mach 1,2023,2023-ford-mustang-mach 1,775956927759150970298405411218806485
1573,False,Ford Mustang,Ford,"2,000 miles",62998,Mustang Dark Horse,2024 Ford,carmax,2000,62998,Mustang,Dark Horse,2024,2024-ford-mustang-dark horse,270631879480385547479890080704983455210
1574,False,Ford Mustang,Ford,"4,000 miles",62998,Mustang Dark Horse,2024 Ford,carmax,4000,62998,Mustang,Dark Horse,2024,2024-ford-mustang-dark horse,270631879480385547479890080704983455210
1575,False,Ford Mustang,Ford,"4,000 miles",60998,Mustang Dark Horse,2024 Ford,carmax,4000,60998,Mustang,Dark Horse,2024,2024-ford-mustang-dark horse,270631879480385547479890080704983455210
1576,False,Ford Mustang,Ford,"5,000 miles",60998,Mustang Dark Horse,2024 Ford,carmax,5000,60998,Mustang,Dark Horse,2024,2024-ford-mustang-dark horse,270631879480385547479890080704983455210
1577,False,Ford Mustang,Ford,"4,000 miles",60998,Mustang Dark Horse,2024 Ford,carmax,4000,60998,Mustang,Dark Horse,2024,2024-ford-mustang-dark horse,270631879480385547479890080704983455210
1578,False,Ford Mustang,Ford,"3,000 miles",61998,Mustang Dark Horse,2024 Ford,carmax,3000,61998,Mustang,Dark Horse,2024,2024-ford-mustang-dark horse,270631879480385547479890080704983455210
1579,False,Ford Mustang,Ford,"3,000 miles",59998,Mustang Dark Horse,2024 Ford,carmax,3000,59998,Mustang,Dark Horse,2024,2024-ford-mustang-dark horse,270631879480385547479890080704983455210
1580,False,Ford Mustang,Ford,"9,000 miles",59998,Mustang Dark Horse,2024 Ford,carmax,9000,59998,Mustang,Dark Horse,2024,2024-ford-mustang-dark horse,270631879480385547479890080704983455210
1581,False,Ford Mustang,Ford,"4,000 miles",32998,Mustang Ecoboost,2024 Ford,carmax,4000,32998,Mustang,Ecoboost,2024,2024-ford-mustang-ecoboost,60953418613616009958310816050968648746
1582,False,Ford Mustang,Ford,"1,000 miles",31998,Mustang Ecoboost,2024 Ford,carmax,1000,31998,Mustang,Ecoboost,2024,2024-ford-mustang-ecoboost,60953418613616009958310816050968648746
1583,False,Ford Mustang,Ford,"14,000 miles",29998,Mustang Ecoboost,2024 Ford,carmax,14000,29998,Mustang,Ecoboost,2024,2024-ford-mustang-ecoboost,60953418613616009958310816050968648746
1584,False,Ford Mustang,Ford,"8,000 miles",31998,Mustang Ecoboost,2024 Ford,carmax,8000,31998,Mustang,Ecoboost,2024,2024-ford-mustang-ecoboost,60953418613616009958310816050968648746
1585,False,Ford Mustang,Ford,"7,000 miles",31998,Mustang Ecoboost,2024 Ford,carmax,7000,31998,Mustang,Ecoboost,2024,2024-ford-mustang-ecoboost,60953418613616009958310816050968648746
1586,False,Ford Mustang,Ford,"18,000 miles",31998,Mustang Ecoboost,2024 Ford,carmax,18000,31998,Mustang,Ecoboost,2024,2024-ford-mustang-ecoboost,60953418613616009958310816050968648746
1587,False,Ford Mustang,Ford,"14,000 miles",32998,Mustang Ecoboost,2024 Ford,carmax,14000,32998,Mustang,Ecoboost,2024,2024-ford-mustang-ecoboost,60953418613616009958310816050968648746
1588,False,Ford Mustang,Ford,"15,000 miles",31998,Mustang Ecoboost,2024 Ford,carmax,15000,31998,Mustang,Ecoboost,2024,2024-ford-mustang-ecoboost,60953418613616009958310816050968648746
1589,False,Ford Mustang,Ford,"4,000 miles",30998,Mustang Ecoboost,2024 Ford,carmax,4000,30998,Mustang,Ecoboost,2024,2024-ford-mustang-ecoboost,60953418613616009958310816050968648746
1590,False,Ford Mustang,Ford,"3,000 miles",31998,Mustang Ecoboost,2024 Ford,carmax,3000,31998,Mustang,Ecoboost,2024,2024-ford-mustang-ecoboost,60953418613616009958310816050968648746
1591,False,Ford Mustang,Ford,"7,000 miles",29998,Mustang Ecoboost,2024 Ford,carmax,7000,29998,Mustang,Ecoboost,2024,2024-ford-mustang-ecoboost,60953418613616009958310816050968648746
1592,False,Ford Mustang,Ford,"22,000 miles",30998,Mustang Ecoboost,2024 Ford,carmax,22000,30998,Mustang,Ecoboost,2024,2024-ford-mustang-ecoboost,60953418613616009958310816050968648746
1593,False,Ford Mustang,Ford,"38,000 miles",27998,Mustang Ecoboost,2024 Ford,carmax,38000,27998,Mustang,Ecoboost,2024,2024-ford-mustang-ecoboost,60953418613616009958310816050968648746
1594,False,Ford Mustang,Ford,"32,000 miles",29998,Mustang Ecoboost,2024 Ford,carmax,32000,29998,Mustang,Ecoboost,2024,2024-ford-mustang-ecoboost,60953418613616009958310816050968648746
1595,False,Ford Mustang,Ford,"17,000 miles",30998,Mustang Ecoboost,2024 Ford,carmax,17000,30998,Mustang,Ecoboost,2024,2024-ford-mustang-ecoboost,60953418613616009958310816050968648746
1596,False,Ford Mustang,Ford,"18,000 miles",35998,Mustang Ecoboost,2024 Ford,carmax,18000,35998,Mustang,Ecoboost,2024,2024-ford-mustang-ecoboost,60953418613616009958310816050968648746
1597,False,Ford Mustang,Ford,"6,000 miles",34998,Mustang Ecoboost Premium,2024 Ford,carmax,6000,34998,Mustang,Ecoboost Premium,2024,2024-ford-mustang-ecoboost premium,110730967796205185847733221139647958154
1598,False,Ford Mustang,Ford,"3,000 miles",37998,Mustang Ecoboost Premium,2024 Ford,carmax,3000,37998,Mustang,Ecoboost Premium,2024,2024-ford-mustang-ecoboost premium,110730967796205185847733221139647958154
1599,False,Ford Mustang,Ford,"17,000 miles",31998,Mustang Ecoboost Premium,2024 Ford,carmax,17000,31998,Mustang,Ecoboost Premium,2024,2024-ford-mustang-ecoboost premium,110730967796205185847733221139647958154
1600,False,Ford Mustang,Ford,"15,000 miles",34998,Mustang Ecoboost Premium,2024 Ford,carmax,15000,34998,Mustang,Ecoboost Premium,2024,2024-ford-mustang-ecoboost premium,110730967796205185847733221139647958154
1601,False,Ford Mustang,Ford,"10,000 miles",35998,Mustang Ecoboost Premium,2024 Ford,carmax,10000,35998,Mustang,Ecoboost Premium,2024,2024-ford-mustang-ecoboost premium,110730967796205185847733221139647958154
1602,False,Ford Mustang,Ford,"10,000 miles",33998,Mustang Ecoboost Premium,2024 Ford,carmax,10000,33998,Mustang,Ecoboost Premium,2024,2024-ford-mustang-ecoboost premium,110730967796205185847733221139647958154
1603,False,Ford Mustang,Ford,"14,000 miles",32998,Mustang Ecoboost Premium,2024 Ford,carmax,14000,32998,Mustang,Ecoboost Premium,2024,2024-ford-mustang-ecoboost premium,110730967796205185847733221139647958154
1604,False,Ford Mustang,Ford,"3,000 miles",34998,Mustang Ecoboost Premium,2024 Ford,carmax,3000,34998,Mustang,Ecoboost Premium,2024,2024-ford-mustang-ecoboost premium,110730967796205185847733221139647958154
1605,False,Ford Mustang,Ford,"10,000 miles",37998,Mustang Ecoboost Premium,2024 Ford,carmax,10000,37998,Mustang,Ecoboost Premium,2024,2024-ford-mustang-ecoboost premium,110730967796205185847733221139647958154
1606,False,Ford Mustang,Ford,"1,000 miles",42998,Mustang GT,2024 Ford,carmax,1000,42998,Mustang,GT,2024,2024-ford-mustang-gt,184325253822824001611230521035294128809
1607,False,Ford Mustang,Ford,"4,000 miles",44998,Mustang GT,2024 Ford,carmax,4000,44998,Mustang,GT,2024,2024-ford-mustang-gt,184325253822824001611230521035294128809
1608,False,Ford Mustang,Ford,"3,000 miles",41998,Mustang GT,2024 Ford,carmax,3000,41998,Mustang,GT,2024,2024-ford-mustang-gt,184325253822824001611230521035294128809
1609,False,Ford Mustang,Ford,"4,000 miles",39998,Mustang GT,2024 Ford,carmax,4000,39998,Mustang,GT,2024,2024-ford-mustang-gt,184325253822824001611230521035294128809
1610,False,Ford Mustang,Ford,"6,000 miles",41998,Mustang GT,2024 Ford,carmax,6000,41998,Mustang,GT,2024,2024-ford-mustang-gt,184325253822824001611230521035294128809
1611,False,Ford Mustang,Ford,"13,000 miles",44998,Mustang GT,2024 Ford,carmax,13000,44998,Mustang,GT,2024,2024-ford-mustang-gt,184325253822824001611230521035294128809
1612,False,Ford Mustang,Ford,"23,000 miles",42998,Mustang GT,2024 Ford,carmax,23000,42998,Mustang,GT,2024,2024-ford-mustang-gt,184325253822824001611230521035294128809
1613,False,Ford Mustang,Ford,"11,000 miles",43998,Mustang GT,2024 Ford,carmax,11000,43998,Mustang,GT,2024,2024-ford-mustang-gt,184325253822824001611230521035294128809
1614,False,Ford Mustang,Ford,"18,000 miles",39998,Mustang GT,2024 Ford,carmax,18000,39998,Mustang,GT,2024,2024-ford-mustang-gt,184325253822824001611230521035294128809
1615,False,Ford Mustang,Ford,"37,000 miles",40998,Mustang GT,2024 Ford,carmax,37000,40998,Mustang,GT,2024,2024-ford-mustang-gt,184325253822824001611230521035294128809
1616,False,Ford Mustang,Ford,"14,000 miles",39998,Mustang GT,2024 Ford,carmax,14000,39998,Mustang,GT,2024,2024-ford-mustang-gt,184325253822824001611230521035294128809
1617,False,Ford Mustang,Ford,"15,000 miles",39998,Mustang GT,2024 Ford,carmax,15000,39998,Mustang,GT,2024,2024-ford-mustang-gt,184325253822824001611230521035294128809
1618,False,Ford Mustang,Ford,"3,000 miles",46998,Mustang GT,2024 Ford,carmax,3000,46998,Mustang,GT,2024,2024-ford-mustang-gt,184325253822824001611230521035294128809
1619,False,Ford Mustang,Ford,"16,000 miles",45998,Mustang GT,2024 Ford,carmax,16000,45998,Mustang,GT,2024,2024-ford-mustang-gt,184325253822824001611230521035294128809
1620,False,Ford Mustang,Ford,"7,000 miles",40998,Mustang GT,2024 Ford,carmax,7000,40998,Mustang,GT,2024,2024-ford-mustang-gt,184325253822824001611230521035294128809
1621,False,Ford Mustang,Ford,"35,000 miles",40998,Mustang GT,2024 Ford,carmax,35000,40998,Mustang,GT,2024,2024-ford-mustang-gt,184325253822824001611230521035294128809
1622,False,Ford Mustang,Ford,"3,000 miles",41998,Mustang GT,2024 Ford,carmax,3000,41998,Mustang,GT,2024,2024-ford-mustang-gt,184325253822824001611230521035294128809
1623,False,Ford Mustang,Ford,"10,000 miles",40998,Mustang GT,2024 Ford,carmax,10000,40998,Mustang,GT,2024,2024-ford-mustang-gt,184325253822824001611230521035294128809
1624,False,Ford Mustang,Ford,"6,000 miles",43998,Mustang GT,2024 Ford,carmax,6000,43998,Mustang,GT,2024,2024-ford-mustang-gt,184325253822824001611230521035294128809
1625,False,Ford Mustang,Ford,"7,000 miles",47998,Mustang GT Premium,2024 Ford,carmax,7000,47998,Mustang,GT Premium,2024,2024-ford-mustang-gt premium,297366977674966231222098064733977418050
1626,False,Ford Mustang,Ford,"7,000 miles",45998,Mustang GT Premium,2024 Ford,carmax,7000,45998,Mustang,GT Premium,2024,2024-ford-mustang-gt premium,297366977674966231222098064733977418050
1627,False,Ford Mustang,Ford,"13,000 miles",43998,Mustang GT Premium,2024 Ford,carmax,13000,43998,Mustang,GT Premium,2024,2024-ford-mustang-gt premium,297366977674966231222098064733977418050
1628,False,Ford Mustang,Ford,"15,000 miles",48998,Mustang GT Premium,2024 Ford,carmax,15000,48998,Mustang,GT Premium,2024,2024-ford-mustang-gt premium,297366977674966231222098064733977418050
1629,False,Ford Mustang,Ford,"8,000 miles",47998,Mustang GT Premium,2024 Ford,carmax,8000,47998,Mustang,GT Premium,2024,2024-ford-mustang-gt premium,297366977674966231222098064733977418050
1630,False,Ford Mustang,Ford,"8,000 miles",45998,Mustang GT Premium,2024 Ford,carmax,8000,45998,Mustang,GT Premium,2024,2024-ford-mustang-gt premium,297366977674966231222098064733977418050
1631,False,Ford Mustang,Ford,"9,000 miles",43998,Mustang GT Premium,2024 Ford,carmax,9000,43998,Mustang,GT Premium,2024,2024-ford-mustang-gt premium,297366977674966231222098064733977418050
1632,False,Ford Mustang,Ford,"9,000 miles",47998,Mustang GT Premium,2024 Ford,carmax,9000,47998,Mustang,GT Premium,2024,2024-ford-mustang-gt premium,297366977674966231222098064733977418050
1633,False,Ford Mustang,Ford,"9,000 miles",47998,Mustang GT Premium,2024 Ford,carmax,9000,47998,Mustang,GT Premium,2024,2024-ford-mustang-gt premium,297366977674966231222098064733977418050
1634,False,Ford Mustang,Ford,"18,000 miles",41998,Mustang GT Premium,2024 Ford,carmax,18000,41998,Mustang,GT Premium,2024,2024-ford-mustang-gt premium,297366977674966231222098064733977418050
1635,False,Ford Mustang,Ford,"21,000 miles",41998,Mustang GT Premium,2024 Ford,carmax,21000,41998,Mustang,GT Premium,2024,2024-ford-mustang-gt premium,297366977674966231222098064733977418050
1636,False,Ford Mustang,Ford,"14,000 miles",43998,Mustang GT Premium,2024 Ford,carmax,14000,43998,Mustang,GT Premium,2024,2024-ford-mustang-gt premium,297366977674966231222098064733977418050
1637,False,Ford Mustang,Ford,"2,000 miles",47998,Mustang GT Premium,2024 Ford,carmax,2000,47998,Mustang,GT Premium,2024,2024-ford-mustang-gt premium,297366977674966231222098064733977418050
1638,False,Ford Mustang,Ford,"13,000 miles",45998,Mustang GT Premium,2024 Ford,carmax,13000,45998,Mustang,GT Premium,2024,2024-ford-mustang-gt premium,297366977674966231222098064733977418050
1639,False,Ford Mustang,Ford,"1,000 miles",49998,Mustang GT Premium,2024 Ford,carmax,1000,49998,Mustang,GT Premium,2024,2024-ford-mustang-gt premium,297366977674966231222098064733977418050
1640,False,Ford Mustang,Ford,"8,000 miles",49998,Mustang GT Premium,2024 Ford,carmax,8000,49998,Mustang,GT Premium,2024,2024-ford-mustang-gt premium,297366977674966231222098064733977418050
1641,False,Ford Mustang,Ford,"22,000 miles",42998,Mustang GT Premium,2024 Ford,carmax,22000,42998,Mustang,GT Premium,2024,2024-ford-mustang-gt premium,297366977674966231222098064733977418050
1642,False,Ford Mustang,Ford,"16,000 miles",49998,Mustang GT Premium,2024 Ford,carmax,16000,49998,Mustang,GT Premium,2024,2024-ford-mustang-gt premium,297366977674966231222098064733977418050
1643,False,Ford Mustang,Ford,"14,000 miles",45998,Mustang GT Premium,2024 Ford,carmax,14000,45998,Mustang,GT Premium,2024,2024-ford-mustang-gt premium,297366977674966231222098064733977418050
1644,False,Ford Mustang,Ford,"10,000 miles",47998,Mustang GT Premium,2024 Ford,carmax,10000,47998,Mustang,GT Premium,2024,2024-ford-mustang-gt premium,297366977674966231222098064733977418050
1645,False,Ford Mustang,Ford,"9,000 miles",49998,Mustang GT Premium,2024 Ford,carmax,9000,49998,Mustang,GT Premium,2024,2024-ford-mustang-gt premium,297366977674966231222098064733977418050
1646,False,Ford Mustang,Ford,"4,000 miles",47998,Mustang GT Premium,2024 Ford,carmax,4000,47998,Mustang,GT Premium,2024,2024-ford-mustang-gt premium,297366977674966231222098064733977418050
1647,False,Ford Mustang,Ford,"4,000 miles",47998,Mustang GT Premium,2024 Ford,carmax,4000,47998,Mustang,GT Premium,2024,2024-ford-mustang-gt premium,297366977674966231222098064733977418050
1648,False,Ford Mustang,Ford,"15,000 miles",44998,Mustang GT Premium,2024 Ford,carmax,15000,44998,Mustang,GT Premium,2024,2024-ford-mustang-gt premium,297366977674966231222098064733977418050
1649,False,Ford Mustang,Ford,"9,000 miles",48998,Mustang GT Premium,2024 Ford,carmax,9000,48998,Mustang,GT Premium,2024,2024-ford-mustang-gt premium,297366977674966231222098064733977418050
1650,False,Ford Mustang,Ford,"20,000 miles",44998,Mustang GT Premium,2024 Ford,carmax,20000,44998,Mustang,GT Premium,2024,2024-ford-mustang-gt premium,297366977674966231222098064733977418050
1651,False,Ford Mustang,Ford,"9,000 miles",47998,Mustang GT Premium,2024 Ford,carmax,9000,47998,Mustang,GT Premium,2024,2024-ford-mustang-gt premium,297366977674966231222098064733977418050
1652,False,Ford Mustang,Ford,"26,000 miles",46998,Mustang GT Premium,2024 Ford,carmax,26000,46998,Mustang,GT Premium,2024,2024-ford-mustang-gt premium,297366977674966231222098064733977418050
1653,False,Ford Mustang,Ford,"27,000 miles",43998,Mustang GT Premium,2024 Ford,carmax,27000,43998,Mustang,GT Premium,2024,2024-ford-mustang-gt premium,297366977674966231222098064733977418050
1654,False,Ford Mustang,Ford,"2,000 miles",52998,Mustang GT Premium,2024 Ford,carmax,2000,52998,Mustang,GT Premium,2024,2024-ford-mustang-gt premium,297366977674966231222098064733977418050
1655,False,Ford Mustang,Ford,"1,000 miles",48998,Mustang GT Premium,2024 Ford,carmax,1000,48998,Mustang,GT Premium,2024,2024-ford-mustang-gt premium,297366977674966231222098064733977418050
1656,False,Ford Mustang,Ford,"10,000 miles",48998,Mustang GT Premium,2024 Ford,carmax,10000,48998,Mustang,GT Premium,2024,2024-ford-mustang-gt premium,297366977674966231222098064733977418050
1657,False,Ford Mustang,Ford,"17,000 miles",45998,Mustang GT Premium,2024 Ford,carmax,17000,45998,Mustang,GT Premium,2024,2024-ford-mustang-gt premium,297366977674966231222098064733977418050
1658,False,Ford Mustang,Ford,"27,000 miles",41998,Mustang GT Premium,2024 Ford,carmax,27000,41998,Mustang,GT Premium,2024,2024-ford-mustang-gt premium,297366977674966231222098064733977418050
1659,False,Ford Mustang,Ford,"2,000 miles",62998,Mustang Dark Horse,2025 Ford,carmax,2000,62998,Mustang,Dark Horse,2025,2025-ford-mustang-dark horse,110167397093755103306686073319354157946
1660,False,Ford Mustang,Ford,"2,000 miles",62998,Mustang Dark Horse,2025 Ford,carmax,2000,62998,Mustang,Dark Horse,2025,2025-ford-mustang-dark horse,110167397093755103306686073319354157946
1661,False,Ford Mustang,Ford,"3,000 miles",63998,Mustang Dark Horse,2025 Ford,carmax,3000,63998,Mustang,Dark Horse,2025,2025-ford-mustang-dark horse,110167397093755103306686073319354157946
1662,False,Ford Mustang,Ford,"1,000 miles",31998,Mustang Ecoboost,2025 Ford,carmax,1000,31998,Mustang,Ecoboost,2025,2025-ford-mustang-ecoboost,126070711408352119326397036099788315742
1663,False,Ford Mustang,Ford,"4,000 miles",31998,Mustang Ecoboost,2025 Ford,carmax,4000,31998,Mustang,Ecoboost,2025,2025-ford-mustang-ecoboost,126070711408352119326397036099788315742
1664,False,Ford Mustang,Ford,"10,000 miles",40998,Mustang Ecoboost Premium,2025 Ford,carmax,10000,40998,Mustang,Ecoboost Premium,2025,2025-ford-mustang-ecoboost premium,224781050490040309599610685183423322452
1665,False,Ford Mustang,Ford,"4,000 miles",43998,Mustang GT,2025 Ford,carmax,4000,43998,Mustang,GT,2025,2025-ford-mustang-gt,223400370436421879185639494610858400185
1666,False,Ford Mustang,Ford,"3,000 miles",41998,Mustang GT,2025 Ford,carmax,3000,41998,Mustang,GT,2025,2025-ford-mustang-gt,223400370436421879185639494610858400185
1667,False,Ford Mustang,Ford,"2,000 miles",44998,Mustang GT,2025 Ford,carmax,2000,44998,Mustang,GT,2025,2025-ford-mustang-gt,223400370436421879185639494610858400185
1668,False,Ford Mustang,Ford,"6,000 miles",51998,Mustang GT,2025 Ford,carmax,6000,51998,Mustang,GT,2025,2025-ford-mustang-gt,223400370436421879185639494610858400185
1669,False,Ford Mustang,Ford,"2,000 miles",46998,Mustang GT Premium,2025 Ford,carmax,2000,46998,Mustang,GT Premium,2025,2025-ford-mustang-gt premium,192049235356467800682637025672200943474
1670,False,Ford Mustang,Ford,"1,000 miles",47998,Mustang GT Premium,2025 Ford,carmax,1000,47998,Mustang,GT Premium,2025,2025-ford-mustang-gt premium,192049235356467800682637025672200943474
1671,True,Chevrolet Tahoe,Chevrolet,"107,000 miles",16998,Tahoe LS,2013 Chevrolet,carmax,107000,16998,Tahoe,LS,2013,2013-chevrolet-tahoe-ls,303454979658508517046973036186202242250
1672,True,Chevrolet Tahoe,Chevrolet,"75,000 miles",25998,Tahoe LTZ,2013 Chevrolet,carmax,75000,25998,Tahoe,LTZ,2013,2013-chevrolet-tahoe-ltz,133953705155943050501281350666871100224
1673,True,Chevrolet Tahoe,Chevrolet,"99,000 miles",22998,Tahoe LTZ,2013 Chevrolet,carmax,99000,22998,Tahoe,LTZ,2013,2013-chevrolet-tahoe-ltz,133953705155943050501281350666871100224
1674,True,GMC Yukon,GMC,"78,000 miles",18998,Yukon SLE,2013 GMC,carmax,78000,18998,Yukon,SLE,2013,2013-gmc-yukon-sle,72196311601995517924692435908618867434
1675,False,Lexus LS 460,Lexus,"82,000 miles",25998,LS 460,2013 Lexus,carmax,82000,25998,LS 460,-,2013,2013-lexus-ls 460--,192232350601360553815254235960676052190
1676,False,Lexus LS 460,Lexus,"56,000 miles",26998,LS 460,2013 Lexus,carmax,56000,26998,LS 460,-,2013,2013-lexus-ls 460--,192232350601360553815254235960676052190
1677,False,Lexus LS 460,Lexus,"81,000 miles",21998,LS 460,2013 Lexus,carmax,81000,21998,LS 460,-,2013,2013-lexus-ls 460--,192232350601360553815254235960676052190
1678,False,Lexus LS 460,Lexus,"85,000 miles",25998,LS 460,2013 Lexus,carmax,85000,25998,LS 460,-,2013,2013-lexus-ls 460--,192232350601360553815254235960676052190
1679,False,Lexus LS 460,Lexus,"85,000 miles",25998,LS 460 L,2013 Lexus,carmax,85000,25998,LS 460,L,2013,2013-lexus-ls 460-l,210629530954506761783010828711410769418
1680,False,Lexus LX 570,Lexus,"45,000 miles",45998,LX 570,2013 Lexus,carmax,45000,45998,LX 570,-,2013,2013-lexus-lx 570--,287632914807931259917717772425883771407
1681,False,Lexus LX 570,Lexus,"65,000 miles",39998,LX 570,2013 Lexus,carmax,65000,39998,LX 570,-,2013,2013-lexus-lx 570--,287632914807931259917717772425883771407
1682,False,Toyota 4Runner,Toyota,"100,000 miles",26998,4Runner Limited,2013 Toyota,carmax,100000,26998,4Runner,Limited,2013,2013-toyota-4runner-limited,333494134962336456328861494942493984352
1683,False,Toyota 4Runner,Toyota,"66,000 miles",26998,4Runner SR5,2013 Toyota,carmax,66000,26998,4Runner,SR5,2013,2013-toyota-4runner-sr5,316295504262681571699005131144724920601
1684,False,Toyota 4Runner,Toyota,"92,000 miles",23998,4Runner SR5,2013 Toyota,carmax,92000,23998,4Runner,SR5,2013,2013-toyota-4runner-sr5,316295504262681571699005131144724920601
1685,False,Toyota 4Runner,Toyota,"79,000 miles",27998,4Runner SR5,2013 Toyota,carmax,79000,27998,4Runner,SR5,2013,2013-toyota-4runner-sr5,316295504262681571699005131144724920601
1686,False,Toyota 4Runner,Toyota,"92,000 miles",26998,4Runner SR5,2013 Toyota,carmax,92000,26998,4Runner,SR5,2013,2013-toyota-4runner-sr5,316295504262681571699005131144724920601
1687,False,Toyota 4Runner,Toyota,"124,000 miles",25998,4Runner Trail,2013 Toyota,carmax,124000,25998,4Runner,Trail,2013,2013-toyota-4runner-trail,112069545024436242529509958798033061443
1688,False,Toyota Highlander,Toyota,"80,000 miles",17998,Highlander,2013 Toyota,carmax,80000,17998,Highlander,-,2013,2013-toyota-highlander--,122345859569865581146728147363974483802
1689,False,Toyota Highlander,Toyota,"113,000 miles",16998,Highlander,2013 Toyota,carmax,113000,16998,Highlander,-,2013,2013-toyota-highlander--,122345859569865581146728147363974483802
1690,False,Toyota Highlander,Toyota,"92,000 miles",18998,Highlander,2013 Toyota,carmax,92000,18998,Highlander,-,2013,2013-toyota-highlander--,122345859569865581146728147363974483802
1691,False,Toyota Highlander,Toyota,"69,000 miles",18998,Highlander,2013 Toyota,carmax,69000,18998,Highlander,-,2013,2013-toyota-highlander--,122345859569865581146728147363974483802
1692,False,Toyota Highlander,Toyota,"91,000 miles",20998,Highlander Limited,2013 Toyota,carmax,91000,20998,Highlander,Limited,2013,2013-toyota-highlander-limited,170277966895667887795931663087389913097
1693,False,Toyota Highlander,Toyota,"107,000 miles",19998,Highlander Limited,2013 Toyota,carmax,107000,19998,Highlander,Limited,2013,2013-toyota-highlander-limited,170277966895667887795931663087389913097
1694,False,Toyota Highlander,Toyota,"123,000 miles",16998,Highlander Limited,2013 Toyota,carmax,123000,16998,Highlander,Limited,2013,2013-toyota-highlander-limited,170277966895667887795931663087389913097
1695,False,Toyota Highlander,Toyota,"122,000 miles",18998,Highlander Limited,2013 Toyota,carmax,122000,18998,Highlander,Limited,2013,2013-toyota-highlander-limited,170277966895667887795931663087389913097
1696,False,Toyota Highlander,Toyota,"66,000 miles",23998,Highlander Limited,2013 Toyota,carmax,66000,23998,Highlander,Limited,2013,2013-toyota-highlander-limited,170277966895667887795931663087389913097
1697,False,Toyota Highlander,Toyota,"71,000 miles",22998,Highlander Limited,2013 Toyota,carmax,71000,22998,Highlander,Limited,2013,2013-toyota-highlander-limited,170277966895667887795931663087389913097
1698,False,Toyota Highlander,Toyota,"43,000 miles",25998,Highlander Limited,2013 Toyota,carmax,43000,25998,Highlander,Limited,2013,2013-toyota-highlander-limited,170277966895667887795931663087389913097
1699,False,Toyota Highlander,Toyota,"104,000 miles",18998,Highlander Limited,2013 Toyota,carmax,104000,18998,Highlander,Limited,2013,2013-toyota-highlander-limited,170277966895667887795931663087389913097
1700,False,Toyota Highlander,Toyota,"107,000 miles",16998,Highlander SE,2013 Toyota,carmax,107000,16998,Highlander,SE,2013,2013-toyota-highlander-se,36358933384337695917961281058501623044
1701,False,Toyota Highlander,Toyota,"97,000 miles",19998,Highlander SE,2013 Toyota,carmax,97000,19998,Highlander,SE,2013,2013-toyota-highlander-se,36358933384337695917961281058501623044
1702,False,Toyota Highlander,Toyota,"125,000 miles",16998,Highlander SE,2013 Toyota,carmax,125000,16998,Highlander,SE,2013,2013-toyota-highlander-se,36358933384337695917961281058501623044
1703,False,Toyota Highlander,Toyota,"120,000 miles",16998,Highlander SE,2013 Toyota,carmax,120000,16998,Highlander,SE,2013,2013-toyota-highlander-se,36358933384337695917961281058501623044
1704,False,Toyota Highlander,Toyota,"106,000 miles",18998,Highlander SE,2013 Toyota,carmax,106000,18998,Highlander,SE,2013,2013-toyota-highlander-se,36358933384337695917961281058501623044
1705,False,Toyota Highlander,Toyota,"73,000 miles",19998,Highlander SE,2013 Toyota,carmax,73000,19998,Highlander,SE,2013,2013-toyota-highlander-se,36358933384337695917961281058501623044
1706,False,Toyota Highlander,Toyota,"94,000 miles",19998,Highlander SE,2013 Toyota,carmax,94000,19998,Highlander,SE,2013,2013-toyota-highlander-se,36358933384337695917961281058501623044
1707,False,Toyota Highlander,Toyota,"122,000 miles",16998,Highlander SE,2013 Toyota,carmax,122000,16998,Highlander,SE,2013,2013-toyota-highlander-se,36358933384337695917961281058501623044
1708,False,Toyota Highlander,Toyota,"107,000 miles",17998,Highlander SE,2013 Toyota,carmax,107000,17998,Highlander,SE,2013,2013-toyota-highlander-se,36358933384337695917961281058501623044
1709,False,Toyota Highlander,Toyota,"82,000 miles",19998,Highlander SE,2013 Toyota,carmax,82000,19998,Highlander,SE,2013,2013-toyota-highlander-se,36358933384337695917961281058501623044
1710,False,Toyota Sequoia,Toyota,"110,000 miles",24998,Sequoia Limited,2013 Toyota,carmax,110000,24998,Sequoia,Limited,2013,2013-toyota-sequoia-limited,232303928590201359268604688058646392469
1711,False,Toyota Sequoia,Toyota,"71,000 miles",30998,Sequoia Platinum,2013 Toyota,carmax,71000,30998,Sequoia,Platinum,2013,2013-toyota-sequoia-platinum,240817472019049014186553335711592647290
1712,False,Toyota Sequoia,Toyota,"114,000 miles",24998,Sequoia Platinum,2013 Toyota,carmax,114000,24998,Sequoia,Platinum,2013,2013-toyota-sequoia-platinum,240817472019049014186553335711592647290
1713,False,Toyota Sequoia,Toyota,"113,000 miles",26998,Sequoia Platinum,2013 Toyota,carmax,113000,26998,Sequoia,Platinum,2013,2013-toyota-sequoia-platinum,240817472019049014186553335711592647290
1714,False,Toyota Sequoia,Toyota,"109,000 miles",21998,Sequoia SR5,2013 Toyota,carmax,109000,21998,Sequoia,SR5,2013,2013-toyota-sequoia-sr5,123319621330040975340437063600461319757
1715,True,Chevrolet Suburban 1500,Chevrolet,"71,000 miles",26998,Suburban 1500 LTZ,2014 Chevrolet,carmax,71000,26998,Suburban 1500,LTZ,2014,2014-chevrolet-suburban 1500-ltz,143663025712522029133929436478003406411
1716,True,Chevrolet Tahoe,Chevrolet,"103,000 miles",20998,Tahoe LS,2014 Chevrolet,carmax,103000,20998,Tahoe,LS,2014,2014-chevrolet-tahoe-ls,187026215901855083561590656429963274461
1717,True,Chevrolet Tahoe,Chevrolet,"101,000 miles",23998,Tahoe LT,2014 Chevrolet,carmax,101000,23998,Tahoe,LT,2014,2014-chevrolet-tahoe-lt,103646122439323562788472342866068875484
1718,True,GMC Yukon,GMC,"76,000 miles",26998,Yukon Denali,2014 GMC,carmax,76000,26998,Yukon,Denali,2014,2014-gmc-yukon-denali,189809063596729499671532353808184987501
1719,False,Lexus LS 460,Lexus,"76,000 miles",24998,LS 460,2014 Lexus,carmax,76000,24998,LS 460,-,2014,2014-lexus-ls 460--,54469896103400715431362074790038906696
1720,False,Lexus LS 460,Lexus,"51,000 miles",26998,LS 460,2014 Lexus,carmax,51000,26998,LS 460,-,2014,2014-lexus-ls 460--,54469896103400715431362074790038906696
1721,False,Lexus LS 460,Lexus,"72,000 miles",25998,LS 460,2014 Lexus,carmax,72000,25998,LS 460,-,2014,2014-lexus-ls 460--,54469896103400715431362074790038906696
1722,False,Lexus LS 460,Lexus,"66,000 miles",29998,LS 460,2014 Lexus,carmax,66000,29998,LS 460,-,2014,2014-lexus-ls 460--,54469896103400715431362074790038906696
1723,False,Lexus LS 460,Lexus,"77,000 miles",28998,LS 460 L,2014 Lexus,carmax,77000,28998,LS 460,L,2014,2014-lexus-ls 460-l,217510384466291674833900825971458565454
1724,False,Lexus LS 460,Lexus,"85,000 miles",28998,LS 460 L,2014 Lexus,carmax,85000,28998,LS 460,L,2014,2014-lexus-ls 460-l,217510384466291674833900825971458565454
1725,False,Lexus LX 570,Lexus,"90,000 miles",39998,LX 570,2014 Lexus,carmax,90000,39998,LX 570,-,2014,2014-lexus-lx 570--,30653261619916855565392320398066135050
1726,False,Lexus LX 570,Lexus,"45,000 miles",49998,LX 570,2014 Lexus,carmax,45000,49998,LX 570,-,2014,2014-lexus-lx 570--,30653261619916855565392320398066135050
1727,False,Toyota 4Runner,Toyota,"96,000 miles",27998,4Runner Limited,2014 Toyota,carmax,96000,27998,4Runner,Limited,2014,2014-toyota-4runner-limited,253519617774481541107615526567566473489
1728,False,Toyota 4Runner,Toyota,"78,000 miles",30998,4Runner Limited,2014 Toyota,carmax,78000,30998,4Runner,Limited,2014,2014-toyota-4runner-limited,253519617774481541107615526567566473489
1729,False,Toyota 4Runner,Toyota,"69,000 miles",28998,4Runner Limited,2014 Toyota,carmax,69000,28998,4Runner,Limited,2014,2014-toyota-4runner-limited,253519617774481541107615526567566473489
1730,False,Toyota 4Runner,Toyota,"85,000 miles",29998,4Runner Limited,2014 Toyota,carmax,85000,29998,4Runner,Limited,2014,2014-toyota-4runner-limited,253519617774481541107615526567566473489
1731,False,Toyota 4Runner,Toyota,"76,000 miles",27998,4Runner Limited,2014 Toyota,carmax,76000,27998,4Runner,Limited,2014,2014-toyota-4runner-limited,253519617774481541107615526567566473489
1732,False,Toyota 4Runner,Toyota,"73,000 miles",28998,4Runner Limited,2014 Toyota,carmax,73000,28998,4Runner,Limited,2014,2014-toyota-4runner-limited,253519617774481541107615526567566473489
1733,False,Toyota 4Runner,Toyota,"71,000 miles",26998,4Runner Limited,2014 Toyota,carmax,71000,26998,4Runner,Limited,2014,2014-toyota-4runner-limited,253519617774481541107615526567566473489
1734,False,Toyota 4Runner,Toyota,"97,000 miles",28998,4Runner Limited,2014 Toyota,carmax,97000,28998,4Runner,Limited,2014,2014-toyota-4runner-limited,253519617774481541107615526567566473489
1735,False,Toyota 4Runner,Toyota,"120,000 miles",24998,4Runner Limited,2014 Toyota,carmax,120000,24998,4Runner,Limited,2014,2014-toyota-4runner-limited,253519617774481541107615526567566473489
1736,False,Toyota 4Runner,Toyota,"56,000 miles",30998,4Runner SR5,2014 Toyota,carmax,56000,30998,4Runner,SR5,2014,2014-toyota-4runner-sr5,325685540092000192198486300820813641473
1737,False,Toyota 4Runner,Toyota,"114,000 miles",23998,4Runner SR5,2014 Toyota,carmax,114000,23998,4Runner,SR5,2014,2014-toyota-4runner-sr5,325685540092000192198486300820813641473
1738,False,Toyota 4Runner,Toyota,"63,000 miles",27998,4Runner SR5 Premium,2014 Toyota,carmax,63000,27998,4Runner,SR5 Premium,2014,2014-toyota-4runner-sr5 premium,95362302362540212355335312847104511496
1739,False,Toyota 4Runner,Toyota,"79,000 miles",26998,4Runner SR5 Premium,2014 Toyota,carmax,79000,26998,4Runner,SR5 Premium,2014,2014-toyota-4runner-sr5 premium,95362302362540212355335312847104511496
1740,False,Toyota 4Runner,Toyota,"76,000 miles",29998,4Runner Trail,2014 Toyota,carmax,76000,29998,4Runner,Trail,2014,2014-toyota-4runner-trail,141977392315210354423270008281418276681
1741,False,Toyota Highlander,Toyota,"89,000 miles",23998,Highlander Hybrid Limited,2014 Toyota,carmax,89000,23998,Highlander,Hybrid Limited,2014,2014-toyota-highlander-hybrid limited,30822206896503721432118087288556649369
1742,False,Toyota Highlander,Toyota,"94,000 miles",18998,Highlander LE,2014 Toyota,carmax,94000,18998,Highlander,LE,2014,2014-toyota-highlander-le,232277593442531430852631498766887443529
1743,False,Toyota Highlander,Toyota,"114,000 miles",15998,Highlander LE,2014 Toyota,carmax,114000,15998,Highlander,LE,2014,2014-toyota-highlander-le,232277593442531430852631498766887443529
1744,False,Toyota Highlander,Toyota,"107,000 miles",18998,Highlander LE Plus,2014 Toyota,carmax,107000,18998,Highlander,LE Plus,2014,2014-toyota-highlander-le plus,187238163291843284489690257391512125571
1745,False,Toyota Highlander,Toyota,"106,000 miles",19998,Highlander Limited,2014 Toyota,carmax,106000,19998,Highlander,Limited,2014,2014-toyota-highlander-limited,61778215043634258751855836286433639608
1746,False,Toyota Highlander,Toyota,"75,000 miles",23998,Highlander Limited,2014 Toyota,carmax,75000,23998,Highlander,Limited,2014,2014-toyota-highlander-limited,61778215043634258751855836286433639608
1747,False,Toyota Highlander,Toyota,"128,000 miles",18998,Highlander Limited,2014 Toyota,carmax,128000,18998,Highlander,Limited,2014,2014-toyota-highlander-limited,61778215043634258751855836286433639608
1748,False,Toyota Highlander,Toyota,"97,000 miles",22998,Highlander Limited Platinum,2014 Toyota,carmax,97000,22998,Highlander,Limited Platinum,2014,2014-toyota-highlander-limited platinum,260443306745201991588448046902284360925
1749,False,Toyota Highlander,Toyota,"71,000 miles",21998,Highlander XLE,2014 Toyota,carmax,71000,21998,Highlander,XLE,2014,2014-toyota-highlander-xle,164128807056649851960692630026210969734
1750,False,Toyota Highlander,Toyota,"112,000 miles",18998,Highlander XLE,2014 Toyota,carmax,112000,18998,Highlander,XLE,2014,2014-toyota-highlander-xle,164128807056649851960692630026210969734
1751,False,Toyota Highlander,Toyota,"81,000 miles",22998,Highlander XLE,2014 Toyota,carmax,81000,22998,Highlander,XLE,2014,2014-toyota-highlander-xle,164128807056649851960692630026210969734
1752,False,Toyota Highlander,Toyota,"30,000 miles",26998,Highlander XLE,2014 Toyota,carmax,30000,26998,Highlander,XLE,2014,2014-toyota-highlander-xle,164128807056649851960692630026210969734
1753,False,Toyota Highlander,Toyota,"113,000 miles",19998,Highlander XLE,2014 Toyota,carmax,113000,19998,Highlander,XLE,2014,2014-toyota-highlander-xle,164128807056649851960692630026210969734
1754,False,Toyota Highlander,Toyota,"99,000 miles",20998,Highlander XLE,2014 Toyota,carmax,99000,20998,Highlander,XLE,2014,2014-toyota-highlander-xle,164128807056649851960692630026210969734
1755,False,Toyota Highlander,Toyota,"74,000 miles",21998,Highlander XLE,2014 Toyota,carmax,74000,21998,Highlander,XLE,2014,2014-toyota-highlander-xle,164128807056649851960692630026210969734
1756,False,Toyota Highlander,Toyota,"116,000 miles",19998,Highlander XLE,2014 Toyota,carmax,116000,19998,Highlander,XLE,2014,2014-toyota-highlander-xle,164128807056649851960692630026210969734
1757,False,Toyota Land Cruiser,Toyota,"80,000 miles",48998,Land Cruiser,2014 Toyota,carmax,80000,48998,Land Cruiser,-,2014,2014-toyota-land cruiser--,195293658581992788126574638031666572582
1758,False,Toyota Sequoia,Toyota,"121,000 miles",26998,Sequoia Platinum,2014 Toyota,carmax,121000,26998,Sequoia,Platinum,2014,2014-toyota-sequoia-platinum,71185696093598915190611749053152162218
1759,True,Cadillac Escalade,Cadillac,"57,000 miles",38998,Escalade ESV Platinum,2015 Cadillac,carmax,57000,38998,Escalade,Platinum,2015,2015-cadillac-escalade-platinum,153418451139669628544859710661711189173
1760,True,Cadillac Escalade,Cadillac,"53,000 miles",35998,Escalade ESV Premium,2015 Cadillac,carmax,53000,35998,Escalade,Premium,2015,2015-cadillac-escalade-premium,4245943274607028349323310858564649931
1761,True,Cadillac Escalade,Cadillac,"31,000 miles",38998,Escalade Luxury,2015 Cadillac,carmax,31000,38998,Escalade,Luxury,2015,2015-cadillac-escalade-luxury,209040645895376073556221634846162328892
1762,True,Cadillac Escalade,Cadillac,"54,000 miles",37998,Escalade Platinum,2015 Cadillac,carmax,54000,37998,Escalade,Platinum,2015,2015-cadillac-escalade-platinum,153418451139669628544859710661711189173
1763,True,Cadillac Escalade,Cadillac,"51,000 miles",36998,Escalade Platinum,2015 Cadillac,carmax,51000,36998,Escalade,Platinum,2015,2015-cadillac-escalade-platinum,153418451139669628544859710661711189173
1764,True,Cadillac Escalade,Cadillac,"59,000 miles",36998,Escalade Premium,2015 Cadillac,carmax,59000,36998,Escalade,Premium,2015,2015-cadillac-escalade-premium,4245943274607028349323310858564649931
1765,True,Chevrolet Suburban 1500,Chevrolet,"73,000 miles",27998,Suburban 1500 LT,2015 Chevrolet,carmax,73000,27998,Suburban 1500,LT,2015,2015-chevrolet-suburban 1500-lt,178713199076112066814656769705431471575
1766,True,Chevrolet Tahoe,Chevrolet,"104,000 miles",22998,Tahoe LS,2015 Chevrolet,carmax,104000,22998,Tahoe,LS,2015,2015-chevrolet-tahoe-ls,105973568762233056547776696755212381893
1767,True,Chevrolet Tahoe,Chevrolet,"78,000 miles",24998,Tahoe LS,2015 Chevrolet,carmax,78000,24998,Tahoe,LS,2015,2015-chevrolet-tahoe-ls,105973568762233056547776696755212381893
1768,True,Chevrolet Tahoe,Chevrolet,"70,000 miles",25998,Tahoe LS,2015 Chevrolet,carmax,70000,25998,Tahoe,LS,2015,2015-chevrolet-tahoe-ls,105973568762233056547776696755212381893
1769,True,Chevrolet Tahoe,Chevrolet,"100,000 miles",23998,Tahoe LT,2015 Chevrolet,carmax,100000,23998,Tahoe,LT,2015,2015-chevrolet-tahoe-lt,121551164077119657301549559768294329978
1770,True,Chevrolet Tahoe,Chevrolet,"100,000 miles",23998,Tahoe LT,2015 Chevrolet,carmax,100000,23998,Tahoe,LT,2015,2015-chevrolet-tahoe-lt,121551164077119657301549559768294329978
1771,True,Chevrolet Tahoe,Chevrolet,"103,000 miles",24998,Tahoe LT,2015 Chevrolet,carmax,103000,24998,Tahoe,LT,2015,2015-chevrolet-tahoe-lt,121551164077119657301549559768294329978
1772,True,Chevrolet Tahoe,Chevrolet,"93,000 miles",25998,Tahoe LT,2015 Chevrolet,carmax,93000,25998,Tahoe,LT,2015,2015-chevrolet-tahoe-lt,121551164077119657301549559768294329978
1773,True,Chevrolet Tahoe,Chevrolet,"93,000 miles",24998,Tahoe LT,2015 Chevrolet,carmax,93000,24998,Tahoe,LT,2015,2015-chevrolet-tahoe-lt,121551164077119657301549559768294329978
1774,True,Chevrolet Tahoe,Chevrolet,"101,000 miles",23998,Tahoe LT,2015 Chevrolet,carmax,101000,23998,Tahoe,LT,2015,2015-chevrolet-tahoe-lt,121551164077119657301549559768294329978
1775,True,Chevrolet Tahoe,Chevrolet,"93,000 miles",24998,Tahoe LT,2015 Chevrolet,carmax,93000,24998,Tahoe,LT,2015,2015-chevrolet-tahoe-lt,121551164077119657301549559768294329978
1776,True,Chevrolet Tahoe,Chevrolet,"104,000 miles",23998,Tahoe LT,2015 Chevrolet,carmax,104000,23998,Tahoe,LT,2015,2015-chevrolet-tahoe-lt,121551164077119657301549559768294329978
1777,True,Chevrolet Tahoe,Chevrolet,"94,000 miles",25998,Tahoe LT,2015 Chevrolet,carmax,94000,25998,Tahoe,LT,2015,2015-chevrolet-tahoe-lt,121551164077119657301549559768294329978
1778,True,Chevrolet Tahoe,Chevrolet,"99,000 miles",23998,Tahoe LT,2015 Chevrolet,carmax,99000,23998,Tahoe,LT,2015,2015-chevrolet-tahoe-lt,121551164077119657301549559768294329978
1779,True,Chevrolet Tahoe,Chevrolet,"86,000 miles",26998,Tahoe LT,2015 Chevrolet,carmax,86000,26998,Tahoe,LT,2015,2015-chevrolet-tahoe-lt,121551164077119657301549559768294329978
1780,True,Chevrolet Tahoe,Chevrolet,"81,000 miles",29998,Tahoe LTZ,2015 Chevrolet,carmax,81000,29998,Tahoe,LTZ,2015,2015-chevrolet-tahoe-ltz,66506297631587507822216831904190817202
1781,True,Chevrolet Tahoe,Chevrolet,"105,000 miles",25998,Tahoe LTZ,2015 Chevrolet,carmax,105000,25998,Tahoe,LTZ,2015,2015-chevrolet-tahoe-ltz,66506297631587507822216831904190817202
1782,True,Chevrolet Tahoe,Chevrolet,"86,000 miles",29998,Tahoe LTZ,2015 Chevrolet,carmax,86000,29998,Tahoe,LTZ,2015,2015-chevrolet-tahoe-ltz,66506297631587507822216831904190817202
1783,True,Chevrolet Tahoe,Chevrolet,"105,000 miles",24998,Tahoe LTZ,2015 Chevrolet,carmax,105000,24998,Tahoe,LTZ,2015,2015-chevrolet-tahoe-ltz,66506297631587507822216831904190817202
1784,True,GMC Yukon,GMC,"51,000 miles",36998,Yukon Denali,2015 GMC,carmax,51000,36998,Yukon,Denali,2015,2015-gmc-yukon-denali,46751240015791733594877532526303644610
1785,True,GMC Yukon,GMC,"60,000 miles",33998,Yukon Denali,2015 GMC,carmax,60000,33998,Yukon,Denali,2015,2015-gmc-yukon-denali,46751240015791733594877532526303644610
1786,True,GMC Yukon XL 1500,GMC,"60,000 miles",30998,Yukon XL 1500 SLT,2015 GMC,carmax,60000,30998,Yukon XL 1500,SLT,2015,2015-gmc-yukon xl 1500-slt,216722575849245972817507326096252519175
1787,False,Lexus LS 460,Lexus,"64,000 miles",30998,LS 460,2015 Lexus,carmax,64000,30998,LS 460,-,2015,2015-lexus-ls 460--,337506581196099400745852532646682831032
1788,False,Lexus LS 460,Lexus,"53,000 miles",27998,LS 460,2015 Lexus,carmax,53000,27998,LS 460,-,2015,2015-lexus-ls 460--,337506581196099400745852532646682831032
1789,False,Lexus LS 460,Lexus,"75,000 miles",25998,LS 460,2015 Lexus,carmax,75000,25998,LS 460,-,2015,2015-lexus-ls 460--,337506581196099400745852532646682831032
1790,False,Lexus LS 460,Lexus,"30,000 miles",31998,LS 460,2015 Lexus,carmax,30000,31998,LS 460,-,2015,2015-lexus-ls 460--,337506581196099400745852532646682831032
1791,False,Lexus LS 460,Lexus,"39,000 miles",33998,LS 460,2015 Lexus,carmax,39000,33998,LS 460,-,2015,2015-lexus-ls 460--,337506581196099400745852532646682831032
1792,False,Lexus LS 460,Lexus,"75,000 miles",31998,LS 460 L,2015 Lexus,carmax,75000,31998,LS 460,L,2015,2015-lexus-ls 460-l,64539957122224168707688423614340079106
1793,False,Lexus LX 570,Lexus,"97,000 miles",34998,LX 570,2015 Lexus,carmax,97000,34998,LX 570,-,2015,2015-lexus-lx 570--,260310888084483547178858837594240391882
1794,False,Lexus LX 570,Lexus,"72,000 miles",42998,LX 570,2015 Lexus,carmax,72000,42998,LX 570,-,2015,2015-lexus-lx 570--,260310888084483547178858837594240391882
1795,False,Lexus LX 570,Lexus,"104,000 miles",38998,LX 570,2015 Lexus,carmax,104000,38998,LX 570,-,2015,2015-lexus-lx 570--,260310888084483547178858837594240391882
1796,False,Lexus RC F,Lexus,"70,000 miles",39998,RC F,2015 Lexus,carmax,70000,39998,RC F,-,2015,2015-lexus-rc f--,327723218424581042248607701469376499821
1797,False,Lexus RC F,Lexus,"77,000 miles",37998,RC F,2015 Lexus,carmax,77000,37998,RC F,-,2015,2015-lexus-rc f--,327723218424581042248607701469376499821
1798,False,Toyota 4Runner,Toyota,"101,000 miles",24998,4Runner Limited,2015 Toyota,carmax,101000,24998,4Runner,Limited,2015,2015-toyota-4runner-limited,120008691057456199978383680075547245245
1799,False,Toyota 4Runner,Toyota,"90,000 miles",26998,4Runner Limited,2015 Toyota,carmax,90000,26998,4Runner,Limited,2015,2015-toyota-4runner-limited,120008691057456199978383680075547245245
1800,False,Toyota 4Runner,Toyota,"91,000 miles",25998,4Runner Limited,2015 Toyota,carmax,91000,25998,4Runner,Limited,2015,2015-toyota-4runner-limited,120008691057456199978383680075547245245
1801,False,Toyota 4Runner,Toyota,"86,000 miles",29998,4Runner Limited,2015 Toyota,carmax,86000,29998,4Runner,Limited,2015,2015-toyota-4runner-limited,120008691057456199978383680075547245245
1802,False,Toyota 4Runner,Toyota,"111,000 miles",24998,4Runner Limited,2015 Toyota,carmax,111000,24998,4Runner,Limited,2015,2015-toyota-4runner-limited,120008691057456199978383680075547245245
1803,False,Toyota 4Runner,Toyota,"129,000 miles",26998,4Runner SR5,2015 Toyota,carmax,129000,26998,4Runner,SR5,2015,2015-toyota-4runner-sr5,335329183919945282093142313870731079524
1804,False,Toyota 4Runner,Toyota,"126,000 miles",24998,4Runner SR5,2015 Toyota,carmax,126000,24998,4Runner,SR5,2015,2015-toyota-4runner-sr5,335329183919945282093142313870731079524
1805,False,Toyota 4Runner,Toyota,"62,000 miles",27998,4Runner SR5,2015 Toyota,carmax,62000,27998,4Runner,SR5,2015,2015-toyota-4runner-sr5,335329183919945282093142313870731079524
1806,False,Toyota 4Runner,Toyota,"62,000 miles",28998,4Runner SR5,2015 Toyota,carmax,62000,28998,4Runner,SR5,2015,2015-toyota-4runner-sr5,335329183919945282093142313870731079524
1807,False,Toyota 4Runner,Toyota,"114,000 miles",22998,4Runner SR5,2015 Toyota,carmax,114000,22998,4Runner,SR5,2015,2015-toyota-4runner-sr5,335329183919945282093142313870731079524
1808,False,Toyota 4Runner,Toyota,"110,000 miles",25998,4Runner SR5 Premium,2015 Toyota,carmax,110000,25998,4Runner,SR5 Premium,2015,2015-toyota-4runner-sr5 premium,284164353648452795704406462160887315708
1809,False,Toyota 4Runner,Toyota,"96,000 miles",26998,4Runner SR5 Premium,2015 Toyota,carmax,96000,26998,4Runner,SR5 Premium,2015,2015-toyota-4runner-sr5 premium,284164353648452795704406462160887315708
1810,False,Toyota 4Runner,Toyota,"108,000 miles",26998,4Runner SR5 Premium,2015 Toyota,carmax,108000,26998,4Runner,SR5 Premium,2015,2015-toyota-4runner-sr5 premium,284164353648452795704406462160887315708
1811,False,Toyota 4Runner,Toyota,"78,000 miles",29998,4Runner SR5 Premium,2015 Toyota,carmax,78000,29998,4Runner,SR5 Premium,2015,2015-toyota-4runner-sr5 premium,284164353648452795704406462160887315708
1812,False,Toyota 4Runner,Toyota,"65,000 miles",37998,4Runner TRD Pro,2015 Toyota,carmax,65000,37998,4Runner,TRD Pro,2015,2015-toyota-4runner-trd pro,225100049896949758216164634161641870658
1813,False,Toyota Highlander,Toyota,"63,000 miles",26998,Highlander Hybrid Limited,2015 Toyota,carmax,63000,26998,Highlander,Hybrid Limited,2015,2015-toyota-highlander-hybrid limited,327436356137737649376098752543911114425
1814,False,Toyota Highlander,Toyota,"72,000 miles",25998,Highlander Hybrid Limited,2015 Toyota,carmax,72000,25998,Highlander,Hybrid Limited,2015,2015-toyota-highlander-hybrid limited,327436356137737649376098752543911114425
1815,False,Toyota Highlander,Toyota,"65,000 miles",27998,Highlander Hybrid Limited,2015 Toyota,carmax,65000,27998,Highlander,Hybrid Limited,2015,2015-toyota-highlander-hybrid limited,327436356137737649376098752543911114425
1816,False,Toyota Highlander,Toyota,"60,000 miles",30998,Highlander Hybrid Limited Platinum,2015 Toyota,carmax,60000,30998,Highlander,Hybrid Limited Platinum,2015,2015-toyota-highlander-hybrid limited platinum,151911725605002955400474260859683330738
1817,False,Toyota Highlander,Toyota,"120,000 miles",16998,Highlander LE,2015 Toyota,carmax,120000,16998,Highlander,LE,2015,2015-toyota-highlander-le,43505867572989104508340191805192855798
1818,False,Toyota Highlander,Toyota,"100,000 miles",16998,Highlander LE,2015 Toyota,carmax,100000,16998,Highlander,LE,2015,2015-toyota-highlander-le,43505867572989104508340191805192855798
1819,False,Toyota Highlander,Toyota,"114,000 miles",18998,Highlander LE,2015 Toyota,carmax,114000,18998,Highlander,LE,2015,2015-toyota-highlander-le,43505867572989104508340191805192855798
1820,False,Toyota Highlander,Toyota,"95,000 miles",20998,Highlander LE Plus,2015 Toyota,carmax,95000,20998,Highlander,LE Plus,2015,2015-toyota-highlander-le plus,228286547897017322052877893862156412677
1821,False,Toyota Highlander,Toyota,"75,000 miles",21998,Highlander LE Plus,2015 Toyota,carmax,75000,21998,Highlander,LE Plus,2015,2015-toyota-highlander-le plus,228286547897017322052877893862156412677
1822,False,Toyota Highlander,Toyota,"118,000 miles",18998,Highlander LE Plus,2015 Toyota,carmax,118000,18998,Highlander,LE Plus,2015,2015-toyota-highlander-le plus,228286547897017322052877893862156412677
1823,False,Toyota Highlander,Toyota,"79,000 miles",23998,Highlander Limited,2015 Toyota,carmax,79000,23998,Highlander,Limited,2015,2015-toyota-highlander-limited,34868260637578306762216814774562548756
1824,False,Toyota Highlander,Toyota,"118,000 miles",21998,Highlander Limited,2015 Toyota,carmax,118000,21998,Highlander,Limited,2015,2015-toyota-highlander-limited,34868260637578306762216814774562548756
1825,False,Toyota Highlander,Toyota,"105,000 miles",20998,Highlander Limited,2015 Toyota,carmax,105000,20998,Highlander,Limited,2015,2015-toyota-highlander-limited,34868260637578306762216814774562548756
1826,False,Toyota Highlander,Toyota,"49,000 miles",24998,Highlander Limited,2015 Toyota,carmax,49000,24998,Highlander,Limited,2015,2015-toyota-highlander-limited,34868260637578306762216814774562548756
1827,False,Toyota Highlander,Toyota,"109,000 miles",19998,Highlander Limited,2015 Toyota,carmax,109000,19998,Highlander,Limited,2015,2015-toyota-highlander-limited,34868260637578306762216814774562548756
1828,False,Toyota Highlander,Toyota,"79,000 miles",22998,Highlander Limited,2015 Toyota,carmax,79000,22998,Highlander,Limited,2015,2015-toyota-highlander-limited,34868260637578306762216814774562548756
1829,False,Toyota Highlander,Toyota,"109,000 miles",20998,Highlander Limited,2015 Toyota,carmax,109000,20998,Highlander,Limited,2015,2015-toyota-highlander-limited,34868260637578306762216814774562548756
1830,False,Toyota Highlander,Toyota,"93,000 miles",23998,Highlander Limited,2015 Toyota,carmax,93000,23998,Highlander,Limited,2015,2015-toyota-highlander-limited,34868260637578306762216814774562548756
1831,False,Toyota Highlander,Toyota,"121,000 miles",19998,Highlander Limited,2015 Toyota,carmax,121000,19998,Highlander,Limited,2015,2015-toyota-highlander-limited,34868260637578306762216814774562548756
1832,False,Toyota Highlander,Toyota,"73,000 miles",24998,Highlander Limited,2015 Toyota,carmax,73000,24998,Highlander,Limited,2015,2015-toyota-highlander-limited,34868260637578306762216814774562548756
1833,False,Toyota Highlander,Toyota,"72,000 miles",22998,Highlander Limited,2015 Toyota,carmax,72000,22998,Highlander,Limited,2015,2015-toyota-highlander-limited,34868260637578306762216814774562548756
1834,False,Toyota Highlander,Toyota,"119,000 miles",21998,Highlander Limited Platinum,2015 Toyota,carmax,119000,21998,Highlander,Limited Platinum,2015,2015-toyota-highlander-limited platinum,56923842495982093216063471670080018208
1835,False,Toyota Highlander,Toyota,"31,000 miles",29998,Highlander Limited Platinum,2015 Toyota,carmax,31000,29998,Highlander,Limited Platinum,2015,2015-toyota-highlander-limited platinum,56923842495982093216063471670080018208
1836,False,Toyota Highlander,Toyota,"126,000 miles",18998,Highlander Limited Platinum,2015 Toyota,carmax,126000,18998,Highlander,Limited Platinum,2015,2015-toyota-highlander-limited platinum,56923842495982093216063471670080018208
1837,False,Toyota Highlander,Toyota,"88,000 miles",22998,Highlander XLE,2015 Toyota,carmax,88000,22998,Highlander,XLE,2015,2015-toyota-highlander-xle,293524622825117089107326516188689345032
1838,False,Toyota Highlander,Toyota,"104,000 miles",20998,Highlander XLE,2015 Toyota,carmax,104000,20998,Highlander,XLE,2015,2015-toyota-highlander-xle,293524622825117089107326516188689345032
1839,False,Toyota Highlander,Toyota,"111,000 miles",19998,Highlander XLE,2015 Toyota,carmax,111000,19998,Highlander,XLE,2015,2015-toyota-highlander-xle,293524622825117089107326516188689345032
1840,False,Toyota Highlander,Toyota,"72,000 miles",22998,Highlander XLE,2015 Toyota,carmax,72000,22998,Highlander,XLE,2015,2015-toyota-highlander-xle,293524622825117089107326516188689345032
1841,False,Toyota Highlander,Toyota,"62,000 miles",22998,Highlander XLE,2015 Toyota,carmax,62000,22998,Highlander,XLE,2015,2015-toyota-highlander-xle,293524622825117089107326516188689345032
1842,False,Toyota Highlander,Toyota,"112,000 miles",18998,Highlander XLE,2015 Toyota,carmax,112000,18998,Highlander,XLE,2015,2015-toyota-highlander-xle,293524622825117089107326516188689345032
1843,False,Toyota Highlander,Toyota,"43,000 miles",24998,Highlander XLE,2015 Toyota,carmax,43000,24998,Highlander,XLE,2015,2015-toyota-highlander-xle,293524622825117089107326516188689345032
1844,False,Toyota Highlander,Toyota,"114,000 miles",19998,Highlander XLE,2015 Toyota,carmax,114000,19998,Highlander,XLE,2015,2015-toyota-highlander-xle,293524622825117089107326516188689345032
1845,False,Toyota Highlander,Toyota,"125,000 miles",17998,Highlander XLE,2015 Toyota,carmax,125000,17998,Highlander,XLE,2015,2015-toyota-highlander-xle,293524622825117089107326516188689345032
1846,False,Toyota Highlander,Toyota,"97,000 miles",19998,Highlander XLE,2015 Toyota,carmax,97000,19998,Highlander,XLE,2015,2015-toyota-highlander-xle,293524622825117089107326516188689345032
1847,False,Toyota Highlander,Toyota,"67,000 miles",23998,Highlander XLE,2015 Toyota,carmax,67000,23998,Highlander,XLE,2015,2015-toyota-highlander-xle,293524622825117089107326516188689345032
1848,False,Toyota Highlander,Toyota,"80,000 miles",22998,Highlander XLE,2015 Toyota,carmax,80000,22998,Highlander,XLE,2015,2015-toyota-highlander-xle,293524622825117089107326516188689345032
1849,False,Toyota Highlander,Toyota,"97,000 miles",20998,Highlander XLE,2015 Toyota,carmax,97000,20998,Highlander,XLE,2015,2015-toyota-highlander-xle,293524622825117089107326516188689345032
1850,False,Toyota Land Cruiser,Toyota,"91,000 miles",48998,Land Cruiser,2015 Toyota,carmax,91000,48998,Land Cruiser,-,2015,2015-toyota-land cruiser--,5693779309202087648514488061772792429
1851,False,Toyota Sequoia,Toyota,"119,000 miles",28998,Sequoia Limited,2015 Toyota,carmax,119000,28998,Sequoia,Limited,2015,2015-toyota-sequoia-limited,181268962481717639882212980789961816619
1852,True,Cadillac Escalade,Cadillac,"53,000 miles",39998,Escalade ESV Luxury,2016 Cadillac,carmax,53000,39998,Escalade,Luxury,2016,2016-cadillac-escalade-luxury,182881283323101884804843570757541928498
1853,True,Cadillac Escalade,Cadillac,"30,000 miles",37998,Escalade Luxury,2016 Cadillac,carmax,30000,37998,Escalade,Luxury,2016,2016-cadillac-escalade-luxury,182881283323101884804843570757541928498
1854,True,Chevrolet Suburban 1500,Chevrolet,"66,000 miles",33998,Suburban 1500 LT,2016 Chevrolet,carmax,66000,33998,Suburban 1500,LT,2016,2016-chevrolet-suburban 1500-lt,327638686822859042181517233641467256679
1855,True,Chevrolet Tahoe,Chevrolet,"82,000 miles",26998,Tahoe LS,2016 Chevrolet,carmax,82000,26998,Tahoe,LS,2016,2016-chevrolet-tahoe-ls,314072147765378729232349600804065223739
1856,True,Chevrolet Tahoe,Chevrolet,"101,000 miles",23998,Tahoe LS,2016 Chevrolet,carmax,101000,23998,Tahoe,LS,2016,2016-chevrolet-tahoe-ls,314072147765378729232349600804065223739
1857,True,Chevrolet Tahoe,Chevrolet,"87,000 miles",26998,Tahoe LS,2016 Chevrolet,carmax,87000,26998,Tahoe,LS,2016,2016-chevrolet-tahoe-ls,314072147765378729232349600804065223739
1858,True,Chevrolet Tahoe,Chevrolet,"106,000 miles",21998,Tahoe LS,2016 Chevrolet,carmax,106000,21998,Tahoe,LS,2016,2016-chevrolet-tahoe-ls,314072147765378729232349600804065223739
1859,True,Chevrolet Tahoe,Chevrolet,"74,000 miles",31998,Tahoe LT,2016 Chevrolet,carmax,74000,31998,Tahoe,LT,2016,2016-chevrolet-tahoe-lt,73287629228298919987656882053704197823
1860,True,Chevrolet Tahoe,Chevrolet,"71,000 miles",31998,Tahoe LT,2016 Chevrolet,carmax,71000,31998,Tahoe,LT,2016,2016-chevrolet-tahoe-lt,73287629228298919987656882053704197823
1861,True,Chevrolet Tahoe,Chevrolet,"87,000 miles",29998,Tahoe LT,2016 Chevrolet,carmax,87000,29998,Tahoe,LT,2016,2016-chevrolet-tahoe-lt,73287629228298919987656882053704197823
1862,True,Chevrolet Tahoe,Chevrolet,"31,000 miles",33998,Tahoe LT,2016 Chevrolet,carmax,31000,33998,Tahoe,LT,2016,2016-chevrolet-tahoe-lt,73287629228298919987656882053704197823
1863,True,Chevrolet Tahoe,Chevrolet,"87,000 miles",28998,Tahoe LT,2016 Chevrolet,carmax,87000,28998,Tahoe,LT,2016,2016-chevrolet-tahoe-lt,73287629228298919987656882053704197823
1864,True,Chevrolet Tahoe,Chevrolet,"102,000 miles",25998,Tahoe LT,2016 Chevrolet,carmax,102000,25998,Tahoe,LT,2016,2016-chevrolet-tahoe-lt,73287629228298919987656882053704197823
1865,True,Chevrolet Tahoe,Chevrolet,"80,000 miles",28998,Tahoe LT,2016 Chevrolet,carmax,80000,28998,Tahoe,LT,2016,2016-chevrolet-tahoe-lt,73287629228298919987656882053704197823
1866,True,Chevrolet Tahoe,Chevrolet,"79,000 miles",28998,Tahoe LT,2016 Chevrolet,carmax,79000,28998,Tahoe,LT,2016,2016-chevrolet-tahoe-lt,73287629228298919987656882053704197823
1867,True,Chevrolet Tahoe,Chevrolet,"69,000 miles",30998,Tahoe LT,2016 Chevrolet,carmax,69000,30998,Tahoe,LT,2016,2016-chevrolet-tahoe-lt,73287629228298919987656882053704197823
1868,True,Chevrolet Tahoe,Chevrolet,"93,000 miles",24998,Tahoe LT,2016 Chevrolet,carmax,93000,24998,Tahoe,LT,2016,2016-chevrolet-tahoe-lt,73287629228298919987656882053704197823
1869,True,Chevrolet Tahoe,Chevrolet,"69,000 miles",31998,Tahoe LT,2016 Chevrolet,carmax,69000,31998,Tahoe,LT,2016,2016-chevrolet-tahoe-lt,73287629228298919987656882053704197823
1870,True,Chevrolet Tahoe,Chevrolet,"95,000 miles",27998,Tahoe LT,2016 Chevrolet,carmax,95000,27998,Tahoe,LT,2016,2016-chevrolet-tahoe-lt,73287629228298919987656882053704197823
1871,True,Chevrolet Tahoe,Chevrolet,"105,000 miles",25998,Tahoe LT,2016 Chevrolet,carmax,105000,25998,Tahoe,LT,2016,2016-chevrolet-tahoe-lt,73287629228298919987656882053704197823
1872,True,Chevrolet Tahoe,Chevrolet,"70,000 miles",33998,Tahoe LTZ,2016 Chevrolet,carmax,70000,33998,Tahoe,LTZ,2016,2016-chevrolet-tahoe-ltz,232154181657323408862618346110968255483
1873,True,Chevrolet Tahoe,Chevrolet,"100,000 miles",29998,Tahoe LTZ,2016 Chevrolet,carmax,100000,29998,Tahoe,LTZ,2016,2016-chevrolet-tahoe-ltz,232154181657323408862618346110968255483
1874,True,Chevrolet Tahoe,Chevrolet,"97,000 miles",27998,Tahoe LTZ,2016 Chevrolet,carmax,97000,27998,Tahoe,LTZ,2016,2016-chevrolet-tahoe-ltz,232154181657323408862618346110968255483
1875,True,Chevrolet Tahoe,Chevrolet,"44,000 miles",38998,Tahoe LTZ,2016 Chevrolet,carmax,44000,38998,Tahoe,LTZ,2016,2016-chevrolet-tahoe-ltz,232154181657323408862618346110968255483
1876,True,Chevrolet Tahoe,Chevrolet,"84,000 miles",29998,Tahoe LTZ,2016 Chevrolet,carmax,84000,29998,Tahoe,LTZ,2016,2016-chevrolet-tahoe-ltz,232154181657323408862618346110968255483
1877,True,Chevrolet Tahoe,Chevrolet,"56,000 miles",33998,Tahoe LTZ,2016 Chevrolet,carmax,56000,33998,Tahoe,LTZ,2016,2016-chevrolet-tahoe-ltz,232154181657323408862618346110968255483
1878,True,Chevrolet Tahoe,Chevrolet,"100,000 miles",27998,Tahoe LTZ,2016 Chevrolet,carmax,100000,27998,Tahoe,LTZ,2016,2016-chevrolet-tahoe-ltz,232154181657323408862618346110968255483
1879,True,Chevrolet Tahoe,Chevrolet,"69,000 miles",32998,Tahoe LTZ,2016 Chevrolet,carmax,69000,32998,Tahoe,LTZ,2016,2016-chevrolet-tahoe-ltz,232154181657323408862618346110968255483
1880,True,GMC Yukon,GMC,"72,000 miles",33998,Yukon Denali,2016 GMC,carmax,72000,33998,Yukon,Denali,2016,2016-gmc-yukon-denali,109047870533499996868321875712483491118
1881,True,GMC Yukon,GMC,"85,000 miles",31998,Yukon Denali,2016 GMC,carmax,85000,31998,Yukon,Denali,2016,2016-gmc-yukon-denali,109047870533499996868321875712483491118
1882,True,GMC Yukon,GMC,"89,000 miles",29998,Yukon Denali,2016 GMC,carmax,89000,29998,Yukon,Denali,2016,2016-gmc-yukon-denali,109047870533499996868321875712483491118
1883,True,GMC Yukon,GMC,"73,000 miles",33998,Yukon Denali,2016 GMC,carmax,73000,33998,Yukon,Denali,2016,2016-gmc-yukon-denali,109047870533499996868321875712483491118
1884,True,GMC Yukon,GMC,"68,000 miles",27998,Yukon SLE,2016 GMC,carmax,68000,27998,Yukon,SLE,2016,2016-gmc-yukon-sle,14708445861559081665452930851530061544
1885,True,GMC Yukon,GMC,"79,000 miles",29998,Yukon SLT,2016 GMC,carmax,79000,29998,Yukon,SLT,2016,2016-gmc-yukon-slt,8920132249120774273397787588960192271
1886,True,GMC Yukon,GMC,"87,000 miles",29998,Yukon SLT,2016 GMC,carmax,87000,29998,Yukon,SLT,2016,2016-gmc-yukon-slt,8920132249120774273397787588960192271
1887,True,GMC Yukon,GMC,"86,000 miles",28998,Yukon SLT,2016 GMC,carmax,86000,28998,Yukon,SLT,2016,2016-gmc-yukon-slt,8920132249120774273397787588960192271
1888,True,GMC Yukon XL 1500,GMC,"38,000 miles",38998,Yukon XL 1500 SLT,2016 GMC,carmax,38000,38998,Yukon XL 1500,SLT,2016,2016-gmc-yukon xl 1500-slt,333903972640879440692128468154319079776
1889,False,Lexus LS 460,Lexus,"34,000 miles",33998,LS 460,2016 Lexus,carmax,34000,33998,LS 460,-,2016,2016-lexus-ls 460--,166669323544296695121982029562453520327
1890,False,Lexus LS 460,Lexus,"77,000 miles",26998,LS 460,2016 Lexus,carmax,77000,26998,LS 460,-,2016,2016-lexus-ls 460--,166669323544296695121982029562453520327
1891,False,Lexus LS 460,Lexus,"55,000 miles",29998,LS 460,2016 Lexus,carmax,55000,29998,LS 460,-,2016,2016-lexus-ls 460--,166669323544296695121982029562453520327
1892,False,Lexus LS 460,Lexus,"56,000 miles",30998,LS 460,2016 Lexus,carmax,56000,30998,LS 460,-,2016,2016-lexus-ls 460--,166669323544296695121982029562453520327
1893,False,Toyota 4Runner,Toyota,"85,000 miles",31998,4Runner Limited,2016 Toyota,carmax,85000,31998,4Runner,Limited,2016,2016-toyota-4runner-limited,63264051409172863126088768460815852181
1894,False,Toyota 4Runner,Toyota,"82,000 miles",31998,4Runner Limited,2016 Toyota,carmax,82000,31998,4Runner,Limited,2016,2016-toyota-4runner-limited,63264051409172863126088768460815852181
1895,False,Toyota 4Runner,Toyota,"92,000 miles",26998,4Runner Limited,2016 Toyota,carmax,92000,26998,4Runner,Limited,2016,2016-toyota-4runner-limited,63264051409172863126088768460815852181
1896,False,Toyota 4Runner,Toyota,"114,000 miles",24998,4Runner Limited,2016 Toyota,carmax,114000,24998,4Runner,Limited,2016,2016-toyota-4runner-limited,63264051409172863126088768460815852181
1897,False,Toyota 4Runner,Toyota,"64,000 miles",30998,4Runner Limited,2016 Toyota,carmax,64000,30998,4Runner,Limited,2016,2016-toyota-4runner-limited,63264051409172863126088768460815852181
1898,False,Toyota 4Runner,Toyota,"74,000 miles",29998,4Runner Limited,2016 Toyota,carmax,74000,29998,4Runner,Limited,2016,2016-toyota-4runner-limited,63264051409172863126088768460815852181
1899,False,Toyota 4Runner,Toyota,"75,000 miles",29998,4Runner Limited,2016 Toyota,carmax,75000,29998,4Runner,Limited,2016,2016-toyota-4runner-limited,63264051409172863126088768460815852181
1900,False,Toyota 4Runner,Toyota,"52,000 miles",29998,4Runner Limited,2016 Toyota,carmax,52000,29998,4Runner,Limited,2016,2016-toyota-4runner-limited,63264051409172863126088768460815852181
1901,False,Toyota 4Runner,Toyota,"75,000 miles",31998,4Runner Limited,2016 Toyota,carmax,75000,31998,4Runner,Limited,2016,2016-toyota-4runner-limited,63264051409172863126088768460815852181
1902,False,Toyota 4Runner,Toyota,"104,000 miles",25998,4Runner Limited,2016 Toyota,carmax,104000,25998,4Runner,Limited,2016,2016-toyota-4runner-limited,63264051409172863126088768460815852181
1903,False,Toyota 4Runner,Toyota,"50,000 miles",35998,4Runner Limited,2016 Toyota,carmax,50000,35998,4Runner,Limited,2016,2016-toyota-4runner-limited,63264051409172863126088768460815852181
1904,False,Toyota 4Runner,Toyota,"60,000 miles",32998,4Runner Limited,2016 Toyota,carmax,60000,32998,4Runner,Limited,2016,2016-toyota-4runner-limited,63264051409172863126088768460815852181
1905,False,Toyota 4Runner,Toyota,"68,000 miles",31998,4Runner Limited,2016 Toyota,carmax,68000,31998,4Runner,Limited,2016,2016-toyota-4runner-limited,63264051409172863126088768460815852181
1906,False,Toyota 4Runner,Toyota,"73,000 miles",29998,4Runner SR5,2016 Toyota,carmax,73000,29998,4Runner,SR5,2016,2016-toyota-4runner-sr5,46061408389650398397496536148953584013
1907,False,Toyota 4Runner,Toyota,"115,000 miles",25998,4Runner SR5,2016 Toyota,carmax,115000,25998,4Runner,SR5,2016,2016-toyota-4runner-sr5,46061408389650398397496536148953584013
1908,False,Toyota 4Runner,Toyota,"68,000 miles",29998,4Runner SR5,2016 Toyota,carmax,68000,29998,4Runner,SR5,2016,2016-toyota-4runner-sr5,46061408389650398397496536148953584013
1909,False,Toyota 4Runner,Toyota,"88,000 miles",25998,4Runner SR5,2016 Toyota,carmax,88000,25998,4Runner,SR5,2016,2016-toyota-4runner-sr5,46061408389650398397496536148953584013
1910,False,Toyota 4Runner,Toyota,"92,000 miles",25998,4Runner SR5,2016 Toyota,carmax,92000,25998,4Runner,SR5,2016,2016-toyota-4runner-sr5,46061408389650398397496536148953584013
1911,False,Toyota 4Runner,Toyota,"129,000 miles",25998,4Runner SR5,2016 Toyota,carmax,129000,25998,4Runner,SR5,2016,2016-toyota-4runner-sr5,46061408389650398397496536148953584013
1912,False,Toyota 4Runner,Toyota,"119,000 miles",23998,4Runner SR5,2016 Toyota,carmax,119000,23998,4Runner,SR5,2016,2016-toyota-4runner-sr5,46061408389650398397496536148953584013
1913,False,Toyota 4Runner,Toyota,"82,000 miles",27998,4Runner SR5,2016 Toyota,carmax,82000,27998,4Runner,SR5,2016,2016-toyota-4runner-sr5,46061408389650398397496536148953584013
1914,False,Toyota 4Runner,Toyota,"126,000 miles",22998,4Runner SR5,2016 Toyota,carmax,126000,22998,4Runner,SR5,2016,2016-toyota-4runner-sr5,46061408389650398397496536148953584013
1915,False,Toyota 4Runner,Toyota,"120,000 miles",22998,4Runner SR5,2016 Toyota,carmax,120000,22998,4Runner,SR5,2016,2016-toyota-4runner-sr5,46061408389650398397496536148953584013
1916,False,Toyota 4Runner,Toyota,"120,000 miles",22998,4Runner SR5,2016 Toyota,carmax,120000,22998,4Runner,SR5,2016,2016-toyota-4runner-sr5,46061408389650398397496536148953584013
1917,False,Toyota 4Runner,Toyota,"81,000 miles",28998,4Runner SR5,2016 Toyota,carmax,81000,28998,4Runner,SR5,2016,2016-toyota-4runner-sr5,46061408389650398397496536148953584013
1918,False,Toyota 4Runner,Toyota,"103,000 miles",24998,4Runner SR5,2016 Toyota,carmax,103000,24998,4Runner,SR5,2016,2016-toyota-4runner-sr5,46061408389650398397496536148953584013
1919,False,Toyota 4Runner,Toyota,"75,000 miles",29998,4Runner SR5,2016 Toyota,carmax,75000,29998,4Runner,SR5,2016,2016-toyota-4runner-sr5,46061408389650398397496536148953584013
1920,False,Toyota 4Runner,Toyota,"87,000 miles",28998,4Runner SR5,2016 Toyota,carmax,87000,28998,4Runner,SR5,2016,2016-toyota-4runner-sr5,46061408389650398397496536148953584013
1921,False,Toyota 4Runner,Toyota,"64,000 miles",29998,4Runner SR5,2016 Toyota,carmax,64000,29998,4Runner,SR5,2016,2016-toyota-4runner-sr5,46061408389650398397496536148953584013
1922,False,Toyota 4Runner,Toyota,"119,000 miles",25998,4Runner SR5,2016 Toyota,carmax,119000,25998,4Runner,SR5,2016,2016-toyota-4runner-sr5,46061408389650398397496536148953584013
1923,False,Toyota 4Runner,Toyota,"64,000 miles",28998,4Runner SR5,2016 Toyota,carmax,64000,28998,4Runner,SR5,2016,2016-toyota-4runner-sr5,46061408389650398397496536148953584013
1924,False,Toyota 4Runner,Toyota,"98,000 miles",26998,4Runner SR5,2016 Toyota,carmax,98000,26998,4Runner,SR5,2016,2016-toyota-4runner-sr5,46061408389650398397496536148953584013
1925,False,Toyota 4Runner,Toyota,"125,000 miles",24998,4Runner SR5,2016 Toyota,carmax,125000,24998,4Runner,SR5,2016,2016-toyota-4runner-sr5,46061408389650398397496536148953584013
1926,False,Toyota 4Runner,Toyota,"65,000 miles",31998,4Runner SR5 Premium,2016 Toyota,carmax,65000,31998,4Runner,SR5 Premium,2016,2016-toyota-4runner-sr5 premium,330149084029840521487609236127600478325
1927,False,Toyota 4Runner,Toyota,"91,000 miles",26998,4Runner SR5 Premium,2016 Toyota,carmax,91000,26998,4Runner,SR5 Premium,2016,2016-toyota-4runner-sr5 premium,330149084029840521487609236127600478325
1928,False,Toyota 4Runner,Toyota,"127,000 miles",27998,4Runner SR5 Premium,2016 Toyota,carmax,127000,27998,4Runner,SR5 Premium,2016,2016-toyota-4runner-sr5 premium,330149084029840521487609236127600478325
1929,False,Toyota 4Runner,Toyota,"110,000 miles",28998,4Runner SR5 Premium,2016 Toyota,carmax,110000,28998,4Runner,SR5 Premium,2016,2016-toyota-4runner-sr5 premium,330149084029840521487609236127600478325
1930,False,Toyota 4Runner,Toyota,"36,000 miles",30998,4Runner SR5 Premium,2016 Toyota,carmax,36000,30998,4Runner,SR5 Premium,2016,2016-toyota-4runner-sr5 premium,330149084029840521487609236127600478325
1931,False,Toyota 4Runner,Toyota,"97,000 miles",26998,4Runner SR5 Premium,2016 Toyota,carmax,97000,26998,4Runner,SR5 Premium,2016,2016-toyota-4runner-sr5 premium,330149084029840521487609236127600478325
1932,False,Toyota 4Runner,Toyota,"67,000 miles",30998,4Runner SR5 Premium,2016 Toyota,carmax,67000,30998,4Runner,SR5 Premium,2016,2016-toyota-4runner-sr5 premium,330149084029840521487609236127600478325
1933,False,Toyota 4Runner,Toyota,"114,000 miles",28998,4Runner SR5 Premium,2016 Toyota,carmax,114000,28998,4Runner,SR5 Premium,2016,2016-toyota-4runner-sr5 premium,330149084029840521487609236127600478325
1934,False,Toyota 4Runner,Toyota,"92,000 miles",28998,4Runner SR5 Premium,2016 Toyota,carmax,92000,28998,4Runner,SR5 Premium,2016,2016-toyota-4runner-sr5 premium,330149084029840521487609236127600478325
1935,False,Toyota 4Runner,Toyota,"70,000 miles",30998,4Runner SR5 Premium,2016 Toyota,carmax,70000,30998,4Runner,SR5 Premium,2016,2016-toyota-4runner-sr5 premium,330149084029840521487609236127600478325
1936,False,Toyota 4Runner,Toyota,"71,000 miles",32998,4Runner SR5 Premium,2016 Toyota,carmax,71000,32998,4Runner,SR5 Premium,2016,2016-toyota-4runner-sr5 premium,330149084029840521487609236127600478325
1937,False,Toyota 4Runner,Toyota,"75,000 miles",29998,4Runner SR5 Premium,2016 Toyota,carmax,75000,29998,4Runner,SR5 Premium,2016,2016-toyota-4runner-sr5 premium,330149084029840521487609236127600478325
1938,False,Toyota 4Runner,Toyota,"120,000 miles",32998,4Runner TRD Pro,2016 Toyota,carmax,120000,32998,4Runner,TRD Pro,2016,2016-toyota-4runner-trd pro,250764010518800796763536494984063488452
1939,False,Toyota 4Runner,Toyota,"120,000 miles",29998,4Runner TRD Pro,2016 Toyota,carmax,120000,29998,4Runner,TRD Pro,2016,2016-toyota-4runner-trd pro,250764010518800796763536494984063488452
1940,False,Toyota 4Runner,Toyota,"96,000 miles",32998,4Runner TRD Pro,2016 Toyota,carmax,96000,32998,4Runner,TRD Pro,2016,2016-toyota-4runner-trd pro,250764010518800796763536494984063488452
1941,False,Toyota 4Runner,Toyota,"65,000 miles",32998,4Runner Trail Premium,2016 Toyota,carmax,65000,32998,4Runner,Trail Premium,2016,2016-toyota-4runner-trail premium,339539011012737635041789961128044170409
1942,False,Toyota 4Runner,Toyota,"99,000 miles",31998,4Runner Trail Premium,2016 Toyota,carmax,99000,31998,4Runner,Trail Premium,2016,2016-toyota-4runner-trail premium,339539011012737635041789961128044170409
1943,False,Toyota 4Runner,Toyota,"45,000 miles",34998,4Runner Trail Premium,2016 Toyota,carmax,45000,34998,4Runner,Trail Premium,2016,2016-toyota-4runner-trail premium,339539011012737635041789961128044170409
1944,False,Toyota Highlander,Toyota,"70,000 miles",27998,Highlander Hybrid Limited Platinum,2016 Toyota,carmax,70000,27998,Highlander,Hybrid Limited Platinum,2016,2016-toyota-highlander-hybrid limited platinum,144819521032503481786499524811543260288
1945,False,Toyota Highlander,Toyota,"64,000 miles",29998,Highlander Hybrid Limited Platinum,2016 Toyota,carmax,64000,29998,Highlander,Hybrid Limited Platinum,2016,2016-toyota-highlander-hybrid limited platinum,144819521032503481786499524811543260288
1946,False,Toyota Highlander,Toyota,"89,000 miles",26998,Highlander Hybrid Limited Platinum,2016 Toyota,carmax,89000,26998,Highlander,Hybrid Limited Platinum,2016,2016-toyota-highlander-hybrid limited platinum,144819521032503481786499524811543260288
1947,False,Toyota Highlander,Toyota,"116,000 miles",18998,Highlander LE,2016 Toyota,carmax,116000,18998,Highlander,LE,2016,2016-toyota-highlander-le,277287656703431214977231616064025106082
1948,False,Toyota Highlander,Toyota,"107,000 miles",19998,Highlander LE,2016 Toyota,carmax,107000,19998,Highlander,LE,2016,2016-toyota-highlander-le,277287656703431214977231616064025106082
1949,False,Toyota Highlander,Toyota,"120,000 miles",17998,Highlander LE,2016 Toyota,carmax,120000,17998,Highlander,LE,2016,2016-toyota-highlander-le,277287656703431214977231616064025106082
1950,False,Toyota Highlander,Toyota,"115,000 miles",18998,Highlander LE,2016 Toyota,carmax,115000,18998,Highlander,LE,2016,2016-toyota-highlander-le,277287656703431214977231616064025106082
1951,False,Toyota Highlander,Toyota,"118,000 miles",17998,Highlander LE,2016 Toyota,carmax,118000,17998,Highlander,LE,2016,2016-toyota-highlander-le,277287656703431214977231616064025106082
1952,False,Toyota Highlander,Toyota,"70,000 miles",20998,Highlander LE,2016 Toyota,carmax,70000,20998,Highlander,LE,2016,2016-toyota-highlander-le,277287656703431214977231616064025106082
1953,False,Toyota Highlander,Toyota,"59,000 miles",22998,Highlander LE,2016 Toyota,carmax,59000,22998,Highlander,LE,2016,2016-toyota-highlander-le,277287656703431214977231616064025106082
1954,False,Toyota Highlander,Toyota,"100,000 miles",19998,Highlander LE,2016 Toyota,carmax,100000,19998,Highlander,LE,2016,2016-toyota-highlander-le,277287656703431214977231616064025106082
1955,False,Toyota Highlander,Toyota,"115,000 miles",16998,Highlander LE,2016 Toyota,carmax,115000,16998,Highlander,LE,2016,2016-toyota-highlander-le,277287656703431214977231616064025106082
1956,False,Toyota Highlander,Toyota,"124,000 miles",20998,Highlander Limited,2016 Toyota,carmax,124000,20998,Highlander,Limited,2016,2016-toyota-highlander-limited,201531152838653077253257247491571384032
1957,False,Toyota Highlander,Toyota,"58,000 miles",26998,Highlander Limited,2016 Toyota,carmax,58000,26998,Highlander,Limited,2016,2016-toyota-highlander-limited,201531152838653077253257247491571384032
1958,False,Toyota Highlander,Toyota,"86,000 miles",23998,Highlander Limited,2016 Toyota,carmax,86000,23998,Highlander,Limited,2016,2016-toyota-highlander-limited,201531152838653077253257247491571384032
1959,False,Toyota Highlander,Toyota,"108,000 miles",21998,Highlander Limited,2016 Toyota,carmax,108000,21998,Highlander,Limited,2016,2016-toyota-highlander-limited,201531152838653077253257247491571384032
1960,False,Toyota Highlander,Toyota,"82,000 miles",24998,Highlander Limited,2016 Toyota,carmax,82000,24998,Highlander,Limited,2016,2016-toyota-highlander-limited,201531152838653077253257247491571384032
1961,False,Toyota Highlander,Toyota,"68,000 miles",25998,Highlander Limited,2016 Toyota,carmax,68000,25998,Highlander,Limited,2016,2016-toyota-highlander-limited,201531152838653077253257247491571384032
1962,False,Toyota Highlander,Toyota,"106,000 miles",21998,Highlander Limited,2016 Toyota,carmax,106000,21998,Highlander,Limited,2016,2016-toyota-highlander-limited,201531152838653077253257247491571384032
1963,False,Toyota Highlander,Toyota,"117,000 miles",21998,Highlander Limited Platinum,2016 Toyota,carmax,117000,21998,Highlander,Limited Platinum,2016,2016-toyota-highlander-limited platinum,320265597918333898754472697381564295762
1964,False,Toyota Highlander,Toyota,"126,000 miles",21998,Highlander Limited Platinum,2016 Toyota,carmax,126000,21998,Highlander,Limited Platinum,2016,2016-toyota-highlander-limited platinum,320265597918333898754472697381564295762
1965,False,Toyota Highlander,Toyota,"76,000 miles",24998,Highlander Limited Platinum,2016 Toyota,carmax,76000,24998,Highlander,Limited Platinum,2016,2016-toyota-highlander-limited platinum,320265597918333898754472697381564295762
1966,False,Toyota Highlander,Toyota,"64,000 miles",25998,Highlander Limited Platinum,2016 Toyota,carmax,64000,25998,Highlander,Limited Platinum,2016,2016-toyota-highlander-limited platinum,320265597918333898754472697381564295762
1967,False,Toyota Highlander,Toyota,"98,000 miles",23998,Highlander Limited Platinum,2016 Toyota,carmax,98000,23998,Highlander,Limited Platinum,2016,2016-toyota-highlander-limited platinum,320265597918333898754472697381564295762
1968,False,Toyota Highlander,Toyota,"61,000 miles",25998,Highlander XLE,2016 Toyota,carmax,61000,25998,Highlander,XLE,2016,2016-toyota-highlander-xle,242847348130357092905590395487516981874
1969,False,Toyota Highlander,Toyota,"119,000 miles",19998,Highlander XLE,2016 Toyota,carmax,119000,19998,Highlander,XLE,2016,2016-toyota-highlander-xle,242847348130357092905590395487516981874
1970,False,Toyota Highlander,Toyota,"80,000 miles",23998,Highlander XLE,2016 Toyota,carmax,80000,23998,Highlander,XLE,2016,2016-toyota-highlander-xle,242847348130357092905590395487516981874
1971,False,Toyota Highlander,Toyota,"93,000 miles",21998,Highlander XLE,2016 Toyota,carmax,93000,21998,Highlander,XLE,2016,2016-toyota-highlander-xle,242847348130357092905590395487516981874
1972,False,Toyota Highlander,Toyota,"116,000 miles",19998,Highlander XLE,2016 Toyota,carmax,116000,19998,Highlander,XLE,2016,2016-toyota-highlander-xle,242847348130357092905590395487516981874
1973,False,Toyota Highlander,Toyota,"57,000 miles",25998,Highlander XLE,2016 Toyota,carmax,57000,25998,Highlander,XLE,2016,2016-toyota-highlander-xle,242847348130357092905590395487516981874
1974,False,Toyota Highlander,Toyota,"77,000 miles",22998,Highlander XLE,2016 Toyota,carmax,77000,22998,Highlander,XLE,2016,2016-toyota-highlander-xle,242847348130357092905590395487516981874
1975,False,Toyota Highlander,Toyota,"103,000 miles",20998,Highlander XLE,2016 Toyota,carmax,103000,20998,Highlander,XLE,2016,2016-toyota-highlander-xle,242847348130357092905590395487516981874
1976,False,Toyota Highlander,Toyota,"85,000 miles",21998,Highlander XLE,2016 Toyota,carmax,85000,21998,Highlander,XLE,2016,2016-toyota-highlander-xle,242847348130357092905590395487516981874
1977,False,Toyota Highlander,Toyota,"85,000 miles",22998,Highlander XLE,2016 Toyota,carmax,85000,22998,Highlander,XLE,2016,2016-toyota-highlander-xle,242847348130357092905590395487516981874
1978,False,Toyota Highlander,Toyota,"91,000 miles",20998,Highlander XLE,2016 Toyota,carmax,91000,20998,Highlander,XLE,2016,2016-toyota-highlander-xle,242847348130357092905590395487516981874
1979,False,Toyota Highlander,Toyota,"45,000 miles",27998,Highlander XLE,2016 Toyota,carmax,45000,27998,Highlander,XLE,2016,2016-toyota-highlander-xle,242847348130357092905590395487516981874
1980,False,Toyota Highlander,Toyota,"78,000 miles",24998,Highlander XLE,2016 Toyota,carmax,78000,24998,Highlander,XLE,2016,2016-toyota-highlander-xle,242847348130357092905590395487516981874
1981,False,Toyota Highlander,Toyota,"62,000 miles",25998,Highlander XLE,2016 Toyota,carmax,62000,25998,Highlander,XLE,2016,2016-toyota-highlander-xle,242847348130357092905590395487516981874
1982,False,Toyota Highlander,Toyota,"87,000 miles",24998,Highlander XLE,2016 Toyota,carmax,87000,24998,Highlander,XLE,2016,2016-toyota-highlander-xle,242847348130357092905590395487516981874
1983,False,Toyota Highlander,Toyota,"70,000 miles",23998,Highlander XLE,2016 Toyota,carmax,70000,23998,Highlander,XLE,2016,2016-toyota-highlander-xle,242847348130357092905590395487516981874
1984,False,Toyota Highlander,Toyota,"85,000 miles",23998,Highlander XLE,2016 Toyota,carmax,85000,23998,Highlander,XLE,2016,2016-toyota-highlander-xle,242847348130357092905590395487516981874
1985,False,Toyota Highlander,Toyota,"110,000 miles",18998,Highlander XLE,2016 Toyota,carmax,110000,18998,Highlander,XLE,2016,2016-toyota-highlander-xle,242847348130357092905590395487516981874
1986,False,Toyota Highlander,Toyota,"86,000 miles",22998,Highlander XLE,2016 Toyota,carmax,86000,22998,Highlander,XLE,2016,2016-toyota-highlander-xle,242847348130357092905590395487516981874
1987,False,Toyota Highlander,Toyota,"75,000 miles",23998,Highlander XLE,2016 Toyota,carmax,75000,23998,Highlander,XLE,2016,2016-toyota-highlander-xle,242847348130357092905590395487516981874
1988,False,Toyota Highlander,Toyota,"38,000 miles",28998,Highlander XLE,2016 Toyota,carmax,38000,28998,Highlander,XLE,2016,2016-toyota-highlander-xle,242847348130357092905590395487516981874
1989,False,Toyota Highlander,Toyota,"112,000 miles",19998,Highlander XLE,2016 Toyota,carmax,112000,19998,Highlander,XLE,2016,2016-toyota-highlander-xle,242847348130357092905590395487516981874
1990,False,Toyota Highlander,Toyota,"101,000 miles",19998,Highlander XLE,2016 Toyota,carmax,101000,19998,Highlander,XLE,2016,2016-toyota-highlander-xle,242847348130357092905590395487516981874
1991,False,Toyota Highlander,Toyota,"71,000 miles",23998,Highlander XLE,2016 Toyota,carmax,71000,23998,Highlander,XLE,2016,2016-toyota-highlander-xle,242847348130357092905590395487516981874
1992,False,Toyota Highlander,Toyota,"108,000 miles",19998,Highlander XLE,2016 Toyota,carmax,108000,19998,Highlander,XLE,2016,2016-toyota-highlander-xle,242847348130357092905590395487516981874
1993,False,Toyota Highlander,Toyota,"47,000 miles",25998,Highlander XLE,2016 Toyota,carmax,47000,25998,Highlander,XLE,2016,2016-toyota-highlander-xle,242847348130357092905590395487516981874
1994,False,Toyota Highlander,Toyota,"126,000 miles",19998,Highlander XLE,2016 Toyota,carmax,126000,19998,Highlander,XLE,2016,2016-toyota-highlander-xle,242847348130357092905590395487516981874
1995,False,Toyota Highlander,Toyota,"105,000 miles",19998,Highlander XLE,2016 Toyota,carmax,105000,19998,Highlander,XLE,2016,2016-toyota-highlander-xle,242847348130357092905590395487516981874
1996,False,Toyota Highlander,Toyota,"92,000 miles",22998,Highlander XLE,2016 Toyota,carmax,92000,22998,Highlander,XLE,2016,2016-toyota-highlander-xle,242847348130357092905590395487516981874
1997,False,Toyota Highlander,Toyota,"68,000 miles",25998,Highlander XLE,2016 Toyota,carmax,68000,25998,Highlander,XLE,2016,2016-toyota-highlander-xle,242847348130357092905590395487516981874
1998,False,Toyota Land Cruiser,Toyota,"67,000 miles",53998,Land Cruiser,2016 Toyota,carmax,67000,53998,Land Cruiser,-,2016,2016-toyota-land cruiser--,263085560662013364409819442075840391542
1999,False,Toyota Land Cruiser,Toyota,"72,000 miles",53998,Land Cruiser,2016 Toyota,carmax,72000,53998,Land Cruiser,-,2016,2016-toyota-land cruiser--,263085560662013364409819442075840391542
2000,False,Toyota Sequoia,Toyota,"103,000 miles",29998,Sequoia Limited,2016 Toyota,carmax,103000,29998,Sequoia,Limited,2016,2016-toyota-sequoia-limited,122972821304458368890017569158590604502
2001,False,Toyota Sequoia,Toyota,"62,000 miles",35998,Sequoia Limited,2016 Toyota,carmax,62000,35998,Sequoia,Limited,2016,2016-toyota-sequoia-limited,122972821304458368890017569158590604502
2002,False,Toyota Sequoia,Toyota,"91,000 miles",33998,Sequoia Limited,2016 Toyota,carmax,91000,33998,Sequoia,Limited,2016,2016-toyota-sequoia-limited,122972821304458368890017569158590604502
2003,False,Toyota Sequoia,Toyota,"73,000 miles",37998,Sequoia Platinum,2016 Toyota,carmax,73000,37998,Sequoia,Platinum,2016,2016-toyota-sequoia-platinum,82628215498132280547910131854558262865
2004,False,Toyota Sequoia,Toyota,"103,000 miles",34998,Sequoia Platinum,2016 Toyota,carmax,103000,34998,Sequoia,Platinum,2016,2016-toyota-sequoia-platinum,82628215498132280547910131854558262865
2005,False,Toyota Sequoia,Toyota,"56,000 miles",40998,Sequoia Platinum,2016 Toyota,carmax,56000,40998,Sequoia,Platinum,2016,2016-toyota-sequoia-platinum,82628215498132280547910131854558262865
2006,False,Toyota Sequoia,Toyota,"69,000 miles",37998,Sequoia Platinum,2016 Toyota,carmax,69000,37998,Sequoia,Platinum,2016,2016-toyota-sequoia-platinum,82628215498132280547910131854558262865
2007,False,Toyota Sequoia,Toyota,"58,000 miles",43998,Sequoia Platinum,2016 Toyota,carmax,58000,43998,Sequoia,Platinum,2016,2016-toyota-sequoia-platinum,82628215498132280547910131854558262865
2008,False,Toyota Sequoia,Toyota,"121,000 miles",26998,Sequoia SR5,2016 Toyota,carmax,121000,26998,Sequoia,SR5,2016,2016-toyota-sequoia-sr5,305950147293954267154301668129627325344
2009,True,Cadillac Escalade,Cadillac,"51,000 miles",41998,Escalade ESV Premium Luxury,2017 Cadillac,carmax,51000,41998,Escalade,Premium Luxury,2017,2017-cadillac-escalade-premium luxury,306271879991461507339768114452599078485
2010,True,Cadillac Escalade,Cadillac,"41,000 miles",38998,Escalade Luxury,2017 Cadillac,carmax,41000,38998,Escalade,Luxury,2017,2017-cadillac-escalade-luxury,236572748755492788966403444746451145500
2011,True,Cadillac Escalade,Cadillac,"59,000 miles",40998,Escalade Platinum,2017 Cadillac,carmax,59000,40998,Escalade,Platinum,2017,2017-cadillac-escalade-platinum,51557201037882009093664199341374535579
2012,True,Cadillac Escalade,Cadillac,"49,000 miles",38998,Escalade Premium Luxury,2017 Cadillac,carmax,49000,38998,Escalade,Premium Luxury,2017,2017-cadillac-escalade-premium luxury,306271879991461507339768114452599078485
2013,True,Cadillac Escalade,Cadillac,"7,000 miles",50998,Escalade Premium Luxury,2017 Cadillac,carmax,7000,50998,Escalade,Premium Luxury,2017,2017-cadillac-escalade-premium luxury,306271879991461507339768114452599078485
2014,True,Cadillac Escalade,Cadillac,"30,000 miles",43998,Escalade Premium Luxury,2017 Cadillac,carmax,30000,43998,Escalade,Premium Luxury,2017,2017-cadillac-escalade-premium luxury,306271879991461507339768114452599078485
2015,True,Chevrolet Suburban 1500,Chevrolet,"72,000 miles",27998,Suburban 1500 LS,2017 Chevrolet,carmax,72000,27998,Suburban 1500,LS,2017,2017-chevrolet-suburban 1500-ls,34618706184542991067078048399298856420
2016,True,Chevrolet Suburban 1500,Chevrolet,"47,000 miles",38998,Suburban 1500 LT,2017 Chevrolet,carmax,47000,38998,Suburban 1500,LT,2017,2017-chevrolet-suburban 1500-lt,75794294458478510388688930161796700061
2017,True,Chevrolet Suburban 1500,Chevrolet,"68,000 miles",41998,Suburban 1500 Premier,2017 Chevrolet,carmax,68000,41998,Suburban 1500,Premier,2017,2017-chevrolet-suburban 1500-premier,222277908219710455212465901877838713128
2018,True,Chevrolet Suburban 1500,Chevrolet,"68,000 miles",38998,Suburban 1500 Premier,2017 Chevrolet,carmax,68000,38998,Suburban 1500,Premier,2017,2017-chevrolet-suburban 1500-premier,222277908219710455212465901877838713128
2019,True,Chevrolet Tahoe,Chevrolet,"105,000 miles",24998,Tahoe LS,2017 Chevrolet,carmax,105000,24998,Tahoe,LS,2017,2017-chevrolet-tahoe-ls,51172761801465857244144777232795070761
2020,True,Chevrolet Tahoe,Chevrolet,"103,000 miles",23998,Tahoe LS,2017 Chevrolet,carmax,103000,23998,Tahoe,LS,2017,2017-chevrolet-tahoe-ls,51172761801465857244144777232795070761
2021,True,Chevrolet Tahoe,Chevrolet,"55,000 miles",27998,Tahoe LS,2017 Chevrolet,carmax,55000,27998,Tahoe,LS,2017,2017-chevrolet-tahoe-ls,51172761801465857244144777232795070761
2022,True,Chevrolet Tahoe,Chevrolet,"103,000 miles",24998,Tahoe LS,2017 Chevrolet,carmax,103000,24998,Tahoe,LS,2017,2017-chevrolet-tahoe-ls,51172761801465857244144777232795070761
2023,True,Chevrolet Tahoe,Chevrolet,"93,000 miles",24998,Tahoe LS,2017 Chevrolet,carmax,93000,24998,Tahoe,LS,2017,2017-chevrolet-tahoe-ls,51172761801465857244144777232795070761
2024,True,Chevrolet Tahoe,Chevrolet,"37,000 miles",35998,Tahoe LT,2017 Chevrolet,carmax,37000,35998,Tahoe,LT,2017,2017-chevrolet-tahoe-lt,3924375086552537624547375631927486152
2025,True,Chevrolet Tahoe,Chevrolet,"68,000 miles",32998,Tahoe LT,2017 Chevrolet,carmax,68000,32998,Tahoe,LT,2017,2017-chevrolet-tahoe-lt,3924375086552537624547375631927486152
2026,True,Chevrolet Tahoe,Chevrolet,"56,000 miles",32998,Tahoe LT,2017 Chevrolet,carmax,56000,32998,Tahoe,LT,2017,2017-chevrolet-tahoe-lt,3924375086552537624547375631927486152
2027,True,Chevrolet Tahoe,Chevrolet,"94,000 miles",28998,Tahoe LT,2017 Chevrolet,carmax,94000,28998,Tahoe,LT,2017,2017-chevrolet-tahoe-lt,3924375086552537624547375631927486152
2028,True,Chevrolet Tahoe,Chevrolet,"81,000 miles",33998,Tahoe LT,2017 Chevrolet,carmax,81000,33998,Tahoe,LT,2017,2017-chevrolet-tahoe-lt,3924375086552537624547375631927486152
2029,True,Chevrolet Tahoe,Chevrolet,"107,000 miles",29998,Tahoe LT,2017 Chevrolet,carmax,107000,29998,Tahoe,LT,2017,2017-chevrolet-tahoe-lt,3924375086552537624547375631927486152
2030,True,Chevrolet Tahoe,Chevrolet,"107,000 miles",23998,Tahoe LT,2017 Chevrolet,carmax,107000,23998,Tahoe,LT,2017,2017-chevrolet-tahoe-lt,3924375086552537624547375631927486152
2031,True,Chevrolet Tahoe,Chevrolet,"36,000 miles",38998,Tahoe LT,2017 Chevrolet,carmax,36000,38998,Tahoe,LT,2017,2017-chevrolet-tahoe-lt,3924375086552537624547375631927486152
2032,True,Chevrolet Tahoe,Chevrolet,"100,000 miles",27998,Tahoe LT,2017 Chevrolet,carmax,100000,27998,Tahoe,LT,2017,2017-chevrolet-tahoe-lt,3924375086552537624547375631927486152
2033,True,Chevrolet Tahoe,Chevrolet,"61,000 miles",33998,Tahoe LT,2017 Chevrolet,carmax,61000,33998,Tahoe,LT,2017,2017-chevrolet-tahoe-lt,3924375086552537624547375631927486152
2034,True,Chevrolet Tahoe,Chevrolet,"94,000 miles",26998,Tahoe LT,2017 Chevrolet,carmax,94000,26998,Tahoe,LT,2017,2017-chevrolet-tahoe-lt,3924375086552537624547375631927486152
2035,True,Chevrolet Tahoe,Chevrolet,"75,000 miles",30998,Tahoe LT,2017 Chevrolet,carmax,75000,30998,Tahoe,LT,2017,2017-chevrolet-tahoe-lt,3924375086552537624547375631927486152
2036,True,Chevrolet Tahoe,Chevrolet,"89,000 miles",28998,Tahoe LT,2017 Chevrolet,carmax,89000,28998,Tahoe,LT,2017,2017-chevrolet-tahoe-lt,3924375086552537624547375631927486152
2037,True,Chevrolet Tahoe,Chevrolet,"61,000 miles",33998,Tahoe LT,2017 Chevrolet,carmax,61000,33998,Tahoe,LT,2017,2017-chevrolet-tahoe-lt,3924375086552537624547375631927486152
2038,True,Chevrolet Tahoe,Chevrolet,"82,000 miles",30998,Tahoe LT,2017 Chevrolet,carmax,82000,30998,Tahoe,LT,2017,2017-chevrolet-tahoe-lt,3924375086552537624547375631927486152
2039,True,Chevrolet Tahoe,Chevrolet,"92,000 miles",29998,Tahoe LT,2017 Chevrolet,carmax,92000,29998,Tahoe,LT,2017,2017-chevrolet-tahoe-lt,3924375086552537624547375631927486152
2040,True,Chevrolet Tahoe,Chevrolet,"84,000 miles",33998,Tahoe Premier,2017 Chevrolet,carmax,84000,33998,Tahoe,Premier,2017,2017-chevrolet-tahoe-premier,219476983182754322047219046871584289549
2041,True,Chevrolet Tahoe,Chevrolet,"108,000 miles",29998,Tahoe Premier,2017 Chevrolet,carmax,108000,29998,Tahoe,Premier,2017,2017-chevrolet-tahoe-premier,219476983182754322047219046871584289549
2042,True,Chevrolet Tahoe,Chevrolet,"65,000 miles",33998,Tahoe Premier,2017 Chevrolet,carmax,65000,33998,Tahoe,Premier,2017,2017-chevrolet-tahoe-premier,219476983182754322047219046871584289549
2043,True,Chevrolet Tahoe,Chevrolet,"108,000 miles",25998,Tahoe Premier,2017 Chevrolet,carmax,108000,25998,Tahoe,Premier,2017,2017-chevrolet-tahoe-premier,219476983182754322047219046871584289549
2044,True,Chevrolet Tahoe,Chevrolet,"80,000 miles",30998,Tahoe Premier,2017 Chevrolet,carmax,80000,30998,Tahoe,Premier,2017,2017-chevrolet-tahoe-premier,219476983182754322047219046871584289549
2045,True,GMC Yukon,GMC,"73,000 miles",36998,Yukon Denali,2017 GMC,carmax,73000,36998,Yukon,Denali,2017,2017-gmc-yukon-denali,196194898109416575337778448078108250933
2046,True,GMC Yukon,GMC,"77,000 miles",37998,Yukon Denali,2017 GMC,carmax,77000,37998,Yukon,Denali,2017,2017-gmc-yukon-denali,196194898109416575337778448078108250933
2047,True,GMC Yukon,GMC,"43,000 miles",38998,Yukon Denali,2017 GMC,carmax,43000,38998,Yukon,Denali,2017,2017-gmc-yukon-denali,196194898109416575337778448078108250933
2048,True,GMC Yukon,GMC,"52,000 miles",37998,Yukon Denali,2017 GMC,carmax,52000,37998,Yukon,Denali,2017,2017-gmc-yukon-denali,196194898109416575337778448078108250933
2049,True,GMC Yukon,GMC,"78,000 miles",33998,Yukon Denali,2017 GMC,carmax,78000,33998,Yukon,Denali,2017,2017-gmc-yukon-denali,196194898109416575337778448078108250933
2050,True,GMC Yukon,GMC,"56,000 miles",37998,Yukon Denali,2017 GMC,carmax,56000,37998,Yukon,Denali,2017,2017-gmc-yukon-denali,196194898109416575337778448078108250933
2051,True,GMC Yukon,GMC,"52,000 miles",33998,Yukon SLT,2017 GMC,carmax,52000,33998,Yukon,SLT,2017,2017-gmc-yukon-slt,142408105771119756546366161827241069013
2052,True,GMC Yukon,GMC,"67,000 miles",35998,Yukon SLT,2017 GMC,carmax,67000,35998,Yukon,SLT,2017,2017-gmc-yukon-slt,142408105771119756546366161827241069013
2053,True,GMC Yukon,GMC,"41,000 miles",37998,Yukon SLT,2017 GMC,carmax,41000,37998,Yukon,SLT,2017,2017-gmc-yukon-slt,142408105771119756546366161827241069013
2054,True,GMC Yukon,GMC,"33,000 miles",33998,Yukon SLT,2017 GMC,carmax,33000,33998,Yukon,SLT,2017,2017-gmc-yukon-slt,142408105771119756546366161827241069013
2055,True,GMC Yukon XL 1500,GMC,"60,000 miles",39998,Yukon XL 1500 Denali,2017 GMC,carmax,60000,39998,Yukon XL 1500,Denali,2017,2017-gmc-yukon xl 1500-denali,88956728135001125453385969551047482423
2056,True,GMC Yukon XL 1500,GMC,"54,000 miles",32998,Yukon XL 1500 SLT,2017 GMC,carmax,54000,32998,Yukon XL 1500,SLT,2017,2017-gmc-yukon xl 1500-slt,38650546843673623168797296013449628816
2057,False,Lexus LS 460,Lexus,"52,000 miles",34998,LS 460,2017 Lexus,carmax,52000,34998,LS 460,-,2017,2017-lexus-ls 460--,247192022733110102020951494773157380550
2058,False,Lexus LS 460,Lexus,"69,000 miles",31998,LS 460,2017 Lexus,carmax,69000,31998,LS 460,-,2017,2017-lexus-ls 460--,247192022733110102020951494773157380550
2059,False,Lexus LS 460,Lexus,"18,000 miles",39998,LS 460,2017 Lexus,carmax,18000,39998,LS 460,-,2017,2017-lexus-ls 460--,247192022733110102020951494773157380550
2060,False,Lexus LS 460,Lexus,"85,000 miles",28998,LS 460,2017 Lexus,carmax,85000,28998,LS 460,-,2017,2017-lexus-ls 460--,247192022733110102020951494773157380550
2061,False,Lexus LX 570,Lexus,"85,000 miles",46998,LX 570,2017 Lexus,carmax,85000,46998,LX 570,-,2017,2017-lexus-lx 570--,47342794411639925273884216704931223975
2062,False,Lexus LX 570,Lexus,"31,000 miles",66998,LX 570,2017 Lexus,carmax,31000,66998,LX 570,-,2017,2017-lexus-lx 570--,47342794411639925273884216704931223975
2063,False,Lexus LX 570,Lexus,"52,000 miles",56998,LX 570,2017 Lexus,carmax,52000,56998,LX 570,-,2017,2017-lexus-lx 570--,47342794411639925273884216704931223975
2064,False,Lexus RC F,Lexus,"71,000 miles",41998,RC F,2017 Lexus,carmax,71000,41998,RC F,-,2017,2017-lexus-rc f--,309842032874759321020059849619581371800
2065,False,Toyota 4Runner,Toyota,"87,000 miles",31998,4Runner Limited,2017 Toyota,carmax,87000,31998,4Runner,Limited,2017,2017-toyota-4runner-limited,279257785145057725342200091827828302471
2066,False,Toyota 4Runner,Toyota,"41,000 miles",35998,4Runner Limited,2017 Toyota,carmax,41000,35998,4Runner,Limited,2017,2017-toyota-4runner-limited,279257785145057725342200091827828302471
2067,False,Toyota 4Runner,Toyota,"111,000 miles",26998,4Runner Limited,2017 Toyota,carmax,111000,26998,4Runner,Limited,2017,2017-toyota-4runner-limited,279257785145057725342200091827828302471
2068,False,Toyota 4Runner,Toyota,"102,000 miles",26998,4Runner Limited,2017 Toyota,carmax,102000,26998,4Runner,Limited,2017,2017-toyota-4runner-limited,279257785145057725342200091827828302471
2069,False,Toyota 4Runner,Toyota,"80,000 miles",30998,4Runner Limited,2017 Toyota,carmax,80000,30998,4Runner,Limited,2017,2017-toyota-4runner-limited,279257785145057725342200091827828302471
2070,False,Toyota 4Runner,Toyota,"56,000 miles",31998,4Runner Limited,2017 Toyota,carmax,56000,31998,4Runner,Limited,2017,2017-toyota-4runner-limited,279257785145057725342200091827828302471
2071,False,Toyota 4Runner,Toyota,"107,000 miles",26998,4Runner Limited,2017 Toyota,carmax,107000,26998,4Runner,Limited,2017,2017-toyota-4runner-limited,279257785145057725342200091827828302471
2072,False,Toyota 4Runner,Toyota,"115,000 miles",28998,4Runner Limited,2017 Toyota,carmax,115000,28998,4Runner,Limited,2017,2017-toyota-4runner-limited,279257785145057725342200091827828302471
2073,False,Toyota 4Runner,Toyota,"116,000 miles",26998,4Runner Limited,2017 Toyota,carmax,116000,26998,4Runner,Limited,2017,2017-toyota-4runner-limited,279257785145057725342200091827828302471
2074,False,Toyota 4Runner,Toyota,"124,000 miles",27998,4Runner Limited,2017 Toyota,carmax,124000,27998,4Runner,Limited,2017,2017-toyota-4runner-limited,279257785145057725342200091827828302471
2075,False,Toyota 4Runner,Toyota,"68,000 miles",33998,4Runner Limited,2017 Toyota,carmax,68000,33998,4Runner,Limited,2017,2017-toyota-4runner-limited,279257785145057725342200091827828302471
2076,False,Toyota 4Runner,Toyota,"81,000 miles",32998,4Runner Limited,2017 Toyota,carmax,81000,32998,4Runner,Limited,2017,2017-toyota-4runner-limited,279257785145057725342200091827828302471
2077,False,Toyota 4Runner,Toyota,"60,000 miles",31998,4Runner Limited,2017 Toyota,carmax,60000,31998,4Runner,Limited,2017,2017-toyota-4runner-limited,279257785145057725342200091827828302471
2078,False,Toyota 4Runner,Toyota,"126,000 miles",27998,4Runner Limited,2017 Toyota,carmax,126000,27998,4Runner,Limited,2017,2017-toyota-4runner-limited,279257785145057725342200091827828302471
2079,False,Toyota 4Runner,Toyota,"100,000 miles",29998,4Runner Limited,2017 Toyota,carmax,100000,29998,4Runner,Limited,2017,2017-toyota-4runner-limited,279257785145057725342200091827828302471
2080,False,Toyota 4Runner,Toyota,"21,000 miles",36998,4Runner SR5,2017 Toyota,carmax,21000,36998,4Runner,SR5,2017,2017-toyota-4runner-sr5,19628224000804589158933290427194051056
2081,False,Toyota 4Runner,Toyota,"91,000 miles",27998,4Runner SR5,2017 Toyota,carmax,91000,27998,4Runner,SR5,2017,2017-toyota-4runner-sr5,19628224000804589158933290427194051056
2082,False,Toyota 4Runner,Toyota,"106,000 miles",27998,4Runner SR5,2017 Toyota,carmax,106000,27998,4Runner,SR5,2017,2017-toyota-4runner-sr5,19628224000804589158933290427194051056
2083,False,Toyota 4Runner,Toyota,"123,000 miles",26998,4Runner SR5,2017 Toyota,carmax,123000,26998,4Runner,SR5,2017,2017-toyota-4runner-sr5,19628224000804589158933290427194051056
2084,False,Toyota 4Runner,Toyota,"108,000 miles",28998,4Runner SR5,2017 Toyota,carmax,108000,28998,4Runner,SR5,2017,2017-toyota-4runner-sr5,19628224000804589158933290427194051056
2085,False,Toyota 4Runner,Toyota,"118,000 miles",25998,4Runner SR5,2017 Toyota,carmax,118000,25998,4Runner,SR5,2017,2017-toyota-4runner-sr5,19628224000804589158933290427194051056
2086,False,Toyota 4Runner,Toyota,"110,000 miles",24998,4Runner SR5,2017 Toyota,carmax,110000,24998,4Runner,SR5,2017,2017-toyota-4runner-sr5,19628224000804589158933290427194051056
2087,False,Toyota 4Runner,Toyota,"93,000 miles",27998,4Runner SR5,2017 Toyota,carmax,93000,27998,4Runner,SR5,2017,2017-toyota-4runner-sr5,19628224000804589158933290427194051056
2088,False,Toyota 4Runner,Toyota,"70,000 miles",30998,4Runner SR5,2017 Toyota,carmax,70000,30998,4Runner,SR5,2017,2017-toyota-4runner-sr5,19628224000804589158933290427194051056
2089,False,Toyota 4Runner,Toyota,"105,000 miles",29998,4Runner SR5 Premium,2017 Toyota,carmax,105000,29998,4Runner,SR5 Premium,2017,2017-toyota-4runner-sr5 premium,330197561250853322299737338638340626550
2090,False,Toyota 4Runner,Toyota,"108,000 miles",27998,4Runner SR5 Premium,2017 Toyota,carmax,108000,27998,4Runner,SR5 Premium,2017,2017-toyota-4runner-sr5 premium,330197561250853322299737338638340626550
2091,False,Toyota 4Runner,Toyota,"105,000 miles",28998,4Runner SR5 Premium,2017 Toyota,carmax,105000,28998,4Runner,SR5 Premium,2017,2017-toyota-4runner-sr5 premium,330197561250853322299737338638340626550
2092,False,Toyota 4Runner,Toyota,"128,000 miles",26998,4Runner SR5 Premium,2017 Toyota,carmax,128000,26998,4Runner,SR5 Premium,2017,2017-toyota-4runner-sr5 premium,330197561250853322299737338638340626550
2093,False,Toyota 4Runner,Toyota,"77,000 miles",28998,4Runner SR5 Premium,2017 Toyota,carmax,77000,28998,4Runner,SR5 Premium,2017,2017-toyota-4runner-sr5 premium,330197561250853322299737338638340626550
2094,False,Toyota 4Runner,Toyota,"35,000 miles",35998,4Runner SR5 Premium,2017 Toyota,carmax,35000,35998,4Runner,SR5 Premium,2017,2017-toyota-4runner-sr5 premium,330197561250853322299737338638340626550
2095,False,Toyota 4Runner,Toyota,"94,000 miles",30998,4Runner SR5 Premium,2017 Toyota,carmax,94000,30998,4Runner,SR5 Premium,2017,2017-toyota-4runner-sr5 premium,330197561250853322299737338638340626550
2096,False,Toyota 4Runner,Toyota,"112,000 miles",30998,4Runner SR5 Premium,2017 Toyota,carmax,112000,30998,4Runner,SR5 Premium,2017,2017-toyota-4runner-sr5 premium,330197561250853322299737338638340626550
2097,False,Toyota 4Runner,Toyota,"34,000 miles",36998,4Runner TRD Off Road,2017 Toyota,carmax,34000,36998,4Runner,TRD Off Road,2017,2017-toyota-4runner-trd off road,330055959658807655879682472264237620453
2098,False,Toyota 4Runner,Toyota,"80,000 miles",35998,4Runner TRD Off Road Premium,2017 Toyota,carmax,80000,35998,4Runner,TRD Off Road Premium,2017,2017-toyota-4runner-trd off road premium,332674174395562153507109378564872990268
2099,False,Toyota 4Runner,Toyota,"48,000 miles",38998,4Runner TRD Off Road Premium,2017 Toyota,carmax,48000,38998,4Runner,TRD Off Road Premium,2017,2017-toyota-4runner-trd off road premium,332674174395562153507109378564872990268
2100,False,Toyota 4Runner,Toyota,"53,000 miles",40998,4Runner TRD Off Road Premium,2017 Toyota,carmax,53000,40998,4Runner,TRD Off Road Premium,2017,2017-toyota-4runner-trd off road premium,332674174395562153507109378564872990268
2101,False,Toyota 4Runner,Toyota,"102,000 miles",29998,4Runner TRD Off Road Premium,2017 Toyota,carmax,102000,29998,4Runner,TRD Off Road Premium,2017,2017-toyota-4runner-trd off road premium,332674174395562153507109378564872990268
2102,False,Toyota Highlander,Toyota,"28,000 miles",34998,Highlander Hybrid Limited Platinum,2017 Toyota,carmax,28000,34998,Highlander,Hybrid Limited Platinum,2017,2017-toyota-highlander-hybrid limited platinum,35071900266243415347685538465825588695
2103,False,Toyota Highlander,Toyota,"119,000 miles",23998,Highlander Hybrid Limited Platinum,2017 Toyota,carmax,119000,23998,Highlander,Hybrid Limited Platinum,2017,2017-toyota-highlander-hybrid limited platinum,35071900266243415347685538465825588695
2104,False,Toyota Highlander,Toyota,"66,000 miles",30998,Highlander Hybrid Limited Platinum,2017 Toyota,carmax,66000,30998,Highlander,Hybrid Limited Platinum,2017,2017-toyota-highlander-hybrid limited platinum,35071900266243415347685538465825588695
2105,False,Toyota Highlander,Toyota,"123,000 miles",24998,Highlander Hybrid Limited Platinum,2017 Toyota,carmax,123000,24998,Highlander,Hybrid Limited Platinum,2017,2017-toyota-highlander-hybrid limited platinum,35071900266243415347685538465825588695
2106,False,Toyota Highlander,Toyota,"57,000 miles",29998,Highlander Hybrid XLE,2017 Toyota,carmax,57000,29998,Highlander,Hybrid XLE,2017,2017-toyota-highlander-hybrid xle,254343575915375025282717139395422212386
2107,False,Toyota Highlander,Toyota,"106,000 miles",19998,Highlander LE,2017 Toyota,carmax,106000,19998,Highlander,LE,2017,2017-toyota-highlander-le,253186346014966712248112539192231501892
2108,False,Toyota Highlander,Toyota,"66,000 miles",21998,Highlander LE,2017 Toyota,carmax,66000,21998,Highlander,LE,2017,2017-toyota-highlander-le,253186346014966712248112539192231501892
2109,False,Toyota Highlander,Toyota,"55,000 miles",24998,Highlander LE,2017 Toyota,carmax,55000,24998,Highlander,LE,2017,2017-toyota-highlander-le,253186346014966712248112539192231501892
2110,False,Toyota Highlander,Toyota,"129,000 miles",18998,Highlander LE,2017 Toyota,carmax,129000,18998,Highlander,LE,2017,2017-toyota-highlander-le,253186346014966712248112539192231501892
2111,False,Toyota Highlander,Toyota,"95,000 miles",21998,Highlander LE Plus,2017 Toyota,carmax,95000,21998,Highlander,LE Plus,2017,2017-toyota-highlander-le plus,315004979487588016615805735723625007626
2112,False,Toyota Highlander,Toyota,"101,000 miles",19998,Highlander LE Plus,2017 Toyota,carmax,101000,19998,Highlander,LE Plus,2017,2017-toyota-highlander-le plus,315004979487588016615805735723625007626
2113,False,Toyota Highlander,Toyota,"79,000 miles",22998,Highlander LE Plus,2017 Toyota,carmax,79000,22998,Highlander,LE Plus,2017,2017-toyota-highlander-le plus,315004979487588016615805735723625007626
2114,False,Toyota Highlander,Toyota,"83,000 miles",21998,Highlander LE Plus,2017 Toyota,carmax,83000,21998,Highlander,LE Plus,2017,2017-toyota-highlander-le plus,315004979487588016615805735723625007626
2115,False,Toyota Highlander,Toyota,"93,000 miles",25998,Highlander Limited,2017 Toyota,carmax,93000,25998,Highlander,Limited,2017,2017-toyota-highlander-limited,253053307942219432532107515390469073441
2116,False,Toyota Highlander,Toyota,"67,000 miles",26998,Highlander Limited,2017 Toyota,carmax,67000,26998,Highlander,Limited,2017,2017-toyota-highlander-limited,253053307942219432532107515390469073441
2117,False,Toyota Highlander,Toyota,"101,000 miles",23998,Highlander Limited,2017 Toyota,carmax,101000,23998,Highlander,Limited,2017,2017-toyota-highlander-limited,253053307942219432532107515390469073441
2118,False,Toyota Highlander,Toyota,"87,000 miles",26998,Highlander Limited,2017 Toyota,carmax,87000,26998,Highlander,Limited,2017,2017-toyota-highlander-limited,253053307942219432532107515390469073441
2119,False,Toyota Highlander,Toyota,"37,000 miles",29998,Highlander Limited,2017 Toyota,carmax,37000,29998,Highlander,Limited,2017,2017-toyota-highlander-limited,253053307942219432532107515390469073441
2120,False,Toyota Highlander,Toyota,"25,000 miles",31998,Highlander Limited,2017 Toyota,carmax,25000,31998,Highlander,Limited,2017,2017-toyota-highlander-limited,253053307942219432532107515390469073441
2121,False,Toyota Highlander,Toyota,"79,000 miles",26998,Highlander Limited,2017 Toyota,carmax,79000,26998,Highlander,Limited,2017,2017-toyota-highlander-limited,253053307942219432532107515390469073441
2122,False,Toyota Highlander,Toyota,"93,000 miles",23998,Highlander Limited,2017 Toyota,carmax,93000,23998,Highlander,Limited,2017,2017-toyota-highlander-limited,253053307942219432532107515390469073441
2123,False,Toyota Highlander,Toyota,"43,000 miles",31998,Highlander Limited,2017 Toyota,carmax,43000,31998,Highlander,Limited,2017,2017-toyota-highlander-limited,253053307942219432532107515390469073441
2124,False,Toyota Highlander,Toyota,"126,000 miles",21998,Highlander Limited,2017 Toyota,carmax,126000,21998,Highlander,Limited,2017,2017-toyota-highlander-limited,253053307942219432532107515390469073441
2125,False,Toyota Highlander,Toyota,"101,000 miles",25998,Highlander Limited,2017 Toyota,carmax,101000,25998,Highlander,Limited,2017,2017-toyota-highlander-limited,253053307942219432532107515390469073441
2126,False,Toyota Highlander,Toyota,"53,000 miles",26998,Highlander Limited,2017 Toyota,carmax,53000,26998,Highlander,Limited,2017,2017-toyota-highlander-limited,253053307942219432532107515390469073441
2127,False,Toyota Highlander,Toyota,"128,000 miles",21998,Highlander Limited,2017 Toyota,carmax,128000,21998,Highlander,Limited,2017,2017-toyota-highlander-limited,253053307942219432532107515390469073441
2128,False,Toyota Highlander,Toyota,"116,000 miles",20998,Highlander Limited,2017 Toyota,carmax,116000,20998,Highlander,Limited,2017,2017-toyota-highlander-limited,253053307942219432532107515390469073441
2129,False,Toyota Highlander,Toyota,"105,000 miles",25998,Highlander Limited Platinum,2017 Toyota,carmax,105000,25998,Highlander,Limited Platinum,2017,2017-toyota-highlander-limited platinum,225337135497502268448408301888104590916
2130,False,Toyota Highlander,Toyota,"90,000 miles",24998,Highlander Limited Platinum,2017 Toyota,carmax,90000,24998,Highlander,Limited Platinum,2017,2017-toyota-highlander-limited platinum,225337135497502268448408301888104590916
2131,False,Toyota Highlander,Toyota,"105,000 miles",22998,Highlander Limited Platinum,2017 Toyota,carmax,105000,22998,Highlander,Limited Platinum,2017,2017-toyota-highlander-limited platinum,225337135497502268448408301888104590916
2132,False,Toyota Highlander,Toyota,"51,000 miles",29998,Highlander Limited Platinum,2017 Toyota,carmax,51000,29998,Highlander,Limited Platinum,2017,2017-toyota-highlander-limited platinum,225337135497502268448408301888104590916
2133,False,Toyota Highlander,Toyota,"65,000 miles",26998,Highlander SE,2017 Toyota,carmax,65000,26998,Highlander,SE,2017,2017-toyota-highlander-se,87253042462324067869786334277076136313
2134,False,Toyota Highlander,Toyota,"94,000 miles",24998,Highlander XLE,2017 Toyota,carmax,94000,24998,Highlander,XLE,2017,2017-toyota-highlander-xle,12669518274919573407709759145417981605
2135,False,Toyota Highlander,Toyota,"41,000 miles",28998,Highlander XLE,2017 Toyota,carmax,41000,28998,Highlander,XLE,2017,2017-toyota-highlander-xle,12669518274919573407709759145417981605
2136,False,Toyota Highlander,Toyota,"98,000 miles",22998,Highlander XLE,2017 Toyota,carmax,98000,22998,Highlander,XLE,2017,2017-toyota-highlander-xle,12669518274919573407709759145417981605
2137,False,Toyota Highlander,Toyota,"93,000 miles",23998,Highlander XLE,2017 Toyota,carmax,93000,23998,Highlander,XLE,2017,2017-toyota-highlander-xle,12669518274919573407709759145417981605
2138,False,Toyota Highlander,Toyota,"115,000 miles",20998,Highlander XLE,2017 Toyota,carmax,115000,20998,Highlander,XLE,2017,2017-toyota-highlander-xle,12669518274919573407709759145417981605
2139,False,Toyota Highlander,Toyota,"78,000 miles",26998,Highlander XLE,2017 Toyota,carmax,78000,26998,Highlander,XLE,2017,2017-toyota-highlander-xle,12669518274919573407709759145417981605
2140,False,Toyota Highlander,Toyota,"41,000 miles",29998,Highlander XLE,2017 Toyota,carmax,41000,29998,Highlander,XLE,2017,2017-toyota-highlander-xle,12669518274919573407709759145417981605
2141,False,Toyota Highlander,Toyota,"85,000 miles",24998,Highlander XLE,2017 Toyota,carmax,85000,24998,Highlander,XLE,2017,2017-toyota-highlander-xle,12669518274919573407709759145417981605
2142,False,Toyota Highlander,Toyota,"70,000 miles",26998,Highlander XLE,2017 Toyota,carmax,70000,26998,Highlander,XLE,2017,2017-toyota-highlander-xle,12669518274919573407709759145417981605
2143,False,Toyota Highlander,Toyota,"46,000 miles",27998,Highlander XLE,2017 Toyota,carmax,46000,27998,Highlander,XLE,2017,2017-toyota-highlander-xle,12669518274919573407709759145417981605
2144,False,Toyota Highlander,Toyota,"92,000 miles",24998,Highlander XLE,2017 Toyota,carmax,92000,24998,Highlander,XLE,2017,2017-toyota-highlander-xle,12669518274919573407709759145417981605
2145,False,Toyota Highlander,Toyota,"36,000 miles",29998,Highlander XLE,2017 Toyota,carmax,36000,29998,Highlander,XLE,2017,2017-toyota-highlander-xle,12669518274919573407709759145417981605
2146,False,Toyota Highlander,Toyota,"116,000 miles",20998,Highlander XLE,2017 Toyota,carmax,116000,20998,Highlander,XLE,2017,2017-toyota-highlander-xle,12669518274919573407709759145417981605
2147,False,Toyota Highlander,Toyota,"125,000 miles",19998,Highlander XLE,2017 Toyota,carmax,125000,19998,Highlander,XLE,2017,2017-toyota-highlander-xle,12669518274919573407709759145417981605
2148,False,Toyota Highlander,Toyota,"91,000 miles",21998,Highlander XLE,2017 Toyota,carmax,91000,21998,Highlander,XLE,2017,2017-toyota-highlander-xle,12669518274919573407709759145417981605
2149,False,Toyota Highlander,Toyota,"52,000 miles",28998,Highlander XLE,2017 Toyota,carmax,52000,28998,Highlander,XLE,2017,2017-toyota-highlander-xle,12669518274919573407709759145417981605
2150,False,Toyota Highlander,Toyota,"114,000 miles",19998,Highlander XLE,2017 Toyota,carmax,114000,19998,Highlander,XLE,2017,2017-toyota-highlander-xle,12669518274919573407709759145417981605
2151,False,Toyota Highlander,Toyota,"52,000 miles",25998,Highlander XLE,2017 Toyota,carmax,52000,25998,Highlander,XLE,2017,2017-toyota-highlander-xle,12669518274919573407709759145417981605
2152,False,Toyota Highlander,Toyota,"119,000 miles",21998,Highlander XLE,2017 Toyota,carmax,119000,21998,Highlander,XLE,2017,2017-toyota-highlander-xle,12669518274919573407709759145417981605
2153,False,Toyota Highlander,Toyota,"119,000 miles",21998,Highlander XLE,2017 Toyota,carmax,119000,21998,Highlander,XLE,2017,2017-toyota-highlander-xle,12669518274919573407709759145417981605
2154,False,Toyota Highlander,Toyota,"79,000 miles",24998,Highlander XLE,2017 Toyota,carmax,79000,24998,Highlander,XLE,2017,2017-toyota-highlander-xle,12669518274919573407709759145417981605
2155,False,Toyota Sequoia,Toyota,"68,000 miles",42998,Sequoia Platinum,2017 Toyota,carmax,68000,42998,Sequoia,Platinum,2017,2017-toyota-sequoia-platinum,171449174156571892608524740983864043860
2156,False,Toyota Sequoia,Toyota,"68,000 miles",35998,Sequoia SR5,2017 Toyota,carmax,68000,35998,Sequoia,SR5,2017,2017-toyota-sequoia-sr5,85823833077267099679093499109874543108
2157,False,Toyota Sequoia,Toyota,"45,000 miles",46998,Sequoia SR5,2017 Toyota,carmax,45000,46998,Sequoia,SR5,2017,2017-toyota-sequoia-sr5,85823833077267099679093499109874543108
2158,True,Cadillac Escalade,Cadillac,"46,000 miles",43998,Escalade ESV Platinum,2018 Cadillac,carmax,46000,43998,Escalade,Platinum,2018,2018-cadillac-escalade-platinum,293824034918010223791482000415757781395
2159,True,Cadillac Escalade,Cadillac,"47,000 miles",46998,Escalade ESV Platinum,2018 Cadillac,carmax,47000,46998,Escalade,Platinum,2018,2018-cadillac-escalade-platinum,293824034918010223791482000415757781395
2160,True,Cadillac Escalade,Cadillac,"61,000 miles",38998,Escalade Luxury,2018 Cadillac,carmax,61000,38998,Escalade,Luxury,2018,2018-cadillac-escalade-luxury,182312897384196440700733923530439328900
2161,True,Cadillac Escalade,Cadillac,"48,000 miles",44998,Escalade Platinum,2018 Cadillac,carmax,48000,44998,Escalade,Platinum,2018,2018-cadillac-escalade-platinum,293824034918010223791482000415757781395
2162,True,Cadillac Escalade,Cadillac,"50,000 miles",40998,Escalade Premium Luxury,2018 Cadillac,carmax,50000,40998,Escalade,Premium Luxury,2018,2018-cadillac-escalade-premium luxury,270182000168616243961038263111861047357
2163,True,Cadillac Escalade,Cadillac,"29,000 miles",49998,Escalade Premium Luxury,2018 Cadillac,carmax,29000,49998,Escalade,Premium Luxury,2018,2018-cadillac-escalade-premium luxury,270182000168616243961038263111861047357
2164,True,Chevrolet Suburban 1500,Chevrolet,"30,000 miles",36998,Suburban 1500 LS,2018 Chevrolet,carmax,30000,36998,Suburban 1500,LS,2018,2018-chevrolet-suburban 1500-ls,63922114804900194418159746343372859735
2165,True,Chevrolet Suburban 1500,Chevrolet,"59,000 miles",36998,Suburban 1500 LT,2018 Chevrolet,carmax,59000,36998,Suburban 1500,LT,2018,2018-chevrolet-suburban 1500-lt,179603933810746141712460827832142621563
2166,True,Chevrolet Suburban 1500,Chevrolet,"65,000 miles",36998,Suburban 1500 LT,2018 Chevrolet,carmax,65000,36998,Suburban 1500,LT,2018,2018-chevrolet-suburban 1500-lt,179603933810746141712460827832142621563
2167,True,Chevrolet Suburban 1500,Chevrolet,"62,000 miles",35998,Suburban 1500 LT,2018 Chevrolet,carmax,62000,35998,Suburban 1500,LT,2018,2018-chevrolet-suburban 1500-lt,179603933810746141712460827832142621563
2168,True,Chevrolet Suburban 1500,Chevrolet,"73,000 miles",41998,Suburban 1500 Premier,2018 Chevrolet,carmax,73000,41998,Suburban 1500,Premier,2018,2018-chevrolet-suburban 1500-premier,122507232959195932358913039162364524677
2169,True,Chevrolet Tahoe,Chevrolet,"76,000 miles",28998,Tahoe LS,2018 Chevrolet,carmax,76000,28998,Tahoe,LS,2018,2018-chevrolet-tahoe-ls,8914458744864429836828660572208243802
2170,True,Chevrolet Tahoe,Chevrolet,"100,000 miles",25998,Tahoe LT,2018 Chevrolet,carmax,100000,25998,Tahoe,LT,2018,2018-chevrolet-tahoe-lt,138142192718369712481745741442641928548
2171,True,Chevrolet Tahoe,Chevrolet,"14,000 miles",45998,Tahoe LT,2018 Chevrolet,carmax,14000,45998,Tahoe,LT,2018,2018-chevrolet-tahoe-lt,138142192718369712481745741442641928548
2172,True,Chevrolet Tahoe,Chevrolet,"25,000 miles",38998,Tahoe LT,2018 Chevrolet,carmax,25000,38998,Tahoe,LT,2018,2018-chevrolet-tahoe-lt,138142192718369712481745741442641928548
2173,True,Chevrolet Tahoe,Chevrolet,"107,000 miles",23998,Tahoe LT,2018 Chevrolet,carmax,107000,23998,Tahoe,LT,2018,2018-chevrolet-tahoe-lt,138142192718369712481745741442641928548
2174,True,Chevrolet Tahoe,Chevrolet,"57,000 miles",33998,Tahoe LT,2018 Chevrolet,carmax,57000,33998,Tahoe,LT,2018,2018-chevrolet-tahoe-lt,138142192718369712481745741442641928548
2175,True,Chevrolet Tahoe,Chevrolet,"108,000 miles",24998,Tahoe LT,2018 Chevrolet,carmax,108000,24998,Tahoe,LT,2018,2018-chevrolet-tahoe-lt,138142192718369712481745741442641928548
2176,True,Chevrolet Tahoe,Chevrolet,"70,000 miles",34998,Tahoe LT,2018 Chevrolet,carmax,70000,34998,Tahoe,LT,2018,2018-chevrolet-tahoe-lt,138142192718369712481745741442641928548
2177,True,Chevrolet Tahoe,Chevrolet,"72,000 miles",32998,Tahoe LT,2018 Chevrolet,carmax,72000,32998,Tahoe,LT,2018,2018-chevrolet-tahoe-lt,138142192718369712481745741442641928548
2178,True,Chevrolet Tahoe,Chevrolet,"92,000 miles",31998,Tahoe LT,2018 Chevrolet,carmax,92000,31998,Tahoe,LT,2018,2018-chevrolet-tahoe-lt,138142192718369712481745741442641928548
2179,True,Chevrolet Tahoe,Chevrolet,"84,000 miles",30998,Tahoe LT,2018 Chevrolet,carmax,84000,30998,Tahoe,LT,2018,2018-chevrolet-tahoe-lt,138142192718369712481745741442641928548
2180,True,Chevrolet Tahoe,Chevrolet,"76,000 miles",30998,Tahoe LT,2018 Chevrolet,carmax,76000,30998,Tahoe,LT,2018,2018-chevrolet-tahoe-lt,138142192718369712481745741442641928548
2181,True,Chevrolet Tahoe,Chevrolet,"85,000 miles",36998,Tahoe Premier,2018 Chevrolet,carmax,85000,36998,Tahoe,Premier,2018,2018-chevrolet-tahoe-premier,253159085026068822256266548101990443213
2182,True,Chevrolet Tahoe,Chevrolet,"62,000 miles",39998,Tahoe Premier,2018 Chevrolet,carmax,62000,39998,Tahoe,Premier,2018,2018-chevrolet-tahoe-premier,253159085026068822256266548101990443213
2183,True,Chevrolet Tahoe,Chevrolet,"67,000 miles",34998,Tahoe Premier,2018 Chevrolet,carmax,67000,34998,Tahoe,Premier,2018,2018-chevrolet-tahoe-premier,253159085026068822256266548101990443213
2184,True,Chevrolet Tahoe,Chevrolet,"70,000 miles",37998,Tahoe Premier,2018 Chevrolet,carmax,70000,37998,Tahoe,Premier,2018,2018-chevrolet-tahoe-premier,253159085026068822256266548101990443213
2185,True,GMC Yukon,GMC,"79,000 miles",37998,Yukon Denali,2018 GMC,carmax,79000,37998,Yukon,Denali,2018,2018-gmc-yukon-denali,291911936031587734171497390475819350408
2186,True,GMC Yukon,GMC,"68,000 miles",35998,Yukon Denali,2018 GMC,carmax,68000,35998,Yukon,Denali,2018,2018-gmc-yukon-denali,291911936031587734171497390475819350408
2187,True,GMC Yukon,GMC,"64,000 miles",36998,Yukon Denali,2018 GMC,carmax,64000,36998,Yukon,Denali,2018,2018-gmc-yukon-denali,291911936031587734171497390475819350408
2188,True,GMC Yukon,GMC,"84,000 miles",35998,Yukon Denali,2018 GMC,carmax,84000,35998,Yukon,Denali,2018,2018-gmc-yukon-denali,291911936031587734171497390475819350408
2189,True,GMC Yukon,GMC,"40,000 miles",41998,Yukon Denali,2018 GMC,carmax,40000,41998,Yukon,Denali,2018,2018-gmc-yukon-denali,291911936031587734171497390475819350408
2190,True,GMC Yukon,GMC,"66,000 miles",39998,Yukon Denali,2018 GMC,carmax,66000,39998,Yukon,Denali,2018,2018-gmc-yukon-denali,291911936031587734171497390475819350408
2191,True,GMC Yukon,GMC,"83,000 miles",26998,Yukon SLE,2018 GMC,carmax,83000,26998,Yukon,SLE,2018,2018-gmc-yukon-sle,243440061321478216182271440172740336005
2192,True,GMC Yukon,GMC,"84,000 miles",25998,Yukon SLE,2018 GMC,carmax,84000,25998,Yukon,SLE,2018,2018-gmc-yukon-sle,243440061321478216182271440172740336005
2193,True,GMC Yukon,GMC,"61,000 miles",35998,Yukon SLT,2018 GMC,carmax,61000,35998,Yukon,SLT,2018,2018-gmc-yukon-slt,60013019999734211533038578702839762391
2194,True,GMC Yukon,GMC,"30,000 miles",39998,Yukon SLT,2018 GMC,carmax,30000,39998,Yukon,SLT,2018,2018-gmc-yukon-slt,60013019999734211533038578702839762391
2195,True,GMC Yukon XL 1500,GMC,"47,000 miles",42998,Yukon XL 1500 Denali,2018 GMC,carmax,47000,42998,Yukon XL 1500,Denali,2018,2018-gmc-yukon xl 1500-denali,228258259771357515576976579579418502772
2196,True,GMC Yukon XL 1500,GMC,"71,000 miles",38998,Yukon XL 1500 Denali,2018 GMC,carmax,71000,38998,Yukon XL 1500,Denali,2018,2018-gmc-yukon xl 1500-denali,228258259771357515576976579579418502772
2197,True,GMC Yukon XL 1500,GMC,"64,000 miles",38998,Yukon XL 1500 Denali,2018 GMC,carmax,64000,38998,Yukon XL 1500,Denali,2018,2018-gmc-yukon xl 1500-denali,228258259771357515576976579579418502772
2198,True,GMC Yukon XL 1500,GMC,"71,000 miles",39998,Yukon XL 1500 Denali,2018 GMC,carmax,71000,39998,Yukon XL 1500,Denali,2018,2018-gmc-yukon xl 1500-denali,228258259771357515576976579579418502772
2199,True,GMC Yukon XL 1500,GMC,"48,000 miles",45998,Yukon XL 1500 Denali,2018 GMC,carmax,48000,45998,Yukon XL 1500,Denali,2018,2018-gmc-yukon xl 1500-denali,228258259771357515576976579579418502772
2200,False,Lexus LC 500,Lexus,"62,000 miles",59998,LC 500,2018 Lexus,carmax,62000,59998,LC 500,-,2018,2018-lexus-lc 500--,134371633426286395054492467784312257493
2201,False,Lexus LC 500,Lexus,"42,000 miles",60998,LC 500,2018 Lexus,carmax,42000,60998,LC 500,-,2018,2018-lexus-lc 500--,134371633426286395054492467784312257493
2202,False,Lexus LC 500,Lexus,"46,000 miles",59998,LC 500,2018 Lexus,carmax,46000,59998,LC 500,-,2018,2018-lexus-lc 500--,134371633426286395054492467784312257493
2203,False,Lexus LS 500,Lexus,"33,000 miles",41998,LS 500,2018 Lexus,carmax,33000,41998,LS 500,-,2018,2018-lexus-ls 500--,223696598015233948721872303584580747360
2204,False,Lexus LS 500,Lexus,"29,000 miles",44998,LS 500,2018 Lexus,carmax,29000,44998,LS 500,-,2018,2018-lexus-ls 500--,223696598015233948721872303584580747360
2205,False,Lexus LS 500,Lexus,"74,000 miles",34998,LS 500,2018 Lexus,carmax,74000,34998,LS 500,-,2018,2018-lexus-ls 500--,223696598015233948721872303584580747360
2206,False,Lexus LS 500,Lexus,"91,000 miles",34998,LS 500,2018 Lexus,carmax,91000,34998,LS 500,-,2018,2018-lexus-ls 500--,223696598015233948721872303584580747360
2207,False,Lexus LS 500,Lexus,"61,000 miles",37998,LS 500,2018 Lexus,carmax,61000,37998,LS 500,-,2018,2018-lexus-ls 500--,223696598015233948721872303584580747360
2208,False,Lexus LS 500,Lexus,"38,000 miles",39998,LS 500,2018 Lexus,carmax,38000,39998,LS 500,-,2018,2018-lexus-ls 500--,223696598015233948721872303584580747360
2209,False,Lexus LS 500,Lexus,"51,000 miles",44998,LS 500,2018 Lexus,carmax,51000,44998,LS 500,-,2018,2018-lexus-ls 500--,223696598015233948721872303584580747360
2210,False,Lexus LX 570,Lexus,"63,000 miles",58998,LX 570,2018 Lexus,carmax,63000,58998,LX 570,-,2018,2018-lexus-lx 570--,67681244363379576299434258900570930199
2211,False,Lexus LX 570,Lexus,"107,000 miles",45998,LX 570,2018 Lexus,carmax,107000,45998,LX 570,-,2018,2018-lexus-lx 570--,67681244363379576299434258900570930199
2212,False,Lexus LX 570,Lexus,"84,000 miles",50998,LX 570,2018 Lexus,carmax,84000,50998,LX 570,-,2018,2018-lexus-lx 570--,67681244363379576299434258900570930199
2213,False,Lexus LX 570,Lexus,"24,000 miles",65998,LX 570,2018 Lexus,carmax,24000,65998,LX 570,-,2018,2018-lexus-lx 570--,67681244363379576299434258900570930199
2214,False,Lexus LX 570,Lexus,"46,000 miles",63998,LX 570,2018 Lexus,carmax,46000,63998,LX 570,-,2018,2018-lexus-lx 570--,67681244363379576299434258900570930199
2215,False,Lexus LX 570,Lexus,"51,000 miles",53998,LX 570,2018 Lexus,carmax,51000,53998,LX 570,-,2018,2018-lexus-lx 570--,67681244363379576299434258900570930199
2216,False,Toyota 4Runner,Toyota,"126,000 miles",27998,4Runner Limited,2018 Toyota,carmax,126000,27998,4Runner,Limited,2018,2018-toyota-4runner-limited,252134394509527656473918210749204783967
2217,False,Toyota 4Runner,Toyota,"125,000 miles",27998,4Runner Limited,2018 Toyota,carmax,125000,27998,4Runner,Limited,2018,2018-toyota-4runner-limited,252134394509527656473918210749204783967
2218,False,Toyota 4Runner,Toyota,"103,000 miles",30998,4Runner Limited,2018 Toyota,carmax,103000,30998,4Runner,Limited,2018,2018-toyota-4runner-limited,252134394509527656473918210749204783967
2219,False,Toyota 4Runner,Toyota,"32,000 miles",36998,4Runner Limited,2018 Toyota,carmax,32000,36998,4Runner,Limited,2018,2018-toyota-4runner-limited,252134394509527656473918210749204783967
2220,False,Toyota 4Runner,Toyota,"123,000 miles",29998,4Runner Limited,2018 Toyota,carmax,123000,29998,4Runner,Limited,2018,2018-toyota-4runner-limited,252134394509527656473918210749204783967
2221,False,Toyota 4Runner,Toyota,"75,000 miles",31998,4Runner Limited,2018 Toyota,carmax,75000,31998,4Runner,Limited,2018,2018-toyota-4runner-limited,252134394509527656473918210749204783967
2222,False,Toyota 4Runner,Toyota,"87,000 miles",29998,4Runner Limited,2018 Toyota,carmax,87000,29998,4Runner,Limited,2018,2018-toyota-4runner-limited,252134394509527656473918210749204783967
2223,False,Toyota 4Runner,Toyota,"89,000 miles",28998,4Runner Limited,2018 Toyota,carmax,89000,28998,4Runner,Limited,2018,2018-toyota-4runner-limited,252134394509527656473918210749204783967
2224,False,Toyota 4Runner,Toyota,"68,000 miles",34998,4Runner Limited,2018 Toyota,carmax,68000,34998,4Runner,Limited,2018,2018-toyota-4runner-limited,252134394509527656473918210749204783967
2225,False,Toyota 4Runner,Toyota,"51,000 miles",30998,4Runner Limited,2018 Toyota,carmax,51000,30998,4Runner,Limited,2018,2018-toyota-4runner-limited,252134394509527656473918210749204783967
2226,False,Toyota 4Runner,Toyota,"111,000 miles",26998,4Runner SR5,2018 Toyota,carmax,111000,26998,4Runner,SR5,2018,2018-toyota-4runner-sr5,97992378247388216822610832823477883191
2227,False,Toyota 4Runner,Toyota,"84,000 miles",30998,4Runner SR5,2018 Toyota,carmax,84000,30998,4Runner,SR5,2018,2018-toyota-4runner-sr5,97992378247388216822610832823477883191
2228,False,Toyota 4Runner,Toyota,"105,000 miles",26998,4Runner SR5,2018 Toyota,carmax,105000,26998,4Runner,SR5,2018,2018-toyota-4runner-sr5,97992378247388216822610832823477883191
2229,False,Toyota 4Runner,Toyota,"64,000 miles",29998,4Runner SR5,2018 Toyota,carmax,64000,29998,4Runner,SR5,2018,2018-toyota-4runner-sr5,97992378247388216822610832823477883191
2230,False,Toyota 4Runner,Toyota,"117,000 miles",27998,4Runner SR5,2018 Toyota,carmax,117000,27998,4Runner,SR5,2018,2018-toyota-4runner-sr5,97992378247388216822610832823477883191
2231,False,Toyota 4Runner,Toyota,"92,000 miles",28998,4Runner SR5,2018 Toyota,carmax,92000,28998,4Runner,SR5,2018,2018-toyota-4runner-sr5,97992378247388216822610832823477883191
2232,False,Toyota 4Runner,Toyota,"57,000 miles",30998,4Runner SR5,2018 Toyota,carmax,57000,30998,4Runner,SR5,2018,2018-toyota-4runner-sr5,97992378247388216822610832823477883191
2233,False,Toyota 4Runner,Toyota,"83,000 miles",27998,4Runner SR5,2018 Toyota,carmax,83000,27998,4Runner,SR5,2018,2018-toyota-4runner-sr5,97992378247388216822610832823477883191
2234,False,Toyota 4Runner,Toyota,"96,000 miles",28998,4Runner SR5 Premium,2018 Toyota,carmax,96000,28998,4Runner,SR5 Premium,2018,2018-toyota-4runner-sr5 premium,288925710104524237000162577284822365239
2235,False,Toyota 4Runner,Toyota,"123,000 miles",27998,4Runner SR5 Premium,2018 Toyota,carmax,123000,27998,4Runner,SR5 Premium,2018,2018-toyota-4runner-sr5 premium,288925710104524237000162577284822365239
2236,False,Toyota 4Runner,Toyota,"115,000 miles",29998,4Runner SR5 Premium,2018 Toyota,carmax,115000,29998,4Runner,SR5 Premium,2018,2018-toyota-4runner-sr5 premium,288925710104524237000162577284822365239
2237,False,Toyota 4Runner,Toyota,"125,000 miles",26998,4Runner SR5 Premium,2018 Toyota,carmax,125000,26998,4Runner,SR5 Premium,2018,2018-toyota-4runner-sr5 premium,288925710104524237000162577284822365239
2238,False,Toyota 4Runner,Toyota,"54,000 miles",36998,4Runner SR5 Premium,2018 Toyota,carmax,54000,36998,4Runner,SR5 Premium,2018,2018-toyota-4runner-sr5 premium,288925710104524237000162577284822365239
2239,False,Toyota 4Runner,Toyota,"33,000 miles",35998,4Runner SR5 Premium,2018 Toyota,carmax,33000,35998,4Runner,SR5 Premium,2018,2018-toyota-4runner-sr5 premium,288925710104524237000162577284822365239
2240,False,Toyota 4Runner,Toyota,"92,000 miles",30998,4Runner SR5 Premium,2018 Toyota,carmax,92000,30998,4Runner,SR5 Premium,2018,2018-toyota-4runner-sr5 premium,288925710104524237000162577284822365239
2241,False,Toyota 4Runner,Toyota,"123,000 miles",27998,4Runner SR5 Premium,2018 Toyota,carmax,123000,27998,4Runner,SR5 Premium,2018,2018-toyota-4runner-sr5 premium,288925710104524237000162577284822365239
2242,False,Toyota 4Runner,Toyota,"102,000 miles",29998,4Runner SR5 Premium,2018 Toyota,carmax,102000,29998,4Runner,SR5 Premium,2018,2018-toyota-4runner-sr5 premium,288925710104524237000162577284822365239
2243,False,Toyota 4Runner,Toyota,"85,000 miles",35998,4Runner TRD Off Road Premium,2018 Toyota,carmax,85000,35998,4Runner,TRD Off Road Premium,2018,2018-toyota-4runner-trd off road premium,136147351114536622072659751902848347264
2244,False,Toyota 4Runner,Toyota,"72,000 miles",33998,4Runner TRD Off Road Premium,2018 Toyota,carmax,72000,33998,4Runner,TRD Off Road Premium,2018,2018-toyota-4runner-trd off road premium,136147351114536622072659751902848347264
2245,False,Toyota 4Runner,Toyota,"72,000 miles",33998,4Runner TRD Off Road Premium,2018 Toyota,carmax,72000,33998,4Runner,TRD Off Road Premium,2018,2018-toyota-4runner-trd off road premium,136147351114536622072659751902848347264
2246,False,Toyota 4Runner,Toyota,"116,000 miles",30998,4Runner TRD Off Road Premium,2018 Toyota,carmax,116000,30998,4Runner,TRD Off Road Premium,2018,2018-toyota-4runner-trd off road premium,136147351114536622072659751902848347264
2247,False,Toyota 4Runner,Toyota,"51,000 miles",41998,4Runner TRD Pro,2018 Toyota,carmax,51000,41998,4Runner,TRD Pro,2018,2018-toyota-4runner-trd pro,137308620636199177365043149453836227192
2248,False,Toyota 4Runner,Toyota,"96,000 miles",37998,4Runner TRD Pro,2018 Toyota,carmax,96000,37998,4Runner,TRD Pro,2018,2018-toyota-4runner-trd pro,137308620636199177365043149453836227192
2249,False,Toyota Highlander,Toyota,"102,000 miles",25998,Highlander Hybrid Limited,2018 Toyota,carmax,102000,25998,Highlander,Hybrid Limited,2018,2018-toyota-highlander-hybrid limited,69804038907487556782154061308371587495
2250,False,Toyota Highlander,Toyota,"82,000 miles",27998,Highlander Hybrid Limited,2018 Toyota,carmax,82000,27998,Highlander,Hybrid Limited,2018,2018-toyota-highlander-hybrid limited,69804038907487556782154061308371587495
2251,False,Toyota Highlander,Toyota,"68,000 miles",33998,Highlander Hybrid Limited Platinum,2018 Toyota,carmax,68000,33998,Highlander,Hybrid Limited Platinum,2018,2018-toyota-highlander-hybrid limited platinum,182032396750369893587151230107163298807
2252,False,Toyota Highlander,Toyota,"28,000 miles",37998,Highlander Hybrid Limited Platinum,2018 Toyota,carmax,28000,37998,Highlander,Hybrid Limited Platinum,2018,2018-toyota-highlander-hybrid limited platinum,182032396750369893587151230107163298807
2253,False,Toyota Highlander,Toyota,"75,000 miles",30998,Highlander Hybrid Limited Platinum,2018 Toyota,carmax,75000,30998,Highlander,Hybrid Limited Platinum,2018,2018-toyota-highlander-hybrid limited platinum,182032396750369893587151230107163298807
2254,False,Toyota Highlander,Toyota,"74,000 miles",30998,Highlander Hybrid XLE,2018 Toyota,carmax,74000,30998,Highlander,Hybrid XLE,2018,2018-toyota-highlander-hybrid xle,254074662159163732329644298945393956572
2255,False,Toyota Highlander,Toyota,"107,000 miles",24998,Highlander Hybrid XLE,2018 Toyota,carmax,107000,24998,Highlander,Hybrid XLE,2018,2018-toyota-highlander-hybrid xle,254074662159163732329644298945393956572
2256,False,Toyota Highlander,Toyota,"94,000 miles",26998,Highlander Hybrid XLE,2018 Toyota,carmax,94000,26998,Highlander,Hybrid XLE,2018,2018-toyota-highlander-hybrid xle,254074662159163732329644298945393956572
2257,False,Toyota Highlander,Toyota,"60,000 miles",24998,Highlander LE,2018 Toyota,carmax,60000,24998,Highlander,LE,2018,2018-toyota-highlander-le,260175102715600303515701608823120210374
2258,False,Toyota Highlander,Toyota,"126,000 miles",19998,Highlander LE,2018 Toyota,carmax,126000,19998,Highlander,LE,2018,2018-toyota-highlander-le,260175102715600303515701608823120210374
2259,False,Toyota Highlander,Toyota,"39,000 miles",25998,Highlander LE,2018 Toyota,carmax,39000,25998,Highlander,LE,2018,2018-toyota-highlander-le,260175102715600303515701608823120210374
2260,False,Toyota Highlander,Toyota,"73,000 miles",25998,Highlander LE,2018 Toyota,carmax,73000,25998,Highlander,LE,2018,2018-toyota-highlander-le,260175102715600303515701608823120210374
2261,False,Toyota Highlander,Toyota,"123,000 miles",17998,Highlander LE,2018 Toyota,carmax,123000,17998,Highlander,LE,2018,2018-toyota-highlander-le,260175102715600303515701608823120210374
2262,False,Toyota Highlander,Toyota,"105,000 miles",18998,Highlander LE,2018 Toyota,carmax,105000,18998,Highlander,LE,2018,2018-toyota-highlander-le,260175102715600303515701608823120210374
2263,False,Toyota Highlander,Toyota,"74,000 miles",22998,Highlander LE,2018 Toyota,carmax,74000,22998,Highlander,LE,2018,2018-toyota-highlander-le,260175102715600303515701608823120210374
2264,False,Toyota Highlander,Toyota,"45,000 miles",25998,Highlander LE,2018 Toyota,carmax,45000,25998,Highlander,LE,2018,2018-toyota-highlander-le,260175102715600303515701608823120210374
2265,False,Toyota Highlander,Toyota,"85,000 miles",22998,Highlander LE Plus,2018 Toyota,carmax,85000,22998,Highlander,LE Plus,2018,2018-toyota-highlander-le plus,247874768835903929686765734217059919557
2266,False,Toyota Highlander,Toyota,"24,000 miles",27998,Highlander LE Plus,2018 Toyota,carmax,24000,27998,Highlander,LE Plus,2018,2018-toyota-highlander-le plus,247874768835903929686765734217059919557
2267,False,Toyota Highlander,Toyota,"83,000 miles",25998,Highlander Limited,2018 Toyota,carmax,83000,25998,Highlander,Limited,2018,2018-toyota-highlander-limited,34952670232900034938997278484436402503
2268,False,Toyota Highlander,Toyota,"74,000 miles",25998,Highlander Limited,2018 Toyota,carmax,74000,25998,Highlander,Limited,2018,2018-toyota-highlander-limited,34952670232900034938997278484436402503
2269,False,Toyota Highlander,Toyota,"75,000 miles",25998,Highlander Limited,2018 Toyota,carmax,75000,25998,Highlander,Limited,2018,2018-toyota-highlander-limited,34952670232900034938997278484436402503
2270,False,Toyota Highlander,Toyota,"74,000 miles",25998,Highlander Limited,2018 Toyota,carmax,74000,25998,Highlander,Limited,2018,2018-toyota-highlander-limited,34952670232900034938997278484436402503
2271,False,Toyota Highlander,Toyota,"26,000 miles",32998,Highlander Limited,2018 Toyota,carmax,26000,32998,Highlander,Limited,2018,2018-toyota-highlander-limited,34952670232900034938997278484436402503
2272,False,Toyota Highlander,Toyota,"59,000 miles",27998,Highlander Limited,2018 Toyota,carmax,59000,27998,Highlander,Limited,2018,2018-toyota-highlander-limited,34952670232900034938997278484436402503
2273,False,Toyota Highlander,Toyota,"116,000 miles",22998,Highlander Limited,2018 Toyota,carmax,116000,22998,Highlander,Limited,2018,2018-toyota-highlander-limited,34952670232900034938997278484436402503
2274,False,Toyota Highlander,Toyota,"74,000 miles",25998,Highlander Limited,2018 Toyota,carmax,74000,25998,Highlander,Limited,2018,2018-toyota-highlander-limited,34952670232900034938997278484436402503
2275,False,Toyota Highlander,Toyota,"44,000 miles",30998,Highlander Limited,2018 Toyota,carmax,44000,30998,Highlander,Limited,2018,2018-toyota-highlander-limited,34952670232900034938997278484436402503
2276,False,Toyota Highlander,Toyota,"52,000 miles",29998,Highlander Limited,2018 Toyota,carmax,52000,29998,Highlander,Limited,2018,2018-toyota-highlander-limited,34952670232900034938997278484436402503
2277,False,Toyota Highlander,Toyota,"106,000 miles",23998,Highlander Limited,2018 Toyota,carmax,106000,23998,Highlander,Limited,2018,2018-toyota-highlander-limited,34952670232900034938997278484436402503
2278,False,Toyota Highlander,Toyota,"60,000 miles",28998,Highlander Limited,2018 Toyota,carmax,60000,28998,Highlander,Limited,2018,2018-toyota-highlander-limited,34952670232900034938997278484436402503
2279,False,Toyota Highlander,Toyota,"94,000 miles",26998,Highlander Limited Platinum,2018 Toyota,carmax,94000,26998,Highlander,Limited Platinum,2018,2018-toyota-highlander-limited platinum,64773048194027918376884165821496221436
2280,False,Toyota Highlander,Toyota,"101,000 miles",25998,Highlander Limited Platinum,2018 Toyota,carmax,101000,25998,Highlander,Limited Platinum,2018,2018-toyota-highlander-limited platinum,64773048194027918376884165821496221436
2281,False,Toyota Highlander,Toyota,"95,000 miles",25998,Highlander Limited Platinum,2018 Toyota,carmax,95000,25998,Highlander,Limited Platinum,2018,2018-toyota-highlander-limited platinum,64773048194027918376884165821496221436
2282,False,Toyota Highlander,Toyota,"50,000 miles",30998,Highlander Limited Platinum,2018 Toyota,carmax,50000,30998,Highlander,Limited Platinum,2018,2018-toyota-highlander-limited platinum,64773048194027918376884165821496221436
2283,False,Toyota Highlander,Toyota,"121,000 miles",23998,Highlander Limited Platinum,2018 Toyota,carmax,121000,23998,Highlander,Limited Platinum,2018,2018-toyota-highlander-limited platinum,64773048194027918376884165821496221436
2284,False,Toyota Highlander,Toyota,"51,000 miles",31998,Highlander Limited Platinum,2018 Toyota,carmax,51000,31998,Highlander,Limited Platinum,2018,2018-toyota-highlander-limited platinum,64773048194027918376884165821496221436
2285,False,Toyota Highlander,Toyota,"106,000 miles",26998,Highlander Limited Platinum,2018 Toyota,carmax,106000,26998,Highlander,Limited Platinum,2018,2018-toyota-highlander-limited platinum,64773048194027918376884165821496221436
2286,False,Toyota Highlander,Toyota,"26,000 miles",30998,Highlander SE,2018 Toyota,carmax,26000,30998,Highlander,SE,2018,2018-toyota-highlander-se,268849850965959069377023136971860793921
2287,False,Toyota Highlander,Toyota,"64,000 miles",25998,Highlander SE,2018 Toyota,carmax,64000,25998,Highlander,SE,2018,2018-toyota-highlander-se,268849850965959069377023136971860793921
2288,False,Toyota Highlander,Toyota,"21,000 miles",32998,Highlander SE,2018 Toyota,carmax,21000,32998,Highlander,SE,2018,2018-toyota-highlander-se,268849850965959069377023136971860793921
2289,False,Toyota Highlander,Toyota,"47,000 miles",27998,Highlander SE,2018 Toyota,carmax,47000,27998,Highlander,SE,2018,2018-toyota-highlander-se,268849850965959069377023136971860793921
2290,False,Toyota Highlander,Toyota,"91,000 miles",25998,Highlander XLE,2018 Toyota,carmax,91000,25998,Highlander,XLE,2018,2018-toyota-highlander-xle,258466460320870011325265116146557903966
2291,False,Toyota Highlander,Toyota,"88,000 miles",25998,Highlander XLE,2018 Toyota,carmax,88000,25998,Highlander,XLE,2018,2018-toyota-highlander-xle,258466460320870011325265116146557903966
2292,False,Toyota Highlander,Toyota,"104,000 miles",23998,Highlander XLE,2018 Toyota,carmax,104000,23998,Highlander,XLE,2018,2018-toyota-highlander-xle,258466460320870011325265116146557903966
2293,False,Toyota Highlander,Toyota,"46,000 miles",27998,Highlander XLE,2018 Toyota,carmax,46000,27998,Highlander,XLE,2018,2018-toyota-highlander-xle,258466460320870011325265116146557903966
2294,False,Toyota Highlander,Toyota,"81,000 miles",26998,Highlander XLE,2018 Toyota,carmax,81000,26998,Highlander,XLE,2018,2018-toyota-highlander-xle,258466460320870011325265116146557903966
2295,False,Toyota Highlander,Toyota,"67,000 miles",27998,Highlander XLE,2018 Toyota,carmax,67000,27998,Highlander,XLE,2018,2018-toyota-highlander-xle,258466460320870011325265116146557903966
2296,False,Toyota Highlander,Toyota,"85,000 miles",23998,Highlander XLE,2018 Toyota,carmax,85000,23998,Highlander,XLE,2018,2018-toyota-highlander-xle,258466460320870011325265116146557903966
2297,False,Toyota Highlander,Toyota,"66,000 miles",27998,Highlander XLE,2018 Toyota,carmax,66000,27998,Highlander,XLE,2018,2018-toyota-highlander-xle,258466460320870011325265116146557903966
2298,False,Toyota Highlander,Toyota,"87,000 miles",24998,Highlander XLE,2018 Toyota,carmax,87000,24998,Highlander,XLE,2018,2018-toyota-highlander-xle,258466460320870011325265116146557903966
2299,False,Toyota Highlander,Toyota,"81,000 miles",25998,Highlander XLE,2018 Toyota,carmax,81000,25998,Highlander,XLE,2018,2018-toyota-highlander-xle,258466460320870011325265116146557903966
2300,False,Toyota Highlander,Toyota,"114,000 miles",20998,Highlander XLE,2018 Toyota,carmax,114000,20998,Highlander,XLE,2018,2018-toyota-highlander-xle,258466460320870011325265116146557903966
2301,False,Toyota Highlander,Toyota,"41,000 miles",29998,Highlander XLE,2018 Toyota,carmax,41000,29998,Highlander,XLE,2018,2018-toyota-highlander-xle,258466460320870011325265116146557903966
2302,False,Toyota Highlander,Toyota,"34,000 miles",30998,Highlander XLE,2018 Toyota,carmax,34000,30998,Highlander,XLE,2018,2018-toyota-highlander-xle,258466460320870011325265116146557903966
2303,False,Toyota Highlander,Toyota,"82,000 miles",25998,Highlander XLE,2018 Toyota,carmax,82000,25998,Highlander,XLE,2018,2018-toyota-highlander-xle,258466460320870011325265116146557903966
2304,False,Toyota Highlander,Toyota,"74,000 miles",24998,Highlander XLE,2018 Toyota,carmax,74000,24998,Highlander,XLE,2018,2018-toyota-highlander-xle,258466460320870011325265116146557903966
2305,False,Toyota Highlander,Toyota,"65,000 miles",27998,Highlander XLE,2018 Toyota,carmax,65000,27998,Highlander,XLE,2018,2018-toyota-highlander-xle,258466460320870011325265116146557903966
2306,False,Toyota Highlander,Toyota,"52,000 miles",29998,Highlander XLE,2018 Toyota,carmax,52000,29998,Highlander,XLE,2018,2018-toyota-highlander-xle,258466460320870011325265116146557903966
2307,False,Toyota Highlander,Toyota,"49,000 miles",28998,Highlander XLE,2018 Toyota,carmax,49000,28998,Highlander,XLE,2018,2018-toyota-highlander-xle,258466460320870011325265116146557903966
2308,False,Toyota Highlander,Toyota,"61,000 miles",26998,Highlander XLE,2018 Toyota,carmax,61000,26998,Highlander,XLE,2018,2018-toyota-highlander-xle,258466460320870011325265116146557903966
2309,False,Toyota Highlander,Toyota,"73,000 miles",26998,Highlander XLE,2018 Toyota,carmax,73000,26998,Highlander,XLE,2018,2018-toyota-highlander-xle,258466460320870011325265116146557903966
2310,False,Toyota Highlander,Toyota,"69,000 miles",26998,Highlander XLE,2018 Toyota,carmax,69000,26998,Highlander,XLE,2018,2018-toyota-highlander-xle,258466460320870011325265116146557903966
2311,False,Toyota Highlander,Toyota,"99,000 miles",22998,Highlander XLE,2018 Toyota,carmax,99000,22998,Highlander,XLE,2018,2018-toyota-highlander-xle,258466460320870011325265116146557903966
2312,False,Toyota Land Cruiser,Toyota,"51,000 miles",63998,Land Cruiser,2018 Toyota,carmax,51000,63998,Land Cruiser,-,2018,2018-toyota-land cruiser--,75835031187548671215093017838458563584
2313,False,Toyota Sequoia,Toyota,"97,000 miles",29998,Sequoia SR5,2018 Toyota,carmax,97000,29998,Sequoia,SR5,2018,2018-toyota-sequoia-sr5,37478945859776263237336572705644877598
2314,False,Toyota Sequoia,Toyota,"51,000 miles",42998,Sequoia SR5,2018 Toyota,carmax,51000,42998,Sequoia,SR5,2018,2018-toyota-sequoia-sr5,37478945859776263237336572705644877598
2315,False,Toyota Sequoia,Toyota,"45,000 miles",42998,Sequoia SR5,2018 Toyota,carmax,45000,42998,Sequoia,SR5,2018,2018-toyota-sequoia-sr5,37478945859776263237336572705644877598
2316,True,Cadillac Escalade,Cadillac,"38,000 miles",39998,Escalade,2019 Cadillac,carmax,38000,39998,Escalade,-,2019,2019-cadillac-escalade--,262612424836929008306892239665331648972
2317,True,Cadillac Escalade,Cadillac,"51,000 miles",41998,Escalade ESV Luxury,2019 Cadillac,carmax,51000,41998,Escalade,Luxury,2019,2019-cadillac-escalade-luxury,33568528407433582561425563179264642996
2318,True,Cadillac Escalade,Cadillac,"55,000 miles",48998,Escalade ESV Platinum,2019 Cadillac,carmax,55000,48998,Escalade,Platinum,2019,2019-cadillac-escalade-platinum,166604427453840174043560194511343436008
2319,True,Cadillac Escalade,Cadillac,"53,000 miles",46998,Escalade ESV Platinum,2019 Cadillac,carmax,53000,46998,Escalade,Platinum,2019,2019-cadillac-escalade-platinum,166604427453840174043560194511343436008
2320,True,Cadillac Escalade,Cadillac,"48,000 miles",44998,Escalade ESV Premium Luxury,2019 Cadillac,carmax,48000,44998,Escalade,Premium Luxury,2019,2019-cadillac-escalade-premium luxury,81891062783368118069575580747927706376
2321,True,Cadillac Escalade,Cadillac,"52,000 miles",41998,Escalade ESV Premium Luxury,2019 Cadillac,carmax,52000,41998,Escalade,Premium Luxury,2019,2019-cadillac-escalade-premium luxury,81891062783368118069575580747927706376
2322,True,Cadillac Escalade,Cadillac,"58,000 miles",43998,Escalade ESV Premium Luxury,2019 Cadillac,carmax,58000,43998,Escalade,Premium Luxury,2019,2019-cadillac-escalade-premium luxury,81891062783368118069575580747927706376
2323,True,Cadillac Escalade,Cadillac,"54,000 miles",44998,Escalade Luxury,2019 Cadillac,carmax,54000,44998,Escalade,Luxury,2019,2019-cadillac-escalade-luxury,33568528407433582561425563179264642996
2324,True,Cadillac Escalade,Cadillac,"48,000 miles",42998,Escalade Luxury,2019 Cadillac,carmax,48000,42998,Escalade,Luxury,2019,2019-cadillac-escalade-luxury,33568528407433582561425563179264642996
2325,True,Cadillac Escalade,Cadillac,"50,000 miles",43998,Escalade Luxury,2019 Cadillac,carmax,50000,43998,Escalade,Luxury,2019,2019-cadillac-escalade-luxury,33568528407433582561425563179264642996
2326,True,Cadillac Escalade,Cadillac,"48,000 miles",42998,Escalade Luxury,2019 Cadillac,carmax,48000,42998,Escalade,Luxury,2019,2019-cadillac-escalade-luxury,33568528407433582561425563179264642996
2327,True,Cadillac Escalade,Cadillac,"56,000 miles",39998,Escalade Luxury,2019 Cadillac,carmax,56000,39998,Escalade,Luxury,2019,2019-cadillac-escalade-luxury,33568528407433582561425563179264642996
2328,True,Cadillac Escalade,Cadillac,"29,000 miles",46998,Escalade Luxury,2019 Cadillac,carmax,29000,46998,Escalade,Luxury,2019,2019-cadillac-escalade-luxury,33568528407433582561425563179264642996
2329,True,Cadillac Escalade,Cadillac,"55,000 miles",41998,Escalade Luxury,2019 Cadillac,carmax,55000,41998,Escalade,Luxury,2019,2019-cadillac-escalade-luxury,33568528407433582561425563179264642996
2330,True,Cadillac Escalade,Cadillac,"38,000 miles",52998,Escalade Platinum,2019 Cadillac,carmax,38000,52998,Escalade,Platinum,2019,2019-cadillac-escalade-platinum,166604427453840174043560194511343436008
2331,True,Cadillac Escalade,Cadillac,"53,000 miles",45998,Escalade Platinum,2019 Cadillac,carmax,53000,45998,Escalade,Platinum,2019,2019-cadillac-escalade-platinum,166604427453840174043560194511343436008
2332,True,Cadillac Escalade,Cadillac,"54,000 miles",44998,Escalade Platinum,2019 Cadillac,carmax,54000,44998,Escalade,Platinum,2019,2019-cadillac-escalade-platinum,166604427453840174043560194511343436008
2333,True,Cadillac Escalade,Cadillac,"55,000 miles",45998,Escalade Premium Luxury,2019 Cadillac,carmax,55000,45998,Escalade,Premium Luxury,2019,2019-cadillac-escalade-premium luxury,81891062783368118069575580747927706376
2334,True,Cadillac Escalade,Cadillac,"31,000 miles",51998,Escalade Premium Luxury,2019 Cadillac,carmax,31000,51998,Escalade,Premium Luxury,2019,2019-cadillac-escalade-premium luxury,81891062783368118069575580747927706376
2335,True,Cadillac Escalade,Cadillac,"55,000 miles",43998,Escalade Premium Luxury,2019 Cadillac,carmax,55000,43998,Escalade,Premium Luxury,2019,2019-cadillac-escalade-premium luxury,81891062783368118069575580747927706376
2336,True,Cadillac Escalade,Cadillac,"30,000 miles",47998,Escalade Premium Luxury,2019 Cadillac,carmax,30000,47998,Escalade,Premium Luxury,2019,2019-cadillac-escalade-premium luxury,81891062783368118069575580747927706376
2337,True,Chevrolet Suburban 1500,Chevrolet,"57,000 miles",36998,Suburban 1500 LS,2019 Chevrolet,carmax,57000,36998,Suburban 1500,LS,2019,2019-chevrolet-suburban 1500-ls,328833118670416885240483409831966551065
2338,True,Chevrolet Suburban 1500,Chevrolet,"48,000 miles",37998,Suburban 1500 LT,2019 Chevrolet,carmax,48000,37998,Suburban 1500,LT,2019,2019-chevrolet-suburban 1500-lt,205525785686251987860515284250939259227
2339,True,Chevrolet Suburban 1500,Chevrolet,"59,000 miles",41998,Suburban 1500 LT,2019 Chevrolet,carmax,59000,41998,Suburban 1500,LT,2019,2019-chevrolet-suburban 1500-lt,205525785686251987860515284250939259227
2340,True,Chevrolet Suburban 1500,Chevrolet,"60,000 miles",38998,Suburban 1500 LT,2019 Chevrolet,carmax,60000,38998,Suburban 1500,LT,2019,2019-chevrolet-suburban 1500-lt,205525785686251987860515284250939259227
2341,True,Chevrolet Suburban 1500,Chevrolet,"64,000 miles",32998,Suburban 1500 LT,2019 Chevrolet,carmax,64000,32998,Suburban 1500,LT,2019,2019-chevrolet-suburban 1500-lt,205525785686251987860515284250939259227
2342,True,Chevrolet Suburban 1500,Chevrolet,"57,000 miles",41998,Suburban 1500 LT,2019 Chevrolet,carmax,57000,41998,Suburban 1500,LT,2019,2019-chevrolet-suburban 1500-lt,205525785686251987860515284250939259227
2343,True,Chevrolet Suburban 1500,Chevrolet,"52,000 miles",38998,Suburban 1500 LT,2019 Chevrolet,carmax,52000,38998,Suburban 1500,LT,2019,2019-chevrolet-suburban 1500-lt,205525785686251987860515284250939259227
2344,True,Chevrolet Suburban 1500,Chevrolet,"57,000 miles",41998,Suburban 1500 Premier,2019 Chevrolet,carmax,57000,41998,Suburban 1500,Premier,2019,2019-chevrolet-suburban 1500-premier,27450854164035975129032508177507577311
2345,True,Chevrolet Suburban 1500,Chevrolet,"62,000 miles",42998,Suburban 1500 Premier,2019 Chevrolet,carmax,62000,42998,Suburban 1500,Premier,2019,2019-chevrolet-suburban 1500-premier,27450854164035975129032508177507577311
2346,True,Chevrolet Suburban 1500,Chevrolet,"61,000 miles",37998,Suburban 1500 Premier,2019 Chevrolet,carmax,61000,37998,Suburban 1500,Premier,2019,2019-chevrolet-suburban 1500-premier,27450854164035975129032508177507577311
2347,True,Chevrolet Suburban 1500,Chevrolet,"33,000 miles",45998,Suburban 1500 Premier,2019 Chevrolet,carmax,33000,45998,Suburban 1500,Premier,2019,2019-chevrolet-suburban 1500-premier,27450854164035975129032508177507577311
2348,True,Chevrolet Suburban 1500,Chevrolet,"51,000 miles",46998,Suburban 1500 Premier,2019 Chevrolet,carmax,51000,46998,Suburban 1500,Premier,2019,2019-chevrolet-suburban 1500-premier,27450854164035975129032508177507577311
2349,True,Chevrolet Tahoe,Chevrolet,"49,000 miles",34998,Tahoe LS,2019 Chevrolet,carmax,49000,34998,Tahoe,LS,2019,2019-chevrolet-tahoe-ls,309234358691888072302204917650172493754
2350,True,Chevrolet Tahoe,Chevrolet,"45,000 miles",32998,Tahoe LS,2019 Chevrolet,carmax,45000,32998,Tahoe,LS,2019,2019-chevrolet-tahoe-ls,309234358691888072302204917650172493754
2351,True,Chevrolet Tahoe,Chevrolet,"27,000 miles",37998,Tahoe LS,2019 Chevrolet,carmax,27000,37998,Tahoe,LS,2019,2019-chevrolet-tahoe-ls,309234358691888072302204917650172493754
2352,True,Chevrolet Tahoe,Chevrolet,"75,000 miles",27998,Tahoe LS,2019 Chevrolet,carmax,75000,27998,Tahoe,LS,2019,2019-chevrolet-tahoe-ls,309234358691888072302204917650172493754
2353,True,Chevrolet Tahoe,Chevrolet,"21,000 miles",34998,Tahoe LS,2019 Chevrolet,carmax,21000,34998,Tahoe,LS,2019,2019-chevrolet-tahoe-ls,309234358691888072302204917650172493754
2354,True,Chevrolet Tahoe,Chevrolet,"66,000 miles",29998,Tahoe LS,2019 Chevrolet,carmax,66000,29998,Tahoe,LS,2019,2019-chevrolet-tahoe-ls,309234358691888072302204917650172493754
2355,True,Chevrolet Tahoe,Chevrolet,"108,000 miles",22998,Tahoe LS,2019 Chevrolet,carmax,108000,22998,Tahoe,LS,2019,2019-chevrolet-tahoe-ls,309234358691888072302204917650172493754
2356,True,Chevrolet Tahoe,Chevrolet,"14,000 miles",39998,Tahoe LS,2019 Chevrolet,carmax,14000,39998,Tahoe,LS,2019,2019-chevrolet-tahoe-ls,309234358691888072302204917650172493754
2357,True,Chevrolet Tahoe,Chevrolet,"49,000 miles",33998,Tahoe LS,2019 Chevrolet,carmax,49000,33998,Tahoe,LS,2019,2019-chevrolet-tahoe-ls,309234358691888072302204917650172493754
2358,True,Chevrolet Tahoe,Chevrolet,"100,000 miles",26998,Tahoe LS,2019 Chevrolet,carmax,100000,26998,Tahoe,LS,2019,2019-chevrolet-tahoe-ls,309234358691888072302204917650172493754
2359,True,Chevrolet Tahoe,Chevrolet,"59,000 miles",31998,Tahoe LS,2019 Chevrolet,carmax,59000,31998,Tahoe,LS,2019,2019-chevrolet-tahoe-ls,309234358691888072302204917650172493754
2360,True,Chevrolet Tahoe,Chevrolet,"47,000 miles",40998,Tahoe LT,2019 Chevrolet,carmax,47000,40998,Tahoe,LT,2019,2019-chevrolet-tahoe-lt,237890746298579478528900103748636344545
2361,True,Chevrolet Tahoe,Chevrolet,"91,000 miles",29998,Tahoe LT,2019 Chevrolet,carmax,91000,29998,Tahoe,LT,2019,2019-chevrolet-tahoe-lt,237890746298579478528900103748636344545
2362,True,Chevrolet Tahoe,Chevrolet,"76,000 miles",31998,Tahoe LT,2019 Chevrolet,carmax,76000,31998,Tahoe,LT,2019,2019-chevrolet-tahoe-lt,237890746298579478528900103748636344545
2363,True,Chevrolet Tahoe,Chevrolet,"69,000 miles",34998,Tahoe LT,2019 Chevrolet,carmax,69000,34998,Tahoe,LT,2019,2019-chevrolet-tahoe-lt,237890746298579478528900103748636344545
2364,True,Chevrolet Tahoe,Chevrolet,"83,000 miles",29998,Tahoe LT,2019 Chevrolet,carmax,83000,29998,Tahoe,LT,2019,2019-chevrolet-tahoe-lt,237890746298579478528900103748636344545
2365,True,Chevrolet Tahoe,Chevrolet,"49,000 miles",34998,Tahoe LT,2019 Chevrolet,carmax,49000,34998,Tahoe,LT,2019,2019-chevrolet-tahoe-lt,237890746298579478528900103748636344545
2366,True,Chevrolet Tahoe,Chevrolet,"100,000 miles",31998,Tahoe LT,2019 Chevrolet,carmax,100000,31998,Tahoe,LT,2019,2019-chevrolet-tahoe-lt,237890746298579478528900103748636344545
2367,True,Chevrolet Tahoe,Chevrolet,"75,000 miles",32998,Tahoe LT,2019 Chevrolet,carmax,75000,32998,Tahoe,LT,2019,2019-chevrolet-tahoe-lt,237890746298579478528900103748636344545
2368,True,Chevrolet Tahoe,Chevrolet,"60,000 miles",37998,Tahoe LT,2019 Chevrolet,carmax,60000,37998,Tahoe,LT,2019,2019-chevrolet-tahoe-lt,237890746298579478528900103748636344545
2369,True,Chevrolet Tahoe,Chevrolet,"44,000 miles",40998,Tahoe LT,2019 Chevrolet,carmax,44000,40998,Tahoe,LT,2019,2019-chevrolet-tahoe-lt,237890746298579478528900103748636344545
2370,True,Chevrolet Tahoe,Chevrolet,"91,000 miles",28998,Tahoe LT,2019 Chevrolet,carmax,91000,28998,Tahoe,LT,2019,2019-chevrolet-tahoe-lt,237890746298579478528900103748636344545
2371,True,Chevrolet Tahoe,Chevrolet,"69,000 miles",31998,Tahoe LT,2019 Chevrolet,carmax,69000,31998,Tahoe,LT,2019,2019-chevrolet-tahoe-lt,237890746298579478528900103748636344545
2372,True,Chevrolet Tahoe,Chevrolet,"40,000 miles",37998,Tahoe LT,2019 Chevrolet,carmax,40000,37998,Tahoe,LT,2019,2019-chevrolet-tahoe-lt,237890746298579478528900103748636344545
2373,True,Chevrolet Tahoe,Chevrolet,"57,000 miles",32998,Tahoe LT,2019 Chevrolet,carmax,57000,32998,Tahoe,LT,2019,2019-chevrolet-tahoe-lt,237890746298579478528900103748636344545
2374,True,Chevrolet Tahoe,Chevrolet,"54,000 miles",39998,Tahoe LT,2019 Chevrolet,carmax,54000,39998,Tahoe,LT,2019,2019-chevrolet-tahoe-lt,237890746298579478528900103748636344545
2375,True,Chevrolet Tahoe,Chevrolet,"76,000 miles",31998,Tahoe LT,2019 Chevrolet,carmax,76000,31998,Tahoe,LT,2019,2019-chevrolet-tahoe-lt,237890746298579478528900103748636344545
2376,True,Chevrolet Tahoe,Chevrolet,"72,000 miles",34998,Tahoe LT,2019 Chevrolet,carmax,72000,34998,Tahoe,LT,2019,2019-chevrolet-tahoe-lt,237890746298579478528900103748636344545
2377,True,Chevrolet Tahoe,Chevrolet,"22,000 miles",50998,Tahoe Premier,2019 Chevrolet,carmax,22000,50998,Tahoe,Premier,2019,2019-chevrolet-tahoe-premier,159616866808002792920020851713842760190
2378,True,Chevrolet Tahoe,Chevrolet,"54,000 miles",40998,Tahoe Premier,2019 Chevrolet,carmax,54000,40998,Tahoe,Premier,2019,2019-chevrolet-tahoe-premier,159616866808002792920020851713842760190
2379,True,Chevrolet Tahoe,Chevrolet,"65,000 miles",39998,Tahoe Premier,2019 Chevrolet,carmax,65000,39998,Tahoe,Premier,2019,2019-chevrolet-tahoe-premier,159616866808002792920020851713842760190
2380,True,Chevrolet Tahoe,Chevrolet,"41,000 miles",45998,Tahoe Premier,2019 Chevrolet,carmax,41000,45998,Tahoe,Premier,2019,2019-chevrolet-tahoe-premier,159616866808002792920020851713842760190
2381,True,Chevrolet Tahoe,Chevrolet,"98,000 miles",30998,Tahoe Premier,2019 Chevrolet,carmax,98000,30998,Tahoe,Premier,2019,2019-chevrolet-tahoe-premier,159616866808002792920020851713842760190
2382,True,Chevrolet Tahoe,Chevrolet,"75,000 miles",38998,Tahoe Premier,2019 Chevrolet,carmax,75000,38998,Tahoe,Premier,2019,2019-chevrolet-tahoe-premier,159616866808002792920020851713842760190
2383,True,Chevrolet Tahoe,Chevrolet,"79,000 miles",32998,Tahoe Premier,2019 Chevrolet,carmax,79000,32998,Tahoe,Premier,2019,2019-chevrolet-tahoe-premier,159616866808002792920020851713842760190
2384,True,GMC Yukon,GMC,"69,000 miles",37998,Yukon Denali,2019 GMC,carmax,69000,37998,Yukon,Denali,2019,2019-gmc-yukon-denali,50811619450154389503205128324703031702
2385,True,GMC Yukon,GMC,"71,000 miles",37998,Yukon Denali,2019 GMC,carmax,71000,37998,Yukon,Denali,2019,2019-gmc-yukon-denali,50811619450154389503205128324703031702
2386,True,GMC Yukon,GMC,"58,000 miles",42998,Yukon Denali,2019 GMC,carmax,58000,42998,Yukon,Denali,2019,2019-gmc-yukon-denali,50811619450154389503205128324703031702
2387,True,GMC Yukon,GMC,"58,000 miles",44998,Yukon Denali,2019 GMC,carmax,58000,44998,Yukon,Denali,2019,2019-gmc-yukon-denali,50811619450154389503205128324703031702
2388,True,GMC Yukon,GMC,"79,000 miles",38998,Yukon Denali,2019 GMC,carmax,79000,38998,Yukon,Denali,2019,2019-gmc-yukon-denali,50811619450154389503205128324703031702
2389,True,GMC Yukon,GMC,"79,000 miles",36998,Yukon Denali,2019 GMC,carmax,79000,36998,Yukon,Denali,2019,2019-gmc-yukon-denali,50811619450154389503205128324703031702
2390,True,GMC Yukon,GMC,"77,000 miles",38998,Yukon Denali,2019 GMC,carmax,77000,38998,Yukon,Denali,2019,2019-gmc-yukon-denali,50811619450154389503205128324703031702
2391,True,GMC Yukon,GMC,"51,000 miles",43998,Yukon Denali,2019 GMC,carmax,51000,43998,Yukon,Denali,2019,2019-gmc-yukon-denali,50811619450154389503205128324703031702
2392,True,GMC Yukon,GMC,"88,000 miles",32998,Yukon Denali,2019 GMC,carmax,88000,32998,Yukon,Denali,2019,2019-gmc-yukon-denali,50811619450154389503205128324703031702
2393,True,GMC Yukon,GMC,"60,000 miles",38998,Yukon Denali,2019 GMC,carmax,60000,38998,Yukon,Denali,2019,2019-gmc-yukon-denali,50811619450154389503205128324703031702
2394,True,GMC Yukon,GMC,"65,000 miles",40998,Yukon Denali,2019 GMC,carmax,65000,40998,Yukon,Denali,2019,2019-gmc-yukon-denali,50811619450154389503205128324703031702
2395,True,GMC Yukon,GMC,"76,000 miles",31998,Yukon SLE,2019 GMC,carmax,76000,31998,Yukon,SLE,2019,2019-gmc-yukon-sle,45345587067119780942671871615592499948
2396,True,GMC Yukon,GMC,"60,000 miles",32998,Yukon SLE,2019 GMC,carmax,60000,32998,Yukon,SLE,2019,2019-gmc-yukon-sle,45345587067119780942671871615592499948
2397,True,GMC Yukon,GMC,"66,000 miles",36998,Yukon SLT,2019 GMC,carmax,66000,36998,Yukon,SLT,2019,2019-gmc-yukon-slt,44792489391316219652793791846776002513
2398,True,GMC Yukon,GMC,"59,000 miles",34998,Yukon SLT,2019 GMC,carmax,59000,34998,Yukon,SLT,2019,2019-gmc-yukon-slt,44792489391316219652793791846776002513
2399,True,GMC Yukon,GMC,"69,000 miles",31998,Yukon SLT,2019 GMC,carmax,69000,31998,Yukon,SLT,2019,2019-gmc-yukon-slt,44792489391316219652793791846776002513
2400,True,GMC Yukon,GMC,"73,000 miles",32998,Yukon SLT,2019 GMC,carmax,73000,32998,Yukon,SLT,2019,2019-gmc-yukon-slt,44792489391316219652793791846776002513
2401,True,GMC Yukon XL 1500,GMC,"53,000 miles",39998,Yukon XL 1500 Denali,2019 GMC,carmax,53000,39998,Yukon XL 1500,Denali,2019,2019-gmc-yukon xl 1500-denali,32830443476413484400521227167729613311
2402,True,GMC Yukon XL 1500,GMC,"37,000 miles",39998,Yukon XL 1500 SLE,2019 GMC,carmax,37000,39998,Yukon XL 1500,SLE,2019,2019-gmc-yukon xl 1500-sle,334756882042371417249919800334710691404
2403,True,GMC Yukon XL 1500,GMC,"50,000 miles",36998,Yukon XL 1500 SLT,2019 GMC,carmax,50000,36998,Yukon XL 1500,SLT,2019,2019-gmc-yukon xl 1500-slt,275089337987265332397798508772495390934
2404,True,GMC Yukon XL 1500,GMC,"49,000 miles",38998,Yukon XL 1500 SLT,2019 GMC,carmax,49000,38998,Yukon XL 1500,SLT,2019,2019-gmc-yukon xl 1500-slt,275089337987265332397798508772495390934
2405,True,GMC Yukon XL 1500,GMC,"69,000 miles",37998,Yukon XL 1500 SLT,2019 GMC,carmax,69000,37998,Yukon XL 1500,SLT,2019,2019-gmc-yukon xl 1500-slt,275089337987265332397798508772495390934
2406,True,GMC Yukon XL 1500,GMC,"73,000 miles",40998,Yukon XL 1500 SLT,2019 GMC,carmax,73000,40998,Yukon XL 1500,SLT,2019,2019-gmc-yukon xl 1500-slt,275089337987265332397798508772495390934
2407,False,Lexus LS 500,Lexus,"48,000 miles",41998,LS 500,2019 Lexus,carmax,48000,41998,LS 500,-,2019,2019-lexus-ls 500--,110186204481744618780067140569849543943
2408,False,Lexus LS 500,Lexus,"36,000 miles",46998,LS 500,2019 Lexus,carmax,36000,46998,LS 500,-,2019,2019-lexus-ls 500--,110186204481744618780067140569849543943
2409,False,Lexus LS 500,Lexus,"48,000 miles",45998,LS 500,2019 Lexus,carmax,48000,45998,LS 500,-,2019,2019-lexus-ls 500--,110186204481744618780067140569849543943
2410,False,Lexus LS 500,Lexus,"61,000 miles",37998,LS 500,2019 Lexus,carmax,61000,37998,LS 500,-,2019,2019-lexus-ls 500--,110186204481744618780067140569849543943
2411,False,Lexus LX 570,Lexus,"43,000 miles",58998,LX 570,2019 Lexus,carmax,43000,58998,LX 570,-,2019,2019-lexus-lx 570--,121202294199278594956757740972082618215
2412,False,Lexus LX 570,Lexus,"75,000 miles",56998,LX 570,2019 Lexus,carmax,75000,56998,LX 570,-,2019,2019-lexus-lx 570--,121202294199278594956757740972082618215
2413,False,Lexus LX 570,Lexus,"87,000 miles",49998,LX 570,2019 Lexus,carmax,87000,49998,LX 570,-,2019,2019-lexus-lx 570--,121202294199278594956757740972082618215
2414,False,Lexus LX 570,Lexus,"53,000 miles",65998,LX 570,2019 Lexus,carmax,53000,65998,LX 570,-,2019,2019-lexus-lx 570--,121202294199278594956757740972082618215
2415,False,Lexus LX 570,Lexus,"41,000 miles",61998,LX 570,2019 Lexus,carmax,41000,61998,LX 570,-,2019,2019-lexus-lx 570--,121202294199278594956757740972082618215
2416,False,Lexus LX 570,Lexus,"66,000 miles",57998,LX 570,2019 Lexus,carmax,66000,57998,LX 570,-,2019,2019-lexus-lx 570--,121202294199278594956757740972082618215
2417,False,Lexus LX 570,Lexus,"91,000 miles",50998,LX 570,2019 Lexus,carmax,91000,50998,LX 570,-,2019,2019-lexus-lx 570--,121202294199278594956757740972082618215
2418,False,Toyota 4Runner,Toyota,"68,000 miles",35998,4Runner Limited,2019 Toyota,carmax,68000,35998,4Runner,Limited,2019,2019-toyota-4runner-limited,148337061511551353359076740739070561444
2419,False,Toyota 4Runner,Toyota,"94,000 miles",31998,4Runner Limited,2019 Toyota,carmax,94000,31998,4Runner,Limited,2019,2019-toyota-4runner-limited,148337061511551353359076740739070561444
2420,False,Toyota 4Runner,Toyota,"46,000 miles",37998,4Runner Limited,2019 Toyota,carmax,46000,37998,4Runner,Limited,2019,2019-toyota-4runner-limited,148337061511551353359076740739070561444
2421,False,Toyota 4Runner,Toyota,"31,000 miles",38998,4Runner Limited,2019 Toyota,carmax,31000,38998,4Runner,Limited,2019,2019-toyota-4runner-limited,148337061511551353359076740739070561444
2422,False,Toyota 4Runner,Toyota,"115,000 miles",28998,4Runner Limited,2019 Toyota,carmax,115000,28998,4Runner,Limited,2019,2019-toyota-4runner-limited,148337061511551353359076740739070561444
2423,False,Toyota 4Runner,Toyota,"63,000 miles",33998,4Runner Limited,2019 Toyota,carmax,63000,33998,4Runner,Limited,2019,2019-toyota-4runner-limited,148337061511551353359076740739070561444
2424,False,Toyota 4Runner,Toyota,"78,000 miles",33998,4Runner Limited,2019 Toyota,carmax,78000,33998,4Runner,Limited,2019,2019-toyota-4runner-limited,148337061511551353359076740739070561444
2425,False,Toyota 4Runner,Toyota,"102,000 miles",30998,4Runner Limited,2019 Toyota,carmax,102000,30998,4Runner,Limited,2019,2019-toyota-4runner-limited,148337061511551353359076740739070561444
2426,False,Toyota 4Runner,Toyota,"72,000 miles",32998,4Runner Limited,2019 Toyota,carmax,72000,32998,4Runner,Limited,2019,2019-toyota-4runner-limited,148337061511551353359076740739070561444
2427,False,Toyota 4Runner,Toyota,"91,000 miles",33998,4Runner Limited,2019 Toyota,carmax,91000,33998,4Runner,Limited,2019,2019-toyota-4runner-limited,148337061511551353359076740739070561444
2428,False,Toyota 4Runner,Toyota,"51,000 miles",36998,4Runner Limited,2019 Toyota,carmax,51000,36998,4Runner,Limited,2019,2019-toyota-4runner-limited,148337061511551353359076740739070561444
2429,False,Toyota 4Runner,Toyota,"103,000 miles",27998,4Runner Limited,2019 Toyota,carmax,103000,27998,4Runner,Limited,2019,2019-toyota-4runner-limited,148337061511551353359076740739070561444
2430,False,Toyota 4Runner,Toyota,"42,000 miles",37998,4Runner Limited,2019 Toyota,carmax,42000,37998,4Runner,Limited,2019,2019-toyota-4runner-limited,148337061511551353359076740739070561444
2431,False,Toyota 4Runner,Toyota,"37,000 miles",39998,4Runner Limited Night Shade,2019 Toyota,carmax,37000,39998,4Runner,Limited Night Shade,2019,2019-toyota-4runner-limited night shade,132592707650463137684582580370840732871
2432,False,Toyota 4Runner,Toyota,"82,000 miles",35998,4Runner Limited Night Shade,2019 Toyota,carmax,82000,35998,4Runner,Limited Night Shade,2019,2019-toyota-4runner-limited night shade,132592707650463137684582580370840732871
2433,False,Toyota 4Runner,Toyota,"80,000 miles",35998,4Runner Limited Night Shade,2019 Toyota,carmax,80000,35998,4Runner,Limited Night Shade,2019,2019-toyota-4runner-limited night shade,132592707650463137684582580370840732871
2434,False,Toyota 4Runner,Toyota,"92,000 miles",33998,4Runner Limited Night Shade,2019 Toyota,carmax,92000,33998,4Runner,Limited Night Shade,2019,2019-toyota-4runner-limited night shade,132592707650463137684582580370840732871
2435,False,Toyota 4Runner,Toyota,"80,000 miles",29998,4Runner SR5,2019 Toyota,carmax,80000,29998,4Runner,SR5,2019,2019-toyota-4runner-sr5,79262595909171712882376420258437820657
2436,False,Toyota 4Runner,Toyota,"90,000 miles",30998,4Runner SR5,2019 Toyota,carmax,90000,30998,4Runner,SR5,2019,2019-toyota-4runner-sr5,79262595909171712882376420258437820657
2437,False,Toyota 4Runner,Toyota,"105,000 miles",25998,4Runner SR5,2019 Toyota,carmax,105000,25998,4Runner,SR5,2019,2019-toyota-4runner-sr5,79262595909171712882376420258437820657
2438,False,Toyota 4Runner,Toyota,"55,000 miles",33998,4Runner SR5,2019 Toyota,carmax,55000,33998,4Runner,SR5,2019,2019-toyota-4runner-sr5,79262595909171712882376420258437820657
2439,False,Toyota 4Runner,Toyota,"47,000 miles",33998,4Runner SR5,2019 Toyota,carmax,47000,33998,4Runner,SR5,2019,2019-toyota-4runner-sr5,79262595909171712882376420258437820657
2440,False,Toyota 4Runner,Toyota,"96,000 miles",28998,4Runner SR5,2019 Toyota,carmax,96000,28998,4Runner,SR5,2019,2019-toyota-4runner-sr5,79262595909171712882376420258437820657
2441,False,Toyota 4Runner,Toyota,"80,000 miles",30998,4Runner SR5 Premium,2019 Toyota,carmax,80000,30998,4Runner,SR5 Premium,2019,2019-toyota-4runner-sr5 premium,180267242565389826111738347186845301574
2442,False,Toyota 4Runner,Toyota,"90,000 miles",32998,4Runner SR5 Premium,2019 Toyota,carmax,90000,32998,4Runner,SR5 Premium,2019,2019-toyota-4runner-sr5 premium,180267242565389826111738347186845301574
2443,False,Toyota 4Runner,Toyota,"58,000 miles",31998,4Runner SR5 Premium,2019 Toyota,carmax,58000,31998,4Runner,SR5 Premium,2019,2019-toyota-4runner-sr5 premium,180267242565389826111738347186845301574
2444,False,Toyota 4Runner,Toyota,"19,000 miles",44998,4Runner SR5 Premium,2019 Toyota,carmax,19000,44998,4Runner,SR5 Premium,2019,2019-toyota-4runner-sr5 premium,180267242565389826111738347186845301574
2445,False,Toyota 4Runner,Toyota,"66,000 miles",33998,4Runner SR5 Premium,2019 Toyota,carmax,66000,33998,4Runner,SR5 Premium,2019,2019-toyota-4runner-sr5 premium,180267242565389826111738347186845301574
2446,False,Toyota 4Runner,Toyota,"102,000 miles",30998,4Runner SR5 Premium,2019 Toyota,carmax,102000,30998,4Runner,SR5 Premium,2019,2019-toyota-4runner-sr5 premium,180267242565389826111738347186845301574
2447,False,Toyota 4Runner,Toyota,"78,000 miles",32998,4Runner SR5 Premium,2019 Toyota,carmax,78000,32998,4Runner,SR5 Premium,2019,2019-toyota-4runner-sr5 premium,180267242565389826111738347186845301574
2448,False,Toyota 4Runner,Toyota,"54,000 miles",36998,4Runner SR5 Premium,2019 Toyota,carmax,54000,36998,4Runner,SR5 Premium,2019,2019-toyota-4runner-sr5 premium,180267242565389826111738347186845301574
2449,False,Toyota 4Runner,Toyota,"56,000 miles",38998,4Runner SR5 Premium,2019 Toyota,carmax,56000,38998,4Runner,SR5 Premium,2019,2019-toyota-4runner-sr5 premium,180267242565389826111738347186845301574
2450,False,Toyota 4Runner,Toyota,"58,000 miles",34998,4Runner SR5 Premium,2019 Toyota,carmax,58000,34998,4Runner,SR5 Premium,2019,2019-toyota-4runner-sr5 premium,180267242565389826111738347186845301574
2451,False,Toyota 4Runner,Toyota,"83,000 miles",32998,4Runner SR5 Premium,2019 Toyota,carmax,83000,32998,4Runner,SR5 Premium,2019,2019-toyota-4runner-sr5 premium,180267242565389826111738347186845301574
2452,False,Toyota 4Runner,Toyota,"88,000 miles",31998,4Runner SR5 Premium,2019 Toyota,carmax,88000,31998,4Runner,SR5 Premium,2019,2019-toyota-4runner-sr5 premium,180267242565389826111738347186845301574
2453,False,Toyota 4Runner,Toyota,"65,000 miles",33998,4Runner SR5 Premium,2019 Toyota,carmax,65000,33998,4Runner,SR5 Premium,2019,2019-toyota-4runner-sr5 premium,180267242565389826111738347186845301574
2454,False,Toyota 4Runner,Toyota,"27,000 miles",37998,4Runner SR5 Premium,2019 Toyota,carmax,27000,37998,4Runner,SR5 Premium,2019,2019-toyota-4runner-sr5 premium,180267242565389826111738347186845301574
2455,False,Toyota 4Runner,Toyota,"76,000 miles",34998,4Runner SR5 Premium,2019 Toyota,carmax,76000,34998,4Runner,SR5 Premium,2019,2019-toyota-4runner-sr5 premium,180267242565389826111738347186845301574
2456,False,Toyota 4Runner,Toyota,"78,000 miles",32998,4Runner SR5 Premium,2019 Toyota,carmax,78000,32998,4Runner,SR5 Premium,2019,2019-toyota-4runner-sr5 premium,180267242565389826111738347186845301574
2457,False,Toyota 4Runner,Toyota,"70,000 miles",33998,4Runner SR5 Premium,2019 Toyota,carmax,70000,33998,4Runner,SR5 Premium,2019,2019-toyota-4runner-sr5 premium,180267242565389826111738347186845301574
2458,False,Toyota 4Runner,Toyota,"58,000 miles",35998,4Runner SR5 Premium,2019 Toyota,carmax,58000,35998,4Runner,SR5 Premium,2019,2019-toyota-4runner-sr5 premium,180267242565389826111738347186845301574
2459,False,Toyota 4Runner,Toyota,"95,000 miles",29998,4Runner SR5 Premium,2019 Toyota,carmax,95000,29998,4Runner,SR5 Premium,2019,2019-toyota-4runner-sr5 premium,180267242565389826111738347186845301574
2460,False,Toyota 4Runner,Toyota,"95,000 miles",32998,4Runner SR5 Premium,2019 Toyota,carmax,95000,32998,4Runner,SR5 Premium,2019,2019-toyota-4runner-sr5 premium,180267242565389826111738347186845301574
2461,False,Toyota 4Runner,Toyota,"63,000 miles",36998,4Runner SR5 Premium,2019 Toyota,carmax,63000,36998,4Runner,SR5 Premium,2019,2019-toyota-4runner-sr5 premium,180267242565389826111738347186845301574
2462,False,Toyota 4Runner,Toyota,"56,000 miles",34998,4Runner TRD Off Road,2019 Toyota,carmax,56000,34998,4Runner,TRD Off Road,2019,2019-toyota-4runner-trd off road,69652596681651613804242795742859199519
2463,False,Toyota 4Runner,Toyota,"61,000 miles",35998,4Runner TRD Off Road,2019 Toyota,carmax,61000,35998,4Runner,TRD Off Road,2019,2019-toyota-4runner-trd off road,69652596681651613804242795742859199519
2464,False,Toyota 4Runner,Toyota,"60,000 miles",35998,4Runner TRD Off Road,2019 Toyota,carmax,60000,35998,4Runner,TRD Off Road,2019,2019-toyota-4runner-trd off road,69652596681651613804242795742859199519
2465,False,Toyota 4Runner,Toyota,"60,000 miles",36998,4Runner TRD Off Road Premium,2019 Toyota,carmax,60000,36998,4Runner,TRD Off Road Premium,2019,2019-toyota-4runner-trd off road premium,291300756383573261650158517163743940011
2466,False,Toyota 4Runner,Toyota,"96,000 miles",34998,4Runner TRD Off Road Premium,2019 Toyota,carmax,96000,34998,4Runner,TRD Off Road Premium,2019,2019-toyota-4runner-trd off road premium,291300756383573261650158517163743940011
2467,False,Toyota 4Runner,Toyota,"97,000 miles",33998,4Runner TRD Off Road Premium,2019 Toyota,carmax,97000,33998,4Runner,TRD Off Road Premium,2019,2019-toyota-4runner-trd off road premium,291300756383573261650158517163743940011
2468,False,Toyota 4Runner,Toyota,"42,000 miles",39998,4Runner TRD Off Road Premium,2019 Toyota,carmax,42000,39998,4Runner,TRD Off Road Premium,2019,2019-toyota-4runner-trd off road premium,291300756383573261650158517163743940011
2469,False,Toyota 4Runner,Toyota,"95,000 miles",32998,4Runner TRD Off Road Premium,2019 Toyota,carmax,95000,32998,4Runner,TRD Off Road Premium,2019,2019-toyota-4runner-trd off road premium,291300756383573261650158517163743940011
2470,False,Toyota 4Runner,Toyota,"7,000 miles",45998,4Runner TRD Off Road Premium,2019 Toyota,carmax,7000,45998,4Runner,TRD Off Road Premium,2019,2019-toyota-4runner-trd off road premium,291300756383573261650158517163743940011
2471,False,Toyota 4Runner,Toyota,"81,000 miles",35998,4Runner TRD Off Road Premium,2019 Toyota,carmax,81000,35998,4Runner,TRD Off Road Premium,2019,2019-toyota-4runner-trd off road premium,291300756383573261650158517163743940011
2472,False,Toyota 4Runner,Toyota,"68,000 miles",41998,4Runner TRD Pro,2019 Toyota,carmax,68000,41998,4Runner,TRD Pro,2019,2019-toyota-4runner-trd pro,246246099099488426386611939625004968230
2473,False,Toyota 4Runner,Toyota,"28,000 miles",49998,4Runner TRD Pro,2019 Toyota,carmax,28000,49998,4Runner,TRD Pro,2019,2019-toyota-4runner-trd pro,246246099099488426386611939625004968230
2474,False,Toyota 4Runner,Toyota,"79,000 miles",39998,4Runner TRD Pro,2019 Toyota,carmax,79000,39998,4Runner,TRD Pro,2019,2019-toyota-4runner-trd pro,246246099099488426386611939625004968230
2475,False,Toyota 4Runner,Toyota,"100,000 miles",37998,4Runner TRD Pro,2019 Toyota,carmax,100000,37998,4Runner,TRD Pro,2019,2019-toyota-4runner-trd pro,246246099099488426386611939625004968230
2476,False,Toyota 4Runner,Toyota,"78,000 miles",39998,4Runner TRD Pro,2019 Toyota,carmax,78000,39998,4Runner,TRD Pro,2019,2019-toyota-4runner-trd pro,246246099099488426386611939625004968230
2477,False,Toyota Highlander,Toyota,"53,000 miles",33998,Highlander Hybrid Limited,2019 Toyota,carmax,53000,33998,Highlander,Hybrid Limited,2019,2019-toyota-highlander-hybrid limited,163662889066165994345561367498413460007
2478,False,Toyota Highlander,Toyota,"46,000 miles",36998,Highlander Hybrid Limited,2019 Toyota,carmax,46000,36998,Highlander,Hybrid Limited,2019,2019-toyota-highlander-hybrid limited,163662889066165994345561367498413460007
2479,False,Toyota Highlander,Toyota,"23,000 miles",37998,Highlander Hybrid Limited,2019 Toyota,carmax,23000,37998,Highlander,Hybrid Limited,2019,2019-toyota-highlander-hybrid limited,163662889066165994345561367498413460007
2480,False,Toyota Highlander,Toyota,"37,000 miles",32998,Highlander Hybrid Limited,2019 Toyota,carmax,37000,32998,Highlander,Hybrid Limited,2019,2019-toyota-highlander-hybrid limited,163662889066165994345561367498413460007
2481,False,Toyota Highlander,Toyota,"108,000 miles",27998,Highlander Hybrid Limited,2019 Toyota,carmax,108000,27998,Highlander,Hybrid Limited,2019,2019-toyota-highlander-hybrid limited,163662889066165994345561367498413460007
2482,False,Toyota Highlander,Toyota,"48,000 miles",35998,Highlander Hybrid Limited Platinum,2019 Toyota,carmax,48000,35998,Highlander,Hybrid Limited Platinum,2019,2019-toyota-highlander-hybrid limited platinum,236866522898573803896096128732210781365
2483,False,Toyota Highlander,Toyota,"71,000 miles",28998,Highlander Hybrid XLE,2019 Toyota,carmax,71000,28998,Highlander,Hybrid XLE,2019,2019-toyota-highlander-hybrid xle,65158015187286036841698456356173231313
2484,False,Toyota Highlander,Toyota,"48,000 miles",33998,Highlander Hybrid XLE,2019 Toyota,carmax,48000,33998,Highlander,Hybrid XLE,2019,2019-toyota-highlander-hybrid xle,65158015187286036841698456356173231313
2485,False,Toyota Highlander,Toyota,"69,000 miles",30998,Highlander Hybrid XLE,2019 Toyota,carmax,69000,30998,Highlander,Hybrid XLE,2019,2019-toyota-highlander-hybrid xle,65158015187286036841698456356173231313
2486,False,Toyota Highlander,Toyota,"64,000 miles",31998,Highlander Hybrid XLE,2019 Toyota,carmax,64000,31998,Highlander,Hybrid XLE,2019,2019-toyota-highlander-hybrid xle,65158015187286036841698456356173231313
2487,False,Toyota Highlander,Toyota,"52,000 miles",33998,Highlander Hybrid XLE,2019 Toyota,carmax,52000,33998,Highlander,Hybrid XLE,2019,2019-toyota-highlander-hybrid xle,65158015187286036841698456356173231313
2488,False,Toyota Highlander,Toyota,"62,000 miles",25998,Highlander LE,2019 Toyota,carmax,62000,25998,Highlander,LE,2019,2019-toyota-highlander-le,44576296745546764487210608421052287445
2489,False,Toyota Highlander,Toyota,"59,000 miles",25998,Highlander LE,2019 Toyota,carmax,59000,25998,Highlander,LE,2019,2019-toyota-highlander-le,44576296745546764487210608421052287445
2490,False,Toyota Highlander,Toyota,"102,000 miles",20998,Highlander LE,2019 Toyota,carmax,102000,20998,Highlander,LE,2019,2019-toyota-highlander-le,44576296745546764487210608421052287445
2491,False,Toyota Highlander,Toyota,"90,000 miles",22998,Highlander LE,2019 Toyota,carmax,90000,22998,Highlander,LE,2019,2019-toyota-highlander-le,44576296745546764487210608421052287445
2492,False,Toyota Highlander,Toyota,"56,000 miles",24998,Highlander LE,2019 Toyota,carmax,56000,24998,Highlander,LE,2019,2019-toyota-highlander-le,44576296745546764487210608421052287445
2493,False,Toyota Highlander,Toyota,"65,000 miles",24998,Highlander LE,2019 Toyota,carmax,65000,24998,Highlander,LE,2019,2019-toyota-highlander-le,44576296745546764487210608421052287445
2494,False,Toyota Highlander,Toyota,"34,000 miles",28998,Highlander LE,2019 Toyota,carmax,34000,28998,Highlander,LE,2019,2019-toyota-highlander-le,44576296745546764487210608421052287445
2495,False,Toyota Highlander,Toyota,"72,000 miles",23998,Highlander LE,2019 Toyota,carmax,72000,23998,Highlander,LE,2019,2019-toyota-highlander-le,44576296745546764487210608421052287445
2496,False,Toyota Highlander,Toyota,"95,000 miles",22998,Highlander LE,2019 Toyota,carmax,95000,22998,Highlander,LE,2019,2019-toyota-highlander-le,44576296745546764487210608421052287445
2497,False,Toyota Highlander,Toyota,"72,000 miles",25998,Highlander LE,2019 Toyota,carmax,72000,25998,Highlander,LE,2019,2019-toyota-highlander-le,44576296745546764487210608421052287445
2498,False,Toyota Highlander,Toyota,"40,000 miles",26998,Highlander LE,2019 Toyota,carmax,40000,26998,Highlander,LE,2019,2019-toyota-highlander-le,44576296745546764487210608421052287445
2499,False,Toyota Highlander,Toyota,"61,000 miles",24998,Highlander LE,2019 Toyota,carmax,61000,24998,Highlander,LE,2019,2019-toyota-highlander-le,44576296745546764487210608421052287445
2500,False,Toyota Highlander,Toyota,"112,000 miles",19998,Highlander LE,2019 Toyota,carmax,112000,19998,Highlander,LE,2019,2019-toyota-highlander-le,44576296745546764487210608421052287445
2501,False,Toyota Highlander,Toyota,"88,000 miles",21998,Highlander LE,2019 Toyota,carmax,88000,21998,Highlander,LE,2019,2019-toyota-highlander-le,44576296745546764487210608421052287445
2502,False,Toyota Highlander,Toyota,"63,000 miles",26998,Highlander LE,2019 Toyota,carmax,63000,26998,Highlander,LE,2019,2019-toyota-highlander-le,44576296745546764487210608421052287445
2503,False,Toyota Highlander,Toyota,"105,000 miles",20998,Highlander LE,2019 Toyota,carmax,105000,20998,Highlander,LE,2019,2019-toyota-highlander-le,44576296745546764487210608421052287445
2504,False,Toyota Highlander,Toyota,"99,000 miles",19998,Highlander LE,2019 Toyota,carmax,99000,19998,Highlander,LE,2019,2019-toyota-highlander-le,44576296745546764487210608421052287445
2505,False,Toyota Highlander,Toyota,"99,000 miles",22998,Highlander LE,2019 Toyota,carmax,99000,22998,Highlander,LE,2019,2019-toyota-highlander-le,44576296745546764487210608421052287445
2506,False,Toyota Highlander,Toyota,"93,000 miles",22998,Highlander LE,2019 Toyota,carmax,93000,22998,Highlander,LE,2019,2019-toyota-highlander-le,44576296745546764487210608421052287445
2507,False,Toyota Highlander,Toyota,"101,000 miles",21998,Highlander LE,2019 Toyota,carmax,101000,21998,Highlander,LE,2019,2019-toyota-highlander-le,44576296745546764487210608421052287445
2508,False,Toyota Highlander,Toyota,"83,000 miles",24998,Highlander LE Plus,2019 Toyota,carmax,83000,24998,Highlander,LE Plus,2019,2019-toyota-highlander-le plus,310190895174451463834505575716165132850
2509,False,Toyota Highlander,Toyota,"54,000 miles",25998,Highlander LE Plus,2019 Toyota,carmax,54000,25998,Highlander,LE Plus,2019,2019-toyota-highlander-le plus,310190895174451463834505575716165132850
2510,False,Toyota Highlander,Toyota,"60,000 miles",25998,Highlander LE Plus,2019 Toyota,carmax,60000,25998,Highlander,LE Plus,2019,2019-toyota-highlander-le plus,310190895174451463834505575716165132850
2511,False,Toyota Highlander,Toyota,"112,000 miles",21998,Highlander LE Plus,2019 Toyota,carmax,112000,21998,Highlander,LE Plus,2019,2019-toyota-highlander-le plus,310190895174451463834505575716165132850
2512,False,Toyota Highlander,Toyota,"69,000 miles",29998,Highlander Limited,2019 Toyota,carmax,69000,29998,Highlander,Limited,2019,2019-toyota-highlander-limited,170208981851695493774355081678281689961
2513,False,Toyota Highlander,Toyota,"95,000 miles",25998,Highlander Limited,2019 Toyota,carmax,95000,25998,Highlander,Limited,2019,2019-toyota-highlander-limited,170208981851695493774355081678281689961
2514,False,Toyota Highlander,Toyota,"91,000 miles",26998,Highlander Limited,2019 Toyota,carmax,91000,26998,Highlander,Limited,2019,2019-toyota-highlander-limited,170208981851695493774355081678281689961
2515,False,Toyota Highlander,Toyota,"46,000 miles",30998,Highlander Limited,2019 Toyota,carmax,46000,30998,Highlander,Limited,2019,2019-toyota-highlander-limited,170208981851695493774355081678281689961
2516,False,Toyota Highlander,Toyota,"57,000 miles",29998,Highlander Limited,2019 Toyota,carmax,57000,29998,Highlander,Limited,2019,2019-toyota-highlander-limited,170208981851695493774355081678281689961
2517,False,Toyota Highlander,Toyota,"61,000 miles",30998,Highlander Limited,2019 Toyota,carmax,61000,30998,Highlander,Limited,2019,2019-toyota-highlander-limited,170208981851695493774355081678281689961
2518,False,Toyota Highlander,Toyota,"55,000 miles",31998,Highlander Limited,2019 Toyota,carmax,55000,31998,Highlander,Limited,2019,2019-toyota-highlander-limited,170208981851695493774355081678281689961
2519,False,Toyota Highlander,Toyota,"78,000 miles",30998,Highlander Limited,2019 Toyota,carmax,78000,30998,Highlander,Limited,2019,2019-toyota-highlander-limited,170208981851695493774355081678281689961
2520,False,Toyota Highlander,Toyota,"53,000 miles",29998,Highlander Limited,2019 Toyota,carmax,53000,29998,Highlander,Limited,2019,2019-toyota-highlander-limited,170208981851695493774355081678281689961
2521,False,Toyota Highlander,Toyota,"43,000 miles",31998,Highlander Limited,2019 Toyota,carmax,43000,31998,Highlander,Limited,2019,2019-toyota-highlander-limited,170208981851695493774355081678281689961
2522,False,Toyota Highlander,Toyota,"12,000 miles",38998,Highlander Limited,2019 Toyota,carmax,12000,38998,Highlander,Limited,2019,2019-toyota-highlander-limited,170208981851695493774355081678281689961
2523,False,Toyota Highlander,Toyota,"95,000 miles",25998,Highlander Limited,2019 Toyota,carmax,95000,25998,Highlander,Limited,2019,2019-toyota-highlander-limited,170208981851695493774355081678281689961
2524,False,Toyota Highlander,Toyota,"65,000 miles",30998,Highlander Limited,2019 Toyota,carmax,65000,30998,Highlander,Limited,2019,2019-toyota-highlander-limited,170208981851695493774355081678281689961
2525,False,Toyota Highlander,Toyota,"43,000 miles",31998,Highlander Limited,2019 Toyota,carmax,43000,31998,Highlander,Limited,2019,2019-toyota-highlander-limited,170208981851695493774355081678281689961
2526,False,Toyota Highlander,Toyota,"97,000 miles",28998,Highlander Limited Platinum,2019 Toyota,carmax,97000,28998,Highlander,Limited Platinum,2019,2019-toyota-highlander-limited platinum,269832003802421884479078949286479238686
2527,False,Toyota Highlander,Toyota,"35,000 miles",35998,Highlander Limited Platinum,2019 Toyota,carmax,35000,35998,Highlander,Limited Platinum,2019,2019-toyota-highlander-limited platinum,269832003802421884479078949286479238686
2528,False,Toyota Highlander,Toyota,"70,000 miles",30998,Highlander Limited Platinum,2019 Toyota,carmax,70000,30998,Highlander,Limited Platinum,2019,2019-toyota-highlander-limited platinum,269832003802421884479078949286479238686
2529,False,Toyota Highlander,Toyota,"91,000 miles",24998,Highlander Limited Platinum,2019 Toyota,carmax,91000,24998,Highlander,Limited Platinum,2019,2019-toyota-highlander-limited platinum,269832003802421884479078949286479238686
2530,False,Toyota Highlander,Toyota,"61,000 miles",29998,Highlander Limited Platinum,2019 Toyota,carmax,61000,29998,Highlander,Limited Platinum,2019,2019-toyota-highlander-limited platinum,269832003802421884479078949286479238686
2531,False,Toyota Highlander,Toyota,"35,000 miles",36998,Highlander Limited Platinum,2019 Toyota,carmax,35000,36998,Highlander,Limited Platinum,2019,2019-toyota-highlander-limited platinum,269832003802421884479078949286479238686
2532,False,Toyota Highlander,Toyota,"117,000 miles",25998,Highlander Limited Platinum,2019 Toyota,carmax,117000,25998,Highlander,Limited Platinum,2019,2019-toyota-highlander-limited platinum,269832003802421884479078949286479238686
2533,False,Toyota Highlander,Toyota,"68,000 miles",27998,Highlander SE,2019 Toyota,carmax,68000,27998,Highlander,SE,2019,2019-toyota-highlander-se,121533500679182922385108379915151431398
2534,False,Toyota Highlander,Toyota,"94,000 miles",25998,Highlander SE,2019 Toyota,carmax,94000,25998,Highlander,SE,2019,2019-toyota-highlander-se,121533500679182922385108379915151431398
2535,False,Toyota Highlander,Toyota,"95,000 miles",26998,Highlander SE,2019 Toyota,carmax,95000,26998,Highlander,SE,2019,2019-toyota-highlander-se,121533500679182922385108379915151431398
2536,False,Toyota Highlander,Toyota,"40,000 miles",29998,Highlander SE,2019 Toyota,carmax,40000,29998,Highlander,SE,2019,2019-toyota-highlander-se,121533500679182922385108379915151431398
2537,False,Toyota Highlander,Toyota,"21,000 miles",32998,Highlander SE,2019 Toyota,carmax,21000,32998,Highlander,SE,2019,2019-toyota-highlander-se,121533500679182922385108379915151431398
2538,False,Toyota Highlander,Toyota,"70,000 miles",29998,Highlander SE,2019 Toyota,carmax,70000,29998,Highlander,SE,2019,2019-toyota-highlander-se,121533500679182922385108379915151431398
2539,False,Toyota Highlander,Toyota,"89,000 miles",26998,Highlander XLE,2019 Toyota,carmax,89000,26998,Highlander,XLE,2019,2019-toyota-highlander-xle,226243170317510046584680875193875900788
2540,False,Toyota Highlander,Toyota,"52,000 miles",30998,Highlander XLE,2019 Toyota,carmax,52000,30998,Highlander,XLE,2019,2019-toyota-highlander-xle,226243170317510046584680875193875900788
2541,False,Toyota Highlander,Toyota,"80,000 miles",27998,Highlander XLE,2019 Toyota,carmax,80000,27998,Highlander,XLE,2019,2019-toyota-highlander-xle,226243170317510046584680875193875900788
2542,False,Toyota Highlander,Toyota,"91,000 miles",26998,Highlander XLE,2019 Toyota,carmax,91000,26998,Highlander,XLE,2019,2019-toyota-highlander-xle,226243170317510046584680875193875900788
2543,False,Toyota Highlander,Toyota,"51,000 miles",28998,Highlander XLE,2019 Toyota,carmax,51000,28998,Highlander,XLE,2019,2019-toyota-highlander-xle,226243170317510046584680875193875900788
2544,False,Toyota Highlander,Toyota,"57,000 miles",29998,Highlander XLE,2019 Toyota,carmax,57000,29998,Highlander,XLE,2019,2019-toyota-highlander-xle,226243170317510046584680875193875900788
2545,False,Toyota Highlander,Toyota,"76,000 miles",28998,Highlander XLE,2019 Toyota,carmax,76000,28998,Highlander,XLE,2019,2019-toyota-highlander-xle,226243170317510046584680875193875900788
2546,False,Toyota Highlander,Toyota,"67,000 miles",26998,Highlander XLE,2019 Toyota,carmax,67000,26998,Highlander,XLE,2019,2019-toyota-highlander-xle,226243170317510046584680875193875900788
2547,False,Toyota Highlander,Toyota,"79,000 miles",27998,Highlander XLE,2019 Toyota,carmax,79000,27998,Highlander,XLE,2019,2019-toyota-highlander-xle,226243170317510046584680875193875900788
2548,False,Toyota Highlander,Toyota,"94,000 miles",24998,Highlander XLE,2019 Toyota,carmax,94000,24998,Highlander,XLE,2019,2019-toyota-highlander-xle,226243170317510046584680875193875900788
2549,False,Toyota Highlander,Toyota,"43,000 miles",30998,Highlander XLE,2019 Toyota,carmax,43000,30998,Highlander,XLE,2019,2019-toyota-highlander-xle,226243170317510046584680875193875900788
2550,False,Toyota Highlander,Toyota,"68,000 miles",27998,Highlander XLE,2019 Toyota,carmax,68000,27998,Highlander,XLE,2019,2019-toyota-highlander-xle,226243170317510046584680875193875900788
2551,False,Toyota Highlander,Toyota,"65,000 miles",25998,Highlander XLE,2019 Toyota,carmax,65000,25998,Highlander,XLE,2019,2019-toyota-highlander-xle,226243170317510046584680875193875900788
2552,False,Toyota Highlander,Toyota,"57,000 miles",28998,Highlander XLE,2019 Toyota,carmax,57000,28998,Highlander,XLE,2019,2019-toyota-highlander-xle,226243170317510046584680875193875900788
2553,False,Toyota Highlander,Toyota,"48,000 miles",28998,Highlander XLE,2019 Toyota,carmax,48000,28998,Highlander,XLE,2019,2019-toyota-highlander-xle,226243170317510046584680875193875900788
2554,False,Toyota Highlander,Toyota,"55,000 miles",28998,Highlander XLE,2019 Toyota,carmax,55000,28998,Highlander,XLE,2019,2019-toyota-highlander-xle,226243170317510046584680875193875900788
2555,False,Toyota Highlander,Toyota,"56,000 miles",28998,Highlander XLE,2019 Toyota,carmax,56000,28998,Highlander,XLE,2019,2019-toyota-highlander-xle,226243170317510046584680875193875900788
2556,False,Toyota Highlander,Toyota,"62,000 miles",27998,Highlander XLE,2019 Toyota,carmax,62000,27998,Highlander,XLE,2019,2019-toyota-highlander-xle,226243170317510046584680875193875900788
2557,False,Toyota Highlander,Toyota,"42,000 miles",30998,Highlander XLE,2019 Toyota,carmax,42000,30998,Highlander,XLE,2019,2019-toyota-highlander-xle,226243170317510046584680875193875900788
2558,False,Toyota Highlander,Toyota,"47,000 miles",31998,Highlander XLE,2019 Toyota,carmax,47000,31998,Highlander,XLE,2019,2019-toyota-highlander-xle,226243170317510046584680875193875900788
2559,False,Toyota Highlander,Toyota,"61,000 miles",28998,Highlander XLE,2019 Toyota,carmax,61000,28998,Highlander,XLE,2019,2019-toyota-highlander-xle,226243170317510046584680875193875900788
2560,False,Toyota Highlander,Toyota,"34,000 miles",32998,Highlander XLE,2019 Toyota,carmax,34000,32998,Highlander,XLE,2019,2019-toyota-highlander-xle,226243170317510046584680875193875900788
2561,False,Toyota Highlander,Toyota,"78,000 miles",27998,Highlander XLE,2019 Toyota,carmax,78000,27998,Highlander,XLE,2019,2019-toyota-highlander-xle,226243170317510046584680875193875900788
2562,False,Toyota Highlander,Toyota,"23,000 miles",33998,Highlander XLE,2019 Toyota,carmax,23000,33998,Highlander,XLE,2019,2019-toyota-highlander-xle,226243170317510046584680875193875900788
2563,False,Toyota Highlander,Toyota,"26,000 miles",31998,Highlander XLE,2019 Toyota,carmax,26000,31998,Highlander,XLE,2019,2019-toyota-highlander-xle,226243170317510046584680875193875900788
2564,False,Toyota Highlander,Toyota,"49,000 miles",28998,Highlander XLE,2019 Toyota,carmax,49000,28998,Highlander,XLE,2019,2019-toyota-highlander-xle,226243170317510046584680875193875900788
2565,False,Toyota Highlander,Toyota,"87,000 miles",23998,Highlander XLE,2019 Toyota,carmax,87000,23998,Highlander,XLE,2019,2019-toyota-highlander-xle,226243170317510046584680875193875900788
2566,False,Toyota Highlander,Toyota,"37,000 miles",29998,Highlander XLE,2019 Toyota,carmax,37000,29998,Highlander,XLE,2019,2019-toyota-highlander-xle,226243170317510046584680875193875900788
2567,False,Toyota Highlander,Toyota,"79,000 miles",23998,Highlander XLE,2019 Toyota,carmax,79000,23998,Highlander,XLE,2019,2019-toyota-highlander-xle,226243170317510046584680875193875900788
2568,False,Toyota Highlander,Toyota,"29,000 miles",32998,Highlander XLE,2019 Toyota,carmax,29000,32998,Highlander,XLE,2019,2019-toyota-highlander-xle,226243170317510046584680875193875900788
2569,False,Toyota Highlander,Toyota,"16,000 miles",36998,Highlander XLE,2019 Toyota,carmax,16000,36998,Highlander,XLE,2019,2019-toyota-highlander-xle,226243170317510046584680875193875900788
2570,False,Toyota Highlander,Toyota,"35,000 miles",31998,Highlander XLE,2019 Toyota,carmax,35000,31998,Highlander,XLE,2019,2019-toyota-highlander-xle,226243170317510046584680875193875900788
2571,False,Toyota Highlander,Toyota,"76,000 miles",24998,Highlander XLE,2019 Toyota,carmax,76000,24998,Highlander,XLE,2019,2019-toyota-highlander-xle,226243170317510046584680875193875900788
2572,False,Toyota Highlander,Toyota,"68,000 miles",26998,Highlander XLE,2019 Toyota,carmax,68000,26998,Highlander,XLE,2019,2019-toyota-highlander-xle,226243170317510046584680875193875900788
2573,False,Toyota Highlander,Toyota,"22,000 miles",30998,Highlander XLE,2019 Toyota,carmax,22000,30998,Highlander,XLE,2019,2019-toyota-highlander-xle,226243170317510046584680875193875900788
2574,False,Toyota Highlander,Toyota,"64,000 miles",27998,Highlander XLE,2019 Toyota,carmax,64000,27998,Highlander,XLE,2019,2019-toyota-highlander-xle,226243170317510046584680875193875900788
2575,False,Toyota Highlander,Toyota,"77,000 miles",26998,Highlander XLE,2019 Toyota,carmax,77000,26998,Highlander,XLE,2019,2019-toyota-highlander-xle,226243170317510046584680875193875900788
2576,False,Toyota Highlander,Toyota,"73,000 miles",24998,Highlander XLE,2019 Toyota,carmax,73000,24998,Highlander,XLE,2019,2019-toyota-highlander-xle,226243170317510046584680875193875900788
2577,False,Toyota Highlander,Toyota,"90,000 miles",25998,Highlander XLE,2019 Toyota,carmax,90000,25998,Highlander,XLE,2019,2019-toyota-highlander-xle,226243170317510046584680875193875900788
2578,False,Toyota Sequoia,Toyota,"79,000 miles",42998,Sequoia Limited,2019 Toyota,carmax,79000,42998,Sequoia,Limited,2019,2019-toyota-sequoia-limited,6112504131789030894018675949454034330
2579,False,Toyota Sequoia,Toyota,"79,000 miles",40998,Sequoia Limited,2019 Toyota,carmax,79000,40998,Sequoia,Limited,2019,2019-toyota-sequoia-limited,6112504131789030894018675949454034330
2580,False,Toyota Sequoia,Toyota,"97,000 miles",40998,Sequoia Platinum,2019 Toyota,carmax,97000,40998,Sequoia,Platinum,2019,2019-toyota-sequoia-platinum,214699082683950341412767171023978422849
2581,False,Toyota Sequoia,Toyota,"84,000 miles",35998,Sequoia SR5,2019 Toyota,carmax,84000,35998,Sequoia,SR5,2019,2019-toyota-sequoia-sr5,267818904897358219545775605173479462611
2582,False,Toyota Sequoia,Toyota,"40,000 miles",49998,Sequoia TRD Sport,2019 Toyota,carmax,40000,49998,Sequoia,TRD Sport,2019,2019-toyota-sequoia-trd sport,56649976528801736278092135924721765837
2583,False,Toyota Sequoia,Toyota,"21,000 miles",51998,Sequoia TRD Sport,2019 Toyota,carmax,21000,51998,Sequoia,TRD Sport,2019,2019-toyota-sequoia-trd sport,56649976528801736278092135924721765837
2584,True,Cadillac Escalade,Cadillac,"22,000 miles",49998,Escalade,2020 Cadillac,carmax,22000,49998,Escalade,-,2020,2020-cadillac-escalade--,132284416689408037111703766800320295896
2585,True,Cadillac Escalade,Cadillac,"50,000 miles",43998,Escalade ESV,2020 Cadillac,carmax,50000,43998,Escalade,-,2020,2020-cadillac-escalade--,132284416689408037111703766800320295896
2586,True,Cadillac Escalade,Cadillac,"48,000 miles",46998,Escalade ESV Luxury,2020 Cadillac,carmax,48000,46998,Escalade,Luxury,2020,2020-cadillac-escalade-luxury,282307266747736562164981979143943655742
2587,True,Cadillac Escalade,Cadillac,"52,000 miles",43998,Escalade ESV Luxury,2020 Cadillac,carmax,52000,43998,Escalade,Luxury,2020,2020-cadillac-escalade-luxury,282307266747736562164981979143943655742
2588,True,Cadillac Escalade,Cadillac,"47,000 miles",46998,Escalade ESV Luxury,2020 Cadillac,carmax,47000,46998,Escalade,Luxury,2020,2020-cadillac-escalade-luxury,282307266747736562164981979143943655742
2589,True,Cadillac Escalade,Cadillac,"43,000 miles",45998,Escalade ESV Premium Luxury,2020 Cadillac,carmax,43000,45998,Escalade,Premium Luxury,2020,2020-cadillac-escalade-premium luxury,234434391654681921500082124852793531764
2590,True,Cadillac Escalade,Cadillac,"49,000 miles",45998,Escalade Luxury,2020 Cadillac,carmax,49000,45998,Escalade,Luxury,2020,2020-cadillac-escalade-luxury,282307266747736562164981979143943655742
2591,True,Cadillac Escalade,Cadillac,"18,000 miles",55998,Escalade Luxury,2020 Cadillac,carmax,18000,55998,Escalade,Luxury,2020,2020-cadillac-escalade-luxury,282307266747736562164981979143943655742
2592,True,Cadillac Escalade,Cadillac,"57,000 miles",44998,Escalade Luxury,2020 Cadillac,carmax,57000,44998,Escalade,Luxury,2020,2020-cadillac-escalade-luxury,282307266747736562164981979143943655742
2593,True,Cadillac Escalade,Cadillac,"49,000 miles",43998,Escalade Luxury,2020 Cadillac,carmax,49000,43998,Escalade,Luxury,2020,2020-cadillac-escalade-luxury,282307266747736562164981979143943655742
2594,True,Cadillac Escalade,Cadillac,"50,000 miles",48998,Escalade Luxury,2020 Cadillac,carmax,50000,48998,Escalade,Luxury,2020,2020-cadillac-escalade-luxury,282307266747736562164981979143943655742
2595,True,Cadillac Escalade,Cadillac,"36,000 miles",49998,Escalade Luxury,2020 Cadillac,carmax,36000,49998,Escalade,Luxury,2020,2020-cadillac-escalade-luxury,282307266747736562164981979143943655742
2596,True,Cadillac Escalade,Cadillac,"31,000 miles",53998,Escalade Platinum,2020 Cadillac,carmax,31000,53998,Escalade,Platinum,2020,2020-cadillac-escalade-platinum,330162534782031318930183643555938647613
2597,True,Chevrolet Suburban 1500,Chevrolet,"58,000 miles",38998,Suburban 1500 LS,2020 Chevrolet,carmax,58000,38998,Suburban 1500,LS,2020,2020-chevrolet-suburban 1500-ls,19218576777171676636721317084608935934
2598,True,Chevrolet Suburban 1500,Chevrolet,"55,000 miles",42998,Suburban 1500 LT,2020 Chevrolet,carmax,55000,42998,Suburban 1500,LT,2020,2020-chevrolet-suburban 1500-lt,161693883181866670113614276966107980623
2599,True,Chevrolet Suburban 1500,Chevrolet,"27,000 miles",47998,Suburban 1500 LT,2020 Chevrolet,carmax,27000,47998,Suburban 1500,LT,2020,2020-chevrolet-suburban 1500-lt,161693883181866670113614276966107980623
2600,True,Chevrolet Suburban 1500,Chevrolet,"57,000 miles",41998,Suburban 1500 LT,2020 Chevrolet,carmax,57000,41998,Suburban 1500,LT,2020,2020-chevrolet-suburban 1500-lt,161693883181866670113614276966107980623
2601,True,Chevrolet Suburban 1500,Chevrolet,"61,000 miles",38998,Suburban 1500 LT,2020 Chevrolet,carmax,61000,38998,Suburban 1500,LT,2020,2020-chevrolet-suburban 1500-lt,161693883181866670113614276966107980623
2602,True,Chevrolet Suburban 1500,Chevrolet,"56,000 miles",44998,Suburban 1500 LT,2020 Chevrolet,carmax,56000,44998,Suburban 1500,LT,2020,2020-chevrolet-suburban 1500-lt,161693883181866670113614276966107980623
2603,True,Chevrolet Suburban 1500,Chevrolet,"59,000 miles",43998,Suburban 1500 LT,2020 Chevrolet,carmax,59000,43998,Suburban 1500,LT,2020,2020-chevrolet-suburban 1500-lt,161693883181866670113614276966107980623
2604,True,Chevrolet Suburban 1500,Chevrolet,"54,000 miles",43998,Suburban 1500 LT,2020 Chevrolet,carmax,54000,43998,Suburban 1500,LT,2020,2020-chevrolet-suburban 1500-lt,161693883181866670113614276966107980623
2605,True,Chevrolet Suburban 1500,Chevrolet,"52,000 miles",44998,Suburban 1500 LT,2020 Chevrolet,carmax,52000,44998,Suburban 1500,LT,2020,2020-chevrolet-suburban 1500-lt,161693883181866670113614276966107980623
2606,True,Chevrolet Suburban 1500,Chevrolet,"50,000 miles",45998,Suburban 1500 LT,2020 Chevrolet,carmax,50000,45998,Suburban 1500,LT,2020,2020-chevrolet-suburban 1500-lt,161693883181866670113614276966107980623
2607,True,Chevrolet Suburban 1500,Chevrolet,"66,000 miles",43998,Suburban 1500 LT,2020 Chevrolet,carmax,66000,43998,Suburban 1500,LT,2020,2020-chevrolet-suburban 1500-lt,161693883181866670113614276966107980623
2608,True,Chevrolet Suburban 1500,Chevrolet,"22,000 miles",48998,Suburban 1500 LT,2020 Chevrolet,carmax,22000,48998,Suburban 1500,LT,2020,2020-chevrolet-suburban 1500-lt,161693883181866670113614276966107980623
2609,True,Chevrolet Suburban 1500,Chevrolet,"59,000 miles",43998,Suburban 1500 LT,2020 Chevrolet,carmax,59000,43998,Suburban 1500,LT,2020,2020-chevrolet-suburban 1500-lt,161693883181866670113614276966107980623
2610,True,Chevrolet Suburban 1500,Chevrolet,"24,000 miles",43998,Suburban 1500 LT,2020 Chevrolet,carmax,24000,43998,Suburban 1500,LT,2020,2020-chevrolet-suburban 1500-lt,161693883181866670113614276966107980623
2611,True,Chevrolet Suburban 1500,Chevrolet,"68,000 miles",41998,Suburban 1500 LT,2020 Chevrolet,carmax,68000,41998,Suburban 1500,LT,2020,2020-chevrolet-suburban 1500-lt,161693883181866670113614276966107980623
2612,True,Chevrolet Tahoe,Chevrolet,"47,000 miles",37998,Tahoe LS,2020 Chevrolet,carmax,47000,37998,Tahoe,LS,2020,2020-chevrolet-tahoe-ls,290794250816290777600668541615412623104
2613,True,Chevrolet Tahoe,Chevrolet,"30,000 miles",37998,Tahoe LS,2020 Chevrolet,carmax,30000,37998,Tahoe,LS,2020,2020-chevrolet-tahoe-ls,290794250816290777600668541615412623104
2614,True,Chevrolet Tahoe,Chevrolet,"45,000 miles",34998,Tahoe LS,2020 Chevrolet,carmax,45000,34998,Tahoe,LS,2020,2020-chevrolet-tahoe-ls,290794250816290777600668541615412623104
2615,True,Chevrolet Tahoe,Chevrolet,"60,000 miles",31998,Tahoe LS,2020 Chevrolet,carmax,60000,31998,Tahoe,LS,2020,2020-chevrolet-tahoe-ls,290794250816290777600668541615412623104
2616,True,Chevrolet Tahoe,Chevrolet,"91,000 miles",26998,Tahoe LS,2020 Chevrolet,carmax,91000,26998,Tahoe,LS,2020,2020-chevrolet-tahoe-ls,290794250816290777600668541615412623104
2617,True,Chevrolet Tahoe,Chevrolet,"50,000 miles",34998,Tahoe LS,2020 Chevrolet,carmax,50000,34998,Tahoe,LS,2020,2020-chevrolet-tahoe-ls,290794250816290777600668541615412623104
2618,True,Chevrolet Tahoe,Chevrolet,"32,000 miles",35998,Tahoe LS,2020 Chevrolet,carmax,32000,35998,Tahoe,LS,2020,2020-chevrolet-tahoe-ls,290794250816290777600668541615412623104
2619,True,Chevrolet Tahoe,Chevrolet,"34,000 miles",49998,Tahoe LT,2020 Chevrolet,carmax,34000,49998,Tahoe,LT,2020,2020-chevrolet-tahoe-lt,56079722842616507240759627015156485544
2620,True,Chevrolet Tahoe,Chevrolet,"42,000 miles",44998,Tahoe LT,2020 Chevrolet,carmax,42000,44998,Tahoe,LT,2020,2020-chevrolet-tahoe-lt,56079722842616507240759627015156485544
2621,True,Chevrolet Tahoe,Chevrolet,"11,000 miles",52998,Tahoe LT,2020 Chevrolet,carmax,11000,52998,Tahoe,LT,2020,2020-chevrolet-tahoe-lt,56079722842616507240759627015156485544
2622,True,Chevrolet Tahoe,Chevrolet,"41,000 miles",39998,Tahoe LT,2020 Chevrolet,carmax,41000,39998,Tahoe,LT,2020,2020-chevrolet-tahoe-lt,56079722842616507240759627015156485544
2623,True,Chevrolet Tahoe,Chevrolet,"97,000 miles",29998,Tahoe LT,2020 Chevrolet,carmax,97000,29998,Tahoe,LT,2020,2020-chevrolet-tahoe-lt,56079722842616507240759627015156485544
2624,True,Chevrolet Tahoe,Chevrolet,"65,000 miles",38998,Tahoe LT,2020 Chevrolet,carmax,65000,38998,Tahoe,LT,2020,2020-chevrolet-tahoe-lt,56079722842616507240759627015156485544
2625,True,Chevrolet Tahoe,Chevrolet,"53,000 miles",33998,Tahoe LT,2020 Chevrolet,carmax,53000,33998,Tahoe,LT,2020,2020-chevrolet-tahoe-lt,56079722842616507240759627015156485544
2626,True,Chevrolet Tahoe,Chevrolet,"90,000 miles",28998,Tahoe LT,2020 Chevrolet,carmax,90000,28998,Tahoe,LT,2020,2020-chevrolet-tahoe-lt,56079722842616507240759627015156485544
2627,True,Chevrolet Tahoe,Chevrolet,"52,000 miles",36998,Tahoe LT,2020 Chevrolet,carmax,52000,36998,Tahoe,LT,2020,2020-chevrolet-tahoe-lt,56079722842616507240759627015156485544
2628,True,Chevrolet Tahoe,Chevrolet,"76,000 miles",30998,Tahoe LT,2020 Chevrolet,carmax,76000,30998,Tahoe,LT,2020,2020-chevrolet-tahoe-lt,56079722842616507240759627015156485544
2629,True,Chevrolet Tahoe,Chevrolet,"43,000 miles",41998,Tahoe LT,2020 Chevrolet,carmax,43000,41998,Tahoe,LT,2020,2020-chevrolet-tahoe-lt,56079722842616507240759627015156485544
2630,True,Chevrolet Tahoe,Chevrolet,"40,000 miles",44998,Tahoe LT,2020 Chevrolet,carmax,40000,44998,Tahoe,LT,2020,2020-chevrolet-tahoe-lt,56079722842616507240759627015156485544
2631,True,Chevrolet Tahoe,Chevrolet,"17,000 miles",45998,Tahoe LT,2020 Chevrolet,carmax,17000,45998,Tahoe,LT,2020,2020-chevrolet-tahoe-lt,56079722842616507240759627015156485544
2632,True,Chevrolet Tahoe,Chevrolet,"57,000 miles",38998,Tahoe LT,2020 Chevrolet,carmax,57000,38998,Tahoe,LT,2020,2020-chevrolet-tahoe-lt,56079722842616507240759627015156485544
2633,True,Chevrolet Tahoe,Chevrolet,"39,000 miles",45998,Tahoe LT,2020 Chevrolet,carmax,39000,45998,Tahoe,LT,2020,2020-chevrolet-tahoe-lt,56079722842616507240759627015156485544
2634,True,Chevrolet Tahoe,Chevrolet,"70,000 miles",35998,Tahoe Premier,2020 Chevrolet,carmax,70000,35998,Tahoe,Premier,2020,2020-chevrolet-tahoe-premier,86279713020042305465238640047360508559
2635,True,Chevrolet Tahoe,Chevrolet,"73,000 miles",41998,Tahoe Premier,2020 Chevrolet,carmax,73000,41998,Tahoe,Premier,2020,2020-chevrolet-tahoe-premier,86279713020042305465238640047360508559
2636,True,Chevrolet Tahoe,Chevrolet,"46,000 miles",45998,Tahoe Premier,2020 Chevrolet,carmax,46000,45998,Tahoe,Premier,2020,2020-chevrolet-tahoe-premier,86279713020042305465238640047360508559
2637,True,Chevrolet Tahoe,Chevrolet,"57,000 miles",39998,Tahoe Premier,2020 Chevrolet,carmax,57000,39998,Tahoe,Premier,2020,2020-chevrolet-tahoe-premier,86279713020042305465238640047360508559
2638,True,Chevrolet Tahoe,Chevrolet,"52,000 miles",44998,Tahoe Premier,2020 Chevrolet,carmax,52000,44998,Tahoe,Premier,2020,2020-chevrolet-tahoe-premier,86279713020042305465238640047360508559
2639,True,Chevrolet Tahoe,Chevrolet,"59,000 miles",41998,Tahoe Premier,2020 Chevrolet,carmax,59000,41998,Tahoe,Premier,2020,2020-chevrolet-tahoe-premier,86279713020042305465238640047360508559
2640,True,Chevrolet Tahoe,Chevrolet,"67,000 miles",36998,Tahoe Premier,2020 Chevrolet,carmax,67000,36998,Tahoe,Premier,2020,2020-chevrolet-tahoe-premier,86279713020042305465238640047360508559
2641,True,Chevrolet Tahoe,Chevrolet,"35,000 miles",55998,Tahoe Premier,2020 Chevrolet,carmax,35000,55998,Tahoe,Premier,2020,2020-chevrolet-tahoe-premier,86279713020042305465238640047360508559
2642,True,Chevrolet Tahoe,Chevrolet,"57,000 miles",42998,Tahoe Premier,2020 Chevrolet,carmax,57000,42998,Tahoe,Premier,2020,2020-chevrolet-tahoe-premier,86279713020042305465238640047360508559
2643,True,GMC Yukon,GMC,"46,000 miles",46998,Yukon Denali,2020 GMC,carmax,46000,46998,Yukon,Denali,2020,2020-gmc-yukon-denali,277699845757905171829097250374371279637
2644,True,GMC Yukon,GMC,"87,000 miles",41998,Yukon Denali,2020 GMC,carmax,87000,41998,Yukon,Denali,2020,2020-gmc-yukon-denali,277699845757905171829097250374371279637
2645,True,GMC Yukon,GMC,"53,000 miles",37998,Yukon SLT,2020 GMC,carmax,53000,37998,Yukon,SLT,2020,2020-gmc-yukon-slt,47445020271166575273431312407070910320
2646,True,GMC Yukon,GMC,"61,000 miles",39998,Yukon SLT,2020 GMC,carmax,61000,39998,Yukon,SLT,2020,2020-gmc-yukon-slt,47445020271166575273431312407070910320
2647,True,GMC Yukon,GMC,"54,000 miles",40998,Yukon SLT,2020 GMC,carmax,54000,40998,Yukon,SLT,2020,2020-gmc-yukon-slt,47445020271166575273431312407070910320
2648,True,GMC Yukon,GMC,"76,000 miles",36998,Yukon SLT,2020 GMC,carmax,76000,36998,Yukon,SLT,2020,2020-gmc-yukon-slt,47445020271166575273431312407070910320
2649,True,GMC Yukon,GMC,"65,000 miles",35998,Yukon SLT,2020 GMC,carmax,65000,35998,Yukon,SLT,2020,2020-gmc-yukon-slt,47445020271166575273431312407070910320
2650,True,GMC Yukon,GMC,"60,000 miles",38998,Yukon SLT,2020 GMC,carmax,60000,38998,Yukon,SLT,2020,2020-gmc-yukon-slt,47445020271166575273431312407070910320
2651,True,GMC Yukon,GMC,"60,000 miles",36998,Yukon SLT Standard Edition,2020 GMC,carmax,60000,36998,Yukon,SLT Standard Edition,2020,2020-gmc-yukon-slt standard edition,98431351726716717984189388707804805873
2652,True,GMC Yukon XL 1500,GMC,"55,000 miles",44998,Yukon XL 1500 Denali,2020 GMC,carmax,55000,44998,Yukon XL 1500,Denali,2020,2020-gmc-yukon xl 1500-denali,327021045927445559189402281200963466021
2653,True,GMC Yukon XL 1500,GMC,"40,000 miles",49998,Yukon XL 1500 Denali,2020 GMC,carmax,40000,49998,Yukon XL 1500,Denali,2020,2020-gmc-yukon xl 1500-denali,327021045927445559189402281200963466021
2654,True,GMC Yukon XL 1500,GMC,"70,000 miles",37998,Yukon XL 1500 SLT,2020 GMC,carmax,70000,37998,Yukon XL 1500,SLT,2020,2020-gmc-yukon xl 1500-slt,291085440568672784454402406585105464920
2655,True,GMC Yukon XL 1500,GMC,"55,000 miles",43998,Yukon XL 1500 SLT,2020 GMC,carmax,55000,43998,Yukon XL 1500,SLT,2020,2020-gmc-yukon xl 1500-slt,291085440568672784454402406585105464920
2656,True,GMC Yukon XL 1500,GMC,"59,000 miles",44998,Yukon XL 1500 SLT,2020 GMC,carmax,59000,44998,Yukon XL 1500,SLT,2020,2020-gmc-yukon xl 1500-slt,291085440568672784454402406585105464920
2657,False,Lexus LC 500,Lexus,"4,000 miles",83998,LC 500,2020 Lexus,carmax,4000,83998,LC 500,-,2020,2020-lexus-lc 500--,137306553197850382989750069524665243125
2658,False,Lexus LS 500,Lexus,"30,000 miles",45998,LS 500,2020 Lexus,carmax,30000,45998,LS 500,-,2020,2020-lexus-ls 500--,206750608653131781629681952194069863195
2659,False,Lexus LS 500,Lexus,"37,000 miles",49998,LS 500,2020 Lexus,carmax,37000,49998,LS 500,-,2020,2020-lexus-ls 500--,206750608653131781629681952194069863195
2660,False,Lexus LS 500,Lexus,"65,000 miles",41998,LS 500,2020 Lexus,carmax,65000,41998,LS 500,-,2020,2020-lexus-ls 500--,206750608653131781629681952194069863195
2661,False,Lexus LS 500,Lexus,"46,000 miles",52998,LS 500 F-Sport,2020 Lexus,carmax,46000,52998,LS 500,F-Sport,2020,2020-lexus-ls 500-f-sport,218107950519972383358146838679898815750
2662,False,Lexus LX 570,Lexus,"85,000 miles",58998,LX 570,2020 Lexus,carmax,85000,58998,LX 570,-,2020,2020-lexus-lx 570--,292260620705868369300172653021607095040
2663,False,Lexus LX 570,Lexus,"59,000 miles",59998,LX 570,2020 Lexus,carmax,59000,59998,LX 570,-,2020,2020-lexus-lx 570--,292260620705868369300172653021607095040
2664,False,Lexus LX 570,Lexus,"23,000 miles",68998,LX 570,2020 Lexus,carmax,23000,68998,LX 570,-,2020,2020-lexus-lx 570--,292260620705868369300172653021607095040
2665,False,Lexus LX 570,Lexus,"72,000 miles",52998,LX 570,2020 Lexus,carmax,72000,52998,LX 570,-,2020,2020-lexus-lx 570--,292260620705868369300172653021607095040
2666,False,Lexus LX 570,Lexus,"72,000 miles",57998,LX 570,2020 Lexus,carmax,72000,57998,LX 570,-,2020,2020-lexus-lx 570--,292260620705868369300172653021607095040
2667,False,Lexus LX 570,Lexus,"24,000 miles",69998,LX 570,2020 Lexus,carmax,24000,69998,LX 570,-,2020,2020-lexus-lx 570--,292260620705868369300172653021607095040
2668,False,Lexus LX 570,Lexus,"45,000 miles",69998,LX 570,2020 Lexus,carmax,45000,69998,LX 570,-,2020,2020-lexus-lx 570--,292260620705868369300172653021607095040
2669,False,Lexus LX 570,Lexus,"63,000 miles",62998,LX 570,2020 Lexus,carmax,63000,62998,LX 570,-,2020,2020-lexus-lx 570--,292260620705868369300172653021607095040
2670,False,Toyota 4Runner,Toyota,"42,000 miles",42998,4Runner Limited,2020 Toyota,carmax,42000,42998,4Runner,Limited,2020,2020-toyota-4runner-limited,108824447838997479246903170002887563022
2671,False,Toyota 4Runner,Toyota,"110,000 miles",33998,4Runner Limited,2020 Toyota,carmax,110000,33998,4Runner,Limited,2020,2020-toyota-4runner-limited,108824447838997479246903170002887563022
2672,False,Toyota 4Runner,Toyota,"16,000 miles",41998,4Runner Limited,2020 Toyota,carmax,16000,41998,4Runner,Limited,2020,2020-toyota-4runner-limited,108824447838997479246903170002887563022
2673,False,Toyota 4Runner,Toyota,"60,000 miles",40998,4Runner Limited,2020 Toyota,carmax,60000,40998,4Runner,Limited,2020,2020-toyota-4runner-limited,108824447838997479246903170002887563022
2674,False,Toyota 4Runner,Toyota,"69,000 miles",31998,4Runner SR5,2020 Toyota,carmax,69000,31998,4Runner,SR5,2020,2020-toyota-4runner-sr5,272694757370111340765351930237110610077
2675,False,Toyota 4Runner,Toyota,"99,000 miles",27998,4Runner SR5,2020 Toyota,carmax,99000,27998,4Runner,SR5,2020,2020-toyota-4runner-sr5,272694757370111340765351930237110610077
2676,False,Toyota 4Runner,Toyota,"118,000 miles",27998,4Runner SR5,2020 Toyota,carmax,118000,27998,4Runner,SR5,2020,2020-toyota-4runner-sr5,272694757370111340765351930237110610077
2677,False,Toyota 4Runner,Toyota,"88,000 miles",30998,4Runner SR5,2020 Toyota,carmax,88000,30998,4Runner,SR5,2020,2020-toyota-4runner-sr5,272694757370111340765351930237110610077
2678,False,Toyota 4Runner,Toyota,"42,000 miles",41998,4Runner SR5 Premium,2020 Toyota,carmax,42000,41998,4Runner,SR5 Premium,2020,2020-toyota-4runner-sr5 premium,170306635931904620348313669801142283106
2679,False,Toyota 4Runner,Toyota,"51,000 miles",39998,4Runner SR5 Premium,2020 Toyota,carmax,51000,39998,4Runner,SR5 Premium,2020,2020-toyota-4runner-sr5 premium,170306635931904620348313669801142283106
2680,False,Toyota 4Runner,Toyota,"79,000 miles",31998,4Runner SR5 Premium,2020 Toyota,carmax,79000,31998,4Runner,SR5 Premium,2020,2020-toyota-4runner-sr5 premium,170306635931904620348313669801142283106
2681,False,Toyota 4Runner,Toyota,"70,000 miles",37998,4Runner SR5 Premium,2020 Toyota,carmax,70000,37998,4Runner,SR5 Premium,2020,2020-toyota-4runner-sr5 premium,170306635931904620348313669801142283106
2682,False,Toyota 4Runner,Toyota,"44,000 miles",39998,4Runner SR5 Premium,2020 Toyota,carmax,44000,39998,4Runner,SR5 Premium,2020,2020-toyota-4runner-sr5 premium,170306635931904620348313669801142283106
2683,False,Toyota 4Runner,Toyota,"65,000 miles",36998,4Runner SR5 Premium,2020 Toyota,carmax,65000,36998,4Runner,SR5 Premium,2020,2020-toyota-4runner-sr5 premium,170306635931904620348313669801142283106
2684,False,Toyota 4Runner,Toyota,"59,000 miles",37998,4Runner SR5 Premium,2020 Toyota,carmax,59000,37998,4Runner,SR5 Premium,2020,2020-toyota-4runner-sr5 premium,170306635931904620348313669801142283106
2685,False,Toyota 4Runner,Toyota,"89,000 miles",35998,4Runner SR5 Premium,2020 Toyota,carmax,89000,35998,4Runner,SR5 Premium,2020,2020-toyota-4runner-sr5 premium,170306635931904620348313669801142283106
2686,False,Toyota 4Runner,Toyota,"74,000 miles",33998,4Runner SR5 Premium,2020 Toyota,carmax,74000,33998,4Runner,SR5 Premium,2020,2020-toyota-4runner-sr5 premium,170306635931904620348313669801142283106
2687,False,Toyota 4Runner,Toyota,"26,000 miles",39998,4Runner SR5 Premium,2020 Toyota,carmax,26000,39998,4Runner,SR5 Premium,2020,2020-toyota-4runner-sr5 premium,170306635931904620348313669801142283106
2688,False,Toyota 4Runner,Toyota,"70,000 miles",35998,4Runner SR5 Premium,2020 Toyota,carmax,70000,35998,4Runner,SR5 Premium,2020,2020-toyota-4runner-sr5 premium,170306635931904620348313669801142283106
2689,False,Toyota 4Runner,Toyota,"53,000 miles",40998,4Runner SR5 Premium,2020 Toyota,carmax,53000,40998,4Runner,SR5 Premium,2020,2020-toyota-4runner-sr5 premium,170306635931904620348313669801142283106
2690,False,Toyota 4Runner,Toyota,"71,000 miles",35998,4Runner SR5 Premium,2020 Toyota,carmax,71000,35998,4Runner,SR5 Premium,2020,2020-toyota-4runner-sr5 premium,170306635931904620348313669801142283106
2691,False,Toyota 4Runner,Toyota,"89,000 miles",34998,4Runner TRD Off Road,2020 Toyota,carmax,89000,34998,4Runner,TRD Off Road,2020,2020-toyota-4runner-trd off road,257832557984704821524511862062505447704
2692,False,Toyota 4Runner,Toyota,"44,000 miles",42998,4Runner TRD Off Road Premium,2020 Toyota,carmax,44000,42998,4Runner,TRD Off Road Premium,2020,2020-toyota-4runner-trd off road premium,195663075893992823033731605175591583610
2693,False,Toyota 4Runner,Toyota,"52,000 miles",39998,4Runner TRD Off Road Premium,2020 Toyota,carmax,52000,39998,4Runner,TRD Off Road Premium,2020,2020-toyota-4runner-trd off road premium,195663075893992823033731605175591583610
2694,False,Toyota 4Runner,Toyota,"22,000 miles",44998,4Runner TRD Off Road Premium,2020 Toyota,carmax,22000,44998,4Runner,TRD Off Road Premium,2020,2020-toyota-4runner-trd off road premium,195663075893992823033731605175591583610
2695,False,Toyota 4Runner,Toyota,"71,000 miles",39998,4Runner TRD Off Road Premium,2020 Toyota,carmax,71000,39998,4Runner,TRD Off Road Premium,2020,2020-toyota-4runner-trd off road premium,195663075893992823033731605175591583610
2696,False,Toyota 4Runner,Toyota,"65,000 miles",37998,4Runner TRD Off Road Premium,2020 Toyota,carmax,65000,37998,4Runner,TRD Off Road Premium,2020,2020-toyota-4runner-trd off road premium,195663075893992823033731605175591583610
2697,False,Toyota 4Runner,Toyota,"65,000 miles",44998,4Runner TRD Pro,2020 Toyota,carmax,65000,44998,4Runner,TRD Pro,2020,2020-toyota-4runner-trd pro,49663699556621270474403630665159830894
2698,False,Toyota 4Runner,Toyota,"85,000 miles",42998,4Runner TRD Pro,2020 Toyota,carmax,85000,42998,4Runner,TRD Pro,2020,2020-toyota-4runner-trd pro,49663699556621270474403630665159830894
2699,False,Toyota 4Runner,Toyota,"28,000 miles",51998,4Runner TRD Pro,2020 Toyota,carmax,28000,51998,4Runner,TRD Pro,2020,2020-toyota-4runner-trd pro,49663699556621270474403630665159830894
2700,False,Toyota 4Runner,Toyota,"77,000 miles",46998,4Runner TRD Pro,2020 Toyota,carmax,77000,46998,4Runner,TRD Pro,2020,2020-toyota-4runner-trd pro,49663699556621270474403630665159830894
2701,False,Toyota 4Runner,Toyota,"81,000 miles",41998,4Runner TRD Pro,2020 Toyota,carmax,81000,41998,4Runner,TRD Pro,2020,2020-toyota-4runner-trd pro,49663699556621270474403630665159830894
2702,False,Toyota 4Runner,Toyota,"31,000 miles",50998,4Runner TRD Pro,2020 Toyota,carmax,31000,50998,4Runner,TRD Pro,2020,2020-toyota-4runner-trd pro,49663699556621270474403630665159830894
2703,False,Toyota 4Runner,Toyota,"69,000 miles",45998,4Runner TRD Pro,2020 Toyota,carmax,69000,45998,4Runner,TRD Pro,2020,2020-toyota-4runner-trd pro,49663699556621270474403630665159830894
2704,False,Toyota 4Runner,Toyota,"92,000 miles",42998,4Runner TRD Pro,2020 Toyota,carmax,92000,42998,4Runner,TRD Pro,2020,2020-toyota-4runner-trd pro,49663699556621270474403630665159830894
2705,False,Toyota 4Runner,Toyota,"78,000 miles",42998,4Runner TRD Pro,2020 Toyota,carmax,78000,42998,4Runner,TRD Pro,2020,2020-toyota-4runner-trd pro,49663699556621270474403630665159830894
2706,False,Toyota 4Runner,Toyota,"90,000 miles",34998,4Runner Venture,2020 Toyota,carmax,90000,34998,4Runner,Venture,2020,2020-toyota-4runner-venture,66516581107260785577667228013701833922
2707,False,Toyota 4Runner,Toyota,"58,000 miles",39998,4Runner Venture,2020 Toyota,carmax,58000,39998,4Runner,Venture,2020,2020-toyota-4runner-venture,66516581107260785577667228013701833922
2708,False,Toyota 4Runner,Toyota,"97,000 miles",34998,4Runner Venture,2020 Toyota,carmax,97000,34998,4Runner,Venture,2020,2020-toyota-4runner-venture,66516581107260785577667228013701833922
2709,False,Toyota Highlander,Toyota,"44,000 miles",31998,Highlander Hybrid LE,2020 Toyota,carmax,44000,31998,Highlander,Hybrid LE,2020,2020-toyota-highlander-hybrid le,91220919987365012984207922952427517040
2710,False,Toyota Highlander,Toyota,"49,000 miles",37998,Highlander Hybrid Limited,2020 Toyota,carmax,49000,37998,Highlander,Hybrid Limited,2020,2020-toyota-highlander-hybrid limited,70145906567049458526163935021309579443
2711,False,Toyota Highlander,Toyota,"107,000 miles",28998,Highlander Hybrid Limited,2020 Toyota,carmax,107000,28998,Highlander,Hybrid Limited,2020,2020-toyota-highlander-hybrid limited,70145906567049458526163935021309579443
2712,False,Toyota Highlander,Toyota,"27,000 miles",41998,Highlander Hybrid Limited,2020 Toyota,carmax,27000,41998,Highlander,Hybrid Limited,2020,2020-toyota-highlander-hybrid limited,70145906567049458526163935021309579443
2713,False,Toyota Highlander,Toyota,"48,000 miles",39998,Highlander Hybrid Platinum,2020 Toyota,carmax,48000,39998,Highlander,Hybrid Platinum,2020,2020-toyota-highlander-hybrid platinum,76943441006274036351612434754562173729
2714,False,Toyota Highlander,Toyota,"57,000 miles",37998,Highlander Hybrid Platinum,2020 Toyota,carmax,57000,37998,Highlander,Hybrid Platinum,2020,2020-toyota-highlander-hybrid platinum,76943441006274036351612434754562173729
2715,False,Toyota Highlander,Toyota,"51,000 miles",33998,Highlander Hybrid XLE,2020 Toyota,carmax,51000,33998,Highlander,Hybrid XLE,2020,2020-toyota-highlander-hybrid xle,64264588472054575354728159434279099637
2716,False,Toyota Highlander,Toyota,"54,000 miles",31998,Highlander Hybrid XLE,2020 Toyota,carmax,54000,31998,Highlander,Hybrid XLE,2020,2020-toyota-highlander-hybrid xle,64264588472054575354728159434279099637
2717,False,Toyota Highlander,Toyota,"48,000 miles",28998,Highlander L,2020 Toyota,carmax,48000,28998,Highlander,L,2020,2020-toyota-highlander-l,17821790445186139869712722386048722864
2718,False,Toyota Highlander,Toyota,"65,000 miles",25998,Highlander L,2020 Toyota,carmax,65000,25998,Highlander,L,2020,2020-toyota-highlander-l,17821790445186139869712722386048722864
2719,False,Toyota Highlander,Toyota,"34,000 miles",30998,Highlander LE,2020 Toyota,carmax,34000,30998,Highlander,LE,2020,2020-toyota-highlander-le,286674357622748056298936433352862663358
2720,False,Toyota Highlander,Toyota,"19,000 miles",32998,Highlander LE,2020 Toyota,carmax,19000,32998,Highlander,LE,2020,2020-toyota-highlander-le,286674357622748056298936433352862663358
2721,False,Toyota Highlander,Toyota,"31,000 miles",29998,Highlander LE,2020 Toyota,carmax,31000,29998,Highlander,LE,2020,2020-toyota-highlander-le,286674357622748056298936433352862663358
2722,False,Toyota Highlander,Toyota,"40,000 miles",27998,Highlander LE,2020 Toyota,carmax,40000,27998,Highlander,LE,2020,2020-toyota-highlander-le,286674357622748056298936433352862663358
2723,False,Toyota Highlander,Toyota,"71,000 miles",31998,Highlander Limited,2020 Toyota,carmax,71000,31998,Highlander,Limited,2020,2020-toyota-highlander-limited,70985232917408316820964215432199079418
2724,False,Toyota Highlander,Toyota,"71,000 miles",28998,Highlander Limited,2020 Toyota,carmax,71000,28998,Highlander,Limited,2020,2020-toyota-highlander-limited,70985232917408316820964215432199079418
2725,False,Toyota Highlander,Toyota,"74,000 miles",32998,Highlander Limited,2020 Toyota,carmax,74000,32998,Highlander,Limited,2020,2020-toyota-highlander-limited,70985232917408316820964215432199079418
2726,False,Toyota Highlander,Toyota,"60,000 miles",32998,Highlander Limited,2020 Toyota,carmax,60000,32998,Highlander,Limited,2020,2020-toyota-highlander-limited,70985232917408316820964215432199079418
2727,False,Toyota Highlander,Toyota,"48,000 miles",34998,Highlander Limited,2020 Toyota,carmax,48000,34998,Highlander,Limited,2020,2020-toyota-highlander-limited,70985232917408316820964215432199079418
2728,False,Toyota Highlander,Toyota,"87,000 miles",28998,Highlander Limited,2020 Toyota,carmax,87000,28998,Highlander,Limited,2020,2020-toyota-highlander-limited,70985232917408316820964215432199079418
2729,False,Toyota Highlander,Toyota,"23,000 miles",39998,Highlander Platinum,2020 Toyota,carmax,23000,39998,Highlander,Platinum,2020,2020-toyota-highlander-platinum,118994557956941368179081845748807660953
2730,False,Toyota Highlander,Toyota,"65,000 miles",34998,Highlander Platinum,2020 Toyota,carmax,65000,34998,Highlander,Platinum,2020,2020-toyota-highlander-platinum,118994557956941368179081845748807660953
2731,False,Toyota Highlander,Toyota,"108,000 miles",26998,Highlander Platinum,2020 Toyota,carmax,108000,26998,Highlander,Platinum,2020,2020-toyota-highlander-platinum,118994557956941368179081845748807660953
2732,False,Toyota Highlander,Toyota,"116,000 miles",28998,Highlander Platinum,2020 Toyota,carmax,116000,28998,Highlander,Platinum,2020,2020-toyota-highlander-platinum,118994557956941368179081845748807660953
2733,False,Toyota Highlander,Toyota,"51,000 miles",32998,Highlander XLE,2020 Toyota,carmax,51000,32998,Highlander,XLE,2020,2020-toyota-highlander-xle,157309879783677917668555745805239032119
2734,False,Toyota Highlander,Toyota,"36,000 miles",32998,Highlander XLE,2020 Toyota,carmax,36000,32998,Highlander,XLE,2020,2020-toyota-highlander-xle,157309879783677917668555745805239032119
2735,False,Toyota Highlander,Toyota,"60,000 miles",28998,Highlander XLE,2020 Toyota,carmax,60000,28998,Highlander,XLE,2020,2020-toyota-highlander-xle,157309879783677917668555745805239032119
2736,False,Toyota Highlander,Toyota,"54,000 miles",29998,Highlander XLE,2020 Toyota,carmax,54000,29998,Highlander,XLE,2020,2020-toyota-highlander-xle,157309879783677917668555745805239032119
2737,False,Toyota Highlander,Toyota,"86,000 miles",27998,Highlander XLE,2020 Toyota,carmax,86000,27998,Highlander,XLE,2020,2020-toyota-highlander-xle,157309879783677917668555745805239032119
2738,False,Toyota Highlander,Toyota,"54,000 miles",29998,Highlander XLE,2020 Toyota,carmax,54000,29998,Highlander,XLE,2020,2020-toyota-highlander-xle,157309879783677917668555745805239032119
2739,False,Toyota Highlander,Toyota,"46,000 miles",31998,Highlander XLE,2020 Toyota,carmax,46000,31998,Highlander,XLE,2020,2020-toyota-highlander-xle,157309879783677917668555745805239032119
2740,False,Toyota Highlander,Toyota,"59,000 miles",30998,Highlander XLE,2020 Toyota,carmax,59000,30998,Highlander,XLE,2020,2020-toyota-highlander-xle,157309879783677917668555745805239032119
2741,False,Toyota Highlander,Toyota,"108,000 miles",23998,Highlander XLE,2020 Toyota,carmax,108000,23998,Highlander,XLE,2020,2020-toyota-highlander-xle,157309879783677917668555745805239032119
2742,False,Toyota Highlander,Toyota,"77,000 miles",26998,Highlander XLE,2020 Toyota,carmax,77000,26998,Highlander,XLE,2020,2020-toyota-highlander-xle,157309879783677917668555745805239032119
2743,False,Toyota Highlander,Toyota,"46,000 miles",30998,Highlander XLE,2020 Toyota,carmax,46000,30998,Highlander,XLE,2020,2020-toyota-highlander-xle,157309879783677917668555745805239032119
2744,False,Toyota Highlander,Toyota,"30,000 miles",33998,Highlander XLE,2020 Toyota,carmax,30000,33998,Highlander,XLE,2020,2020-toyota-highlander-xle,157309879783677917668555745805239032119
2745,False,Toyota Highlander,Toyota,"38,000 miles",33998,Highlander XLE,2020 Toyota,carmax,38000,33998,Highlander,XLE,2020,2020-toyota-highlander-xle,157309879783677917668555745805239032119
2746,False,Toyota Sequoia,Toyota,"100,000 miles",41998,Sequoia Platinum,2020 Toyota,carmax,100000,41998,Sequoia,Platinum,2020,2020-toyota-sequoia-platinum,205455023744758921274254870006494133065
2747,False,Toyota Sequoia,Toyota,"81,000 miles",46998,Sequoia Platinum,2020 Toyota,carmax,81000,46998,Sequoia,Platinum,2020,2020-toyota-sequoia-platinum,205455023744758921274254870006494133065
2748,False,Toyota Sequoia,Toyota,"26,000 miles",53998,Sequoia SR5,2020 Toyota,carmax,26000,53998,Sequoia,SR5,2020,2020-toyota-sequoia-sr5,3937208085257883421214806589966922652
2749,True,Cadillac Escalade,Cadillac,"56,000 miles",62998,Escalade ESV Premium Luxury,2021 Cadillac,carmax,56000,62998,Escalade,Premium Luxury,2021,2021-cadillac-escalade-premium luxury,293762766253550216246556967809803988854
2750,True,Cadillac Escalade,Cadillac,"26,000 miles",70998,Escalade ESV Premium Luxury,2021 Cadillac,carmax,26000,70998,Escalade,Premium Luxury,2021,2021-cadillac-escalade-premium luxury,293762766253550216246556967809803988854
2751,True,Cadillac Escalade,Cadillac,"58,000 miles",62998,Escalade ESV Premium Luxury,2021 Cadillac,carmax,58000,62998,Escalade,Premium Luxury,2021,2021-cadillac-escalade-premium luxury,293762766253550216246556967809803988854
2752,True,Cadillac Escalade,Cadillac,"54,000 miles",63998,Escalade ESV Premium Luxury,2021 Cadillac,carmax,54000,63998,Escalade,Premium Luxury,2021,2021-cadillac-escalade-premium luxury,293762766253550216246556967809803988854
2753,True,Cadillac Escalade,Cadillac,"25,000 miles",70998,Escalade ESV Premium Luxury,2021 Cadillac,carmax,25000,70998,Escalade,Premium Luxury,2021,2021-cadillac-escalade-premium luxury,293762766253550216246556967809803988854
2754,True,Cadillac Escalade,Cadillac,"22,000 miles",72998,Escalade ESV Premium Luxury Platinum,2021 Cadillac,carmax,22000,72998,Escalade,Premium Luxury Platinum,2021,2021-cadillac-escalade-premium luxury platinum,250506685783444461355703770987424128830
2755,True,Cadillac Escalade,Cadillac,"49,000 miles",67998,Escalade ESV Premium Luxury Platinum,2021 Cadillac,carmax,49000,67998,Escalade,Premium Luxury Platinum,2021,2021-cadillac-escalade-premium luxury platinum,250506685783444461355703770987424128830
2756,True,Cadillac Escalade,Cadillac,"31,000 miles",70998,Escalade ESV Premium Luxury Platinum,2021 Cadillac,carmax,31000,70998,Escalade,Premium Luxury Platinum,2021,2021-cadillac-escalade-premium luxury platinum,250506685783444461355703770987424128830
2757,True,Cadillac Escalade,Cadillac,"40,000 miles",69998,Escalade ESV Sport,2021 Cadillac,carmax,40000,69998,Escalade,Sport,2021,2021-cadillac-escalade-sport,289300328706553535123699279195812120516
2758,True,Cadillac Escalade,Cadillac,"54,000 miles",64998,Escalade ESV Sport,2021 Cadillac,carmax,54000,64998,Escalade,Sport,2021,2021-cadillac-escalade-sport,289300328706553535123699279195812120516
2759,True,Cadillac Escalade,Cadillac,"26,000 miles",68998,Escalade ESV Sport,2021 Cadillac,carmax,26000,68998,Escalade,Sport,2021,2021-cadillac-escalade-sport,289300328706553535123699279195812120516
2760,True,Cadillac Escalade,Cadillac,"34,000 miles",75998,Escalade ESV Sport Platinum,2021 Cadillac,carmax,34000,75998,Escalade,Sport Platinum,2021,2021-cadillac-escalade-sport platinum,273064584054172714476905491829481539840
2761,True,Cadillac Escalade,Cadillac,"54,000 miles",68998,Escalade ESV Sport Platinum,2021 Cadillac,carmax,54000,68998,Escalade,Sport Platinum,2021,2021-cadillac-escalade-sport platinum,273064584054172714476905491829481539840
2762,True,Cadillac Escalade,Cadillac,"26,000 miles",77998,Escalade ESV Sport Platinum,2021 Cadillac,carmax,26000,77998,Escalade,Sport Platinum,2021,2021-cadillac-escalade-sport platinum,273064584054172714476905491829481539840
2763,True,Cadillac Escalade,Cadillac,"31,000 miles",59998,Escalade Luxury,2021 Cadillac,carmax,31000,59998,Escalade,Luxury,2021,2021-cadillac-escalade-luxury,110043858230288123938471879877510439673
2764,True,Cadillac Escalade,Cadillac,"42,000 miles",65998,Escalade Premium Luxury,2021 Cadillac,carmax,42000,65998,Escalade,Premium Luxury,2021,2021-cadillac-escalade-premium luxury,293762766253550216246556967809803988854
2765,True,Cadillac Escalade,Cadillac,"40,000 miles",69998,Escalade Premium Luxury Platinum,2021 Cadillac,carmax,40000,69998,Escalade,Premium Luxury Platinum,2021,2021-cadillac-escalade-premium luxury platinum,250506685783444461355703770987424128830
2766,True,Cadillac Escalade,Cadillac,"48,000 miles",65998,Escalade Sport,2021 Cadillac,carmax,48000,65998,Escalade,Sport,2021,2021-cadillac-escalade-sport,289300328706553535123699279195812120516
2767,True,Cadillac Escalade,Cadillac,"54,000 miles",66998,Escalade Sport,2021 Cadillac,carmax,54000,66998,Escalade,Sport,2021,2021-cadillac-escalade-sport,289300328706553535123699279195812120516
2768,True,Cadillac Escalade,Cadillac,"46,000 miles",68998,Escalade Sport,2021 Cadillac,carmax,46000,68998,Escalade,Sport,2021,2021-cadillac-escalade-sport,289300328706553535123699279195812120516
2769,True,Cadillac Escalade,Cadillac,"50,000 miles",67998,Escalade Sport,2021 Cadillac,carmax,50000,67998,Escalade,Sport,2021,2021-cadillac-escalade-sport,289300328706553535123699279195812120516
2770,True,Cadillac Escalade,Cadillac,"55,000 miles",67998,Escalade Sport,2021 Cadillac,carmax,55000,67998,Escalade,Sport,2021,2021-cadillac-escalade-sport,289300328706553535123699279195812120516
2771,True,Cadillac Escalade,Cadillac,"56,000 miles",60998,Escalade Sport,2021 Cadillac,carmax,56000,60998,Escalade,Sport,2021,2021-cadillac-escalade-sport,289300328706553535123699279195812120516
2772,True,Cadillac Escalade,Cadillac,"44,000 miles",65998,Escalade Sport,2021 Cadillac,carmax,44000,65998,Escalade,Sport,2021,2021-cadillac-escalade-sport,289300328706553535123699279195812120516
2773,True,Cadillac Escalade,Cadillac,"53,000 miles",66998,Escalade Sport Platinum,2021 Cadillac,carmax,53000,66998,Escalade,Sport Platinum,2021,2021-cadillac-escalade-sport platinum,273064584054172714476905491829481539840
2774,True,Cadillac Escalade,Cadillac,"42,000 miles",71998,Escalade Sport Platinum,2021 Cadillac,carmax,42000,71998,Escalade,Sport Platinum,2021,2021-cadillac-escalade-sport platinum,273064584054172714476905491829481539840
2775,True,Chevrolet Suburban 1500,Chevrolet,"42,000 miles",58998,Suburban 1500 High Country,2021 Chevrolet,carmax,42000,58998,Suburban 1500,High Country,2021,2021-chevrolet-suburban 1500-high country,212128113445568030908635445264961249944
2776,True,Chevrolet Suburban 1500,Chevrolet,"27,000 miles",62998,Suburban 1500 High Country,2021 Chevrolet,carmax,27000,62998,Suburban 1500,High Country,2021,2021-chevrolet-suburban 1500-high country,212128113445568030908635445264961249944
2777,True,Chevrolet Suburban 1500,Chevrolet,"55,000 miles",57998,Suburban 1500 High Country,2021 Chevrolet,carmax,55000,57998,Suburban 1500,High Country,2021,2021-chevrolet-suburban 1500-high country,212128113445568030908635445264961249944
2778,True,Chevrolet Suburban 1500,Chevrolet,"52,000 miles",57998,Suburban 1500 High Country,2021 Chevrolet,carmax,52000,57998,Suburban 1500,High Country,2021,2021-chevrolet-suburban 1500-high country,212128113445568030908635445264961249944
2779,True,Chevrolet Suburban 1500,Chevrolet,"15,000 miles",51998,Suburban 1500 LS,2021 Chevrolet,carmax,15000,51998,Suburban 1500,LS,2021,2021-chevrolet-suburban 1500-ls,72288797477657910468540492554874168437
2780,True,Chevrolet Suburban 1500,Chevrolet,"25,000 miles",47998,Suburban 1500 LS,2021 Chevrolet,carmax,25000,47998,Suburban 1500,LS,2021,2021-chevrolet-suburban 1500-ls,72288797477657910468540492554874168437
2781,True,Chevrolet Suburban 1500,Chevrolet,"39,000 miles",53998,Suburban 1500 LT,2021 Chevrolet,carmax,39000,53998,Suburban 1500,LT,2021,2021-chevrolet-suburban 1500-lt,26178939344449946220498629299715254640
2782,True,Chevrolet Suburban 1500,Chevrolet,"41,000 miles",49998,Suburban 1500 LT,2021 Chevrolet,carmax,41000,49998,Suburban 1500,LT,2021,2021-chevrolet-suburban 1500-lt,26178939344449946220498629299715254640
2783,True,Chevrolet Suburban 1500,Chevrolet,"55,000 miles",47998,Suburban 1500 LT,2021 Chevrolet,carmax,55000,47998,Suburban 1500,LT,2021,2021-chevrolet-suburban 1500-lt,26178939344449946220498629299715254640
2784,True,Chevrolet Suburban 1500,Chevrolet,"70,000 miles",44998,Suburban 1500 LT,2021 Chevrolet,carmax,70000,44998,Suburban 1500,LT,2021,2021-chevrolet-suburban 1500-lt,26178939344449946220498629299715254640
2785,True,Chevrolet Suburban 1500,Chevrolet,"59,000 miles",48998,Suburban 1500 LT,2021 Chevrolet,carmax,59000,48998,Suburban 1500,LT,2021,2021-chevrolet-suburban 1500-lt,26178939344449946220498629299715254640
2786,True,Chevrolet Suburban 1500,Chevrolet,"28,000 miles",54998,Suburban 1500 LT,2021 Chevrolet,carmax,28000,54998,Suburban 1500,LT,2021,2021-chevrolet-suburban 1500-lt,26178939344449946220498629299715254640
2787,True,Chevrolet Suburban 1500,Chevrolet,"52,000 miles",47998,Suburban 1500 Premier,2021 Chevrolet,carmax,52000,47998,Suburban 1500,Premier,2021,2021-chevrolet-suburban 1500-premier,318032956787507714139183083308936033878
2788,True,Chevrolet Suburban 1500,Chevrolet,"63,000 miles",48998,Suburban 1500 RST,2021 Chevrolet,carmax,63000,48998,Suburban 1500,RST,2021,2021-chevrolet-suburban 1500-rst,64295410078443646518057504713084958535
2789,True,Chevrolet Suburban 1500,Chevrolet,"46,000 miles",54998,Suburban 1500 RST,2021 Chevrolet,carmax,46000,54998,Suburban 1500,RST,2021,2021-chevrolet-suburban 1500-rst,64295410078443646518057504713084958535
2790,True,Chevrolet Suburban 1500,Chevrolet,"41,000 miles",60998,Suburban 1500 Z71,2021 Chevrolet,carmax,41000,60998,Suburban 1500,Z71,2021,2021-chevrolet-suburban 1500-z71,28573211913954570932668770294297831247
2791,True,Chevrolet Suburban 1500,Chevrolet,"58,000 miles",53998,Suburban 1500 Z71,2021 Chevrolet,carmax,58000,53998,Suburban 1500,Z71,2021,2021-chevrolet-suburban 1500-z71,28573211913954570932668770294297831247
2792,True,Chevrolet Suburban 1500,Chevrolet,"30,000 miles",60998,Suburban 1500 Z71,2021 Chevrolet,carmax,30000,60998,Suburban 1500,Z71,2021,2021-chevrolet-suburban 1500-z71,28573211913954570932668770294297831247
2793,True,Chevrolet Suburban 1500,Chevrolet,"36,000 miles",57998,Suburban 1500 Z71,2021 Chevrolet,carmax,36000,57998,Suburban 1500,Z71,2021,2021-chevrolet-suburban 1500-z71,28573211913954570932668770294297831247
2794,True,Chevrolet Suburban 1500,Chevrolet,"33,000 miles",59998,Suburban 1500 Z71,2021 Chevrolet,carmax,33000,59998,Suburban 1500,Z71,2021,2021-chevrolet-suburban 1500-z71,28573211913954570932668770294297831247
2795,True,Chevrolet Tahoe,Chevrolet,"57,000 miles",56998,Tahoe High Country,2021 Chevrolet,carmax,57000,56998,Tahoe,High Country,2021,2021-chevrolet-tahoe-high country,234939436922928988537997269389546575883
2796,True,Chevrolet Tahoe,Chevrolet,"34,000 miles",53998,Tahoe High Country,2021 Chevrolet,carmax,34000,53998,Tahoe,High Country,2021,2021-chevrolet-tahoe-high country,234939436922928988537997269389546575883
2797,True,Chevrolet Tahoe,Chevrolet,"63,000 miles",47998,Tahoe High Country,2021 Chevrolet,carmax,63000,47998,Tahoe,High Country,2021,2021-chevrolet-tahoe-high country,234939436922928988537997269389546575883
2798,True,Chevrolet Tahoe,Chevrolet,"87,000 miles",46998,Tahoe High Country,2021 Chevrolet,carmax,87000,46998,Tahoe,High Country,2021,2021-chevrolet-tahoe-high country,234939436922928988537997269389546575883
2799,True,Chevrolet Tahoe,Chevrolet,"104,000 miles",42998,Tahoe High Country,2021 Chevrolet,carmax,104000,42998,Tahoe,High Country,2021,2021-chevrolet-tahoe-high country,234939436922928988537997269389546575883
2800,True,Chevrolet Tahoe,Chevrolet,"56,000 miles",49998,Tahoe High Country,2021 Chevrolet,carmax,56000,49998,Tahoe,High Country,2021,2021-chevrolet-tahoe-high country,234939436922928988537997269389546575883
2801,True,Chevrolet Tahoe,Chevrolet,"21,000 miles",59998,Tahoe High Country,2021 Chevrolet,carmax,21000,59998,Tahoe,High Country,2021,2021-chevrolet-tahoe-high country,234939436922928988537997269389546575883
2802,True,Chevrolet Tahoe,Chevrolet,"39,000 miles",56998,Tahoe High Country,2021 Chevrolet,carmax,39000,56998,Tahoe,High Country,2021,2021-chevrolet-tahoe-high country,234939436922928988537997269389546575883
2803,True,Chevrolet Tahoe,Chevrolet,"59,000 miles",49998,Tahoe High Country,2021 Chevrolet,carmax,59000,49998,Tahoe,High Country,2021,2021-chevrolet-tahoe-high country,234939436922928988537997269389546575883
2804,True,Chevrolet Tahoe,Chevrolet,"86,000 miles",45998,Tahoe High Country,2021 Chevrolet,carmax,86000,45998,Tahoe,High Country,2021,2021-chevrolet-tahoe-high country,234939436922928988537997269389546575883
2805,True,Chevrolet Tahoe,Chevrolet,"54,000 miles",53998,Tahoe High Country,2021 Chevrolet,carmax,54000,53998,Tahoe,High Country,2021,2021-chevrolet-tahoe-high country,234939436922928988537997269389546575883
2806,True,Chevrolet Tahoe,Chevrolet,"71,000 miles",39998,Tahoe LS,2021 Chevrolet,carmax,71000,39998,Tahoe,LS,2021,2021-chevrolet-tahoe-ls,37158885364096837568960688121845673962
2807,True,Chevrolet Tahoe,Chevrolet,"71,000 miles",38998,Tahoe LS,2021 Chevrolet,carmax,71000,38998,Tahoe,LS,2021,2021-chevrolet-tahoe-ls,37158885364096837568960688121845673962
2808,True,Chevrolet Tahoe,Chevrolet,"88,000 miles",43998,Tahoe LT,2021 Chevrolet,carmax,88000,43998,Tahoe,LT,2021,2021-chevrolet-tahoe-lt,65717469395536328278525000935612798121
2809,True,Chevrolet Tahoe,Chevrolet,"60,000 miles",44998,Tahoe LT,2021 Chevrolet,carmax,60000,44998,Tahoe,LT,2021,2021-chevrolet-tahoe-lt,65717469395536328278525000935612798121
2810,True,Chevrolet Tahoe,Chevrolet,"30,000 miles",49998,Tahoe LT,2021 Chevrolet,carmax,30000,49998,Tahoe,LT,2021,2021-chevrolet-tahoe-lt,65717469395536328278525000935612798121
2811,True,Chevrolet Tahoe,Chevrolet,"82,000 miles",41998,Tahoe LT,2021 Chevrolet,carmax,82000,41998,Tahoe,LT,2021,2021-chevrolet-tahoe-lt,65717469395536328278525000935612798121
2812,True,Chevrolet Tahoe,Chevrolet,"61,000 miles",42998,Tahoe LT,2021 Chevrolet,carmax,61000,42998,Tahoe,LT,2021,2021-chevrolet-tahoe-lt,65717469395536328278525000935612798121
2813,True,Chevrolet Tahoe,Chevrolet,"43,000 miles",50998,Tahoe LT,2021 Chevrolet,carmax,43000,50998,Tahoe,LT,2021,2021-chevrolet-tahoe-lt,65717469395536328278525000935612798121
2814,True,Chevrolet Tahoe,Chevrolet,"52,000 miles",48998,Tahoe LT,2021 Chevrolet,carmax,52000,48998,Tahoe,LT,2021,2021-chevrolet-tahoe-lt,65717469395536328278525000935612798121
2815,True,Chevrolet Tahoe,Chevrolet,"36,000 miles",51998,Tahoe LT,2021 Chevrolet,carmax,36000,51998,Tahoe,LT,2021,2021-chevrolet-tahoe-lt,65717469395536328278525000935612798121
2816,True,Chevrolet Tahoe,Chevrolet,"50,000 miles",48998,Tahoe LT,2021 Chevrolet,carmax,50000,48998,Tahoe,LT,2021,2021-chevrolet-tahoe-lt,65717469395536328278525000935612798121
2817,True,Chevrolet Tahoe,Chevrolet,"39,000 miles",48998,Tahoe LT,2021 Chevrolet,carmax,39000,48998,Tahoe,LT,2021,2021-chevrolet-tahoe-lt,65717469395536328278525000935612798121
2818,True,Chevrolet Tahoe,Chevrolet,"40,000 miles",49998,Tahoe LT,2021 Chevrolet,carmax,40000,49998,Tahoe,LT,2021,2021-chevrolet-tahoe-lt,65717469395536328278525000935612798121
2819,True,Chevrolet Tahoe,Chevrolet,"50,000 miles",46998,Tahoe LT,2021 Chevrolet,carmax,50000,46998,Tahoe,LT,2021,2021-chevrolet-tahoe-lt,65717469395536328278525000935612798121
2820,True,Chevrolet Tahoe,Chevrolet,"58,000 miles",47998,Tahoe LT,2021 Chevrolet,carmax,58000,47998,Tahoe,LT,2021,2021-chevrolet-tahoe-lt,65717469395536328278525000935612798121
2821,True,Chevrolet Tahoe,Chevrolet,"58,000 miles",43998,Tahoe LT,2021 Chevrolet,carmax,58000,43998,Tahoe,LT,2021,2021-chevrolet-tahoe-lt,65717469395536328278525000935612798121
2822,True,Chevrolet Tahoe,Chevrolet,"77,000 miles",44998,Tahoe LT,2021 Chevrolet,carmax,77000,44998,Tahoe,LT,2021,2021-chevrolet-tahoe-lt,65717469395536328278525000935612798121
2823,True,Chevrolet Tahoe,Chevrolet,"35,000 miles",51998,Tahoe LT,2021 Chevrolet,carmax,35000,51998,Tahoe,LT,2021,2021-chevrolet-tahoe-lt,65717469395536328278525000935612798121
2824,True,Chevrolet Tahoe,Chevrolet,"19,000 miles",53998,Tahoe LT,2021 Chevrolet,carmax,19000,53998,Tahoe,LT,2021,2021-chevrolet-tahoe-lt,65717469395536328278525000935612798121
2825,True,Chevrolet Tahoe,Chevrolet,"96,000 miles",36998,Tahoe LT,2021 Chevrolet,carmax,96000,36998,Tahoe,LT,2021,2021-chevrolet-tahoe-lt,65717469395536328278525000935612798121
2826,True,Chevrolet Tahoe,Chevrolet,"74,000 miles",43998,Tahoe LT,2021 Chevrolet,carmax,74000,43998,Tahoe,LT,2021,2021-chevrolet-tahoe-lt,65717469395536328278525000935612798121
2827,True,Chevrolet Tahoe,Chevrolet,"65,000 miles",44998,Tahoe LT,2021 Chevrolet,carmax,65000,44998,Tahoe,LT,2021,2021-chevrolet-tahoe-lt,65717469395536328278525000935612798121
2828,True,Chevrolet Tahoe,Chevrolet,"51,000 miles",48998,Tahoe LT,2021 Chevrolet,carmax,51000,48998,Tahoe,LT,2021,2021-chevrolet-tahoe-lt,65717469395536328278525000935612798121
2829,True,Chevrolet Tahoe,Chevrolet,"82,000 miles",41998,Tahoe LT,2021 Chevrolet,carmax,82000,41998,Tahoe,LT,2021,2021-chevrolet-tahoe-lt,65717469395536328278525000935612798121
2830,True,Chevrolet Tahoe,Chevrolet,"83,000 miles",40998,Tahoe LT,2021 Chevrolet,carmax,83000,40998,Tahoe,LT,2021,2021-chevrolet-tahoe-lt,65717469395536328278525000935612798121
2831,True,Chevrolet Tahoe,Chevrolet,"79,000 miles",46998,Tahoe Premier,2021 Chevrolet,carmax,79000,46998,Tahoe,Premier,2021,2021-chevrolet-tahoe-premier,213713303898359209710500916867506127438
2832,True,Chevrolet Tahoe,Chevrolet,"66,000 miles",45998,Tahoe Premier,2021 Chevrolet,carmax,66000,45998,Tahoe,Premier,2021,2021-chevrolet-tahoe-premier,213713303898359209710500916867506127438
2833,True,Chevrolet Tahoe,Chevrolet,"51,000 miles",55998,Tahoe Premier,2021 Chevrolet,carmax,51000,55998,Tahoe,Premier,2021,2021-chevrolet-tahoe-premier,213713303898359209710500916867506127438
2834,True,Chevrolet Tahoe,Chevrolet,"89,000 miles",45998,Tahoe Premier,2021 Chevrolet,carmax,89000,45998,Tahoe,Premier,2021,2021-chevrolet-tahoe-premier,213713303898359209710500916867506127438
2835,True,Chevrolet Tahoe,Chevrolet,"55,000 miles",51998,Tahoe Premier,2021 Chevrolet,carmax,55000,51998,Tahoe,Premier,2021,2021-chevrolet-tahoe-premier,213713303898359209710500916867506127438
2836,True,Chevrolet Tahoe,Chevrolet,"84,000 miles",46998,Tahoe Premier,2021 Chevrolet,carmax,84000,46998,Tahoe,Premier,2021,2021-chevrolet-tahoe-premier,213713303898359209710500916867506127438
2837,True,Chevrolet Tahoe,Chevrolet,"49,000 miles",48998,Tahoe Premier,2021 Chevrolet,carmax,49000,48998,Tahoe,Premier,2021,2021-chevrolet-tahoe-premier,213713303898359209710500916867506127438
2838,True,Chevrolet Tahoe,Chevrolet,"43,000 miles",55998,Tahoe RST,2021 Chevrolet,carmax,43000,55998,Tahoe,RST,2021,2021-chevrolet-tahoe-rst,249717189839671551135659449854655341182
2839,True,Chevrolet Tahoe,Chevrolet,"57,000 miles",54998,Tahoe RST,2021 Chevrolet,carmax,57000,54998,Tahoe,RST,2021,2021-chevrolet-tahoe-rst,249717189839671551135659449854655341182
2840,True,Chevrolet Tahoe,Chevrolet,"68,000 miles",45998,Tahoe RST,2021 Chevrolet,carmax,68000,45998,Tahoe,RST,2021,2021-chevrolet-tahoe-rst,249717189839671551135659449854655341182
2841,True,Chevrolet Tahoe,Chevrolet,"45,000 miles",53998,Tahoe RST,2021 Chevrolet,carmax,45000,53998,Tahoe,RST,2021,2021-chevrolet-tahoe-rst,249717189839671551135659449854655341182
2842,True,Chevrolet Tahoe,Chevrolet,"55,000 miles",56998,Tahoe RST,2021 Chevrolet,carmax,55000,56998,Tahoe,RST,2021,2021-chevrolet-tahoe-rst,249717189839671551135659449854655341182
2843,True,Chevrolet Tahoe,Chevrolet,"80,000 miles",44998,Tahoe RST,2021 Chevrolet,carmax,80000,44998,Tahoe,RST,2021,2021-chevrolet-tahoe-rst,249717189839671551135659449854655341182
2844,True,Chevrolet Tahoe,Chevrolet,"62,000 miles",48998,Tahoe RST,2021 Chevrolet,carmax,62000,48998,Tahoe,RST,2021,2021-chevrolet-tahoe-rst,249717189839671551135659449854655341182
2845,True,Chevrolet Tahoe,Chevrolet,"55,000 miles",51998,Tahoe RST,2021 Chevrolet,carmax,55000,51998,Tahoe,RST,2021,2021-chevrolet-tahoe-rst,249717189839671551135659449854655341182
2846,True,Chevrolet Tahoe,Chevrolet,"44,000 miles",56998,Tahoe Z71,2021 Chevrolet,carmax,44000,56998,Tahoe,Z71,2021,2021-chevrolet-tahoe-z71,137455513310571561287944499781871065657
2847,True,Chevrolet Tahoe,Chevrolet,"55,000 miles",55998,Tahoe Z71,2021 Chevrolet,carmax,55000,55998,Tahoe,Z71,2021,2021-chevrolet-tahoe-z71,137455513310571561287944499781871065657
2848,True,Chevrolet Tahoe,Chevrolet,"43,000 miles",56998,Tahoe Z71,2021 Chevrolet,carmax,43000,56998,Tahoe,Z71,2021,2021-chevrolet-tahoe-z71,137455513310571561287944499781871065657
2849,True,Chevrolet Tahoe,Chevrolet,"45,000 miles",57998,Tahoe Z71,2021 Chevrolet,carmax,45000,57998,Tahoe,Z71,2021,2021-chevrolet-tahoe-z71,137455513310571561287944499781871065657
2850,True,Chevrolet Tahoe,Chevrolet,"41,000 miles",55998,Tahoe Z71,2021 Chevrolet,carmax,41000,55998,Tahoe,Z71,2021,2021-chevrolet-tahoe-z71,137455513310571561287944499781871065657
2851,True,Chevrolet Tahoe,Chevrolet,"26,000 miles",58998,Tahoe Z71,2021 Chevrolet,carmax,26000,58998,Tahoe,Z71,2021,2021-chevrolet-tahoe-z71,137455513310571561287944499781871065657
2852,True,Chevrolet Tahoe,Chevrolet,"71,000 miles",49998,Tahoe Z71,2021 Chevrolet,carmax,71000,49998,Tahoe,Z71,2021,2021-chevrolet-tahoe-z71,137455513310571561287944499781871065657
2853,True,Chevrolet Tahoe,Chevrolet,"80,000 miles",49998,Tahoe Z71,2021 Chevrolet,carmax,80000,49998,Tahoe,Z71,2021,2021-chevrolet-tahoe-z71,137455513310571561287944499781871065657
2854,True,Chevrolet Tahoe,Chevrolet,"49,000 miles",51998,Tahoe Z71,2021 Chevrolet,carmax,49000,51998,Tahoe,Z71,2021,2021-chevrolet-tahoe-z71,137455513310571561287944499781871065657
2855,True,Chevrolet Tahoe,Chevrolet,"37,000 miles",58998,Tahoe Z71,2021 Chevrolet,carmax,37000,58998,Tahoe,Z71,2021,2021-chevrolet-tahoe-z71,137455513310571561287944499781871065657
2856,True,Chevrolet Tahoe,Chevrolet,"103,000 miles",39998,Tahoe Z71,2021 Chevrolet,carmax,103000,39998,Tahoe,Z71,2021,2021-chevrolet-tahoe-z71,137455513310571561287944499781871065657
2857,True,Chevrolet Tahoe,Chevrolet,"65,000 miles",49998,Tahoe Z71,2021 Chevrolet,carmax,65000,49998,Tahoe,Z71,2021,2021-chevrolet-tahoe-z71,137455513310571561287944499781871065657
2858,True,Chevrolet Tahoe,Chevrolet,"75,000 miles",47998,Tahoe Z71,2021 Chevrolet,carmax,75000,47998,Tahoe,Z71,2021,2021-chevrolet-tahoe-z71,137455513310571561287944499781871065657
2859,True,Chevrolet Tahoe,Chevrolet,"26,000 miles",57998,Tahoe Z71,2021 Chevrolet,carmax,26000,57998,Tahoe,Z71,2021,2021-chevrolet-tahoe-z71,137455513310571561287944499781871065657
2860,True,Chevrolet Tahoe,Chevrolet,"44,000 miles",56998,Tahoe Z71,2021 Chevrolet,carmax,44000,56998,Tahoe,Z71,2021,2021-chevrolet-tahoe-z71,137455513310571561287944499781871065657
2861,True,Chevrolet Tahoe,Chevrolet,"56,000 miles",51998,Tahoe Z71,2021 Chevrolet,carmax,56000,51998,Tahoe,Z71,2021,2021-chevrolet-tahoe-z71,137455513310571561287944499781871065657
2862,True,Chevrolet Tahoe,Chevrolet,"54,000 miles",55998,Tahoe Z71,2021 Chevrolet,carmax,54000,55998,Tahoe,Z71,2021,2021-chevrolet-tahoe-z71,137455513310571561287944499781871065657
2863,True,Chevrolet Tahoe,Chevrolet,"60,000 miles",54998,Tahoe Z71,2021 Chevrolet,carmax,60000,54998,Tahoe,Z71,2021,2021-chevrolet-tahoe-z71,137455513310571561287944499781871065657
2864,True,Chevrolet Tahoe,Chevrolet,"85,000 miles",48998,Tahoe Z71,2021 Chevrolet,carmax,85000,48998,Tahoe,Z71,2021,2021-chevrolet-tahoe-z71,137455513310571561287944499781871065657
2865,True,GMC Yukon,GMC,"81,000 miles",50998,Yukon AT4,2021 GMC,carmax,81000,50998,Yukon,AT4,2021,2021-gmc-yukon-at4,24875809044899798333957083178719583760
2866,True,GMC Yukon,GMC,"68,000 miles",48998,Yukon AT4,2021 GMC,carmax,68000,48998,Yukon,AT4,2021,2021-gmc-yukon-at4,24875809044899798333957083178719583760
2867,True,GMC Yukon,GMC,"87,000 miles",49998,Yukon Denali,2021 GMC,carmax,87000,49998,Yukon,Denali,2021,2021-gmc-yukon-denali,187687449252130788900274075919375132662
2868,True,GMC Yukon,GMC,"90,000 miles",50998,Yukon Denali,2021 GMC,carmax,90000,50998,Yukon,Denali,2021,2021-gmc-yukon-denali,187687449252130788900274075919375132662
2869,True,GMC Yukon,GMC,"38,000 miles",56998,Yukon Denali,2021 GMC,carmax,38000,56998,Yukon,Denali,2021,2021-gmc-yukon-denali,187687449252130788900274075919375132662
2870,True,GMC Yukon,GMC,"74,000 miles",48998,Yukon Denali,2021 GMC,carmax,74000,48998,Yukon,Denali,2021,2021-gmc-yukon-denali,187687449252130788900274075919375132662
2871,True,GMC Yukon,GMC,"12,000 miles",67998,Yukon Denali,2021 GMC,carmax,12000,67998,Yukon,Denali,2021,2021-gmc-yukon-denali,187687449252130788900274075919375132662
2872,True,GMC Yukon,GMC,"82,000 miles",52998,Yukon Denali,2021 GMC,carmax,82000,52998,Yukon,Denali,2021,2021-gmc-yukon-denali,187687449252130788900274075919375132662
2873,True,GMC Yukon,GMC,"72,000 miles",50998,Yukon Denali,2021 GMC,carmax,72000,50998,Yukon,Denali,2021,2021-gmc-yukon-denali,187687449252130788900274075919375132662
2874,True,GMC Yukon,GMC,"51,000 miles",57998,Yukon Denali,2021 GMC,carmax,51000,57998,Yukon,Denali,2021,2021-gmc-yukon-denali,187687449252130788900274075919375132662
2875,True,GMC Yukon,GMC,"63,000 miles",58998,Yukon Denali,2021 GMC,carmax,63000,58998,Yukon,Denali,2021,2021-gmc-yukon-denali,187687449252130788900274075919375132662
2876,True,GMC Yukon,GMC,"59,000 miles",56998,Yukon Denali,2021 GMC,carmax,59000,56998,Yukon,Denali,2021,2021-gmc-yukon-denali,187687449252130788900274075919375132662
2877,True,GMC Yukon,GMC,"62,000 miles",51998,Yukon Denali,2021 GMC,carmax,62000,51998,Yukon,Denali,2021,2021-gmc-yukon-denali,187687449252130788900274075919375132662
2878,True,GMC Yukon,GMC,"38,000 miles",61998,Yukon Denali,2021 GMC,carmax,38000,61998,Yukon,Denali,2021,2021-gmc-yukon-denali,187687449252130788900274075919375132662
2879,True,GMC Yukon,GMC,"43,000 miles",55998,Yukon Denali,2021 GMC,carmax,43000,55998,Yukon,Denali,2021,2021-gmc-yukon-denali,187687449252130788900274075919375132662
2880,True,GMC Yukon,GMC,"42,000 miles",58998,Yukon Denali,2021 GMC,carmax,42000,58998,Yukon,Denali,2021,2021-gmc-yukon-denali,187687449252130788900274075919375132662
2881,True,GMC Yukon,GMC,"85,000 miles",52998,Yukon Denali,2021 GMC,carmax,85000,52998,Yukon,Denali,2021,2021-gmc-yukon-denali,187687449252130788900274075919375132662
2882,True,GMC Yukon,GMC,"69,000 miles",52998,Yukon Denali,2021 GMC,carmax,69000,52998,Yukon,Denali,2021,2021-gmc-yukon-denali,187687449252130788900274075919375132662
2883,True,GMC Yukon,GMC,"48,000 miles",58998,Yukon Denali,2021 GMC,carmax,48000,58998,Yukon,Denali,2021,2021-gmc-yukon-denali,187687449252130788900274075919375132662
2884,True,GMC Yukon,GMC,"60,000 miles",52998,Yukon Denali,2021 GMC,carmax,60000,52998,Yukon,Denali,2021,2021-gmc-yukon-denali,187687449252130788900274075919375132662
2885,True,GMC Yukon,GMC,"69,000 miles",49998,Yukon Denali,2021 GMC,carmax,69000,49998,Yukon,Denali,2021,2021-gmc-yukon-denali,187687449252130788900274075919375132662
2886,True,GMC Yukon,GMC,"58,000 miles",55998,Yukon Denali,2021 GMC,carmax,58000,55998,Yukon,Denali,2021,2021-gmc-yukon-denali,187687449252130788900274075919375132662
2887,True,GMC Yukon,GMC,"66,000 miles",54998,Yukon Denali,2021 GMC,carmax,66000,54998,Yukon,Denali,2021,2021-gmc-yukon-denali,187687449252130788900274075919375132662
2888,True,GMC Yukon,GMC,"45,000 miles",59998,Yukon Denali,2021 GMC,carmax,45000,59998,Yukon,Denali,2021,2021-gmc-yukon-denali,187687449252130788900274075919375132662
2889,True,GMC Yukon,GMC,"29,000 miles",44998,Yukon SLE,2021 GMC,carmax,29000,44998,Yukon,SLE,2021,2021-gmc-yukon-sle,71000319939508891152917028214926157483
2890,True,GMC Yukon,GMC,"27,000 miles",47998,Yukon SLE,2021 GMC,carmax,27000,47998,Yukon,SLE,2021,2021-gmc-yukon-sle,71000319939508891152917028214926157483
2891,True,GMC Yukon,GMC,"48,000 miles",46998,Yukon SLT,2021 GMC,carmax,48000,46998,Yukon,SLT,2021,2021-gmc-yukon-slt,20732032209762062436584876434882652819
2892,True,GMC Yukon,GMC,"65,000 miles",46998,Yukon SLT,2021 GMC,carmax,65000,46998,Yukon,SLT,2021,2021-gmc-yukon-slt,20732032209762062436584876434882652819
2893,True,GMC Yukon,GMC,"42,000 miles",50998,Yukon SLT,2021 GMC,carmax,42000,50998,Yukon,SLT,2021,2021-gmc-yukon-slt,20732032209762062436584876434882652819
2894,True,GMC Yukon,GMC,"86,000 miles",41998,Yukon SLT,2021 GMC,carmax,86000,41998,Yukon,SLT,2021,2021-gmc-yukon-slt,20732032209762062436584876434882652819
2895,True,GMC Yukon,GMC,"49,000 miles",51998,Yukon SLT,2021 GMC,carmax,49000,51998,Yukon,SLT,2021,2021-gmc-yukon-slt,20732032209762062436584876434882652819
2896,True,GMC Yukon,GMC,"56,000 miles",48998,Yukon SLT,2021 GMC,carmax,56000,48998,Yukon,SLT,2021,2021-gmc-yukon-slt,20732032209762062436584876434882652819
2897,True,GMC Yukon,GMC,"85,000 miles",46998,Yukon SLT,2021 GMC,carmax,85000,46998,Yukon,SLT,2021,2021-gmc-yukon-slt,20732032209762062436584876434882652819
2898,True,GMC Yukon,GMC,"55,000 miles",48998,Yukon SLT,2021 GMC,carmax,55000,48998,Yukon,SLT,2021,2021-gmc-yukon-slt,20732032209762062436584876434882652819
2899,True,GMC Yukon XL 1500,GMC,"53,000 miles",56998,Yukon XL 1500 AT4,2021 GMC,carmax,53000,56998,Yukon XL 1500,AT4,2021,2021-gmc-yukon xl 1500-at4,104247583189379280835620156822075283683
2900,True,GMC Yukon XL 1500,GMC,"44,000 miles",60998,Yukon XL 1500 Denali,2021 GMC,carmax,44000,60998,Yukon XL 1500,Denali,2021,2021-gmc-yukon xl 1500-denali,286082101161147811404791065898682046526
2901,True,GMC Yukon XL 1500,GMC,"25,000 miles",59998,Yukon XL 1500 Denali,2021 GMC,carmax,25000,59998,Yukon XL 1500,Denali,2021,2021-gmc-yukon xl 1500-denali,286082101161147811404791065898682046526
2902,True,GMC Yukon XL 1500,GMC,"53,000 miles",57998,Yukon XL 1500 Denali,2021 GMC,carmax,53000,57998,Yukon XL 1500,Denali,2021,2021-gmc-yukon xl 1500-denali,286082101161147811404791065898682046526
2903,True,GMC Yukon XL 1500,GMC,"45,000 miles",64998,Yukon XL 1500 Denali,2021 GMC,carmax,45000,64998,Yukon XL 1500,Denali,2021,2021-gmc-yukon xl 1500-denali,286082101161147811404791065898682046526
2904,True,GMC Yukon XL 1500,GMC,"46,000 miles",56998,Yukon XL 1500 Denali,2021 GMC,carmax,46000,56998,Yukon XL 1500,Denali,2021,2021-gmc-yukon xl 1500-denali,286082101161147811404791065898682046526
2905,True,GMC Yukon XL 1500,GMC,"68,000 miles",52998,Yukon XL 1500 Denali,2021 GMC,carmax,68000,52998,Yukon XL 1500,Denali,2021,2021-gmc-yukon xl 1500-denali,286082101161147811404791065898682046526
2906,True,GMC Yukon XL 1500,GMC,"35,000 miles",61998,Yukon XL 1500 Denali,2021 GMC,carmax,35000,61998,Yukon XL 1500,Denali,2021,2021-gmc-yukon xl 1500-denali,286082101161147811404791065898682046526
2907,True,GMC Yukon XL 1500,GMC,"45,000 miles",52998,Yukon XL 1500 SLT,2021 GMC,carmax,45000,52998,Yukon XL 1500,SLT,2021,2021-gmc-yukon xl 1500-slt,62863803399100226162574797677574208271
2908,False,Lexus LC 500,Lexus,"10,000 miles",80998,LC 500,2021 Lexus,carmax,10000,80998,LC 500,-,2021,2021-lexus-lc 500--,292284259976328424127220816226204323200
2909,False,Lexus LC 500,Lexus,"21,000 miles",74998,LC 500,2021 Lexus,carmax,21000,74998,LC 500,-,2021,2021-lexus-lc 500--,292284259976328424127220816226204323200
2910,False,Lexus LS 500,Lexus,"84,000 miles",41998,LS 500,2021 Lexus,carmax,84000,41998,LS 500,-,2021,2021-lexus-ls 500--,677228219443552497867149829836179449
2911,False,Lexus LS 500,Lexus,"63,000 miles",49998,LS 500,2021 Lexus,carmax,63000,49998,LS 500,-,2021,2021-lexus-ls 500--,677228219443552497867149829836179449
2912,False,Lexus LX 570,Lexus,"60,000 miles",67998,LX 570,2021 Lexus,carmax,60000,67998,LX 570,-,2021,2021-lexus-lx 570--,250657326782603921386179764503001549039
2913,False,Lexus LX 570,Lexus,"63,000 miles",64998,LX 570,2021 Lexus,carmax,63000,64998,LX 570,-,2021,2021-lexus-lx 570--,250657326782603921386179764503001549039
2914,False,Lexus LX 570,Lexus,"48,000 miles",73998,LX 570,2021 Lexus,carmax,48000,73998,LX 570,-,2021,2021-lexus-lx 570--,250657326782603921386179764503001549039
2915,False,Lexus RC F,Lexus,"40,000 miles",56998,RC F,2021 Lexus,carmax,40000,56998,RC F,-,2021,2021-lexus-rc f--,308064107099347304244635451137431206908
2916,False,Toyota 4Runner,Toyota,"49,000 miles",39998,4Runner Limited,2021 Toyota,carmax,49000,39998,4Runner,Limited,2021,2021-toyota-4runner-limited,252980262229166382696185095715387254637
2917,False,Toyota 4Runner,Toyota,"105,000 miles",31998,4Runner Limited,2021 Toyota,carmax,105000,31998,4Runner,Limited,2021,2021-toyota-4runner-limited,252980262229166382696185095715387254637
2918,False,Toyota 4Runner,Toyota,"39,000 miles",43998,4Runner Limited,2021 Toyota,carmax,39000,43998,4Runner,Limited,2021,2021-toyota-4runner-limited,252980262229166382696185095715387254637
2919,False,Toyota 4Runner,Toyota,"96,000 miles",31998,4Runner Limited,2021 Toyota,carmax,96000,31998,4Runner,Limited,2021,2021-toyota-4runner-limited,252980262229166382696185095715387254637
2920,False,Toyota 4Runner,Toyota,"52,000 miles",37998,4Runner Limited,2021 Toyota,carmax,52000,37998,4Runner,Limited,2021,2021-toyota-4runner-limited,252980262229166382696185095715387254637
2921,False,Toyota 4Runner,Toyota,"40,000 miles",42998,4Runner Limited,2021 Toyota,carmax,40000,42998,4Runner,Limited,2021,2021-toyota-4runner-limited,252980262229166382696185095715387254637
2922,False,Toyota 4Runner,Toyota,"85,000 miles",35998,4Runner Limited,2021 Toyota,carmax,85000,35998,4Runner,Limited,2021,2021-toyota-4runner-limited,252980262229166382696185095715387254637
2923,False,Toyota 4Runner,Toyota,"68,000 miles",38998,4Runner Limited,2021 Toyota,carmax,68000,38998,4Runner,Limited,2021,2021-toyota-4runner-limited,252980262229166382696185095715387254637
2924,False,Toyota 4Runner,Toyota,"67,000 miles",36998,4Runner SR5,2021 Toyota,carmax,67000,36998,4Runner,SR5,2021,2021-toyota-4runner-sr5,210623400989943341593835049543208583537
2925,False,Toyota 4Runner,Toyota,"74,000 miles",33998,4Runner SR5,2021 Toyota,carmax,74000,33998,4Runner,SR5,2021,2021-toyota-4runner-sr5,210623400989943341593835049543208583537
2926,False,Toyota 4Runner,Toyota,"79,000 miles",31998,4Runner SR5,2021 Toyota,carmax,79000,31998,4Runner,SR5,2021,2021-toyota-4runner-sr5,210623400989943341593835049543208583537
2927,False,Toyota 4Runner,Toyota,"74,000 miles",33998,4Runner SR5,2021 Toyota,carmax,74000,33998,4Runner,SR5,2021,2021-toyota-4runner-sr5,210623400989943341593835049543208583537
2928,False,Toyota 4Runner,Toyota,"119,000 miles",28998,4Runner SR5,2021 Toyota,carmax,119000,28998,4Runner,SR5,2021,2021-toyota-4runner-sr5,210623400989943341593835049543208583537
2929,False,Toyota 4Runner,Toyota,"98,000 miles",29998,4Runner SR5,2021 Toyota,carmax,98000,29998,4Runner,SR5,2021,2021-toyota-4runner-sr5,210623400989943341593835049543208583537
2930,False,Toyota 4Runner,Toyota,"55,000 miles",34998,4Runner SR5,2021 Toyota,carmax,55000,34998,4Runner,SR5,2021,2021-toyota-4runner-sr5,210623400989943341593835049543208583537
2931,False,Toyota 4Runner,Toyota,"72,000 miles",29998,4Runner SR5,2021 Toyota,carmax,72000,29998,4Runner,SR5,2021,2021-toyota-4runner-sr5,210623400989943341593835049543208583537
2932,False,Toyota 4Runner,Toyota,"91,000 miles",28998,4Runner SR5,2021 Toyota,carmax,91000,28998,4Runner,SR5,2021,2021-toyota-4runner-sr5,210623400989943341593835049543208583537
2933,False,Toyota 4Runner,Toyota,"72,000 miles",29998,4Runner SR5,2021 Toyota,carmax,72000,29998,4Runner,SR5,2021,2021-toyota-4runner-sr5,210623400989943341593835049543208583537
2934,False,Toyota 4Runner,Toyota,"80,000 miles",31998,4Runner SR5,2021 Toyota,carmax,80000,31998,4Runner,SR5,2021,2021-toyota-4runner-sr5,210623400989943341593835049543208583537
2935,False,Toyota 4Runner,Toyota,"46,000 miles",41998,4Runner SR5 Premium,2021 Toyota,carmax,46000,41998,4Runner,SR5 Premium,2021,2021-toyota-4runner-sr5 premium,222131352155539751706636801242486806094
2936,False,Toyota 4Runner,Toyota,"45,000 miles",41998,4Runner SR5 Premium,2021 Toyota,carmax,45000,41998,4Runner,SR5 Premium,2021,2021-toyota-4runner-sr5 premium,222131352155539751706636801242486806094
2937,False,Toyota 4Runner,Toyota,"46,000 miles",40998,4Runner SR5 Premium,2021 Toyota,carmax,46000,40998,4Runner,SR5 Premium,2021,2021-toyota-4runner-sr5 premium,222131352155539751706636801242486806094
2938,False,Toyota 4Runner,Toyota,"73,000 miles",33998,4Runner SR5 Premium,2021 Toyota,carmax,73000,33998,4Runner,SR5 Premium,2021,2021-toyota-4runner-sr5 premium,222131352155539751706636801242486806094
2939,False,Toyota 4Runner,Toyota,"41,000 miles",37998,4Runner SR5 Premium,2021 Toyota,carmax,41000,37998,4Runner,SR5 Premium,2021,2021-toyota-4runner-sr5 premium,222131352155539751706636801242486806094
2940,False,Toyota 4Runner,Toyota,"69,000 miles",36998,4Runner SR5 Premium,2021 Toyota,carmax,69000,36998,4Runner,SR5 Premium,2021,2021-toyota-4runner-sr5 premium,222131352155539751706636801242486806094
2941,False,Toyota 4Runner,Toyota,"48,000 miles",41998,4Runner SR5 Premium,2021 Toyota,carmax,48000,41998,4Runner,SR5 Premium,2021,2021-toyota-4runner-sr5 premium,222131352155539751706636801242486806094
2942,False,Toyota 4Runner,Toyota,"51,000 miles",38998,4Runner SR5 Premium,2021 Toyota,carmax,51000,38998,4Runner,SR5 Premium,2021,2021-toyota-4runner-sr5 premium,222131352155539751706636801242486806094
2943,False,Toyota 4Runner,Toyota,"68,000 miles",36998,4Runner SR5 Premium,2021 Toyota,carmax,68000,36998,4Runner,SR5 Premium,2021,2021-toyota-4runner-sr5 premium,222131352155539751706636801242486806094
2944,False,Toyota 4Runner,Toyota,"37,000 miles",38998,4Runner SR5 Premium,2021 Toyota,carmax,37000,38998,4Runner,SR5 Premium,2021,2021-toyota-4runner-sr5 premium,222131352155539751706636801242486806094
2945,False,Toyota 4Runner,Toyota,"47,000 miles",39998,4Runner SR5 Premium,2021 Toyota,carmax,47000,39998,4Runner,SR5 Premium,2021,2021-toyota-4runner-sr5 premium,222131352155539751706636801242486806094
2946,False,Toyota 4Runner,Toyota,"69,000 miles",35998,4Runner SR5 Premium,2021 Toyota,carmax,69000,35998,4Runner,SR5 Premium,2021,2021-toyota-4runner-sr5 premium,222131352155539751706636801242486806094
2947,False,Toyota 4Runner,Toyota,"38,000 miles",43998,4Runner SR5 Premium,2021 Toyota,carmax,38000,43998,4Runner,SR5 Premium,2021,2021-toyota-4runner-sr5 premium,222131352155539751706636801242486806094
2948,False,Toyota 4Runner,Toyota,"80,000 miles",34998,4Runner SR5 Premium,2021 Toyota,carmax,80000,34998,4Runner,SR5 Premium,2021,2021-toyota-4runner-sr5 premium,222131352155539751706636801242486806094
2949,False,Toyota 4Runner,Toyota,"44,000 miles",40998,4Runner SR5 Premium,2021 Toyota,carmax,44000,40998,4Runner,SR5 Premium,2021,2021-toyota-4runner-sr5 premium,222131352155539751706636801242486806094
2950,False,Toyota 4Runner,Toyota,"47,000 miles",41998,4Runner SR5 Premium,2021 Toyota,carmax,47000,41998,4Runner,SR5 Premium,2021,2021-toyota-4runner-sr5 premium,222131352155539751706636801242486806094
2951,False,Toyota 4Runner,Toyota,"33,000 miles",40998,4Runner SR5 Premium,2021 Toyota,carmax,33000,40998,4Runner,SR5 Premium,2021,2021-toyota-4runner-sr5 premium,222131352155539751706636801242486806094
2952,False,Toyota 4Runner,Toyota,"75,000 miles",34998,4Runner SR5 Premium,2021 Toyota,carmax,75000,34998,4Runner,SR5 Premium,2021,2021-toyota-4runner-sr5 premium,222131352155539751706636801242486806094
2953,False,Toyota 4Runner,Toyota,"58,000 miles",37998,4Runner SR5 Premium,2021 Toyota,carmax,58000,37998,4Runner,SR5 Premium,2021,2021-toyota-4runner-sr5 premium,222131352155539751706636801242486806094
2954,False,Toyota 4Runner,Toyota,"87,000 miles",36998,4Runner SR5 Premium,2021 Toyota,carmax,87000,36998,4Runner,SR5 Premium,2021,2021-toyota-4runner-sr5 premium,222131352155539751706636801242486806094
2955,False,Toyota 4Runner,Toyota,"60,000 miles",37998,4Runner SR5 Premium,2021 Toyota,carmax,60000,37998,4Runner,SR5 Premium,2021,2021-toyota-4runner-sr5 premium,222131352155539751706636801242486806094
2956,False,Toyota 4Runner,Toyota,"45,000 miles",40998,4Runner SR5 Premium,2021 Toyota,carmax,45000,40998,4Runner,SR5 Premium,2021,2021-toyota-4runner-sr5 premium,222131352155539751706636801242486806094
2957,False,Toyota 4Runner,Toyota,"81,000 miles",33998,4Runner SR5 Premium,2021 Toyota,carmax,81000,33998,4Runner,SR5 Premium,2021,2021-toyota-4runner-sr5 premium,222131352155539751706636801242486806094
2958,False,Toyota 4Runner,Toyota,"57,000 miles",38998,4Runner TRD Off Road,2021 Toyota,carmax,57000,38998,4Runner,TRD Off Road,2021,2021-toyota-4runner-trd off road,217392589518005782212707847733217193158
2959,False,Toyota 4Runner,Toyota,"22,000 miles",41998,4Runner TRD Off Road,2021 Toyota,carmax,22000,41998,4Runner,TRD Off Road,2021,2021-toyota-4runner-trd off road,217392589518005782212707847733217193158
2960,False,Toyota 4Runner,Toyota,"58,000 miles",37998,4Runner TRD Off Road,2021 Toyota,carmax,58000,37998,4Runner,TRD Off Road,2021,2021-toyota-4runner-trd off road,217392589518005782212707847733217193158
2961,False,Toyota 4Runner,Toyota,"56,000 miles",42998,4Runner TRD Off Road Premium,2021 Toyota,carmax,56000,42998,4Runner,TRD Off Road Premium,2021,2021-toyota-4runner-trd off road premium,47402005413449609565497882217608680809
2962,False,Toyota 4Runner,Toyota,"47,000 miles",44998,4Runner TRD Off Road Premium,2021 Toyota,carmax,47000,44998,4Runner,TRD Off Road Premium,2021,2021-toyota-4runner-trd off road premium,47402005413449609565497882217608680809
2963,False,Toyota 4Runner,Toyota,"57,000 miles",42998,4Runner TRD Off Road Premium,2021 Toyota,carmax,57000,42998,4Runner,TRD Off Road Premium,2021,2021-toyota-4runner-trd off road premium,47402005413449609565497882217608680809
2964,False,Toyota 4Runner,Toyota,"60,000 miles",38998,4Runner TRD Off Road Premium,2021 Toyota,carmax,60000,38998,4Runner,TRD Off Road Premium,2021,2021-toyota-4runner-trd off road premium,47402005413449609565497882217608680809
2965,False,Toyota 4Runner,Toyota,"61,000 miles",39998,4Runner TRD Off Road Premium,2021 Toyota,carmax,61000,39998,4Runner,TRD Off Road Premium,2021,2021-toyota-4runner-trd off road premium,47402005413449609565497882217608680809
2966,False,Toyota 4Runner,Toyota,"49,000 miles",42998,4Runner TRD Off Road Premium,2021 Toyota,carmax,49000,42998,4Runner,TRD Off Road Premium,2021,2021-toyota-4runner-trd off road premium,47402005413449609565497882217608680809
2967,False,Toyota 4Runner,Toyota,"58,000 miles",42998,4Runner TRD Off Road Premium,2021 Toyota,carmax,58000,42998,4Runner,TRD Off Road Premium,2021,2021-toyota-4runner-trd off road premium,47402005413449609565497882217608680809
2968,False,Toyota 4Runner,Toyota,"55,000 miles",42998,4Runner TRD Off Road Premium,2021 Toyota,carmax,55000,42998,4Runner,TRD Off Road Premium,2021,2021-toyota-4runner-trd off road premium,47402005413449609565497882217608680809
2969,False,Toyota 4Runner,Toyota,"61,000 miles",38998,4Runner TRD Off Road Premium,2021 Toyota,carmax,61000,38998,4Runner,TRD Off Road Premium,2021,2021-toyota-4runner-trd off road premium,47402005413449609565497882217608680809
2970,False,Toyota 4Runner,Toyota,"60,000 miles",43998,4Runner TRD Off Road Premium,2021 Toyota,carmax,60000,43998,4Runner,TRD Off Road Premium,2021,2021-toyota-4runner-trd off road premium,47402005413449609565497882217608680809
2971,False,Toyota 4Runner,Toyota,"54,000 miles",43998,4Runner TRD Off Road Premium,2021 Toyota,carmax,54000,43998,4Runner,TRD Off Road Premium,2021,2021-toyota-4runner-trd off road premium,47402005413449609565497882217608680809
2972,False,Toyota 4Runner,Toyota,"53,000 miles",43998,4Runner TRD Off Road Premium,2021 Toyota,carmax,53000,43998,4Runner,TRD Off Road Premium,2021,2021-toyota-4runner-trd off road premium,47402005413449609565497882217608680809
2973,False,Toyota 4Runner,Toyota,"68,000 miles",38998,4Runner TRD Off Road Premium,2021 Toyota,carmax,68000,38998,4Runner,TRD Off Road Premium,2021,2021-toyota-4runner-trd off road premium,47402005413449609565497882217608680809
2974,False,Toyota 4Runner,Toyota,"43,000 miles",46998,4Runner TRD Off Road Premium,2021 Toyota,carmax,43000,46998,4Runner,TRD Off Road Premium,2021,2021-toyota-4runner-trd off road premium,47402005413449609565497882217608680809
2975,False,Toyota 4Runner,Toyota,"44,000 miles",50998,4Runner TRD Pro,2021 Toyota,carmax,44000,50998,4Runner,TRD Pro,2021,2021-toyota-4runner-trd pro,4189902099644981880337935572413753295
2976,False,Toyota 4Runner,Toyota,"102,000 miles",38998,4Runner TRD Pro,2021 Toyota,carmax,102000,38998,4Runner,TRD Pro,2021,2021-toyota-4runner-trd pro,4189902099644981880337935572413753295
2977,False,Toyota 4Runner,Toyota,"90,000 miles",39998,4Runner TRD Pro,2021 Toyota,carmax,90000,39998,4Runner,TRD Pro,2021,2021-toyota-4runner-trd pro,4189902099644981880337935572413753295
2978,False,Toyota 4Runner,Toyota,"50,000 miles",48998,4Runner TRD Pro,2021 Toyota,carmax,50000,48998,4Runner,TRD Pro,2021,2021-toyota-4runner-trd pro,4189902099644981880337935572413753295
2979,False,Toyota 4Runner,Toyota,"37,000 miles",39998,4Runner Trail Special Edition,2021 Toyota,carmax,37000,39998,4Runner,Trail Special Edition,2021,2021-toyota-4runner-trail special edition,249525060899061035024262944206824318860
2980,False,Toyota 4Runner,Toyota,"46,000 miles",40998,4Runner Trail Special Edition,2021 Toyota,carmax,46000,40998,4Runner,Trail Special Edition,2021,2021-toyota-4runner-trail special edition,249525060899061035024262944206824318860
2981,False,Toyota 4Runner,Toyota,"59,000 miles",40998,4Runner Venture,2021 Toyota,carmax,59000,40998,4Runner,Venture,2021,2021-toyota-4runner-venture,265230700191396957355379471259180084821
2982,False,Toyota 4Runner,Toyota,"52,000 miles",41998,4Runner Venture,2021 Toyota,carmax,52000,41998,4Runner,Venture,2021,2021-toyota-4runner-venture,265230700191396957355379471259180084821
2983,False,Toyota 4Runner,Toyota,"86,000 miles",39998,4Runner Venture,2021 Toyota,carmax,86000,39998,4Runner,Venture,2021,2021-toyota-4runner-venture,265230700191396957355379471259180084821
2984,False,Toyota 4Runner,Toyota,"21,000 miles",47998,4Runner Venture,2021 Toyota,carmax,21000,47998,4Runner,Venture,2021,2021-toyota-4runner-venture,265230700191396957355379471259180084821
2985,False,Toyota 4Runner,Toyota,"26,000 miles",45998,4Runner Venture,2021 Toyota,carmax,26000,45998,4Runner,Venture,2021,2021-toyota-4runner-venture,265230700191396957355379471259180084821
2986,False,Toyota 4Runner,Toyota,"35,000 miles",44998,4Runner Venture,2021 Toyota,carmax,35000,44998,4Runner,Venture,2021,2021-toyota-4runner-venture,265230700191396957355379471259180084821
2987,False,Toyota Highlander,Toyota,"93,000 miles",25998,Highlander Hybrid LE,2021 Toyota,carmax,93000,25998,Highlander,Hybrid LE,2021,2021-toyota-highlander-hybrid le,179154552343341676878092806059705325865
2988,False,Toyota Highlander,Toyota,"48,000 miles",32998,Highlander Hybrid LE,2021 Toyota,carmax,48000,32998,Highlander,Hybrid LE,2021,2021-toyota-highlander-hybrid le,179154552343341676878092806059705325865
2989,False,Toyota Highlander,Toyota,"43,000 miles",31998,Highlander Hybrid LE,2021 Toyota,carmax,43000,31998,Highlander,Hybrid LE,2021,2021-toyota-highlander-hybrid le,179154552343341676878092806059705325865
2990,False,Toyota Highlander,Toyota,"55,000 miles",36998,Highlander Hybrid Limited,2021 Toyota,carmax,55000,36998,Highlander,Hybrid Limited,2021,2021-toyota-highlander-hybrid limited,84193027638105920132029740954741084539
2991,False,Toyota Highlander,Toyota,"72,000 miles",34998,Highlander Hybrid Limited,2021 Toyota,carmax,72000,34998,Highlander,Hybrid Limited,2021,2021-toyota-highlander-hybrid limited,84193027638105920132029740954741084539
2992,False,Toyota Highlander,Toyota,"99,000 miles",30998,Highlander Hybrid Limited,2021 Toyota,carmax,99000,30998,Highlander,Hybrid Limited,2021,2021-toyota-highlander-hybrid limited,84193027638105920132029740954741084539
2993,False,Toyota Highlander,Toyota,"14,000 miles",46998,Highlander Hybrid Limited,2021 Toyota,carmax,14000,46998,Highlander,Hybrid Limited,2021,2021-toyota-highlander-hybrid limited,84193027638105920132029740954741084539
2994,False,Toyota Highlander,Toyota,"97,000 miles",32998,Highlander Hybrid Limited,2021 Toyota,carmax,97000,32998,Highlander,Hybrid Limited,2021,2021-toyota-highlander-hybrid limited,84193027638105920132029740954741084539
2995,False,Toyota Highlander,Toyota,"54,000 miles",40998,Highlander Hybrid Platinum,2021 Toyota,carmax,54000,40998,Highlander,Hybrid Platinum,2021,2021-toyota-highlander-hybrid platinum,239248855040739427203401453421300266528
2996,False,Toyota Highlander,Toyota,"38,000 miles",44998,Highlander Hybrid Platinum,2021 Toyota,carmax,38000,44998,Highlander,Hybrid Platinum,2021,2021-toyota-highlander-hybrid platinum,239248855040739427203401453421300266528
2997,False,Toyota Highlander,Toyota,"33,000 miles",43998,Highlander Hybrid Platinum,2021 Toyota,carmax,33000,43998,Highlander,Hybrid Platinum,2021,2021-toyota-highlander-hybrid platinum,239248855040739427203401453421300266528
2998,False,Toyota Highlander,Toyota,"21,000 miles",47998,Highlander Hybrid Platinum,2021 Toyota,carmax,21000,47998,Highlander,Hybrid Platinum,2021,2021-toyota-highlander-hybrid platinum,239248855040739427203401453421300266528
2999,False,Toyota Highlander,Toyota,"32,000 miles",42998,Highlander Hybrid Platinum,2021 Toyota,carmax,32000,42998,Highlander,Hybrid Platinum,2021,2021-toyota-highlander-hybrid platinum,239248855040739427203401453421300266528
3000,False,Toyota Highlander,Toyota,"38,000 miles",46998,Highlander Hybrid Platinum,2021 Toyota,carmax,38000,46998,Highlander,Hybrid Platinum,2021,2021-toyota-highlander-hybrid platinum,239248855040739427203401453421300266528
3001,False,Toyota Highlander,Toyota,"43,000 miles",42998,Highlander Hybrid Platinum,2021 Toyota,carmax,43000,42998,Highlander,Hybrid Platinum,2021,2021-toyota-highlander-hybrid platinum,239248855040739427203401453421300266528
3002,False,Toyota Highlander,Toyota,"44,000 miles",43998,Highlander Hybrid Platinum,2021 Toyota,carmax,44000,43998,Highlander,Hybrid Platinum,2021,2021-toyota-highlander-hybrid platinum,239248855040739427203401453421300266528
3003,False,Toyota Highlander,Toyota,"42,000 miles",38998,Highlander Hybrid XLE,2021 Toyota,carmax,42000,38998,Highlander,Hybrid XLE,2021,2021-toyota-highlander-hybrid xle,138370944937337604726394041659621355003
3004,False,Toyota Highlander,Toyota,"44,000 miles",38998,Highlander Hybrid XLE,2021 Toyota,carmax,44000,38998,Highlander,Hybrid XLE,2021,2021-toyota-highlander-hybrid xle,138370944937337604726394041659621355003
3005,False,Toyota Highlander,Toyota,"26,000 miles",39998,Highlander Hybrid XLE,2021 Toyota,carmax,26000,39998,Highlander,Hybrid XLE,2021,2021-toyota-highlander-hybrid xle,138370944937337604726394041659621355003
3006,False,Toyota Highlander,Toyota,"30,000 miles",39998,Highlander Hybrid XLE,2021 Toyota,carmax,30000,39998,Highlander,Hybrid XLE,2021,2021-toyota-highlander-hybrid xle,138370944937337604726394041659621355003
3007,False,Toyota Highlander,Toyota,"28,000 miles",37998,Highlander Hybrid XLE,2021 Toyota,carmax,28000,37998,Highlander,Hybrid XLE,2021,2021-toyota-highlander-hybrid xle,138370944937337604726394041659621355003
3008,False,Toyota Highlander,Toyota,"42,000 miles",36998,Highlander Hybrid XLE,2021 Toyota,carmax,42000,36998,Highlander,Hybrid XLE,2021,2021-toyota-highlander-hybrid xle,138370944937337604726394041659621355003
3009,False,Toyota Highlander,Toyota,"28,000 miles",37998,Highlander Hybrid XLE,2021 Toyota,carmax,28000,37998,Highlander,Hybrid XLE,2021,2021-toyota-highlander-hybrid xle,138370944937337604726394041659621355003
3010,False,Toyota Highlander,Toyota,"48,000 miles",35998,Highlander Hybrid XLE,2021 Toyota,carmax,48000,35998,Highlander,Hybrid XLE,2021,2021-toyota-highlander-hybrid xle,138370944937337604726394041659621355003
3011,False,Toyota Highlander,Toyota,"55,000 miles",33998,Highlander Hybrid XLE,2021 Toyota,carmax,55000,33998,Highlander,Hybrid XLE,2021,2021-toyota-highlander-hybrid xle,138370944937337604726394041659621355003
3012,False,Toyota Highlander,Toyota,"51,000 miles",34998,Highlander Hybrid XLE,2021 Toyota,carmax,51000,34998,Highlander,Hybrid XLE,2021,2021-toyota-highlander-hybrid xle,138370944937337604726394041659621355003
3013,False,Toyota Highlander,Toyota,"24,000 miles",38998,Highlander Hybrid XLE,2021 Toyota,carmax,24000,38998,Highlander,Hybrid XLE,2021,2021-toyota-highlander-hybrid xle,138370944937337604726394041659621355003
3014,False,Toyota Highlander,Toyota,"16,000 miles",38998,Highlander Hybrid XLE,2021 Toyota,carmax,16000,38998,Highlander,Hybrid XLE,2021,2021-toyota-highlander-hybrid xle,138370944937337604726394041659621355003
3015,False,Toyota Highlander,Toyota,"37,000 miles",35998,Highlander Hybrid XLE,2021 Toyota,carmax,37000,35998,Highlander,Hybrid XLE,2021,2021-toyota-highlander-hybrid xle,138370944937337604726394041659621355003
3016,False,Toyota Highlander,Toyota,"43,000 miles",35998,Highlander Hybrid XLE,2021 Toyota,carmax,43000,35998,Highlander,Hybrid XLE,2021,2021-toyota-highlander-hybrid xle,138370944937337604726394041659621355003
3017,False,Toyota Highlander,Toyota,"50,000 miles",33998,Highlander Hybrid XLE,2021 Toyota,carmax,50000,33998,Highlander,Hybrid XLE,2021,2021-toyota-highlander-hybrid xle,138370944937337604726394041659621355003
3018,False,Toyota Highlander,Toyota,"53,000 miles",33998,Highlander Hybrid XLE,2021 Toyota,carmax,53000,33998,Highlander,Hybrid XLE,2021,2021-toyota-highlander-hybrid xle,138370944937337604726394041659621355003
3019,False,Toyota Highlander,Toyota,"55,000 miles",33998,Highlander Hybrid XLE,2021 Toyota,carmax,55000,33998,Highlander,Hybrid XLE,2021,2021-toyota-highlander-hybrid xle,138370944937337604726394041659621355003
3020,False,Toyota Highlander,Toyota,"47,000 miles",34998,Highlander Hybrid XLE,2021 Toyota,carmax,47000,34998,Highlander,Hybrid XLE,2021,2021-toyota-highlander-hybrid xle,138370944937337604726394041659621355003
3021,False,Toyota Highlander,Toyota,"57,000 miles",35998,Highlander Hybrid XLE,2021 Toyota,carmax,57000,35998,Highlander,Hybrid XLE,2021,2021-toyota-highlander-hybrid xle,138370944937337604726394041659621355003
3022,False,Toyota Highlander,Toyota,"57,000 miles",33998,Highlander Hybrid XLE,2021 Toyota,carmax,57000,33998,Highlander,Hybrid XLE,2021,2021-toyota-highlander-hybrid xle,138370944937337604726394041659621355003
3023,False,Toyota Highlander,Toyota,"56,000 miles",35998,Highlander Hybrid XLE,2021 Toyota,carmax,56000,35998,Highlander,Hybrid XLE,2021,2021-toyota-highlander-hybrid xle,138370944937337604726394041659621355003
3024,False,Toyota Highlander,Toyota,"48,000 miles",34998,Highlander Hybrid XLE,2021 Toyota,carmax,48000,34998,Highlander,Hybrid XLE,2021,2021-toyota-highlander-hybrid xle,138370944937337604726394041659621355003
3025,False,Toyota Highlander,Toyota,"16,000 miles",41998,Highlander Hybrid XLE,2021 Toyota,carmax,16000,41998,Highlander,Hybrid XLE,2021,2021-toyota-highlander-hybrid xle,138370944937337604726394041659621355003
3026,False,Toyota Highlander,Toyota,"55,000 miles",33998,Highlander Hybrid XLE,2021 Toyota,carmax,55000,33998,Highlander,Hybrid XLE,2021,2021-toyota-highlander-hybrid xle,138370944937337604726394041659621355003
3027,False,Toyota Highlander,Toyota,"55,000 miles",33998,Highlander Hybrid XLE,2021 Toyota,carmax,55000,33998,Highlander,Hybrid XLE,2021,2021-toyota-highlander-hybrid xle,138370944937337604726394041659621355003
3028,False,Toyota Highlander,Toyota,"107,000 miles",28998,Highlander Hybrid XLE,2021 Toyota,carmax,107000,28998,Highlander,Hybrid XLE,2021,2021-toyota-highlander-hybrid xle,138370944937337604726394041659621355003
3029,False,Toyota Highlander,Toyota,"36,000 miles",35998,Highlander Hybrid XLE,2021 Toyota,carmax,36000,35998,Highlander,Hybrid XLE,2021,2021-toyota-highlander-hybrid xle,138370944937337604726394041659621355003
3030,False,Toyota Highlander,Toyota,"48,000 miles",34998,Highlander Hybrid XLE,2021 Toyota,carmax,48000,34998,Highlander,Hybrid XLE,2021,2021-toyota-highlander-hybrid xle,138370944937337604726394041659621355003
3031,False,Toyota Highlander,Toyota,"58,000 miles",34998,Highlander Hybrid XLE,2021 Toyota,carmax,58000,34998,Highlander,Hybrid XLE,2021,2021-toyota-highlander-hybrid xle,138370944937337604726394041659621355003
3032,False,Toyota Highlander,Toyota,"47,000 miles",35998,Highlander Hybrid XLE,2021 Toyota,carmax,47000,35998,Highlander,Hybrid XLE,2021,2021-toyota-highlander-hybrid xle,138370944937337604726394041659621355003
3033,False,Toyota Highlander,Toyota,"36,000 miles",39998,Highlander Hybrid XLE,2021 Toyota,carmax,36000,39998,Highlander,Hybrid XLE,2021,2021-toyota-highlander-hybrid xle,138370944937337604726394041659621355003
3034,False,Toyota Highlander,Toyota,"44,000 miles",37998,Highlander Hybrid XLE,2021 Toyota,carmax,44000,37998,Highlander,Hybrid XLE,2021,2021-toyota-highlander-hybrid xle,138370944937337604726394041659621355003
3035,False,Toyota Highlander,Toyota,"54,000 miles",34998,Highlander Hybrid XLE,2021 Toyota,carmax,54000,34998,Highlander,Hybrid XLE,2021,2021-toyota-highlander-hybrid xle,138370944937337604726394041659621355003
3036,False,Toyota Highlander,Toyota,"25,000 miles",38998,Highlander Hybrid XLE,2021 Toyota,carmax,25000,38998,Highlander,Hybrid XLE,2021,2021-toyota-highlander-hybrid xle,138370944937337604726394041659621355003
3037,False,Toyota Highlander,Toyota,"52,000 miles",35998,Highlander Hybrid XLE,2021 Toyota,carmax,52000,35998,Highlander,Hybrid XLE,2021,2021-toyota-highlander-hybrid xle,138370944937337604726394041659621355003
3038,False,Toyota Highlander,Toyota,"25,000 miles",38998,Highlander Hybrid XLE,2021 Toyota,carmax,25000,38998,Highlander,Hybrid XLE,2021,2021-toyota-highlander-hybrid xle,138370944937337604726394041659621355003
3039,False,Toyota Highlander,Toyota,"51,000 miles",32998,Highlander Hybrid XLE,2021 Toyota,carmax,51000,32998,Highlander,Hybrid XLE,2021,2021-toyota-highlander-hybrid xle,138370944937337604726394041659621355003
3040,False,Toyota Highlander,Toyota,"56,000 miles",34998,Highlander Hybrid XLE,2021 Toyota,carmax,56000,34998,Highlander,Hybrid XLE,2021,2021-toyota-highlander-hybrid xle,138370944937337604726394041659621355003
3041,False,Toyota Highlander,Toyota,"22,000 miles",32998,Highlander L,2021 Toyota,carmax,22000,32998,Highlander,L,2021,2021-toyota-highlander-l,86469395781353049932299402023678028907
3042,False,Toyota Highlander,Toyota,"40,000 miles",27998,Highlander L,2021 Toyota,carmax,40000,27998,Highlander,L,2021,2021-toyota-highlander-l,86469395781353049932299402023678028907
3043,False,Toyota Highlander,Toyota,"48,000 miles",27998,Highlander L,2021 Toyota,carmax,48000,27998,Highlander,L,2021,2021-toyota-highlander-l,86469395781353049932299402023678028907
3044,False,Toyota Highlander,Toyota,"68,000 miles",27998,Highlander LE,2021 Toyota,carmax,68000,27998,Highlander,LE,2021,2021-toyota-highlander-le,139430171167707391531614754236038464914
3045,False,Toyota Highlander,Toyota,"46,000 miles",27998,Highlander LE,2021 Toyota,carmax,46000,27998,Highlander,LE,2021,2021-toyota-highlander-le,139430171167707391531614754236038464914
3046,False,Toyota Highlander,Toyota,"52,000 miles",27998,Highlander LE,2021 Toyota,carmax,52000,27998,Highlander,LE,2021,2021-toyota-highlander-le,139430171167707391531614754236038464914
3047,False,Toyota Highlander,Toyota,"41,000 miles",37998,Highlander Limited,2021 Toyota,carmax,41000,37998,Highlander,Limited,2021,2021-toyota-highlander-limited,196258051295432344350996302973986947566
3048,False,Toyota Highlander,Toyota,"58,000 miles",34998,Highlander Limited,2021 Toyota,carmax,58000,34998,Highlander,Limited,2021,2021-toyota-highlander-limited,196258051295432344350996302973986947566
3049,False,Toyota Highlander,Toyota,"48,000 miles",32998,Highlander Limited,2021 Toyota,carmax,48000,32998,Highlander,Limited,2021,2021-toyota-highlander-limited,196258051295432344350996302973986947566
3050,False,Toyota Highlander,Toyota,"52,000 miles",34998,Highlander Limited,2021 Toyota,carmax,52000,34998,Highlander,Limited,2021,2021-toyota-highlander-limited,196258051295432344350996302973986947566
3051,False,Toyota Highlander,Toyota,"23,000 miles",37998,Highlander Limited,2021 Toyota,carmax,23000,37998,Highlander,Limited,2021,2021-toyota-highlander-limited,196258051295432344350996302973986947566
3052,False,Toyota Highlander,Toyota,"56,000 miles",34998,Highlander Limited,2021 Toyota,carmax,56000,34998,Highlander,Limited,2021,2021-toyota-highlander-limited,196258051295432344350996302973986947566
3053,False,Toyota Highlander,Toyota,"67,000 miles",31998,Highlander Limited,2021 Toyota,carmax,67000,31998,Highlander,Limited,2021,2021-toyota-highlander-limited,196258051295432344350996302973986947566
3054,False,Toyota Highlander,Toyota,"54,000 miles",33998,Highlander Limited,2021 Toyota,carmax,54000,33998,Highlander,Limited,2021,2021-toyota-highlander-limited,196258051295432344350996302973986947566
3055,False,Toyota Highlander,Toyota,"55,000 miles",38998,Highlander Platinum,2021 Toyota,carmax,55000,38998,Highlander,Platinum,2021,2021-toyota-highlander-platinum,16153294990883614246700417674319406204
3056,False,Toyota Highlander,Toyota,"41,000 miles",39998,Highlander Platinum,2021 Toyota,carmax,41000,39998,Highlander,Platinum,2021,2021-toyota-highlander-platinum,16153294990883614246700417674319406204
3057,False,Toyota Highlander,Toyota,"42,000 miles",38998,Highlander Platinum,2021 Toyota,carmax,42000,38998,Highlander,Platinum,2021,2021-toyota-highlander-platinum,16153294990883614246700417674319406204
3058,False,Toyota Highlander,Toyota,"42,000 miles",39998,Highlander Platinum,2021 Toyota,carmax,42000,39998,Highlander,Platinum,2021,2021-toyota-highlander-platinum,16153294990883614246700417674319406204
3059,False,Toyota Highlander,Toyota,"34,000 miles",40998,Highlander Platinum,2021 Toyota,carmax,34000,40998,Highlander,Platinum,2021,2021-toyota-highlander-platinum,16153294990883614246700417674319406204
3060,False,Toyota Highlander,Toyota,"75,000 miles",29998,Highlander XLE,2021 Toyota,carmax,75000,29998,Highlander,XLE,2021,2021-toyota-highlander-xle,44816972635790911955458533969358573630
3061,False,Toyota Highlander,Toyota,"29,000 miles",36998,Highlander XLE,2021 Toyota,carmax,29000,36998,Highlander,XLE,2021,2021-toyota-highlander-xle,44816972635790911955458533969358573630
3062,False,Toyota Highlander,Toyota,"52,000 miles",32998,Highlander XLE,2021 Toyota,carmax,52000,32998,Highlander,XLE,2021,2021-toyota-highlander-xle,44816972635790911955458533969358573630
3063,False,Toyota Highlander,Toyota,"43,000 miles",33998,Highlander XLE,2021 Toyota,carmax,43000,33998,Highlander,XLE,2021,2021-toyota-highlander-xle,44816972635790911955458533969358573630
3064,False,Toyota Highlander,Toyota,"42,000 miles",33998,Highlander XLE,2021 Toyota,carmax,42000,33998,Highlander,XLE,2021,2021-toyota-highlander-xle,44816972635790911955458533969358573630
3065,False,Toyota Highlander,Toyota,"51,000 miles",31998,Highlander XLE,2021 Toyota,carmax,51000,31998,Highlander,XLE,2021,2021-toyota-highlander-xle,44816972635790911955458533969358573630
3066,False,Toyota Highlander,Toyota,"18,000 miles",37998,Highlander XLE,2021 Toyota,carmax,18000,37998,Highlander,XLE,2021,2021-toyota-highlander-xle,44816972635790911955458533969358573630
3067,False,Toyota Highlander,Toyota,"41,000 miles",32998,Highlander XLE,2021 Toyota,carmax,41000,32998,Highlander,XLE,2021,2021-toyota-highlander-xle,44816972635790911955458533969358573630
3068,False,Toyota Highlander,Toyota,"30,000 miles",33998,Highlander XLE,2021 Toyota,carmax,30000,33998,Highlander,XLE,2021,2021-toyota-highlander-xle,44816972635790911955458533969358573630
3069,False,Toyota Highlander,Toyota,"53,000 miles",33998,Highlander XLE,2021 Toyota,carmax,53000,33998,Highlander,XLE,2021,2021-toyota-highlander-xle,44816972635790911955458533969358573630
3070,False,Toyota Highlander,Toyota,"41,000 miles",32998,Highlander XLE,2021 Toyota,carmax,41000,32998,Highlander,XLE,2021,2021-toyota-highlander-xle,44816972635790911955458533969358573630
3071,False,Toyota Highlander,Toyota,"50,000 miles",31998,Highlander XLE,2021 Toyota,carmax,50000,31998,Highlander,XLE,2021,2021-toyota-highlander-xle,44816972635790911955458533969358573630
3072,False,Toyota Highlander,Toyota,"22,000 miles",34998,Highlander XLE,2021 Toyota,carmax,22000,34998,Highlander,XLE,2021,2021-toyota-highlander-xle,44816972635790911955458533969358573630
3073,False,Toyota Highlander,Toyota,"40,000 miles",32998,Highlander XLE,2021 Toyota,carmax,40000,32998,Highlander,XLE,2021,2021-toyota-highlander-xle,44816972635790911955458533969358573630
3074,False,Toyota Highlander,Toyota,"40,000 miles",33998,Highlander XLE,2021 Toyota,carmax,40000,33998,Highlander,XLE,2021,2021-toyota-highlander-xle,44816972635790911955458533969358573630
3075,False,Toyota Highlander,Toyota,"21,000 miles",34998,Highlander XLE,2021 Toyota,carmax,21000,34998,Highlander,XLE,2021,2021-toyota-highlander-xle,44816972635790911955458533969358573630
3076,False,Toyota Highlander,Toyota,"39,000 miles",32998,Highlander XLE,2021 Toyota,carmax,39000,32998,Highlander,XLE,2021,2021-toyota-highlander-xle,44816972635790911955458533969358573630
3077,False,Toyota Highlander,Toyota,"23,000 miles",34998,Highlander XLE,2021 Toyota,carmax,23000,34998,Highlander,XLE,2021,2021-toyota-highlander-xle,44816972635790911955458533969358573630
3078,False,Toyota Highlander,Toyota,"58,000 miles",30998,Highlander XLE,2021 Toyota,carmax,58000,30998,Highlander,XLE,2021,2021-toyota-highlander-xle,44816972635790911955458533969358573630
3079,False,Toyota Highlander,Toyota,"43,000 miles",32998,Highlander XLE,2021 Toyota,carmax,43000,32998,Highlander,XLE,2021,2021-toyota-highlander-xle,44816972635790911955458533969358573630
3080,False,Toyota Highlander,Toyota,"66,000 miles",28998,Highlander XLE,2021 Toyota,carmax,66000,28998,Highlander,XLE,2021,2021-toyota-highlander-xle,44816972635790911955458533969358573630
3081,False,Toyota Highlander,Toyota,"45,000 miles",33998,Highlander XLE,2021 Toyota,carmax,45000,33998,Highlander,XLE,2021,2021-toyota-highlander-xle,44816972635790911955458533969358573630
3082,False,Toyota Highlander,Toyota,"56,000 miles",31998,Highlander XLE,2021 Toyota,carmax,56000,31998,Highlander,XLE,2021,2021-toyota-highlander-xle,44816972635790911955458533969358573630
3083,False,Toyota Highlander,Toyota,"97,000 miles",29998,Highlander XSE,2021 Toyota,carmax,97000,29998,Highlander,XSE,2021,2021-toyota-highlander-xse,331615142464557970660898114542205616012
3084,False,Toyota Highlander,Toyota,"23,000 miles",35998,Highlander XSE,2021 Toyota,carmax,23000,35998,Highlander,XSE,2021,2021-toyota-highlander-xse,331615142464557970660898114542205616012
3085,False,Toyota Highlander,Toyota,"57,000 miles",31998,Highlander XSE,2021 Toyota,carmax,57000,31998,Highlander,XSE,2021,2021-toyota-highlander-xse,331615142464557970660898114542205616012
3086,False,Toyota Highlander,Toyota,"44,000 miles",33998,Highlander XSE,2021 Toyota,carmax,44000,33998,Highlander,XSE,2021,2021-toyota-highlander-xse,331615142464557970660898114542205616012
3087,False,Toyota Highlander,Toyota,"35,000 miles",35998,Highlander XSE,2021 Toyota,carmax,35000,35998,Highlander,XSE,2021,2021-toyota-highlander-xse,331615142464557970660898114542205616012
3088,False,Toyota Highlander,Toyota,"57,000 miles",33998,Highlander XSE,2021 Toyota,carmax,57000,33998,Highlander,XSE,2021,2021-toyota-highlander-xse,331615142464557970660898114542205616012
3089,False,Toyota Highlander,Toyota,"49,000 miles",34998,Highlander XSE,2021 Toyota,carmax,49000,34998,Highlander,XSE,2021,2021-toyota-highlander-xse,331615142464557970660898114542205616012
3090,False,Toyota Highlander,Toyota,"31,000 miles",36998,Highlander XSE,2021 Toyota,carmax,31000,36998,Highlander,XSE,2021,2021-toyota-highlander-xse,331615142464557970660898114542205616012
3091,False,Toyota Highlander,Toyota,"51,000 miles",32998,Highlander XSE,2021 Toyota,carmax,51000,32998,Highlander,XSE,2021,2021-toyota-highlander-xse,331615142464557970660898114542205616012
3092,False,Toyota Highlander,Toyota,"46,000 miles",32998,Highlander XSE,2021 Toyota,carmax,46000,32998,Highlander,XSE,2021,2021-toyota-highlander-xse,331615142464557970660898114542205616012
3093,False,Toyota Highlander,Toyota,"48,000 miles",33998,Highlander XSE,2021 Toyota,carmax,48000,33998,Highlander,XSE,2021,2021-toyota-highlander-xse,331615142464557970660898114542205616012
3094,False,Toyota Highlander,Toyota,"47,000 miles",35998,Highlander XSE,2021 Toyota,carmax,47000,35998,Highlander,XSE,2021,2021-toyota-highlander-xse,331615142464557970660898114542205616012
3095,False,Toyota Highlander,Toyota,"65,000 miles",29998,Highlander XSE,2021 Toyota,carmax,65000,29998,Highlander,XSE,2021,2021-toyota-highlander-xse,331615142464557970660898114542205616012
3096,False,Toyota Land Cruiser,Toyota,"29,000 miles",87998,Land Cruiser,2021 Toyota,carmax,29000,87998,Land Cruiser,-,2021,2021-toyota-land cruiser--,271627833609204396805696800174036562104
3097,False,Toyota Sequoia,Toyota,"36,000 miles",58998,Sequoia Limited,2021 Toyota,carmax,36000,58998,Sequoia,Limited,2021,2021-toyota-sequoia-limited,287651856835621000878137699628040959435
3098,False,Toyota Sequoia,Toyota,"18,000 miles",66998,Sequoia Platinum,2021 Toyota,carmax,18000,66998,Sequoia,Platinum,2021,2021-toyota-sequoia-platinum,100446209963749439973002198223612887432
3099,False,Toyota Sequoia,Toyota,"31,000 miles",60998,Sequoia Platinum,2021 Toyota,carmax,31000,60998,Sequoia,Platinum,2021,2021-toyota-sequoia-platinum,100446209963749439973002198223612887432
3100,False,Toyota Sequoia,Toyota,"17,000 miles",61998,Sequoia Platinum,2021 Toyota,carmax,17000,61998,Sequoia,Platinum,2021,2021-toyota-sequoia-platinum,100446209963749439973002198223612887432
3101,False,Toyota Sequoia,Toyota,"36,000 miles",54998,Sequoia TRD Sport,2021 Toyota,carmax,36000,54998,Sequoia,TRD Sport,2021,2021-toyota-sequoia-trd sport,51910167539356107406035421642906207704
3102,True,Cadillac Escalade,Cadillac,"50,000 miles",61998,Escalade ESV Premium Luxury,2022 Cadillac,carmax,50000,61998,Escalade,Premium Luxury,2022,2022-cadillac-escalade-premium luxury,60413917588428426042312021963885523425
3103,True,Cadillac Escalade,Cadillac,"57,000 miles",69998,Escalade ESV Sport Platinum,2022 Cadillac,carmax,57000,69998,Escalade,Sport Platinum,2022,2022-cadillac-escalade-sport platinum,127058456464561434248706718016124785958
3104,True,Cadillac Escalade,Cadillac,"33,000 miles",76998,Escalade ESV Sport Platinum,2022 Cadillac,carmax,33000,76998,Escalade,Sport Platinum,2022,2022-cadillac-escalade-sport platinum,127058456464561434248706718016124785958
3105,True,Cadillac Escalade,Cadillac,"29,000 miles",64998,Escalade Luxury,2022 Cadillac,carmax,29000,64998,Escalade,Luxury,2022,2022-cadillac-escalade-luxury,173983643505028274626708714160452009571
3106,True,Cadillac Escalade,Cadillac,"19,000 miles",74998,Escalade Premium Luxury,2022 Cadillac,carmax,19000,74998,Escalade,Premium Luxury,2022,2022-cadillac-escalade-premium luxury,60413917588428426042312021963885523425
3107,True,Cadillac Escalade,Cadillac,"26,000 miles",71998,Escalade Premium Luxury,2022 Cadillac,carmax,26000,71998,Escalade,Premium Luxury,2022,2022-cadillac-escalade-premium luxury,60413917588428426042312021963885523425
3108,True,Cadillac Escalade,Cadillac,"55,000 miles",63998,Escalade Premium Luxury,2022 Cadillac,carmax,55000,63998,Escalade,Premium Luxury,2022,2022-cadillac-escalade-premium luxury,60413917588428426042312021963885523425
3109,True,Cadillac Escalade,Cadillac,"49,000 miles",65998,Escalade Premium Luxury,2022 Cadillac,carmax,49000,65998,Escalade,Premium Luxury,2022,2022-cadillac-escalade-premium luxury,60413917588428426042312021963885523425
3110,True,Cadillac Escalade,Cadillac,"42,000 miles",69998,Escalade Sport,2022 Cadillac,carmax,42000,69998,Escalade,Sport,2022,2022-cadillac-escalade-sport,207286909317554171075312307470516423606
3111,True,Cadillac Escalade,Cadillac,"14,000 miles",77998,Escalade Sport,2022 Cadillac,carmax,14000,77998,Escalade,Sport,2022,2022-cadillac-escalade-sport,207286909317554171075312307470516423606
3112,True,Cadillac Escalade,Cadillac,"26,000 miles",70998,Escalade Sport,2022 Cadillac,carmax,26000,70998,Escalade,Sport,2022,2022-cadillac-escalade-sport,207286909317554171075312307470516423606
3113,True,Cadillac Escalade,Cadillac,"27,000 miles",72998,Escalade Sport,2022 Cadillac,carmax,27000,72998,Escalade,Sport,2022,2022-cadillac-escalade-sport,207286909317554171075312307470516423606
3114,True,Cadillac Escalade,Cadillac,"56,000 miles",70998,Escalade Sport,2022 Cadillac,carmax,56000,70998,Escalade,Sport,2022,2022-cadillac-escalade-sport,207286909317554171075312307470516423606
3115,True,Cadillac Escalade,Cadillac,"55,000 miles",68998,Escalade Sport,2022 Cadillac,carmax,55000,68998,Escalade,Sport,2022,2022-cadillac-escalade-sport,207286909317554171075312307470516423606
3116,True,Cadillac Escalade,Cadillac,"52,000 miles",69998,Escalade Sport Platinum,2022 Cadillac,carmax,52000,69998,Escalade,Sport Platinum,2022,2022-cadillac-escalade-sport platinum,127058456464561434248706718016124785958
3117,True,Cadillac Escalade,Cadillac,"44,000 miles",76998,Escalade Sport Platinum,2022 Cadillac,carmax,44000,76998,Escalade,Sport Platinum,2022,2022-cadillac-escalade-sport platinum,127058456464561434248706718016124785958
3118,True,Cadillac Escalade,Cadillac,"57,000 miles",71998,Escalade Sport Platinum,2022 Cadillac,carmax,57000,71998,Escalade,Sport Platinum,2022,2022-cadillac-escalade-sport platinum,127058456464561434248706718016124785958
3119,True,Cadillac Escalade,Cadillac,"10,000 miles",83998,Escalade Sport Platinum,2022 Cadillac,carmax,10000,83998,Escalade,Sport Platinum,2022,2022-cadillac-escalade-sport platinum,127058456464561434248706718016124785958
3120,True,Cadillac Escalade,Cadillac,"56,000 miles",69998,Escalade Sport Platinum,2022 Cadillac,carmax,56000,69998,Escalade,Sport Platinum,2022,2022-cadillac-escalade-sport platinum,127058456464561434248706718016124785958
3121,True,Cadillac Escalade,Cadillac,"57,000 miles",72998,Escalade Sport Platinum,2022 Cadillac,carmax,57000,72998,Escalade,Sport Platinum,2022,2022-cadillac-escalade-sport platinum,127058456464561434248706718016124785958
3122,True,Cadillac Escalade,Cadillac,"34,000 miles",72998,Escalade Sport Platinum,2022 Cadillac,carmax,34000,72998,Escalade,Sport Platinum,2022,2022-cadillac-escalade-sport platinum,127058456464561434248706718016124785958
3123,True,Chevrolet Suburban 1500,Chevrolet,"29,000 miles",62998,Suburban 1500 High Country,2022 Chevrolet,carmax,29000,62998,Suburban 1500,High Country,2022,2022-chevrolet-suburban 1500-high country,153310758335869384401870826500743836279
3124,True,Chevrolet Suburban 1500,Chevrolet,"16,000 miles",68998,Suburban 1500 High Country,2022 Chevrolet,carmax,16000,68998,Suburban 1500,High Country,2022,2022-chevrolet-suburban 1500-high country,153310758335869384401870826500743836279
3125,True,Chevrolet Suburban 1500,Chevrolet,"55,000 miles",57998,Suburban 1500 High Country,2022 Chevrolet,carmax,55000,57998,Suburban 1500,High Country,2022,2022-chevrolet-suburban 1500-high country,153310758335869384401870826500743836279
3126,True,Chevrolet Suburban 1500,Chevrolet,"52,000 miles",60998,Suburban 1500 High Country,2022 Chevrolet,carmax,52000,60998,Suburban 1500,High Country,2022,2022-chevrolet-suburban 1500-high country,153310758335869384401870826500743836279
3127,True,Chevrolet Suburban 1500,Chevrolet,"38,000 miles",50998,Suburban 1500 LS,2022 Chevrolet,carmax,38000,50998,Suburban 1500,LS,2022,2022-chevrolet-suburban 1500-ls,276060063425413720387500314481725306309
3128,True,Chevrolet Suburban 1500,Chevrolet,"21,000 miles",54998,Suburban 1500 LS,2022 Chevrolet,carmax,21000,54998,Suburban 1500,LS,2022,2022-chevrolet-suburban 1500-ls,276060063425413720387500314481725306309
3129,True,Chevrolet Suburban 1500,Chevrolet,"59,000 miles",54998,Suburban 1500 LT,2022 Chevrolet,carmax,59000,54998,Suburban 1500,LT,2022,2022-chevrolet-suburban 1500-lt,218174880541212277332243266942903063311
3130,True,Chevrolet Suburban 1500,Chevrolet,"44,000 miles",52998,Suburban 1500 LT,2022 Chevrolet,carmax,44000,52998,Suburban 1500,LT,2022,2022-chevrolet-suburban 1500-lt,218174880541212277332243266942903063311
3131,True,Chevrolet Suburban 1500,Chevrolet,"50,000 miles",52998,Suburban 1500 LT,2022 Chevrolet,carmax,50000,52998,Suburban 1500,LT,2022,2022-chevrolet-suburban 1500-lt,218174880541212277332243266942903063311
3132,True,Chevrolet Suburban 1500,Chevrolet,"39,000 miles",54998,Suburban 1500 LT,2022 Chevrolet,carmax,39000,54998,Suburban 1500,LT,2022,2022-chevrolet-suburban 1500-lt,218174880541212277332243266942903063311
3133,True,Chevrolet Suburban 1500,Chevrolet,"30,000 miles",55998,Suburban 1500 LT,2022 Chevrolet,carmax,30000,55998,Suburban 1500,LT,2022,2022-chevrolet-suburban 1500-lt,218174880541212277332243266942903063311
3134,True,Chevrolet Suburban 1500,Chevrolet,"47,000 miles",49998,Suburban 1500 LT,2022 Chevrolet,carmax,47000,49998,Suburban 1500,LT,2022,2022-chevrolet-suburban 1500-lt,218174880541212277332243266942903063311
3135,True,Chevrolet Suburban 1500,Chevrolet,"37,000 miles",55998,Suburban 1500 LT,2022 Chevrolet,carmax,37000,55998,Suburban 1500,LT,2022,2022-chevrolet-suburban 1500-lt,218174880541212277332243266942903063311
3136,True,Chevrolet Suburban 1500,Chevrolet,"35,000 miles",54998,Suburban 1500 LT,2022 Chevrolet,carmax,35000,54998,Suburban 1500,LT,2022,2022-chevrolet-suburban 1500-lt,218174880541212277332243266942903063311
3137,True,Chevrolet Suburban 1500,Chevrolet,"56,000 miles",52998,Suburban 1500 LT,2022 Chevrolet,carmax,56000,52998,Suburban 1500,LT,2022,2022-chevrolet-suburban 1500-lt,218174880541212277332243266942903063311
3138,True,Chevrolet Suburban 1500,Chevrolet,"30,000 miles",57998,Suburban 1500 Premier,2022 Chevrolet,carmax,30000,57998,Suburban 1500,Premier,2022,2022-chevrolet-suburban 1500-premier,119870904270132868963720579817079399103
3139,True,Chevrolet Suburban 1500,Chevrolet,"49,000 miles",53998,Suburban 1500 RST,2022 Chevrolet,carmax,49000,53998,Suburban 1500,RST,2022,2022-chevrolet-suburban 1500-rst,39750544361503670024029073895561643839
3140,True,Chevrolet Suburban 1500,Chevrolet,"34,000 miles",56998,Suburban 1500 RST,2022 Chevrolet,carmax,34000,56998,Suburban 1500,RST,2022,2022-chevrolet-suburban 1500-rst,39750544361503670024029073895561643839
3141,True,Chevrolet Suburban 1500,Chevrolet,"57,000 miles",56998,Suburban 1500 RST,2022 Chevrolet,carmax,57000,56998,Suburban 1500,RST,2022,2022-chevrolet-suburban 1500-rst,39750544361503670024029073895561643839
3142,True,Chevrolet Tahoe,Chevrolet,"37,000 miles",57998,Tahoe High Country,2022 Chevrolet,carmax,37000,57998,Tahoe,High Country,2022,2022-chevrolet-tahoe-high country,80182861310800015223685545940290489186
3143,True,Chevrolet Tahoe,Chevrolet,"33,000 miles",59998,Tahoe High Country,2022 Chevrolet,carmax,33000,59998,Tahoe,High Country,2022,2022-chevrolet-tahoe-high country,80182861310800015223685545940290489186
3144,True,Chevrolet Tahoe,Chevrolet,"44,000 miles",54998,Tahoe High Country,2022 Chevrolet,carmax,44000,54998,Tahoe,High Country,2022,2022-chevrolet-tahoe-high country,80182861310800015223685545940290489186
3145,True,Chevrolet Tahoe,Chevrolet,"40,000 miles",60998,Tahoe High Country,2022 Chevrolet,carmax,40000,60998,Tahoe,High Country,2022,2022-chevrolet-tahoe-high country,80182861310800015223685545940290489186
3146,True,Chevrolet Tahoe,Chevrolet,"47,000 miles",45998,Tahoe LS,2022 Chevrolet,carmax,47000,45998,Tahoe,LS,2022,2022-chevrolet-tahoe-ls,338523875032796750138623893095489058960
3147,True,Chevrolet Tahoe,Chevrolet,"45,000 miles",46998,Tahoe LS,2022 Chevrolet,carmax,45000,46998,Tahoe,LS,2022,2022-chevrolet-tahoe-ls,338523875032796750138623893095489058960
3148,True,Chevrolet Tahoe,Chevrolet,"40,000 miles",43998,Tahoe LS,2022 Chevrolet,carmax,40000,43998,Tahoe,LS,2022,2022-chevrolet-tahoe-ls,338523875032796750138623893095489058960
3149,True,Chevrolet Tahoe,Chevrolet,"58,000 miles",46998,Tahoe LT,2022 Chevrolet,carmax,58000,46998,Tahoe,LT,2022,2022-chevrolet-tahoe-lt,165773068736771229888090018020265946992
3150,True,Chevrolet Tahoe,Chevrolet,"54,000 miles",48998,Tahoe LT,2022 Chevrolet,carmax,54000,48998,Tahoe,LT,2022,2022-chevrolet-tahoe-lt,165773068736771229888090018020265946992
3151,True,Chevrolet Tahoe,Chevrolet,"59,000 miles",49998,Tahoe LT,2022 Chevrolet,carmax,59000,49998,Tahoe,LT,2022,2022-chevrolet-tahoe-lt,165773068736771229888090018020265946992
3152,True,Chevrolet Tahoe,Chevrolet,"60,000 miles",51998,Tahoe LT,2022 Chevrolet,carmax,60000,51998,Tahoe,LT,2022,2022-chevrolet-tahoe-lt,165773068736771229888090018020265946992
3153,True,Chevrolet Tahoe,Chevrolet,"33,000 miles",54998,Tahoe LT,2022 Chevrolet,carmax,33000,54998,Tahoe,LT,2022,2022-chevrolet-tahoe-lt,165773068736771229888090018020265946992
3154,True,Chevrolet Tahoe,Chevrolet,"33,000 miles",52998,Tahoe LT,2022 Chevrolet,carmax,33000,52998,Tahoe,LT,2022,2022-chevrolet-tahoe-lt,165773068736771229888090018020265946992
3155,True,Chevrolet Tahoe,Chevrolet,"24,000 miles",50998,Tahoe LT,2022 Chevrolet,carmax,24000,50998,Tahoe,LT,2022,2022-chevrolet-tahoe-lt,165773068736771229888090018020265946992
3156,True,Chevrolet Tahoe,Chevrolet,"65,000 miles",46998,Tahoe LT,2022 Chevrolet,carmax,65000,46998,Tahoe,LT,2022,2022-chevrolet-tahoe-lt,165773068736771229888090018020265946992
3157,True,Chevrolet Tahoe,Chevrolet,"27,000 miles",50998,Tahoe LT,2022 Chevrolet,carmax,27000,50998,Tahoe,LT,2022,2022-chevrolet-tahoe-lt,165773068736771229888090018020265946992
3158,True,Chevrolet Tahoe,Chevrolet,"34,000 miles",49998,Tahoe LT,2022 Chevrolet,carmax,34000,49998,Tahoe,LT,2022,2022-chevrolet-tahoe-lt,165773068736771229888090018020265946992
3159,True,Chevrolet Tahoe,Chevrolet,"28,000 miles",51998,Tahoe LT,2022 Chevrolet,carmax,28000,51998,Tahoe,LT,2022,2022-chevrolet-tahoe-lt,165773068736771229888090018020265946992
3160,True,Chevrolet Tahoe,Chevrolet,"15,000 miles",56998,Tahoe LT,2022 Chevrolet,carmax,15000,56998,Tahoe,LT,2022,2022-chevrolet-tahoe-lt,165773068736771229888090018020265946992
3161,True,Chevrolet Tahoe,Chevrolet,"12,000 miles",58998,Tahoe LT,2022 Chevrolet,carmax,12000,58998,Tahoe,LT,2022,2022-chevrolet-tahoe-lt,165773068736771229888090018020265946992
3162,True,Chevrolet Tahoe,Chevrolet,"46,000 miles",49998,Tahoe LT,2022 Chevrolet,carmax,46000,49998,Tahoe,LT,2022,2022-chevrolet-tahoe-lt,165773068736771229888090018020265946992
3163,True,Chevrolet Tahoe,Chevrolet,"36,000 miles",55998,Tahoe LT,2022 Chevrolet,carmax,36000,55998,Tahoe,LT,2022,2022-chevrolet-tahoe-lt,165773068736771229888090018020265946992
3164,True,Chevrolet Tahoe,Chevrolet,"39,000 miles",51998,Tahoe LT,2022 Chevrolet,carmax,39000,51998,Tahoe,LT,2022,2022-chevrolet-tahoe-lt,165773068736771229888090018020265946992
3165,True,Chevrolet Tahoe,Chevrolet,"51,000 miles",56998,Tahoe Premier,2022 Chevrolet,carmax,51000,56998,Tahoe,Premier,2022,2022-chevrolet-tahoe-premier,92987415400362232511634966778975657127
3166,True,Chevrolet Tahoe,Chevrolet,"59,000 miles",49998,Tahoe Premier,2022 Chevrolet,carmax,59000,49998,Tahoe,Premier,2022,2022-chevrolet-tahoe-premier,92987415400362232511634966778975657127
3167,True,Chevrolet Tahoe,Chevrolet,"88,000 miles",45998,Tahoe Premier,2022 Chevrolet,carmax,88000,45998,Tahoe,Premier,2022,2022-chevrolet-tahoe-premier,92987415400362232511634966778975657127
3168,True,Chevrolet Tahoe,Chevrolet,"49,000 miles",56998,Tahoe Premier,2022 Chevrolet,carmax,49000,56998,Tahoe,Premier,2022,2022-chevrolet-tahoe-premier,92987415400362232511634966778975657127
3169,True,Chevrolet Tahoe,Chevrolet,"89,000 miles",45998,Tahoe RST,2022 Chevrolet,carmax,89000,45998,Tahoe,RST,2022,2022-chevrolet-tahoe-rst,206916439058654833549838835080872853737
3170,True,Chevrolet Tahoe,Chevrolet,"40,000 miles",54998,Tahoe RST,2022 Chevrolet,carmax,40000,54998,Tahoe,RST,2022,2022-chevrolet-tahoe-rst,206916439058654833549838835080872853737
3171,True,Chevrolet Tahoe,Chevrolet,"31,000 miles",59998,Tahoe RST,2022 Chevrolet,carmax,31000,59998,Tahoe,RST,2022,2022-chevrolet-tahoe-rst,206916439058654833549838835080872853737
3172,True,Chevrolet Tahoe,Chevrolet,"40,000 miles",58998,Tahoe RST,2022 Chevrolet,carmax,40000,58998,Tahoe,RST,2022,2022-chevrolet-tahoe-rst,206916439058654833549838835080872853737
3173,True,Chevrolet Tahoe,Chevrolet,"40,000 miles",60998,Tahoe RST,2022 Chevrolet,carmax,40000,60998,Tahoe,RST,2022,2022-chevrolet-tahoe-rst,206916439058654833549838835080872853737
3174,True,Chevrolet Tahoe,Chevrolet,"59,000 miles",55998,Tahoe RST,2022 Chevrolet,carmax,59000,55998,Tahoe,RST,2022,2022-chevrolet-tahoe-rst,206916439058654833549838835080872853737
3175,True,Chevrolet Tahoe,Chevrolet,"24,000 miles",56998,Tahoe RST,2022 Chevrolet,carmax,24000,56998,Tahoe,RST,2022,2022-chevrolet-tahoe-rst,206916439058654833549838835080872853737
3176,True,Chevrolet Tahoe,Chevrolet,"28,000 miles",56998,Tahoe RST,2022 Chevrolet,carmax,28000,56998,Tahoe,RST,2022,2022-chevrolet-tahoe-rst,206916439058654833549838835080872853737
3177,True,Chevrolet Tahoe,Chevrolet,"46,000 miles",51998,Tahoe RST,2022 Chevrolet,carmax,46000,51998,Tahoe,RST,2022,2022-chevrolet-tahoe-rst,206916439058654833549838835080872853737
3178,True,Chevrolet Tahoe,Chevrolet,"28,000 miles",61998,Tahoe RST,2022 Chevrolet,carmax,28000,61998,Tahoe,RST,2022,2022-chevrolet-tahoe-rst,206916439058654833549838835080872853737
3179,True,Chevrolet Tahoe,Chevrolet,"69,000 miles",49998,Tahoe RST,2022 Chevrolet,carmax,69000,49998,Tahoe,RST,2022,2022-chevrolet-tahoe-rst,206916439058654833549838835080872853737
3180,True,Chevrolet Tahoe,Chevrolet,"65,000 miles",51998,Tahoe Z71,2022 Chevrolet,carmax,65000,51998,Tahoe,Z71,2022,2022-chevrolet-tahoe-z71,137513543093686272403364811794476304342
3181,True,Chevrolet Tahoe,Chevrolet,"33,000 miles",59998,Tahoe Z71,2022 Chevrolet,carmax,33000,59998,Tahoe,Z71,2022,2022-chevrolet-tahoe-z71,137513543093686272403364811794476304342
3182,True,Chevrolet Tahoe,Chevrolet,"44,000 miles",57998,Tahoe Z71,2022 Chevrolet,carmax,44000,57998,Tahoe,Z71,2022,2022-chevrolet-tahoe-z71,137513543093686272403364811794476304342
3183,True,Chevrolet Tahoe,Chevrolet,"62,000 miles",52998,Tahoe Z71,2022 Chevrolet,carmax,62000,52998,Tahoe,Z71,2022,2022-chevrolet-tahoe-z71,137513543093686272403364811794476304342
3184,True,Chevrolet Tahoe,Chevrolet,"104,000 miles",43998,Tahoe Z71,2022 Chevrolet,carmax,104000,43998,Tahoe,Z71,2022,2022-chevrolet-tahoe-z71,137513543093686272403364811794476304342
3185,True,Chevrolet Tahoe,Chevrolet,"38,000 miles",59998,Tahoe Z71,2022 Chevrolet,carmax,38000,59998,Tahoe,Z71,2022,2022-chevrolet-tahoe-z71,137513543093686272403364811794476304342
3186,True,Chevrolet Tahoe,Chevrolet,"60,000 miles",50998,Tahoe Z71,2022 Chevrolet,carmax,60000,50998,Tahoe,Z71,2022,2022-chevrolet-tahoe-z71,137513543093686272403364811794476304342
3187,True,Chevrolet Tahoe,Chevrolet,"65,000 miles",53998,Tahoe Z71,2022 Chevrolet,carmax,65000,53998,Tahoe,Z71,2022,2022-chevrolet-tahoe-z71,137513543093686272403364811794476304342
3188,True,Chevrolet Tahoe,Chevrolet,"69,000 miles",52998,Tahoe Z71,2022 Chevrolet,carmax,69000,52998,Tahoe,Z71,2022,2022-chevrolet-tahoe-z71,137513543093686272403364811794476304342
3189,True,Chevrolet Tahoe,Chevrolet,"50,000 miles",55998,Tahoe Z71,2022 Chevrolet,carmax,50000,55998,Tahoe,Z71,2022,2022-chevrolet-tahoe-z71,137513543093686272403364811794476304342
3190,True,Chevrolet Tahoe,Chevrolet,"55,000 miles",55998,Tahoe Z71,2022 Chevrolet,carmax,55000,55998,Tahoe,Z71,2022,2022-chevrolet-tahoe-z71,137513543093686272403364811794476304342
3191,True,Chevrolet Tahoe,Chevrolet,"30,000 miles",58998,Tahoe Z71,2022 Chevrolet,carmax,30000,58998,Tahoe,Z71,2022,2022-chevrolet-tahoe-z71,137513543093686272403364811794476304342
3192,True,Chevrolet Tahoe,Chevrolet,"26,000 miles",60998,Tahoe Z71,2022 Chevrolet,carmax,26000,60998,Tahoe,Z71,2022,2022-chevrolet-tahoe-z71,137513543093686272403364811794476304342
3193,True,Chevrolet Tahoe,Chevrolet,"73,000 miles",50998,Tahoe Z71,2022 Chevrolet,carmax,73000,50998,Tahoe,Z71,2022,2022-chevrolet-tahoe-z71,137513543093686272403364811794476304342
3194,True,Chevrolet Tahoe,Chevrolet,"15,000 miles",60998,Tahoe Z71,2022 Chevrolet,carmax,15000,60998,Tahoe,Z71,2022,2022-chevrolet-tahoe-z71,137513543093686272403364811794476304342
3195,True,GMC Yukon,GMC,"51,000 miles",58998,Yukon Denali,2022 GMC,carmax,51000,58998,Yukon,Denali,2022,2022-gmc-yukon-denali,316840582966314707410630345614577257850
3196,True,GMC Yukon,GMC,"64,000 miles",56998,Yukon Denali,2022 GMC,carmax,64000,56998,Yukon,Denali,2022,2022-gmc-yukon-denali,316840582966314707410630345614577257850
3197,True,GMC Yukon,GMC,"25,000 miles",65998,Yukon Denali,2022 GMC,carmax,25000,65998,Yukon,Denali,2022,2022-gmc-yukon-denali,316840582966314707410630345614577257850
3198,True,GMC Yukon,GMC,"40,000 miles",59998,Yukon Denali,2022 GMC,carmax,40000,59998,Yukon,Denali,2022,2022-gmc-yukon-denali,316840582966314707410630345614577257850
3199,True,GMC Yukon,GMC,"27,000 miles",61998,Yukon Denali,2022 GMC,carmax,27000,61998,Yukon,Denali,2022,2022-gmc-yukon-denali,316840582966314707410630345614577257850
3200,True,GMC Yukon,GMC,"75,000 miles",53998,Yukon Denali,2022 GMC,carmax,75000,53998,Yukon,Denali,2022,2022-gmc-yukon-denali,316840582966314707410630345614577257850
3201,True,GMC Yukon,GMC,"65,000 miles",54998,Yukon Denali,2022 GMC,carmax,65000,54998,Yukon,Denali,2022,2022-gmc-yukon-denali,316840582966314707410630345614577257850
3202,True,GMC Yukon,GMC,"40,000 miles",60998,Yukon Denali,2022 GMC,carmax,40000,60998,Yukon,Denali,2022,2022-gmc-yukon-denali,316840582966314707410630345614577257850
3203,True,GMC Yukon,GMC,"44,000 miles",59998,Yukon Denali,2022 GMC,carmax,44000,59998,Yukon,Denali,2022,2022-gmc-yukon-denali,316840582966314707410630345614577257850
3204,True,GMC Yukon,GMC,"27,000 miles",65998,Yukon Denali,2022 GMC,carmax,27000,65998,Yukon,Denali,2022,2022-gmc-yukon-denali,316840582966314707410630345614577257850
3205,True,GMC Yukon,GMC,"85,000 miles",51998,Yukon Denali,2022 GMC,carmax,85000,51998,Yukon,Denali,2022,2022-gmc-yukon-denali,316840582966314707410630345614577257850
3206,True,GMC Yukon,GMC,"60,000 miles",55998,Yukon Denali,2022 GMC,carmax,60000,55998,Yukon,Denali,2022,2022-gmc-yukon-denali,316840582966314707410630345614577257850
3207,True,GMC Yukon,GMC,"42,000 miles",60998,Yukon Denali,2022 GMC,carmax,42000,60998,Yukon,Denali,2022,2022-gmc-yukon-denali,316840582966314707410630345614577257850
3208,True,GMC Yukon,GMC,"62,000 miles",56998,Yukon Denali,2022 GMC,carmax,62000,56998,Yukon,Denali,2022,2022-gmc-yukon-denali,316840582966314707410630345614577257850
3209,True,GMC Yukon,GMC,"39,000 miles",59998,Yukon Denali,2022 GMC,carmax,39000,59998,Yukon,Denali,2022,2022-gmc-yukon-denali,316840582966314707410630345614577257850
3210,True,GMC Yukon,GMC,"28,000 miles",67998,Yukon Denali,2022 GMC,carmax,28000,67998,Yukon,Denali,2022,2022-gmc-yukon-denali,316840582966314707410630345614577257850
3211,True,GMC Yukon,GMC,"47,000 miles",58998,Yukon Denali,2022 GMC,carmax,47000,58998,Yukon,Denali,2022,2022-gmc-yukon-denali,316840582966314707410630345614577257850
3212,True,GMC Yukon,GMC,"30,000 miles",47998,Yukon SLE,2022 GMC,carmax,30000,47998,Yukon,SLE,2022,2022-gmc-yukon-sle,23664044484271839465419441955000603089
3213,True,GMC Yukon,GMC,"29,000 miles",47998,Yukon SLE,2022 GMC,carmax,29000,47998,Yukon,SLE,2022,2022-gmc-yukon-sle,23664044484271839465419441955000603089
3214,True,GMC Yukon,GMC,"37,000 miles",47998,Yukon SLE,2022 GMC,carmax,37000,47998,Yukon,SLE,2022,2022-gmc-yukon-sle,23664044484271839465419441955000603089
3215,True,GMC Yukon,GMC,"49,000 miles",53998,Yukon SLT,2022 GMC,carmax,49000,53998,Yukon,SLT,2022,2022-gmc-yukon-slt,336870324928117515913766814182239365908
3216,True,GMC Yukon,GMC,"22,000 miles",52998,Yukon SLT,2022 GMC,carmax,22000,52998,Yukon,SLT,2022,2022-gmc-yukon-slt,336870324928117515913766814182239365908
3217,True,GMC Yukon,GMC,"42,000 miles",52998,Yukon SLT,2022 GMC,carmax,42000,52998,Yukon,SLT,2022,2022-gmc-yukon-slt,336870324928117515913766814182239365908
3218,True,GMC Yukon,GMC,"49,000 miles",54998,Yukon SLT,2022 GMC,carmax,49000,54998,Yukon,SLT,2022,2022-gmc-yukon-slt,336870324928117515913766814182239365908
3219,True,GMC Yukon,GMC,"57,000 miles",50998,Yukon SLT,2022 GMC,carmax,57000,50998,Yukon,SLT,2022,2022-gmc-yukon-slt,336870324928117515913766814182239365908
3220,True,GMC Yukon,GMC,"26,000 miles",54998,Yukon SLT,2022 GMC,carmax,26000,54998,Yukon,SLT,2022,2022-gmc-yukon-slt,336870324928117515913766814182239365908
3221,True,GMC Yukon XL 1500,GMC,"35,000 miles",59998,Yukon XL 1500 AT4,2022 GMC,carmax,35000,59998,Yukon XL 1500,AT4,2022,2022-gmc-yukon xl 1500-at4,194308611187519046615085377902885858582
3222,True,GMC Yukon XL 1500,GMC,"61,000 miles",60998,Yukon XL 1500 Denali,2022 GMC,carmax,61000,60998,Yukon XL 1500,Denali,2022,2022-gmc-yukon xl 1500-denali,330447911685458778321608551872101991154
3223,True,GMC Yukon XL 1500,GMC,"69,000 miles",49998,Yukon XL 1500 Denali,2022 GMC,carmax,69000,49998,Yukon XL 1500,Denali,2022,2022-gmc-yukon xl 1500-denali,330447911685458778321608551872101991154
3224,True,GMC Yukon XL 1500,GMC,"70,000 miles",45998,Yukon XL 1500 Denali,2022 GMC,carmax,70000,45998,Yukon XL 1500,Denali,2022,2022-gmc-yukon xl 1500-denali,330447911685458778321608551872101991154
3225,True,GMC Yukon XL 1500,GMC,"29,000 miles",64998,Yukon XL 1500 Denali,2022 GMC,carmax,29000,64998,Yukon XL 1500,Denali,2022,2022-gmc-yukon xl 1500-denali,330447911685458778321608551872101991154
3226,True,GMC Yukon XL 1500,GMC,"51,000 miles",59998,Yukon XL 1500 Denali,2022 GMC,carmax,51000,59998,Yukon XL 1500,Denali,2022,2022-gmc-yukon xl 1500-denali,330447911685458778321608551872101991154
3227,True,GMC Yukon XL 1500,GMC,"38,000 miles",63998,Yukon XL 1500 Denali,2022 GMC,carmax,38000,63998,Yukon XL 1500,Denali,2022,2022-gmc-yukon xl 1500-denali,330447911685458778321608551872101991154
3228,True,GMC Yukon XL 1500,GMC,"17,000 miles",51998,Yukon XL 1500 SLE,2022 GMC,carmax,17000,51998,Yukon XL 1500,SLE,2022,2022-gmc-yukon xl 1500-sle,231413859621659309930038464728259589230
3229,True,GMC Yukon XL 1500,GMC,"45,000 miles",45998,Yukon XL 1500 SLE,2022 GMC,carmax,45000,45998,Yukon XL 1500,SLE,2022,2022-gmc-yukon xl 1500-sle,231413859621659309930038464728259589230
3230,True,GMC Yukon XL 1500,GMC,"56,000 miles",49998,Yukon XL 1500 SLT,2022 GMC,carmax,56000,49998,Yukon XL 1500,SLT,2022,2022-gmc-yukon xl 1500-slt,203779486621487711100398406996714977980
3231,True,GMC Yukon XL 1500,GMC,"45,000 miles",55998,Yukon XL 1500 SLT,2022 GMC,carmax,45000,55998,Yukon XL 1500,SLT,2022,2022-gmc-yukon xl 1500-slt,203779486621487711100398406996714977980
3232,True,GMC Yukon XL 1500,GMC,"70,000 miles",48998,Yukon XL 1500 SLT,2022 GMC,carmax,70000,48998,Yukon XL 1500,SLT,2022,2022-gmc-yukon xl 1500-slt,203779486621487711100398406996714977980
3233,True,GMC Yukon XL 1500,GMC,"60,000 miles",51998,Yukon XL 1500 SLT,2022 GMC,carmax,60000,51998,Yukon XL 1500,SLT,2022,2022-gmc-yukon xl 1500-slt,203779486621487711100398406996714977980
3234,True,GMC Yukon XL 1500,GMC,"38,000 miles",57998,Yukon XL 1500 SLT,2022 GMC,carmax,38000,57998,Yukon XL 1500,SLT,2022,2022-gmc-yukon xl 1500-slt,203779486621487711100398406996714977980
3235,False,Lexus IS 500,Lexus,"34,000 miles",54998,IS 500 F-Sport Performance Launch Edition,2022 Lexus,carmax,34000,54998,IS 500,F-Sport Performance Launch Edition,2022,2022-lexus-is 500-f-sport performance launch edition,11384532666630891846062140973557022886
3236,False,Lexus LS 500,Lexus,"38,000 miles",54998,LS 500,2022 Lexus,carmax,38000,54998,LS 500,-,2022,2022-lexus-ls 500--,228861509024798288261575130437884688572
3237,False,Lexus LS 500,Lexus,"26,000 miles",56998,LS 500,2022 Lexus,carmax,26000,56998,LS 500,-,2022,2022-lexus-ls 500--,228861509024798288261575130437884688572
3238,False,Lexus LX 600,Lexus,"39,000 miles",85998,LX 600 F-Sport,2022 Lexus,carmax,39000,85998,LX 600,F-Sport,2022,2022-lexus-lx 600-f-sport,288966773424368495509487894659996234737
3239,False,Toyota 4Runner,Toyota,"46,000 miles",43998,4Runner Limited,2022 Toyota,carmax,46000,43998,4Runner,Limited,2022,2022-toyota-4runner-limited,218402434523417917118883695996543563218
3240,False,Toyota 4Runner,Toyota,"37,000 miles",47998,4Runner Limited,2022 Toyota,carmax,37000,47998,4Runner,Limited,2022,2022-toyota-4runner-limited,218402434523417917118883695996543563218
3241,False,Toyota 4Runner,Toyota,"46,000 miles",43998,4Runner Limited,2022 Toyota,carmax,46000,43998,4Runner,Limited,2022,2022-toyota-4runner-limited,218402434523417917118883695996543563218
3242,False,Toyota 4Runner,Toyota,"39,000 miles",45998,4Runner Limited,2022 Toyota,carmax,39000,45998,4Runner,Limited,2022,2022-toyota-4runner-limited,218402434523417917118883695996543563218
3243,False,Toyota 4Runner,Toyota,"49,000 miles",42998,4Runner Limited,2022 Toyota,carmax,49000,42998,4Runner,Limited,2022,2022-toyota-4runner-limited,218402434523417917118883695996543563218
3244,False,Toyota 4Runner,Toyota,"37,000 miles",41998,4Runner Limited,2022 Toyota,carmax,37000,41998,4Runner,Limited,2022,2022-toyota-4runner-limited,218402434523417917118883695996543563218
3245,False,Toyota 4Runner,Toyota,"32,000 miles",48998,4Runner Limited,2022 Toyota,carmax,32000,48998,4Runner,Limited,2022,2022-toyota-4runner-limited,218402434523417917118883695996543563218
3246,False,Toyota 4Runner,Toyota,"103,000 miles",31998,4Runner Limited,2022 Toyota,carmax,103000,31998,4Runner,Limited,2022,2022-toyota-4runner-limited,218402434523417917118883695996543563218
3247,False,Toyota 4Runner,Toyota,"21,000 miles",48998,4Runner Limited,2022 Toyota,carmax,21000,48998,4Runner,Limited,2022,2022-toyota-4runner-limited,218402434523417917118883695996543563218
3248,False,Toyota 4Runner,Toyota,"27,000 miles",48998,4Runner Limited,2022 Toyota,carmax,27000,48998,4Runner,Limited,2022,2022-toyota-4runner-limited,218402434523417917118883695996543563218
3249,False,Toyota 4Runner,Toyota,"51,000 miles",43998,4Runner Limited,2022 Toyota,carmax,51000,43998,4Runner,Limited,2022,2022-toyota-4runner-limited,218402434523417917118883695996543563218
3250,False,Toyota 4Runner,Toyota,"66,000 miles",33998,4Runner SR5,2022 Toyota,carmax,66000,33998,4Runner,SR5,2022,2022-toyota-4runner-sr5,78900469885725095370520889533413416686
3251,False,Toyota 4Runner,Toyota,"31,000 miles",37998,4Runner SR5,2022 Toyota,carmax,31000,37998,4Runner,SR5,2022,2022-toyota-4runner-sr5,78900469885725095370520889533413416686
3252,False,Toyota 4Runner,Toyota,"39,000 miles",35998,4Runner SR5,2022 Toyota,carmax,39000,35998,4Runner,SR5,2022,2022-toyota-4runner-sr5,78900469885725095370520889533413416686
3253,False,Toyota 4Runner,Toyota,"39,000 miles",35998,4Runner SR5,2022 Toyota,carmax,39000,35998,4Runner,SR5,2022,2022-toyota-4runner-sr5,78900469885725095370520889533413416686
3254,False,Toyota 4Runner,Toyota,"43,000 miles",34998,4Runner SR5,2022 Toyota,carmax,43000,34998,4Runner,SR5,2022,2022-toyota-4runner-sr5,78900469885725095370520889533413416686
3255,False,Toyota 4Runner,Toyota,"32,000 miles",36998,4Runner SR5,2022 Toyota,carmax,32000,36998,4Runner,SR5,2022,2022-toyota-4runner-sr5,78900469885725095370520889533413416686
3256,False,Toyota 4Runner,Toyota,"48,000 miles",34998,4Runner SR5,2022 Toyota,carmax,48000,34998,4Runner,SR5,2022,2022-toyota-4runner-sr5,78900469885725095370520889533413416686
3257,False,Toyota 4Runner,Toyota,"23,000 miles",39998,4Runner SR5,2022 Toyota,carmax,23000,39998,4Runner,SR5,2022,2022-toyota-4runner-sr5,78900469885725095370520889533413416686
3258,False,Toyota 4Runner,Toyota,"55,000 miles",35998,4Runner SR5,2022 Toyota,carmax,55000,35998,4Runner,SR5,2022,2022-toyota-4runner-sr5,78900469885725095370520889533413416686
3259,False,Toyota 4Runner,Toyota,"60,000 miles",35998,4Runner SR5,2022 Toyota,carmax,60000,35998,4Runner,SR5,2022,2022-toyota-4runner-sr5,78900469885725095370520889533413416686
3260,False,Toyota 4Runner,Toyota,"46,000 miles",36998,4Runner SR5,2022 Toyota,carmax,46000,36998,4Runner,SR5,2022,2022-toyota-4runner-sr5,78900469885725095370520889533413416686
3261,False,Toyota 4Runner,Toyota,"65,000 miles",34998,4Runner SR5,2022 Toyota,carmax,65000,34998,4Runner,SR5,2022,2022-toyota-4runner-sr5,78900469885725095370520889533413416686
3262,False,Toyota 4Runner,Toyota,"22,000 miles",39998,4Runner SR5,2022 Toyota,carmax,22000,39998,4Runner,SR5,2022,2022-toyota-4runner-sr5,78900469885725095370520889533413416686
3263,False,Toyota 4Runner,Toyota,"22,000 miles",39998,4Runner SR5,2022 Toyota,carmax,22000,39998,4Runner,SR5,2022,2022-toyota-4runner-sr5,78900469885725095370520889533413416686
3264,False,Toyota 4Runner,Toyota,"39,000 miles",40998,4Runner SR5,2022 Toyota,carmax,39000,40998,4Runner,SR5,2022,2022-toyota-4runner-sr5,78900469885725095370520889533413416686
3265,False,Toyota 4Runner,Toyota,"55,000 miles",39998,4Runner SR5 Premium,2022 Toyota,carmax,55000,39998,4Runner,SR5 Premium,2022,2022-toyota-4runner-sr5 premium,298564469732877199241381255325809862952
3266,False,Toyota 4Runner,Toyota,"30,000 miles",39998,4Runner SR5 Premium,2022 Toyota,carmax,30000,39998,4Runner,SR5 Premium,2022,2022-toyota-4runner-sr5 premium,298564469732877199241381255325809862952
3267,False,Toyota 4Runner,Toyota,"99,000 miles",35998,4Runner SR5 Premium,2022 Toyota,carmax,99000,35998,4Runner,SR5 Premium,2022,2022-toyota-4runner-sr5 premium,298564469732877199241381255325809862952
3268,False,Toyota 4Runner,Toyota,"38,000 miles",39998,4Runner SR5 Premium,2022 Toyota,carmax,38000,39998,4Runner,SR5 Premium,2022,2022-toyota-4runner-sr5 premium,298564469732877199241381255325809862952
3269,False,Toyota 4Runner,Toyota,"23,000 miles",42998,4Runner SR5 Premium,2022 Toyota,carmax,23000,42998,4Runner,SR5 Premium,2022,2022-toyota-4runner-sr5 premium,298564469732877199241381255325809862952
3270,False,Toyota 4Runner,Toyota,"78,000 miles",35998,4Runner SR5 Premium,2022 Toyota,carmax,78000,35998,4Runner,SR5 Premium,2022,2022-toyota-4runner-sr5 premium,298564469732877199241381255325809862952
3271,False,Toyota 4Runner,Toyota,"58,000 miles",36998,4Runner SR5 Premium,2022 Toyota,carmax,58000,36998,4Runner,SR5 Premium,2022,2022-toyota-4runner-sr5 premium,298564469732877199241381255325809862952
3272,False,Toyota 4Runner,Toyota,"49,000 miles",35998,4Runner SR5 Premium,2022 Toyota,carmax,49000,35998,4Runner,SR5 Premium,2022,2022-toyota-4runner-sr5 premium,298564469732877199241381255325809862952
3273,False,Toyota 4Runner,Toyota,"56,000 miles",37998,4Runner SR5 Premium,2022 Toyota,carmax,56000,37998,4Runner,SR5 Premium,2022,2022-toyota-4runner-sr5 premium,298564469732877199241381255325809862952
3274,False,Toyota 4Runner,Toyota,"45,000 miles",39998,4Runner SR5 Premium,2022 Toyota,carmax,45000,39998,4Runner,SR5 Premium,2022,2022-toyota-4runner-sr5 premium,298564469732877199241381255325809862952
3275,False,Toyota 4Runner,Toyota,"55,000 miles",36998,4Runner SR5 Premium,2022 Toyota,carmax,55000,36998,4Runner,SR5 Premium,2022,2022-toyota-4runner-sr5 premium,298564469732877199241381255325809862952
3276,False,Toyota 4Runner,Toyota,"16,000 miles",44998,4Runner SR5 Premium,2022 Toyota,carmax,16000,44998,4Runner,SR5 Premium,2022,2022-toyota-4runner-sr5 premium,298564469732877199241381255325809862952
3277,False,Toyota 4Runner,Toyota,"65,000 miles",36998,4Runner SR5 Premium,2022 Toyota,carmax,65000,36998,4Runner,SR5 Premium,2022,2022-toyota-4runner-sr5 premium,298564469732877199241381255325809862952
3278,False,Toyota 4Runner,Toyota,"50,000 miles",39998,4Runner SR5 Premium,2022 Toyota,carmax,50000,39998,4Runner,SR5 Premium,2022,2022-toyota-4runner-sr5 premium,298564469732877199241381255325809862952
3279,False,Toyota 4Runner,Toyota,"55,000 miles",39998,4Runner TRD Off Road,2022 Toyota,carmax,55000,39998,4Runner,TRD Off Road,2022,2022-toyota-4runner-trd off road,147317195497008736931455943700828333653
3280,False,Toyota 4Runner,Toyota,"4,000 miles",53998,4Runner TRD Off Road Premium,2022 Toyota,carmax,4000,53998,4Runner,TRD Off Road Premium,2022,2022-toyota-4runner-trd off road premium,20708350575156142337199235429185576288
3281,False,Toyota 4Runner,Toyota,"69,000 miles",39998,4Runner TRD Off Road Premium,2022 Toyota,carmax,69000,39998,4Runner,TRD Off Road Premium,2022,2022-toyota-4runner-trd off road premium,20708350575156142337199235429185576288
3282,False,Toyota 4Runner,Toyota,"31,000 miles",43998,4Runner TRD Off Road Premium,2022 Toyota,carmax,31000,43998,4Runner,TRD Off Road Premium,2022,2022-toyota-4runner-trd off road premium,20708350575156142337199235429185576288
3283,False,Toyota 4Runner,Toyota,"28,000 miles",46998,4Runner TRD Off Road Premium,2022 Toyota,carmax,28000,46998,4Runner,TRD Off Road Premium,2022,2022-toyota-4runner-trd off road premium,20708350575156142337199235429185576288
3284,False,Toyota 4Runner,Toyota,"50,000 miles",42998,4Runner TRD Off Road Premium,2022 Toyota,carmax,50000,42998,4Runner,TRD Off Road Premium,2022,2022-toyota-4runner-trd off road premium,20708350575156142337199235429185576288
3285,False,Toyota 4Runner,Toyota,"59,000 miles",41998,4Runner TRD Off Road Premium,2022 Toyota,carmax,59000,41998,4Runner,TRD Off Road Premium,2022,2022-toyota-4runner-trd off road premium,20708350575156142337199235429185576288
3286,False,Toyota 4Runner,Toyota,"47,000 miles",42998,4Runner TRD Off Road Premium,2022 Toyota,carmax,47000,42998,4Runner,TRD Off Road Premium,2022,2022-toyota-4runner-trd off road premium,20708350575156142337199235429185576288
3287,False,Toyota 4Runner,Toyota,"46,000 miles",47998,4Runner TRD Off Road Premium,2022 Toyota,carmax,46000,47998,4Runner,TRD Off Road Premium,2022,2022-toyota-4runner-trd off road premium,20708350575156142337199235429185576288
3288,False,Toyota 4Runner,Toyota,"74,000 miles",38998,4Runner TRD Off Road Premium,2022 Toyota,carmax,74000,38998,4Runner,TRD Off Road Premium,2022,2022-toyota-4runner-trd off road premium,20708350575156142337199235429185576288
3289,False,Toyota 4Runner,Toyota,"23,000 miles",47998,4Runner TRD Off Road Premium,2022 Toyota,carmax,23000,47998,4Runner,TRD Off Road Premium,2022,2022-toyota-4runner-trd off road premium,20708350575156142337199235429185576288
3290,False,Toyota 4Runner,Toyota,"34,000 miles",47998,4Runner TRD Off Road Premium,2022 Toyota,carmax,34000,47998,4Runner,TRD Off Road Premium,2022,2022-toyota-4runner-trd off road premium,20708350575156142337199235429185576288
3291,False,Toyota 4Runner,Toyota,"108,000 miles",34998,4Runner TRD Off Road Premium,2022 Toyota,carmax,108000,34998,4Runner,TRD Off Road Premium,2022,2022-toyota-4runner-trd off road premium,20708350575156142337199235429185576288
3292,False,Toyota 4Runner,Toyota,"24,000 miles",52998,4Runner TRD Pro,2022 Toyota,carmax,24000,52998,4Runner,TRD Pro,2022,2022-toyota-4runner-trd pro,24793667179709678956783866067777024777
3293,False,Toyota 4Runner,Toyota,"29,000 miles",52998,4Runner TRD Pro,2022 Toyota,carmax,29000,52998,4Runner,TRD Pro,2022,2022-toyota-4runner-trd pro,24793667179709678956783866067777024777
3294,False,Toyota 4Runner,Toyota,"83,000 miles",45998,4Runner TRD Pro,2022 Toyota,carmax,83000,45998,4Runner,TRD Pro,2022,2022-toyota-4runner-trd pro,24793667179709678956783866067777024777
3295,False,Toyota 4Runner,Toyota,"34,000 miles",49998,4Runner TRD Pro,2022 Toyota,carmax,34000,49998,4Runner,TRD Pro,2022,2022-toyota-4runner-trd pro,24793667179709678956783866067777024777
3296,False,Toyota 4Runner,Toyota,"27,000 miles",51998,4Runner TRD Pro,2022 Toyota,carmax,27000,51998,4Runner,TRD Pro,2022,2022-toyota-4runner-trd pro,24793667179709678956783866067777024777
3297,False,Toyota 4Runner,Toyota,"60,000 miles",47998,4Runner TRD Pro,2022 Toyota,carmax,60000,47998,4Runner,TRD Pro,2022,2022-toyota-4runner-trd pro,24793667179709678956783866067777024777
3298,False,Toyota 4Runner,Toyota,"33,000 miles",51998,4Runner TRD Pro,2022 Toyota,carmax,33000,51998,4Runner,TRD Pro,2022,2022-toyota-4runner-trd pro,24793667179709678956783866067777024777
3299,False,Toyota 4Runner,Toyota,"42,000 miles",47998,4Runner TRD Pro,2022 Toyota,carmax,42000,47998,4Runner,TRD Pro,2022,2022-toyota-4runner-trd pro,24793667179709678956783866067777024777
3300,False,Toyota 4Runner,Toyota,"27,000 miles",51998,4Runner TRD Pro,2022 Toyota,carmax,27000,51998,4Runner,TRD Pro,2022,2022-toyota-4runner-trd pro,24793667179709678956783866067777024777
3301,False,Toyota 4Runner,Toyota,"48,000 miles",36998,4Runner TRD Sport,2022 Toyota,carmax,48000,36998,4Runner,TRD Sport,2022,2022-toyota-4runner-trd sport,184892739461798204035760327272826020745
3302,False,Toyota 4Runner,Toyota,"41,000 miles",40998,4Runner TRD Sport,2022 Toyota,carmax,41000,40998,4Runner,TRD Sport,2022,2022-toyota-4runner-trd sport,184892739461798204035760327272826020745
3303,False,Toyota 4Runner,Toyota,"22,000 miles",41998,4Runner TRD Sport,2022 Toyota,carmax,22000,41998,4Runner,TRD Sport,2022,2022-toyota-4runner-trd sport,184892739461798204035760327272826020745
3304,False,Toyota 4Runner,Toyota,"66,000 miles",36998,4Runner TRD Sport,2022 Toyota,carmax,66000,36998,4Runner,TRD Sport,2022,2022-toyota-4runner-trd sport,184892739461798204035760327272826020745
3305,False,Toyota 4Runner,Toyota,"23,000 miles",45998,4Runner Trail Special Edition,2022 Toyota,carmax,23000,45998,4Runner,Trail Special Edition,2022,2022-toyota-4runner-trail special edition,285060245928237643583891540769877880002
3306,False,Toyota 4Runner,Toyota,"54,000 miles",43998,4Runner Trail Special Edition,2022 Toyota,carmax,54000,43998,4Runner,Trail Special Edition,2022,2022-toyota-4runner-trail special edition,285060245928237643583891540769877880002
3307,False,Toyota 4Runner,Toyota,"20,000 miles",47998,4Runner Trail Special Edition,2022 Toyota,carmax,20000,47998,4Runner,Trail Special Edition,2022,2022-toyota-4runner-trail special edition,285060245928237643583891540769877880002
3308,False,Toyota 4Runner,Toyota,"34,000 miles",40998,4Runner Trail Special Edition,2022 Toyota,carmax,34000,40998,4Runner,Trail Special Edition,2022,2022-toyota-4runner-trail special edition,285060245928237643583891540769877880002
3309,False,Toyota 4Runner,Toyota,"45,000 miles",41998,4Runner Trail Special Edition,2022 Toyota,carmax,45000,41998,4Runner,Trail Special Edition,2022,2022-toyota-4runner-trail special edition,285060245928237643583891540769877880002
3310,False,Toyota Highlander,Toyota,"33,000 miles",37998,Highlander Hybrid LE,2022 Toyota,carmax,33000,37998,Highlander,Hybrid LE,2022,2022-toyota-highlander-hybrid le,126819338992851846030428096463342507642
3311,False,Toyota Highlander,Toyota,"62,000 miles",31998,Highlander Hybrid LE,2022 Toyota,carmax,62000,31998,Highlander,Hybrid LE,2022,2022-toyota-highlander-hybrid le,126819338992851846030428096463342507642
3312,False,Toyota Highlander,Toyota,"24,000 miles",37998,Highlander Hybrid LE,2022 Toyota,carmax,24000,37998,Highlander,Hybrid LE,2022,2022-toyota-highlander-hybrid le,126819338992851846030428096463342507642
3313,False,Toyota Highlander,Toyota,"26,000 miles",45998,Highlander Hybrid Limited,2022 Toyota,carmax,26000,45998,Highlander,Hybrid Limited,2022,2022-toyota-highlander-hybrid limited,53360813256887223942216793891750813368
3314,False,Toyota Highlander,Toyota,"20,000 miles",47998,Highlander Hybrid Limited,2022 Toyota,carmax,20000,47998,Highlander,Hybrid Limited,2022,2022-toyota-highlander-hybrid limited,53360813256887223942216793891750813368
3315,False,Toyota Highlander,Toyota,"62,000 miles",37998,Highlander Hybrid Limited,2022 Toyota,carmax,62000,37998,Highlander,Hybrid Limited,2022,2022-toyota-highlander-hybrid limited,53360813256887223942216793891750813368
3316,False,Toyota Highlander,Toyota,"48,000 miles",40998,Highlander Hybrid Limited,2022 Toyota,carmax,48000,40998,Highlander,Hybrid Limited,2022,2022-toyota-highlander-hybrid limited,53360813256887223942216793891750813368
3317,False,Toyota Highlander,Toyota,"39,000 miles",44998,Highlander Hybrid Platinum,2022 Toyota,carmax,39000,44998,Highlander,Hybrid Platinum,2022,2022-toyota-highlander-hybrid platinum,171826878485006865390559847804078374521
3318,False,Toyota Highlander,Toyota,"29,000 miles",47998,Highlander Hybrid Platinum,2022 Toyota,carmax,29000,47998,Highlander,Hybrid Platinum,2022,2022-toyota-highlander-hybrid platinum,171826878485006865390559847804078374521
3319,False,Toyota Highlander,Toyota,"98,000 miles",35998,Highlander Hybrid Platinum,2022 Toyota,carmax,98000,35998,Highlander,Hybrid Platinum,2022,2022-toyota-highlander-hybrid platinum,171826878485006865390559847804078374521
3320,False,Toyota Highlander,Toyota,"36,000 miles",41998,Highlander Hybrid XLE,2022 Toyota,carmax,36000,41998,Highlander,Hybrid XLE,2022,2022-toyota-highlander-hybrid xle,170924637159973631992597639436968854560
3321,False,Toyota Highlander,Toyota,"60,000 miles",35998,Highlander Hybrid XLE,2022 Toyota,carmax,60000,35998,Highlander,Hybrid XLE,2022,2022-toyota-highlander-hybrid xle,170924637159973631992597639436968854560
3322,False,Toyota Highlander,Toyota,"54,000 miles",36998,Highlander Hybrid XLE,2022 Toyota,carmax,54000,36998,Highlander,Hybrid XLE,2022,2022-toyota-highlander-hybrid xle,170924637159973631992597639436968854560
3323,False,Toyota Highlander,Toyota,"33,000 miles",41998,Highlander Hybrid XLE,2022 Toyota,carmax,33000,41998,Highlander,Hybrid XLE,2022,2022-toyota-highlander-hybrid xle,170924637159973631992597639436968854560
3324,False,Toyota Highlander,Toyota,"56,000 miles",35998,Highlander Hybrid XLE,2022 Toyota,carmax,56000,35998,Highlander,Hybrid XLE,2022,2022-toyota-highlander-hybrid xle,170924637159973631992597639436968854560
3325,False,Toyota Highlander,Toyota,"52,000 miles",37998,Highlander Hybrid XLE,2022 Toyota,carmax,52000,37998,Highlander,Hybrid XLE,2022,2022-toyota-highlander-hybrid xle,170924637159973631992597639436968854560
3326,False,Toyota Highlander,Toyota,"59,000 miles",34998,Highlander Hybrid XLE,2022 Toyota,carmax,59000,34998,Highlander,Hybrid XLE,2022,2022-toyota-highlander-hybrid xle,170924637159973631992597639436968854560
3327,False,Toyota Highlander,Toyota,"19,000 miles",43998,Highlander Hybrid XLE,2022 Toyota,carmax,19000,43998,Highlander,Hybrid XLE,2022,2022-toyota-highlander-hybrid xle,170924637159973631992597639436968854560
3328,False,Toyota Highlander,Toyota,"55,000 miles",33998,Highlander Hybrid XLE,2022 Toyota,carmax,55000,33998,Highlander,Hybrid XLE,2022,2022-toyota-highlander-hybrid xle,170924637159973631992597639436968854560
3329,False,Toyota Highlander,Toyota,"33,000 miles",39998,Highlander Hybrid XLE,2022 Toyota,carmax,33000,39998,Highlander,Hybrid XLE,2022,2022-toyota-highlander-hybrid xle,170924637159973631992597639436968854560
3330,False,Toyota Highlander,Toyota,"54,000 miles",36998,Highlander Hybrid XLE,2022 Toyota,carmax,54000,36998,Highlander,Hybrid XLE,2022,2022-toyota-highlander-hybrid xle,170924637159973631992597639436968854560
3331,False,Toyota Highlander,Toyota,"30,000 miles",40998,Highlander Hybrid XLE,2022 Toyota,carmax,30000,40998,Highlander,Hybrid XLE,2022,2022-toyota-highlander-hybrid xle,170924637159973631992597639436968854560
3332,False,Toyota Highlander,Toyota,"59,000 miles",33998,Highlander Hybrid XLE,2022 Toyota,carmax,59000,33998,Highlander,Hybrid XLE,2022,2022-toyota-highlander-hybrid xle,170924637159973631992597639436968854560
3333,False,Toyota Highlander,Toyota,"54,000 miles",37998,Highlander Hybrid XLE,2022 Toyota,carmax,54000,37998,Highlander,Hybrid XLE,2022,2022-toyota-highlander-hybrid xle,170924637159973631992597639436968854560
3334,False,Toyota Highlander,Toyota,"43,000 miles",39998,Highlander Hybrid XLE,2022 Toyota,carmax,43000,39998,Highlander,Hybrid XLE,2022,2022-toyota-highlander-hybrid xle,170924637159973631992597639436968854560
3335,False,Toyota Highlander,Toyota,"45,000 miles",35998,Highlander Hybrid XLE,2022 Toyota,carmax,45000,35998,Highlander,Hybrid XLE,2022,2022-toyota-highlander-hybrid xle,170924637159973631992597639436968854560
3336,False,Toyota Highlander,Toyota,"35,000 miles",38998,Highlander Hybrid XLE,2022 Toyota,carmax,35000,38998,Highlander,Hybrid XLE,2022,2022-toyota-highlander-hybrid xle,170924637159973631992597639436968854560
3337,False,Toyota Highlander,Toyota,"44,000 miles",36998,Highlander Hybrid XLE Bronze,2022 Toyota,carmax,44000,36998,Highlander,Hybrid XLE Bronze,2022,2022-toyota-highlander-hybrid xle bronze,171238076934650265719243430482231228207
3338,False,Toyota Highlander,Toyota,"33,000 miles",40998,Highlander Hybrid XLE Bronze,2022 Toyota,carmax,33000,40998,Highlander,Hybrid XLE Bronze,2022,2022-toyota-highlander-hybrid xle bronze,171238076934650265719243430482231228207
3339,False,Toyota Highlander,Toyota,"32,000 miles",31998,Highlander L,2022 Toyota,carmax,32000,31998,Highlander,L,2022,2022-toyota-highlander-l,78883361524931320112621543069360570694
3340,False,Toyota Highlander,Toyota,"33,000 miles",29998,Highlander L,2022 Toyota,carmax,33000,29998,Highlander,L,2022,2022-toyota-highlander-l,78883361524931320112621543069360570694
3341,False,Toyota Highlander,Toyota,"28,000 miles",32998,Highlander L,2022 Toyota,carmax,28000,32998,Highlander,L,2022,2022-toyota-highlander-l,78883361524931320112621543069360570694
3342,False,Toyota Highlander,Toyota,"24,000 miles",33998,Highlander L,2022 Toyota,carmax,24000,33998,Highlander,L,2022,2022-toyota-highlander-l,78883361524931320112621543069360570694
3343,False,Toyota Highlander,Toyota,"11,000 miles",37998,Highlander LE,2022 Toyota,carmax,11000,37998,Highlander,LE,2022,2022-toyota-highlander-le,37776978726057338243626049486527173714
3344,False,Toyota Highlander,Toyota,"20,000 miles",32998,Highlander LE,2022 Toyota,carmax,20000,32998,Highlander,LE,2022,2022-toyota-highlander-le,37776978726057338243626049486527173714
3345,False,Toyota Highlander,Toyota,"26,000 miles",34998,Highlander LE,2022 Toyota,carmax,26000,34998,Highlander,LE,2022,2022-toyota-highlander-le,37776978726057338243626049486527173714
3346,False,Toyota Highlander,Toyota,"49,000 miles",30998,Highlander LE,2022 Toyota,carmax,49000,30998,Highlander,LE,2022,2022-toyota-highlander-le,37776978726057338243626049486527173714
3347,False,Toyota Highlander,Toyota,"29,000 miles",32998,Highlander LE,2022 Toyota,carmax,29000,32998,Highlander,LE,2022,2022-toyota-highlander-le,37776978726057338243626049486527173714
3348,False,Toyota Highlander,Toyota,"66,000 miles",26998,Highlander LE,2022 Toyota,carmax,66000,26998,Highlander,LE,2022,2022-toyota-highlander-le,37776978726057338243626049486527173714
3349,False,Toyota Highlander,Toyota,"50,000 miles",28998,Highlander LE,2022 Toyota,carmax,50000,28998,Highlander,LE,2022,2022-toyota-highlander-le,37776978726057338243626049486527173714
3350,False,Toyota Highlander,Toyota,"26,000 miles",40998,Highlander Limited,2022 Toyota,carmax,26000,40998,Highlander,Limited,2022,2022-toyota-highlander-limited,157958686376197401281008427432692211682
3351,False,Toyota Highlander,Toyota,"78,000 miles",33998,Highlander Limited,2022 Toyota,carmax,78000,33998,Highlander,Limited,2022,2022-toyota-highlander-limited,157958686376197401281008427432692211682
3352,False,Toyota Highlander,Toyota,"98,000 miles",29998,Highlander Limited,2022 Toyota,carmax,98000,29998,Highlander,Limited,2022,2022-toyota-highlander-limited,157958686376197401281008427432692211682
3353,False,Toyota Highlander,Toyota,"54,000 miles",36998,Highlander Limited,2022 Toyota,carmax,54000,36998,Highlander,Limited,2022,2022-toyota-highlander-limited,157958686376197401281008427432692211682
3354,False,Toyota Highlander,Toyota,"28,000 miles",37998,Highlander Limited,2022 Toyota,carmax,28000,37998,Highlander,Limited,2022,2022-toyota-highlander-limited,157958686376197401281008427432692211682
3355,False,Toyota Highlander,Toyota,"17,000 miles",42998,Highlander Limited,2022 Toyota,carmax,17000,42998,Highlander,Limited,2022,2022-toyota-highlander-limited,157958686376197401281008427432692211682
3356,False,Toyota Highlander,Toyota,"29,000 miles",44998,Highlander Platinum,2022 Toyota,carmax,29000,44998,Highlander,Platinum,2022,2022-toyota-highlander-platinum,300631214773812022226013181022512611639
3357,False,Toyota Highlander,Toyota,"25,000 miles",41998,Highlander Platinum,2022 Toyota,carmax,25000,41998,Highlander,Platinum,2022,2022-toyota-highlander-platinum,300631214773812022226013181022512611639
3358,False,Toyota Highlander,Toyota,"29,000 miles",44998,Highlander Platinum,2022 Toyota,carmax,29000,44998,Highlander,Platinum,2022,2022-toyota-highlander-platinum,300631214773812022226013181022512611639
3359,False,Toyota Highlander,Toyota,"19,000 miles",46998,Highlander Platinum,2022 Toyota,carmax,19000,46998,Highlander,Platinum,2022,2022-toyota-highlander-platinum,300631214773812022226013181022512611639
3360,False,Toyota Highlander,Toyota,"45,000 miles",39998,Highlander Platinum,2022 Toyota,carmax,45000,39998,Highlander,Platinum,2022,2022-toyota-highlander-platinum,300631214773812022226013181022512611639
3361,False,Toyota Highlander,Toyota,"12,000 miles",42998,Highlander Platinum,2022 Toyota,carmax,12000,42998,Highlander,Platinum,2022,2022-toyota-highlander-platinum,300631214773812022226013181022512611639
3362,False,Toyota Highlander,Toyota,"23,000 miles",44998,Highlander Platinum,2022 Toyota,carmax,23000,44998,Highlander,Platinum,2022,2022-toyota-highlander-platinum,300631214773812022226013181022512611639
3363,False,Toyota Highlander,Toyota,"17,000 miles",49998,Highlander Platinum,2022 Toyota,carmax,17000,49998,Highlander,Platinum,2022,2022-toyota-highlander-platinum,300631214773812022226013181022512611639
3364,False,Toyota Highlander,Toyota,"25,000 miles",43998,Highlander Platinum,2022 Toyota,carmax,25000,43998,Highlander,Platinum,2022,2022-toyota-highlander-platinum,300631214773812022226013181022512611639
3365,False,Toyota Highlander,Toyota,"15,000 miles",42998,Highlander Platinum,2022 Toyota,carmax,15000,42998,Highlander,Platinum,2022,2022-toyota-highlander-platinum,300631214773812022226013181022512611639
3366,False,Toyota Highlander,Toyota,"17,000 miles",43998,Highlander Platinum,2022 Toyota,carmax,17000,43998,Highlander,Platinum,2022,2022-toyota-highlander-platinum,300631214773812022226013181022512611639
3367,False,Toyota Highlander,Toyota,"37,000 miles",39998,Highlander Platinum,2022 Toyota,carmax,37000,39998,Highlander,Platinum,2022,2022-toyota-highlander-platinum,300631214773812022226013181022512611639
3368,False,Toyota Highlander,Toyota,"20,000 miles",44998,Highlander Platinum,2022 Toyota,carmax,20000,44998,Highlander,Platinum,2022,2022-toyota-highlander-platinum,300631214773812022226013181022512611639
3369,False,Toyota Highlander,Toyota,"17,000 miles",46998,Highlander Platinum,2022 Toyota,carmax,17000,46998,Highlander,Platinum,2022,2022-toyota-highlander-platinum,300631214773812022226013181022512611639
3370,False,Toyota Highlander,Toyota,"56,000 miles",33998,Highlander XLE,2022 Toyota,carmax,56000,33998,Highlander,XLE,2022,2022-toyota-highlander-xle,233445639566593582310237197956500223068
3371,False,Toyota Highlander,Toyota,"13,000 miles",41998,Highlander XLE,2022 Toyota,carmax,13000,41998,Highlander,XLE,2022,2022-toyota-highlander-xle,233445639566593582310237197956500223068
3372,False,Toyota Highlander,Toyota,"16,000 miles",38998,Highlander XLE,2022 Toyota,carmax,16000,38998,Highlander,XLE,2022,2022-toyota-highlander-xle,233445639566593582310237197956500223068
3373,False,Toyota Highlander,Toyota,"21,000 miles",37998,Highlander XLE,2022 Toyota,carmax,21000,37998,Highlander,XLE,2022,2022-toyota-highlander-xle,233445639566593582310237197956500223068
3374,False,Toyota Highlander,Toyota,"26,000 miles",38998,Highlander XLE,2022 Toyota,carmax,26000,38998,Highlander,XLE,2022,2022-toyota-highlander-xle,233445639566593582310237197956500223068
3375,False,Toyota Highlander,Toyota,"27,000 miles",38998,Highlander XLE,2022 Toyota,carmax,27000,38998,Highlander,XLE,2022,2022-toyota-highlander-xle,233445639566593582310237197956500223068
3376,False,Toyota Highlander,Toyota,"40,000 miles",35998,Highlander XLE,2022 Toyota,carmax,40000,35998,Highlander,XLE,2022,2022-toyota-highlander-xle,233445639566593582310237197956500223068
3377,False,Toyota Highlander,Toyota,"68,000 miles",31998,Highlander XLE,2022 Toyota,carmax,68000,31998,Highlander,XLE,2022,2022-toyota-highlander-xle,233445639566593582310237197956500223068
3378,False,Toyota Highlander,Toyota,"47,000 miles",34998,Highlander XLE,2022 Toyota,carmax,47000,34998,Highlander,XLE,2022,2022-toyota-highlander-xle,233445639566593582310237197956500223068
3379,False,Toyota Highlander,Toyota,"43,000 miles",34998,Highlander XLE,2022 Toyota,carmax,43000,34998,Highlander,XLE,2022,2022-toyota-highlander-xle,233445639566593582310237197956500223068
3380,False,Toyota Highlander,Toyota,"38,000 miles",33998,Highlander XLE,2022 Toyota,carmax,38000,33998,Highlander,XLE,2022,2022-toyota-highlander-xle,233445639566593582310237197956500223068
3381,False,Toyota Highlander,Toyota,"52,000 miles",31998,Highlander XLE,2022 Toyota,carmax,52000,31998,Highlander,XLE,2022,2022-toyota-highlander-xle,233445639566593582310237197956500223068
3382,False,Toyota Highlander,Toyota,"96,000 miles",27998,Highlander XLE,2022 Toyota,carmax,96000,27998,Highlander,XLE,2022,2022-toyota-highlander-xle,233445639566593582310237197956500223068
3383,False,Toyota Highlander,Toyota,"51,000 miles",34998,Highlander XLE,2022 Toyota,carmax,51000,34998,Highlander,XLE,2022,2022-toyota-highlander-xle,233445639566593582310237197956500223068
3384,False,Toyota Highlander,Toyota,"73,000 miles",31998,Highlander XLE,2022 Toyota,carmax,73000,31998,Highlander,XLE,2022,2022-toyota-highlander-xle,233445639566593582310237197956500223068
3385,False,Toyota Highlander,Toyota,"33,000 miles",36998,Highlander XLE,2022 Toyota,carmax,33000,36998,Highlander,XLE,2022,2022-toyota-highlander-xle,233445639566593582310237197956500223068
3386,False,Toyota Highlander,Toyota,"100,000 miles",29998,Highlander XLE,2022 Toyota,carmax,100000,29998,Highlander,XLE,2022,2022-toyota-highlander-xle,233445639566593582310237197956500223068
3387,False,Toyota Highlander,Toyota,"33,000 miles",35998,Highlander XLE,2022 Toyota,carmax,33000,35998,Highlander,XLE,2022,2022-toyota-highlander-xle,233445639566593582310237197956500223068
3388,False,Toyota Highlander,Toyota,"46,000 miles",33998,Highlander XLE,2022 Toyota,carmax,46000,33998,Highlander,XLE,2022,2022-toyota-highlander-xle,233445639566593582310237197956500223068
3389,False,Toyota Highlander,Toyota,"49,000 miles",33998,Highlander XLE,2022 Toyota,carmax,49000,33998,Highlander,XLE,2022,2022-toyota-highlander-xle,233445639566593582310237197956500223068
3390,False,Toyota Highlander,Toyota,"42,000 miles",35998,Highlander XLE,2022 Toyota,carmax,42000,35998,Highlander,XLE,2022,2022-toyota-highlander-xle,233445639566593582310237197956500223068
3391,False,Toyota Highlander,Toyota,"24,000 miles",36998,Highlander XLE,2022 Toyota,carmax,24000,36998,Highlander,XLE,2022,2022-toyota-highlander-xle,233445639566593582310237197956500223068
3392,False,Toyota Highlander,Toyota,"50,000 miles",33998,Highlander XLE,2022 Toyota,carmax,50000,33998,Highlander,XLE,2022,2022-toyota-highlander-xle,233445639566593582310237197956500223068
3393,False,Toyota Highlander,Toyota,"27,000 miles",36998,Highlander XLE,2022 Toyota,carmax,27000,36998,Highlander,XLE,2022,2022-toyota-highlander-xle,233445639566593582310237197956500223068
3394,False,Toyota Highlander,Toyota,"24,000 miles",40998,Highlander XLE,2022 Toyota,carmax,24000,40998,Highlander,XLE,2022,2022-toyota-highlander-xle,233445639566593582310237197956500223068
3395,False,Toyota Highlander,Toyota,"45,000 miles",34998,Highlander XLE,2022 Toyota,carmax,45000,34998,Highlander,XLE,2022,2022-toyota-highlander-xle,233445639566593582310237197956500223068
3396,False,Toyota Highlander,Toyota,"37,000 miles",36998,Highlander XLE,2022 Toyota,carmax,37000,36998,Highlander,XLE,2022,2022-toyota-highlander-xle,233445639566593582310237197956500223068
3397,False,Toyota Highlander,Toyota,"27,000 miles",35998,Highlander XLE,2022 Toyota,carmax,27000,35998,Highlander,XLE,2022,2022-toyota-highlander-xle,233445639566593582310237197956500223068
3398,False,Toyota Highlander,Toyota,"24,000 miles",37998,Highlander XLE,2022 Toyota,carmax,24000,37998,Highlander,XLE,2022,2022-toyota-highlander-xle,233445639566593582310237197956500223068
3399,False,Toyota Highlander,Toyota,"64,000 miles",32998,Highlander XLE,2022 Toyota,carmax,64000,32998,Highlander,XLE,2022,2022-toyota-highlander-xle,233445639566593582310237197956500223068
3400,False,Toyota Highlander,Toyota,"20,000 miles",38998,Highlander XLE,2022 Toyota,carmax,20000,38998,Highlander,XLE,2022,2022-toyota-highlander-xle,233445639566593582310237197956500223068
3401,False,Toyota Highlander,Toyota,"36,000 miles",37998,Highlander XLE,2022 Toyota,carmax,36000,37998,Highlander,XLE,2022,2022-toyota-highlander-xle,233445639566593582310237197956500223068
3402,False,Toyota Highlander,Toyota,"58,000 miles",34998,Highlander XLE,2022 Toyota,carmax,58000,34998,Highlander,XLE,2022,2022-toyota-highlander-xle,233445639566593582310237197956500223068
3403,False,Toyota Highlander,Toyota,"47,000 miles",32998,Highlander XLE,2022 Toyota,carmax,47000,32998,Highlander,XLE,2022,2022-toyota-highlander-xle,233445639566593582310237197956500223068
3404,False,Toyota Highlander,Toyota,"36,000 miles",34998,Highlander XLE,2022 Toyota,carmax,36000,34998,Highlander,XLE,2022,2022-toyota-highlander-xle,233445639566593582310237197956500223068
3405,False,Toyota Highlander,Toyota,"33,000 miles",35998,Highlander XLE,2022 Toyota,carmax,33000,35998,Highlander,XLE,2022,2022-toyota-highlander-xle,233445639566593582310237197956500223068
3406,False,Toyota Highlander,Toyota,"25,000 miles",41998,Highlander XSE,2022 Toyota,carmax,25000,41998,Highlander,XSE,2022,2022-toyota-highlander-xse,257425983934931174030778010963547869885
3407,False,Toyota Highlander,Toyota,"46,000 miles",37998,Highlander XSE,2022 Toyota,carmax,46000,37998,Highlander,XSE,2022,2022-toyota-highlander-xse,257425983934931174030778010963547869885
3408,False,Toyota Highlander,Toyota,"18,000 miles",39998,Highlander XSE,2022 Toyota,carmax,18000,39998,Highlander,XSE,2022,2022-toyota-highlander-xse,257425983934931174030778010963547869885
3409,False,Toyota Highlander,Toyota,"24,000 miles",39998,Highlander XSE,2022 Toyota,carmax,24000,39998,Highlander,XSE,2022,2022-toyota-highlander-xse,257425983934931174030778010963547869885
3410,False,Toyota Highlander,Toyota,"7,000 miles",39998,Highlander XSE,2022 Toyota,carmax,7000,39998,Highlander,XSE,2022,2022-toyota-highlander-xse,257425983934931174030778010963547869885
3411,False,Toyota Highlander,Toyota,"30,000 miles",38998,Highlander XSE,2022 Toyota,carmax,30000,38998,Highlander,XSE,2022,2022-toyota-highlander-xse,257425983934931174030778010963547869885
3412,False,Toyota Highlander,Toyota,"22,000 miles",39998,Highlander XSE,2022 Toyota,carmax,22000,39998,Highlander,XSE,2022,2022-toyota-highlander-xse,257425983934931174030778010963547869885
3413,False,Toyota Highlander,Toyota,"43,000 miles",37998,Highlander XSE,2022 Toyota,carmax,43000,37998,Highlander,XSE,2022,2022-toyota-highlander-xse,257425983934931174030778010963547869885
3414,False,Toyota Highlander,Toyota,"47,000 miles",36998,Highlander XSE,2022 Toyota,carmax,47000,36998,Highlander,XSE,2022,2022-toyota-highlander-xse,257425983934931174030778010963547869885
3415,False,Toyota Highlander,Toyota,"36,000 miles",34998,Highlander XSE,2022 Toyota,carmax,36000,34998,Highlander,XSE,2022,2022-toyota-highlander-xse,257425983934931174030778010963547869885
3416,False,Toyota Sequoia,Toyota,"13,000 miles",63998,Sequoia Platinum,2022 Toyota,carmax,13000,63998,Sequoia,Platinum,2022,2022-toyota-sequoia-platinum,30947596220037310481336921325339949248
3417,False,Toyota Sequoia,Toyota,"45,000 miles",62998,Sequoia TRD Pro,2022 Toyota,carmax,45000,62998,Sequoia,TRD Pro,2022,2022-toyota-sequoia-trd pro,162021855239449994361124410732145606161
3418,True,Cadillac Escalade,Cadillac,"46,000 miles",72998,Escalade ESV Premium Luxury,2023 Cadillac,carmax,46000,72998,Escalade,Premium Luxury,2023,2023-cadillac-escalade-premium luxury,157953704950188002392426506632217695798
3419,True,Cadillac Escalade,Cadillac,"19,000 miles",78998,Escalade ESV Premium Luxury,2023 Cadillac,carmax,19000,78998,Escalade,Premium Luxury,2023,2023-cadillac-escalade-premium luxury,157953704950188002392426506632217695798
3420,True,Cadillac Escalade,Cadillac,"32,000 miles",73998,Escalade ESV Premium Luxury,2023 Cadillac,carmax,32000,73998,Escalade,Premium Luxury,2023,2023-cadillac-escalade-premium luxury,157953704950188002392426506632217695798
3421,True,Cadillac Escalade,Cadillac,"36,000 miles",74998,Escalade ESV Premium Luxury Platinum,2023 Cadillac,carmax,36000,74998,Escalade,Premium Luxury Platinum,2023,2023-cadillac-escalade-premium luxury platinum,50304942443295356444683006476675818070
3422,True,Cadillac Escalade,Cadillac,"47,000 miles",72998,Escalade ESV Sport,2023 Cadillac,carmax,47000,72998,Escalade,Sport,2023,2023-cadillac-escalade-sport,191626932223264570049077064535753017548
3423,True,Cadillac Escalade,Cadillac,"20,000 miles",81998,Escalade ESV Sport,2023 Cadillac,carmax,20000,81998,Escalade,Sport,2023,2023-cadillac-escalade-sport,191626932223264570049077064535753017548
3424,True,Cadillac Escalade,Cadillac,"31,000 miles",77998,Escalade ESV Sport,2023 Cadillac,carmax,31000,77998,Escalade,Sport,2023,2023-cadillac-escalade-sport,191626932223264570049077064535753017548
3425,True,Cadillac Escalade,Cadillac,"20,000 miles",85998,Escalade ESV Sport Platinum,2023 Cadillac,carmax,20000,85998,Escalade,Sport Platinum,2023,2023-cadillac-escalade-sport platinum,17819893948226748506995902664114651341
3426,True,Cadillac Escalade,Cadillac,"26,000 miles",67998,Escalade Luxury,2023 Cadillac,carmax,26000,67998,Escalade,Luxury,2023,2023-cadillac-escalade-luxury,153409570819133400257836870696899811753
3427,True,Cadillac Escalade,Cadillac,"51,000 miles",69998,Escalade Premium Luxury,2023 Cadillac,carmax,51000,69998,Escalade,Premium Luxury,2023,2023-cadillac-escalade-premium luxury,157953704950188002392426506632217695798
3428,True,Cadillac Escalade,Cadillac,"19,000 miles",79998,Escalade Premium Luxury,2023 Cadillac,carmax,19000,79998,Escalade,Premium Luxury,2023,2023-cadillac-escalade-premium luxury,157953704950188002392426506632217695798
3429,True,Cadillac Escalade,Cadillac,"4,000 miles",88998,Escalade Premium Luxury,2023 Cadillac,carmax,4000,88998,Escalade,Premium Luxury,2023,2023-cadillac-escalade-premium luxury,157953704950188002392426506632217695798
3430,True,Cadillac Escalade,Cadillac,"32,000 miles",76998,Escalade Premium Luxury,2023 Cadillac,carmax,32000,76998,Escalade,Premium Luxury,2023,2023-cadillac-escalade-premium luxury,157953704950188002392426506632217695798
3431,True,Cadillac Escalade,Cadillac,"45,000 miles",69998,Escalade Premium Luxury,2023 Cadillac,carmax,45000,69998,Escalade,Premium Luxury,2023,2023-cadillac-escalade-premium luxury,157953704950188002392426506632217695798
3432,True,Cadillac Escalade,Cadillac,"46,000 miles",69998,Escalade Premium Luxury,2023 Cadillac,carmax,46000,69998,Escalade,Premium Luxury,2023,2023-cadillac-escalade-premium luxury,157953704950188002392426506632217695798
3433,True,Cadillac Escalade,Cadillac,"25,000 miles",76998,Escalade Premium Luxury,2023 Cadillac,carmax,25000,76998,Escalade,Premium Luxury,2023,2023-cadillac-escalade-premium luxury,157953704950188002392426506632217695798
3434,True,Cadillac Escalade,Cadillac,"38,000 miles",73998,Escalade Premium Luxury,2023 Cadillac,carmax,38000,73998,Escalade,Premium Luxury,2023,2023-cadillac-escalade-premium luxury,157953704950188002392426506632217695798
3435,True,Cadillac Escalade,Cadillac,"55,000 miles",69998,Escalade Premium Luxury Platinum,2023 Cadillac,carmax,55000,69998,Escalade,Premium Luxury Platinum,2023,2023-cadillac-escalade-premium luxury platinum,50304942443295356444683006476675818070
3436,True,Cadillac Escalade,Cadillac,"17,000 miles",84998,Escalade Premium Luxury Platinum,2023 Cadillac,carmax,17000,84998,Escalade,Premium Luxury Platinum,2023,2023-cadillac-escalade-premium luxury platinum,50304942443295356444683006476675818070
3437,True,Cadillac Escalade,Cadillac,"32,000 miles",78998,Escalade Premium Luxury Platinum,2023 Cadillac,carmax,32000,78998,Escalade,Premium Luxury Platinum,2023,2023-cadillac-escalade-premium luxury platinum,50304942443295356444683006476675818070
3438,True,Cadillac Escalade,Cadillac,"44,000 miles",72998,Escalade Premium Luxury Platinum,2023 Cadillac,carmax,44000,72998,Escalade,Premium Luxury Platinum,2023,2023-cadillac-escalade-premium luxury platinum,50304942443295356444683006476675818070
3439,True,Cadillac Escalade,Cadillac,"49,000 miles",75998,Escalade Sport,2023 Cadillac,carmax,49000,75998,Escalade,Sport,2023,2023-cadillac-escalade-sport,191626932223264570049077064535753017548
3440,True,Cadillac Escalade,Cadillac,"30,000 miles",79998,Escalade Sport,2023 Cadillac,carmax,30000,79998,Escalade,Sport,2023,2023-cadillac-escalade-sport,191626932223264570049077064535753017548
3441,True,Cadillac Escalade,Cadillac,"20,000 miles",81998,Escalade Sport Platinum,2023 Cadillac,carmax,20000,81998,Escalade,Sport Platinum,2023,2023-cadillac-escalade-sport platinum,17819893948226748506995902664114651341
3442,True,Chevrolet Suburban 1500,Chevrolet,"46,000 miles",62998,Suburban 1500 High Country,2023 Chevrolet,carmax,46000,62998,Suburban 1500,High Country,2023,2023-chevrolet-suburban 1500-high country,126120986629295126889895275107665129098
3443,True,Chevrolet Suburban 1500,Chevrolet,"36,000 miles",65998,Suburban 1500 High Country,2023 Chevrolet,carmax,36000,65998,Suburban 1500,High Country,2023,2023-chevrolet-suburban 1500-high country,126120986629295126889895275107665129098
3444,True,Chevrolet Suburban 1500,Chevrolet,"38,000 miles",49998,Suburban 1500 LS,2023 Chevrolet,carmax,38000,49998,Suburban 1500,LS,2023,2023-chevrolet-suburban 1500-ls,93877207567109613699141777283865861251
3445,True,Chevrolet Suburban 1500,Chevrolet,"73,000 miles",41998,Suburban 1500 LS,2023 Chevrolet,carmax,73000,41998,Suburban 1500,LS,2023,2023-chevrolet-suburban 1500-ls,93877207567109613699141777283865861251
3446,True,Chevrolet Suburban 1500,Chevrolet,"35,000 miles",47998,Suburban 1500 LS,2023 Chevrolet,carmax,35000,47998,Suburban 1500,LS,2023,2023-chevrolet-suburban 1500-ls,93877207567109613699141777283865861251
3447,True,Chevrolet Suburban 1500,Chevrolet,"22,000 miles",50998,Suburban 1500 LS,2023 Chevrolet,carmax,22000,50998,Suburban 1500,LS,2023,2023-chevrolet-suburban 1500-ls,93877207567109613699141777283865861251
3448,True,Chevrolet Suburban 1500,Chevrolet,"60,000 miles",43998,Suburban 1500 LT,2023 Chevrolet,carmax,60000,43998,Suburban 1500,LT,2023,2023-chevrolet-suburban 1500-lt,233279677652856714529304528447115876218
3449,True,Chevrolet Suburban 1500,Chevrolet,"58,000 miles",45998,Suburban 1500 LT,2023 Chevrolet,carmax,58000,45998,Suburban 1500,LT,2023,2023-chevrolet-suburban 1500-lt,233279677652856714529304528447115876218
3450,True,Chevrolet Suburban 1500,Chevrolet,"16,000 miles",63998,Suburban 1500 LT,2023 Chevrolet,carmax,16000,63998,Suburban 1500,LT,2023,2023-chevrolet-suburban 1500-lt,233279677652856714529304528447115876218
3451,True,Chevrolet Suburban 1500,Chevrolet,"62,000 miles",45998,Suburban 1500 Premier,2023 Chevrolet,carmax,62000,45998,Suburban 1500,Premier,2023,2023-chevrolet-suburban 1500-premier,204074455252303103278335566695421258145
3452,True,Chevrolet Suburban 1500,Chevrolet,"52,000 miles",50998,Suburban 1500 Premier,2023 Chevrolet,carmax,52000,50998,Suburban 1500,Premier,2023,2023-chevrolet-suburban 1500-premier,204074455252303103278335566695421258145
3453,True,Chevrolet Suburban 1500,Chevrolet,"49,000 miles",45998,Suburban 1500 Premier,2023 Chevrolet,carmax,49000,45998,Suburban 1500,Premier,2023,2023-chevrolet-suburban 1500-premier,204074455252303103278335566695421258145
3454,True,Chevrolet Suburban 1500,Chevrolet,"59,000 miles",60998,Suburban 1500 Z71,2023 Chevrolet,carmax,59000,60998,Suburban 1500,Z71,2023,2023-chevrolet-suburban 1500-z71,278675000783511313797102625111583805070
3455,True,Chevrolet Suburban 1500,Chevrolet,"19,000 miles",70998,Suburban 1500 Z71,2023 Chevrolet,carmax,19000,70998,Suburban 1500,Z71,2023,2023-chevrolet-suburban 1500-z71,278675000783511313797102625111583805070
3456,True,Chevrolet Suburban 1500,Chevrolet,"45,000 miles",62998,Suburban 1500 Z71,2023 Chevrolet,carmax,45000,62998,Suburban 1500,Z71,2023,2023-chevrolet-suburban 1500-z71,278675000783511313797102625111583805070
3457,True,Chevrolet Suburban 1500,Chevrolet,"49,000 miles",57998,Suburban 1500 Z71,2023 Chevrolet,carmax,49000,57998,Suburban 1500,Z71,2023,2023-chevrolet-suburban 1500-z71,278675000783511313797102625111583805070
3458,True,Chevrolet Tahoe,Chevrolet,"61,000 miles",57998,Tahoe High Country,2023 Chevrolet,carmax,61000,57998,Tahoe,High Country,2023,2023-chevrolet-tahoe-high country,48693504503990416211333624955045985697
3459,True,Chevrolet Tahoe,Chevrolet,"24,000 miles",64998,Tahoe High Country,2023 Chevrolet,carmax,24000,64998,Tahoe,High Country,2023,2023-chevrolet-tahoe-high country,48693504503990416211333624955045985697
3460,True,Chevrolet Tahoe,Chevrolet,"22,000 miles",68998,Tahoe High Country,2023 Chevrolet,carmax,22000,68998,Tahoe,High Country,2023,2023-chevrolet-tahoe-high country,48693504503990416211333624955045985697
3461,True,Chevrolet Tahoe,Chevrolet,"19,000 miles",61998,Tahoe High Country,2023 Chevrolet,carmax,19000,61998,Tahoe,High Country,2023,2023-chevrolet-tahoe-high country,48693504503990416211333624955045985697
3462,True,Chevrolet Tahoe,Chevrolet,"63,000 miles",51998,Tahoe High Country,2023 Chevrolet,carmax,63000,51998,Tahoe,High Country,2023,2023-chevrolet-tahoe-high country,48693504503990416211333624955045985697
3463,True,Chevrolet Tahoe,Chevrolet,"44,000 miles",60998,Tahoe High Country,2023 Chevrolet,carmax,44000,60998,Tahoe,High Country,2023,2023-chevrolet-tahoe-high country,48693504503990416211333624955045985697
3464,True,Chevrolet Tahoe,Chevrolet,"70,000 miles",52998,Tahoe High Country,2023 Chevrolet,carmax,70000,52998,Tahoe,High Country,2023,2023-chevrolet-tahoe-high country,48693504503990416211333624955045985697
3465,True,Chevrolet Tahoe,Chevrolet,"34,000 miles",58998,Tahoe High Country,2023 Chevrolet,carmax,34000,58998,Tahoe,High Country,2023,2023-chevrolet-tahoe-high country,48693504503990416211333624955045985697
3466,True,Chevrolet Tahoe,Chevrolet,"94,000 miles",47998,Tahoe High Country,2023 Chevrolet,carmax,94000,47998,Tahoe,High Country,2023,2023-chevrolet-tahoe-high country,48693504503990416211333624955045985697
3467,True,Chevrolet Tahoe,Chevrolet,"14,000 miles",63998,Tahoe High Country,2023 Chevrolet,carmax,14000,63998,Tahoe,High Country,2023,2023-chevrolet-tahoe-high country,48693504503990416211333624955045985697
3468,True,Chevrolet Tahoe,Chevrolet,"7,000 miles",68998,Tahoe High Country,2023 Chevrolet,carmax,7000,68998,Tahoe,High Country,2023,2023-chevrolet-tahoe-high country,48693504503990416211333624955045985697
3469,True,Chevrolet Tahoe,Chevrolet,"14,000 miles",67998,Tahoe High Country,2023 Chevrolet,carmax,14000,67998,Tahoe,High Country,2023,2023-chevrolet-tahoe-high country,48693504503990416211333624955045985697
3470,True,Chevrolet Tahoe,Chevrolet,"32,000 miles",61998,Tahoe High Country,2023 Chevrolet,carmax,32000,61998,Tahoe,High Country,2023,2023-chevrolet-tahoe-high country,48693504503990416211333624955045985697
3471,True,Chevrolet Tahoe,Chevrolet,"15,000 miles",67998,Tahoe High Country,2023 Chevrolet,carmax,15000,67998,Tahoe,High Country,2023,2023-chevrolet-tahoe-high country,48693504503990416211333624955045985697
3472,True,Chevrolet Tahoe,Chevrolet,"30,000 miles",51998,Tahoe LS,2023 Chevrolet,carmax,30000,51998,Tahoe,LS,2023,2023-chevrolet-tahoe-ls,207558967558473474537623011708111047597
3473,True,Chevrolet Tahoe,Chevrolet,"24,000 miles",50998,Tahoe LS,2023 Chevrolet,carmax,24000,50998,Tahoe,LS,2023,2023-chevrolet-tahoe-ls,207558967558473474537623011708111047597
3474,True,Chevrolet Tahoe,Chevrolet,"23,000 miles",49998,Tahoe LS,2023 Chevrolet,carmax,23000,49998,Tahoe,LS,2023,2023-chevrolet-tahoe-ls,207558967558473474537623011708111047597
3475,True,Chevrolet Tahoe,Chevrolet,"32,000 miles",46998,Tahoe LS,2023 Chevrolet,carmax,32000,46998,Tahoe,LS,2023,2023-chevrolet-tahoe-ls,207558967558473474537623011708111047597
3476,True,Chevrolet Tahoe,Chevrolet,"30,000 miles",48998,Tahoe LS,2023 Chevrolet,carmax,30000,48998,Tahoe,LS,2023,2023-chevrolet-tahoe-ls,207558967558473474537623011708111047597
3477,True,Chevrolet Tahoe,Chevrolet,"35,000 miles",45998,Tahoe LS,2023 Chevrolet,carmax,35000,45998,Tahoe,LS,2023,2023-chevrolet-tahoe-ls,207558967558473474537623011708111047597
3478,True,Chevrolet Tahoe,Chevrolet,"28,000 miles",51998,Tahoe LS,2023 Chevrolet,carmax,28000,51998,Tahoe,LS,2023,2023-chevrolet-tahoe-ls,207558967558473474537623011708111047597
3479,True,Chevrolet Tahoe,Chevrolet,"70,000 miles",43998,Tahoe LT,2023 Chevrolet,carmax,70000,43998,Tahoe,LT,2023,2023-chevrolet-tahoe-lt,315263986044670314305954463859897960662
3480,True,Chevrolet Tahoe,Chevrolet,"18,000 miles",58998,Tahoe LT,2023 Chevrolet,carmax,18000,58998,Tahoe,LT,2023,2023-chevrolet-tahoe-lt,315263986044670314305954463859897960662
3481,True,Chevrolet Tahoe,Chevrolet,"35,000 miles",54998,Tahoe LT,2023 Chevrolet,carmax,35000,54998,Tahoe,LT,2023,2023-chevrolet-tahoe-lt,315263986044670314305954463859897960662
3482,True,Chevrolet Tahoe,Chevrolet,"54,000 miles",50998,Tahoe LT,2023 Chevrolet,carmax,54000,50998,Tahoe,LT,2023,2023-chevrolet-tahoe-lt,315263986044670314305954463859897960662
3483,True,Chevrolet Tahoe,Chevrolet,"12,000 miles",57998,Tahoe LT,2023 Chevrolet,carmax,12000,57998,Tahoe,LT,2023,2023-chevrolet-tahoe-lt,315263986044670314305954463859897960662
3484,True,Chevrolet Tahoe,Chevrolet,"39,000 miles",53998,Tahoe LT,2023 Chevrolet,carmax,39000,53998,Tahoe,LT,2023,2023-chevrolet-tahoe-lt,315263986044670314305954463859897960662
3485,True,Chevrolet Tahoe,Chevrolet,"40,000 miles",52998,Tahoe LT,2023 Chevrolet,carmax,40000,52998,Tahoe,LT,2023,2023-chevrolet-tahoe-lt,315263986044670314305954463859897960662
3486,True,Chevrolet Tahoe,Chevrolet,"52,000 miles",46998,Tahoe LT,2023 Chevrolet,carmax,52000,46998,Tahoe,LT,2023,2023-chevrolet-tahoe-lt,315263986044670314305954463859897960662
3487,True,Chevrolet Tahoe,Chevrolet,"39,000 miles",52998,Tahoe LT,2023 Chevrolet,carmax,39000,52998,Tahoe,LT,2023,2023-chevrolet-tahoe-lt,315263986044670314305954463859897960662
3488,True,Chevrolet Tahoe,Chevrolet,"44,000 miles",49998,Tahoe LT,2023 Chevrolet,carmax,44000,49998,Tahoe,LT,2023,2023-chevrolet-tahoe-lt,315263986044670314305954463859897960662
3489,True,Chevrolet Tahoe,Chevrolet,"43,000 miles",50998,Tahoe LT,2023 Chevrolet,carmax,43000,50998,Tahoe,LT,2023,2023-chevrolet-tahoe-lt,315263986044670314305954463859897960662
3490,True,Chevrolet Tahoe,Chevrolet,"65,000 miles",41998,Tahoe LT,2023 Chevrolet,carmax,65000,41998,Tahoe,LT,2023,2023-chevrolet-tahoe-lt,315263986044670314305954463859897960662
3491,True,Chevrolet Tahoe,Chevrolet,"28,000 miles",51998,Tahoe LT,2023 Chevrolet,carmax,28000,51998,Tahoe,LT,2023,2023-chevrolet-tahoe-lt,315263986044670314305954463859897960662
3492,True,Chevrolet Tahoe,Chevrolet,"30,000 miles",64998,Tahoe Premier,2023 Chevrolet,carmax,30000,64998,Tahoe,Premier,2023,2023-chevrolet-tahoe-premier,322218788431359114444678486332144782781
3493,True,Chevrolet Tahoe,Chevrolet,"58,000 miles",48998,Tahoe Premier,2023 Chevrolet,carmax,58000,48998,Tahoe,Premier,2023,2023-chevrolet-tahoe-premier,322218788431359114444678486332144782781
3494,True,Chevrolet Tahoe,Chevrolet,"15,000 miles",61998,Tahoe Premier,2023 Chevrolet,carmax,15000,61998,Tahoe,Premier,2023,2023-chevrolet-tahoe-premier,322218788431359114444678486332144782781
3495,True,Chevrolet Tahoe,Chevrolet,"29,000 miles",58998,Tahoe Premier,2023 Chevrolet,carmax,29000,58998,Tahoe,Premier,2023,2023-chevrolet-tahoe-premier,322218788431359114444678486332144782781
3496,True,Chevrolet Tahoe,Chevrolet,"96,000 miles",44998,Tahoe RST,2023 Chevrolet,carmax,96000,44998,Tahoe,RST,2023,2023-chevrolet-tahoe-rst,108142087910196376588453111263033438883
3497,True,Chevrolet Tahoe,Chevrolet,"59,000 miles",55998,Tahoe RST,2023 Chevrolet,carmax,59000,55998,Tahoe,RST,2023,2023-chevrolet-tahoe-rst,108142087910196376588453111263033438883
3498,True,Chevrolet Tahoe,Chevrolet,"27,000 miles",59998,Tahoe RST,2023 Chevrolet,carmax,27000,59998,Tahoe,RST,2023,2023-chevrolet-tahoe-rst,108142087910196376588453111263033438883
3499,True,Chevrolet Tahoe,Chevrolet,"22,000 miles",64998,Tahoe RST,2023 Chevrolet,carmax,22000,64998,Tahoe,RST,2023,2023-chevrolet-tahoe-rst,108142087910196376588453111263033438883
3500,True,Chevrolet Tahoe,Chevrolet,"68,000 miles",52998,Tahoe RST,2023 Chevrolet,carmax,68000,52998,Tahoe,RST,2023,2023-chevrolet-tahoe-rst,108142087910196376588453111263033438883
3501,True,Chevrolet Tahoe,Chevrolet,"14,000 miles",66998,Tahoe RST,2023 Chevrolet,carmax,14000,66998,Tahoe,RST,2023,2023-chevrolet-tahoe-rst,108142087910196376588453111263033438883
3502,True,Chevrolet Tahoe,Chevrolet,"40,000 miles",55998,Tahoe RST,2023 Chevrolet,carmax,40000,55998,Tahoe,RST,2023,2023-chevrolet-tahoe-rst,108142087910196376588453111263033438883
3503,True,Chevrolet Tahoe,Chevrolet,"47,000 miles",55998,Tahoe Z71,2023 Chevrolet,carmax,47000,55998,Tahoe,Z71,2023,2023-chevrolet-tahoe-z71,869878020317184476993598747941098109
3504,True,Chevrolet Tahoe,Chevrolet,"72,000 miles",52998,Tahoe Z71,2023 Chevrolet,carmax,72000,52998,Tahoe,Z71,2023,2023-chevrolet-tahoe-z71,869878020317184476993598747941098109
3505,True,Chevrolet Tahoe,Chevrolet,"41,000 miles",59998,Tahoe Z71,2023 Chevrolet,carmax,41000,59998,Tahoe,Z71,2023,2023-chevrolet-tahoe-z71,869878020317184476993598747941098109
3506,True,Chevrolet Tahoe,Chevrolet,"30,000 miles",59998,Tahoe Z71,2023 Chevrolet,carmax,30000,59998,Tahoe,Z71,2023,2023-chevrolet-tahoe-z71,869878020317184476993598747941098109
3507,True,GMC Yukon,GMC,"73,000 miles",54998,Yukon AT4,2023 GMC,carmax,73000,54998,Yukon,AT4,2023,2023-gmc-yukon-at4,81078277158828765090551191133114302534
3508,True,GMC Yukon,GMC,"38,000 miles",63998,Yukon AT4,2023 GMC,carmax,38000,63998,Yukon,AT4,2023,2023-gmc-yukon-at4,81078277158828765090551191133114302534
3509,True,GMC Yukon,GMC,"77,000 miles",53998,Yukon AT4,2023 GMC,carmax,77000,53998,Yukon,AT4,2023,2023-gmc-yukon-at4,81078277158828765090551191133114302534
3510,True,GMC Yukon,GMC,"40,000 miles",63998,Yukon Denali,2023 GMC,carmax,40000,63998,Yukon,Denali,2023,2023-gmc-yukon-denali,228970142531912828063057010307768484063
3511,True,GMC Yukon,GMC,"58,000 miles",57998,Yukon Denali,2023 GMC,carmax,58000,57998,Yukon,Denali,2023,2023-gmc-yukon-denali,228970142531912828063057010307768484063
3512,True,GMC Yukon,GMC,"44,000 miles",65998,Yukon Denali,2023 GMC,carmax,44000,65998,Yukon,Denali,2023,2023-gmc-yukon-denali,228970142531912828063057010307768484063
3513,True,GMC Yukon,GMC,"39,000 miles",64998,Yukon Denali,2023 GMC,carmax,39000,64998,Yukon,Denali,2023,2023-gmc-yukon-denali,228970142531912828063057010307768484063
3514,True,GMC Yukon,GMC,"16,000 miles",71998,Yukon Denali,2023 GMC,carmax,16000,71998,Yukon,Denali,2023,2023-gmc-yukon-denali,228970142531912828063057010307768484063
3515,True,GMC Yukon,GMC,"29,000 miles",65998,Yukon Denali,2023 GMC,carmax,29000,65998,Yukon,Denali,2023,2023-gmc-yukon-denali,228970142531912828063057010307768484063
3516,True,GMC Yukon,GMC,"16,000 miles",69998,Yukon Denali,2023 GMC,carmax,16000,69998,Yukon,Denali,2023,2023-gmc-yukon-denali,228970142531912828063057010307768484063
3517,True,GMC Yukon,GMC,"59,000 miles",56998,Yukon Denali,2023 GMC,carmax,59000,56998,Yukon,Denali,2023,2023-gmc-yukon-denali,228970142531912828063057010307768484063
3518,True,GMC Yukon,GMC,"27,000 miles",68998,Yukon Denali,2023 GMC,carmax,27000,68998,Yukon,Denali,2023,2023-gmc-yukon-denali,228970142531912828063057010307768484063
3519,True,GMC Yukon,GMC,"36,000 miles",74998,Yukon Denali Ultimate,2023 GMC,carmax,36000,74998,Yukon,Denali Ultimate,2023,2023-gmc-yukon-denali ultimate,238809280759011371148425917267387249010
3520,True,GMC Yukon,GMC,"19,000 miles",83998,Yukon Denali Ultimate,2023 GMC,carmax,19000,83998,Yukon,Denali Ultimate,2023,2023-gmc-yukon-denali ultimate,238809280759011371148425917267387249010
3521,True,GMC Yukon,GMC,"27,000 miles",76998,Yukon Denali Ultimate,2023 GMC,carmax,27000,76998,Yukon,Denali Ultimate,2023,2023-gmc-yukon-denali ultimate,238809280759011371148425917267387249010
3522,True,GMC Yukon,GMC,"13,000 miles",76998,Yukon Denali Ultimate,2023 GMC,carmax,13000,76998,Yukon,Denali Ultimate,2023,2023-gmc-yukon-denali ultimate,238809280759011371148425917267387249010
3523,True,GMC Yukon,GMC,"48,000 miles",72998,Yukon Denali Ultimate,2023 GMC,carmax,48000,72998,Yukon,Denali Ultimate,2023,2023-gmc-yukon-denali ultimate,238809280759011371148425917267387249010
3524,True,GMC Yukon,GMC,"24,000 miles",52998,Yukon SLE,2023 GMC,carmax,24000,52998,Yukon,SLE,2023,2023-gmc-yukon-sle,225276512590127899161787648553691065503
3525,True,GMC Yukon,GMC,"19,000 miles",62998,Yukon SLT,2023 GMC,carmax,19000,62998,Yukon,SLT,2023,2023-gmc-yukon-slt,305670758495803703242175307371345347567
3526,True,GMC Yukon,GMC,"29,000 miles",61998,Yukon SLT,2023 GMC,carmax,29000,61998,Yukon,SLT,2023,2023-gmc-yukon-slt,305670758495803703242175307371345347567
3527,True,GMC Yukon,GMC,"39,000 miles",55998,Yukon SLT,2023 GMC,carmax,39000,55998,Yukon,SLT,2023,2023-gmc-yukon-slt,305670758495803703242175307371345347567
3528,True,GMC Yukon,GMC,"36,000 miles",57998,Yukon SLT,2023 GMC,carmax,36000,57998,Yukon,SLT,2023,2023-gmc-yukon-slt,305670758495803703242175307371345347567
3529,True,GMC Yukon,GMC,"62,000 miles",45998,Yukon SLT,2023 GMC,carmax,62000,45998,Yukon,SLT,2023,2023-gmc-yukon-slt,305670758495803703242175307371345347567
3530,True,GMC Yukon,GMC,"26,000 miles",59998,Yukon SLT,2023 GMC,carmax,26000,59998,Yukon,SLT,2023,2023-gmc-yukon-slt,305670758495803703242175307371345347567
3531,True,GMC Yukon XL 1500,GMC,"44,000 miles",64998,Yukon XL 1500 AT4,2023 GMC,carmax,44000,64998,Yukon XL 1500,AT4,2023,2023-gmc-yukon xl 1500-at4,269699962631017961925492775443555817695
3532,True,GMC Yukon XL 1500,GMC,"48,000 miles",60998,Yukon XL 1500 Denali,2023 GMC,carmax,48000,60998,Yukon XL 1500,Denali,2023,2023-gmc-yukon xl 1500-denali,82289560963268528805809316233897733112
3533,True,GMC Yukon XL 1500,GMC,"20,000 miles",69998,Yukon XL 1500 Denali,2023 GMC,carmax,20000,69998,Yukon XL 1500,Denali,2023,2023-gmc-yukon xl 1500-denali,82289560963268528805809316233897733112
3534,True,GMC Yukon XL 1500,GMC,"43,000 miles",66998,Yukon XL 1500 Denali,2023 GMC,carmax,43000,66998,Yukon XL 1500,Denali,2023,2023-gmc-yukon xl 1500-denali,82289560963268528805809316233897733112
3535,True,GMC Yukon XL 1500,GMC,"40,000 miles",64998,Yukon XL 1500 Denali,2023 GMC,carmax,40000,64998,Yukon XL 1500,Denali,2023,2023-gmc-yukon xl 1500-denali,82289560963268528805809316233897733112
3536,True,GMC Yukon XL 1500,GMC,"67,000 miles",60998,Yukon XL 1500 Denali,2023 GMC,carmax,67000,60998,Yukon XL 1500,Denali,2023,2023-gmc-yukon xl 1500-denali,82289560963268528805809316233897733112
3537,True,GMC Yukon XL 1500,GMC,"72,000 miles",55998,Yukon XL 1500 Denali,2023 GMC,carmax,72000,55998,Yukon XL 1500,Denali,2023,2023-gmc-yukon xl 1500-denali,82289560963268528805809316233897733112
3538,True,GMC Yukon XL 1500,GMC,"61,000 miles",55998,Yukon XL 1500 Denali,2023 GMC,carmax,61000,55998,Yukon XL 1500,Denali,2023,2023-gmc-yukon xl 1500-denali,82289560963268528805809316233897733112
3539,True,GMC Yukon XL 1500,GMC,"40,000 miles",59998,Yukon XL 1500 Denali,2023 GMC,carmax,40000,59998,Yukon XL 1500,Denali,2023,2023-gmc-yukon xl 1500-denali,82289560963268528805809316233897733112
3540,True,GMC Yukon XL 1500,GMC,"12,000 miles",71998,Yukon XL 1500 Denali,2023 GMC,carmax,12000,71998,Yukon XL 1500,Denali,2023,2023-gmc-yukon xl 1500-denali,82289560963268528805809316233897733112
3541,True,GMC Yukon XL 1500,GMC,"59,000 miles",58998,Yukon XL 1500 Denali,2023 GMC,carmax,59000,58998,Yukon XL 1500,Denali,2023,2023-gmc-yukon xl 1500-denali,82289560963268528805809316233897733112
3542,True,GMC Yukon XL 1500,GMC,"28,000 miles",78998,Yukon XL 1500 Denali Ultimate,2023 GMC,carmax,28000,78998,Yukon XL 1500,Denali Ultimate,2023,2023-gmc-yukon xl 1500-denali ultimate,100074796626926778401662325855846379511
3543,True,GMC Yukon XL 1500,GMC,"38,000 miles",75998,Yukon XL 1500 Denali Ultimate,2023 GMC,carmax,38000,75998,Yukon XL 1500,Denali Ultimate,2023,2023-gmc-yukon xl 1500-denali ultimate,100074796626926778401662325855846379511
3544,True,GMC Yukon XL 1500,GMC,"42,000 miles",72998,Yukon XL 1500 Denali Ultimate,2023 GMC,carmax,42000,72998,Yukon XL 1500,Denali Ultimate,2023,2023-gmc-yukon xl 1500-denali ultimate,100074796626926778401662325855846379511
3545,True,GMC Yukon XL 1500,GMC,"46,000 miles",74998,Yukon XL 1500 Denali Ultimate,2023 GMC,carmax,46000,74998,Yukon XL 1500,Denali Ultimate,2023,2023-gmc-yukon xl 1500-denali ultimate,100074796626926778401662325855846379511
3546,True,GMC Yukon XL 1500,GMC,"37,000 miles",73998,Yukon XL 1500 Denali Ultimate,2023 GMC,carmax,37000,73998,Yukon XL 1500,Denali Ultimate,2023,2023-gmc-yukon xl 1500-denali ultimate,100074796626926778401662325855846379511
3547,True,GMC Yukon XL 1500,GMC,"68,000 miles",52998,Yukon XL 1500 SLT,2023 GMC,carmax,68000,52998,Yukon XL 1500,SLT,2023,2023-gmc-yukon xl 1500-slt,244844428402083561461110681432879626586
3548,True,GMC Yukon XL 1500,GMC,"56,000 miles",54998,Yukon XL 1500 SLT,2023 GMC,carmax,56000,54998,Yukon XL 1500,SLT,2023,2023-gmc-yukon xl 1500-slt,244844428402083561461110681432879626586
3549,True,GMC Yukon XL 1500,GMC,"59,000 miles",59998,Yukon XL 1500 SLT,2023 GMC,carmax,59000,59998,Yukon XL 1500,SLT,2023,2023-gmc-yukon xl 1500-slt,244844428402083561461110681432879626586
3550,False,Lexus IS 500,Lexus,"28,000 miles",58998,IS 500 F-Sport Performance,2023 Lexus,carmax,28000,58998,IS 500,F-Sport Performance,2023,2023-lexus-is 500-f-sport performance,39359821838786649860176789664371596768
3551,False,Lexus IS 500,Lexus,"33,000 miles",57998,IS 500 F-Sport Performance,2023 Lexus,carmax,33000,57998,IS 500,F-Sport Performance,2023,2023-lexus-is 500-f-sport performance,39359821838786649860176789664371596768
3552,False,Lexus IS 500,Lexus,"26,000 miles",60998,IS 500 F-Sport Performance,2023 Lexus,carmax,26000,60998,IS 500,F-Sport Performance,2023,2023-lexus-is 500-f-sport performance,39359821838786649860176789664371596768
3553,False,Lexus IS 500,Lexus,"25,000 miles",56998,IS 500 F-Sport Performance Premium,2023 Lexus,carmax,25000,56998,IS 500,F-Sport Performance Premium,2023,2023-lexus-is 500-f-sport performance premium,248122501789939875469758433397701017358
3554,False,Lexus IS 500,Lexus,"7,000 miles",63998,IS 500 F-Sport Performance Premium,2023 Lexus,carmax,7000,63998,IS 500,F-Sport Performance Premium,2023,2023-lexus-is 500-f-sport performance premium,248122501789939875469758433397701017358
3555,False,Lexus IS 500,Lexus,"14,000 miles",60998,IS 500 F-Sport Performance Premium,2023 Lexus,carmax,14000,60998,IS 500,F-Sport Performance Premium,2023,2023-lexus-is 500-f-sport performance premium,248122501789939875469758433397701017358
3556,False,Lexus LC 500,Lexus,"2,000 miles",93998,LC 500,2023 Lexus,carmax,2000,93998,LC 500,-,2023,2023-lexus-lc 500--,318420356569946181982913384061757675988
3557,False,Lexus LC 500,Lexus,"9,000 miles",93998,LC 500,2023 Lexus,carmax,9000,93998,LC 500,-,2023,2023-lexus-lc 500--,318420356569946181982913384061757675988
3558,False,Lexus LC 500,Lexus,"14,000 miles",88998,LC 500,2023 Lexus,carmax,14000,88998,LC 500,-,2023,2023-lexus-lc 500--,318420356569946181982913384061757675988
3559,False,Lexus LX 600,Lexus,"10,000 miles",93998,LX 600 F-Sport,2023 Lexus,carmax,10000,93998,LX 600,F-Sport,2023,2023-lexus-lx 600-f-sport,12184379141648388405259023160710863225
3560,False,Lexus LX 600,Lexus,"13,000 miles",89998,LX 600 F-Sport,2023 Lexus,carmax,13000,89998,LX 600,F-Sport,2023,2023-lexus-lx 600-f-sport,12184379141648388405259023160710863225
3561,False,Toyota 4Runner,Toyota,"24,000 miles",48998,4Runner 40th Anniversary,2023 Toyota,carmax,24000,48998,4Runner,40th Anniversary,2023,2023-toyota-4runner-40th anniversary,42544988267377969953124181316795599590
3562,False,Toyota 4Runner,Toyota,"35,000 miles",47998,4Runner Limited,2023 Toyota,carmax,35000,47998,4Runner,Limited,2023,2023-toyota-4runner-limited,136309548639740835788523343580510271437
3563,False,Toyota 4Runner,Toyota,"19,000 miles",49998,4Runner Limited,2023 Toyota,carmax,19000,49998,4Runner,Limited,2023,2023-toyota-4runner-limited,136309548639740835788523343580510271437
3564,False,Toyota 4Runner,Toyota,"22,000 miles",52998,4Runner Limited,2023 Toyota,carmax,22000,52998,4Runner,Limited,2023,2023-toyota-4runner-limited,136309548639740835788523343580510271437
3565,False,Toyota 4Runner,Toyota,"20,000 miles",49998,4Runner Limited,2023 Toyota,carmax,20000,49998,4Runner,Limited,2023,2023-toyota-4runner-limited,136309548639740835788523343580510271437
3566,False,Toyota 4Runner,Toyota,"11,000 miles",51998,4Runner Limited,2023 Toyota,carmax,11000,51998,4Runner,Limited,2023,2023-toyota-4runner-limited,136309548639740835788523343580510271437
3567,False,Toyota 4Runner,Toyota,"24,000 miles",52998,4Runner Limited,2023 Toyota,carmax,24000,52998,4Runner,Limited,2023,2023-toyota-4runner-limited,136309548639740835788523343580510271437
3568,False,Toyota 4Runner,Toyota,"13,000 miles",50998,4Runner Limited,2023 Toyota,carmax,13000,50998,4Runner,Limited,2023,2023-toyota-4runner-limited,136309548639740835788523343580510271437
3569,False,Toyota 4Runner,Toyota,"27,000 miles",39998,4Runner SR5,2023 Toyota,carmax,27000,39998,4Runner,SR5,2023,2023-toyota-4runner-sr5,46995888641376976100483360397443595164
3570,False,Toyota 4Runner,Toyota,"40,000 miles",36998,4Runner SR5,2023 Toyota,carmax,40000,36998,4Runner,SR5,2023,2023-toyota-4runner-sr5,46995888641376976100483360397443595164
3571,False,Toyota 4Runner,Toyota,"26,000 miles",37998,4Runner SR5,2023 Toyota,carmax,26000,37998,4Runner,SR5,2023,2023-toyota-4runner-sr5,46995888641376976100483360397443595164
3572,False,Toyota 4Runner,Toyota,"18,000 miles",38998,4Runner SR5,2023 Toyota,carmax,18000,38998,4Runner,SR5,2023,2023-toyota-4runner-sr5,46995888641376976100483360397443595164
3573,False,Toyota 4Runner,Toyota,"35,000 miles",35998,4Runner SR5,2023 Toyota,carmax,35000,35998,4Runner,SR5,2023,2023-toyota-4runner-sr5,46995888641376976100483360397443595164
3574,False,Toyota 4Runner,Toyota,"52,000 miles",38998,4Runner SR5,2023 Toyota,carmax,52000,38998,4Runner,SR5,2023,2023-toyota-4runner-sr5,46995888641376976100483360397443595164
3575,False,Toyota 4Runner,Toyota,"26,000 miles",38998,4Runner SR5,2023 Toyota,carmax,26000,38998,4Runner,SR5,2023,2023-toyota-4runner-sr5,46995888641376976100483360397443595164
3576,False,Toyota 4Runner,Toyota,"53,000 miles",35998,4Runner SR5,2023 Toyota,carmax,53000,35998,4Runner,SR5,2023,2023-toyota-4runner-sr5,46995888641376976100483360397443595164
3577,False,Toyota 4Runner,Toyota,"11,000 miles",49998,4Runner SR5 Premium,2023 Toyota,carmax,11000,49998,4Runner,SR5 Premium,2023,2023-toyota-4runner-sr5 premium,165057315416962420924683403928991338046
3578,False,Toyota 4Runner,Toyota,"15,000 miles",50998,4Runner SR5 Premium,2023 Toyota,carmax,15000,50998,4Runner,SR5 Premium,2023,2023-toyota-4runner-sr5 premium,165057315416962420924683403928991338046
3579,False,Toyota 4Runner,Toyota,"28,000 miles",46998,4Runner SR5 Premium,2023 Toyota,carmax,28000,46998,4Runner,SR5 Premium,2023,2023-toyota-4runner-sr5 premium,165057315416962420924683403928991338046
3580,False,Toyota 4Runner,Toyota,"27,000 miles",46998,4Runner SR5 Premium,2023 Toyota,carmax,27000,46998,4Runner,SR5 Premium,2023,2023-toyota-4runner-sr5 premium,165057315416962420924683403928991338046
3581,False,Toyota 4Runner,Toyota,"26,000 miles",44998,4Runner SR5 Premium,2023 Toyota,carmax,26000,44998,4Runner,SR5 Premium,2023,2023-toyota-4runner-sr5 premium,165057315416962420924683403928991338046
3582,False,Toyota 4Runner,Toyota,"44,000 miles",38998,4Runner SR5 Premium,2023 Toyota,carmax,44000,38998,4Runner,SR5 Premium,2023,2023-toyota-4runner-sr5 premium,165057315416962420924683403928991338046
3583,False,Toyota 4Runner,Toyota,"60,000 miles",37998,4Runner SR5 Premium,2023 Toyota,carmax,60000,37998,4Runner,SR5 Premium,2023,2023-toyota-4runner-sr5 premium,165057315416962420924683403928991338046
3584,False,Toyota 4Runner,Toyota,"21,000 miles",46998,4Runner SR5 Premium,2023 Toyota,carmax,21000,46998,4Runner,SR5 Premium,2023,2023-toyota-4runner-sr5 premium,165057315416962420924683403928991338046
3585,False,Toyota 4Runner,Toyota,"13,000 miles",47998,4Runner SR5 Premium,2023 Toyota,carmax,13000,47998,4Runner,SR5 Premium,2023,2023-toyota-4runner-sr5 premium,165057315416962420924683403928991338046
3586,False,Toyota 4Runner,Toyota,"10,000 miles",48998,4Runner SR5 Premium,2023 Toyota,carmax,10000,48998,4Runner,SR5 Premium,2023,2023-toyota-4runner-sr5 premium,165057315416962420924683403928991338046
3587,False,Toyota 4Runner,Toyota,"14,000 miles",45998,4Runner SR5 Premium,2023 Toyota,carmax,14000,45998,4Runner,SR5 Premium,2023,2023-toyota-4runner-sr5 premium,165057315416962420924683403928991338046
3588,False,Toyota 4Runner,Toyota,"30,000 miles",43998,4Runner SR5 Premium,2023 Toyota,carmax,30000,43998,4Runner,SR5 Premium,2023,2023-toyota-4runner-sr5 premium,165057315416962420924683403928991338046
3589,False,Toyota 4Runner,Toyota,"58,000 miles",41998,4Runner SR5 Premium,2023 Toyota,carmax,58000,41998,4Runner,SR5 Premium,2023,2023-toyota-4runner-sr5 premium,165057315416962420924683403928991338046
3590,False,Toyota 4Runner,Toyota,"18,000 miles",44998,4Runner SR5 Premium,2023 Toyota,carmax,18000,44998,4Runner,SR5 Premium,2023,2023-toyota-4runner-sr5 premium,165057315416962420924683403928991338046
3591,False,Toyota 4Runner,Toyota,"24,000 miles",44998,4Runner SR5 Premium,2023 Toyota,carmax,24000,44998,4Runner,SR5 Premium,2023,2023-toyota-4runner-sr5 premium,165057315416962420924683403928991338046
3592,False,Toyota 4Runner,Toyota,"21,000 miles",43998,4Runner SR5 Premium,2023 Toyota,carmax,21000,43998,4Runner,SR5 Premium,2023,2023-toyota-4runner-sr5 premium,165057315416962420924683403928991338046
3593,False,Toyota 4Runner,Toyota,"15,000 miles",47998,4Runner SR5 Premium,2023 Toyota,carmax,15000,47998,4Runner,SR5 Premium,2023,2023-toyota-4runner-sr5 premium,165057315416962420924683403928991338046
3594,False,Toyota 4Runner,Toyota,"13,000 miles",43998,4Runner SR5 Premium,2023 Toyota,carmax,13000,43998,4Runner,SR5 Premium,2023,2023-toyota-4runner-sr5 premium,165057315416962420924683403928991338046
3595,False,Toyota 4Runner,Toyota,"8,000 miles",46998,4Runner SR5 Premium,2023 Toyota,carmax,8000,46998,4Runner,SR5 Premium,2023,2023-toyota-4runner-sr5 premium,165057315416962420924683403928991338046
3596,False,Toyota 4Runner,Toyota,"6,000 miles",47998,4Runner SR5 Premium,2023 Toyota,carmax,6000,47998,4Runner,SR5 Premium,2023,2023-toyota-4runner-sr5 premium,165057315416962420924683403928991338046
3597,False,Toyota 4Runner,Toyota,"65,000 miles",37998,4Runner SR5 Premium,2023 Toyota,carmax,65000,37998,4Runner,SR5 Premium,2023,2023-toyota-4runner-sr5 premium,165057315416962420924683403928991338046
3598,False,Toyota 4Runner,Toyota,"72,000 miles",37998,4Runner SR5 Premium,2023 Toyota,carmax,72000,37998,4Runner,SR5 Premium,2023,2023-toyota-4runner-sr5 premium,165057315416962420924683403928991338046
3599,False,Toyota 4Runner,Toyota,"80,000 miles",34998,4Runner SR5 Premium,2023 Toyota,carmax,80000,34998,4Runner,SR5 Premium,2023,2023-toyota-4runner-sr5 premium,165057315416962420924683403928991338046
3600,False,Toyota 4Runner,Toyota,"31,000 miles",43998,4Runner TRD Off Road,2023 Toyota,carmax,31000,43998,4Runner,TRD Off Road,2023,2023-toyota-4runner-trd off road,29701199571484830024247523896049222759
3601,False,Toyota 4Runner,Toyota,"38,000 miles",40998,4Runner TRD Off Road,2023 Toyota,carmax,38000,40998,4Runner,TRD Off Road,2023,2023-toyota-4runner-trd off road,29701199571484830024247523896049222759
3602,False,Toyota 4Runner,Toyota,"33,000 miles",44998,4Runner TRD Off Road,2023 Toyota,carmax,33000,44998,4Runner,TRD Off Road,2023,2023-toyota-4runner-trd off road,29701199571484830024247523896049222759
3603,False,Toyota 4Runner,Toyota,"9,000 miles",52998,4Runner TRD Off Road Premium,2023 Toyota,carmax,9000,52998,4Runner,TRD Off Road Premium,2023,2023-toyota-4runner-trd off road premium,129912034188442274460455177505694928471
3604,False,Toyota 4Runner,Toyota,"27,000 miles",49998,4Runner TRD Off Road Premium,2023 Toyota,carmax,27000,49998,4Runner,TRD Off Road Premium,2023,2023-toyota-4runner-trd off road premium,129912034188442274460455177505694928471
3605,False,Toyota 4Runner,Toyota,"15,000 miles",52998,4Runner TRD Off Road Premium,2023 Toyota,carmax,15000,52998,4Runner,TRD Off Road Premium,2023,2023-toyota-4runner-trd off road premium,129912034188442274460455177505694928471
3606,False,Toyota 4Runner,Toyota,"38,000 miles",44998,4Runner TRD Off Road Premium,2023 Toyota,carmax,38000,44998,4Runner,TRD Off Road Premium,2023,2023-toyota-4runner-trd off road premium,129912034188442274460455177505694928471
3607,False,Toyota 4Runner,Toyota,"15,000 miles",49998,4Runner TRD Off Road Premium,2023 Toyota,carmax,15000,49998,4Runner,TRD Off Road Premium,2023,2023-toyota-4runner-trd off road premium,129912034188442274460455177505694928471
3608,False,Toyota 4Runner,Toyota,"36,000 miles",47998,4Runner TRD Off Road Premium,2023 Toyota,carmax,36000,47998,4Runner,TRD Off Road Premium,2023,2023-toyota-4runner-trd off road premium,129912034188442274460455177505694928471
3609,False,Toyota 4Runner,Toyota,"5,000 miles",52998,4Runner TRD Off Road Premium,2023 Toyota,carmax,5000,52998,4Runner,TRD Off Road Premium,2023,2023-toyota-4runner-trd off road premium,129912034188442274460455177505694928471
3610,False,Toyota 4Runner,Toyota,"28,000 miles",46998,4Runner TRD Off Road Premium,2023 Toyota,carmax,28000,46998,4Runner,TRD Off Road Premium,2023,2023-toyota-4runner-trd off road premium,129912034188442274460455177505694928471
3611,False,Toyota 4Runner,Toyota,"55,000 miles",47998,4Runner TRD Off Road Premium,2023 Toyota,carmax,55000,47998,4Runner,TRD Off Road Premium,2023,2023-toyota-4runner-trd off road premium,129912034188442274460455177505694928471
3612,False,Toyota 4Runner,Toyota,"70,000 miles",37998,4Runner TRD Off Road Premium,2023 Toyota,carmax,70000,37998,4Runner,TRD Off Road Premium,2023,2023-toyota-4runner-trd off road premium,129912034188442274460455177505694928471
3613,False,Toyota 4Runner,Toyota,"46,000 miles",43998,4Runner TRD Off Road Premium,2023 Toyota,carmax,46000,43998,4Runner,TRD Off Road Premium,2023,2023-toyota-4runner-trd off road premium,129912034188442274460455177505694928471
3614,False,Toyota 4Runner,Toyota,"38,000 miles",47998,4Runner TRD Off Road Premium,2023 Toyota,carmax,38000,47998,4Runner,TRD Off Road Premium,2023,2023-toyota-4runner-trd off road premium,129912034188442274460455177505694928471
3615,False,Toyota 4Runner,Toyota,"20,000 miles",49998,4Runner TRD Off Road Premium,2023 Toyota,carmax,20000,49998,4Runner,TRD Off Road Premium,2023,2023-toyota-4runner-trd off road premium,129912034188442274460455177505694928471
3616,False,Toyota 4Runner,Toyota,"25,000 miles",45998,4Runner TRD Off Road Premium,2023 Toyota,carmax,25000,45998,4Runner,TRD Off Road Premium,2023,2023-toyota-4runner-trd off road premium,129912034188442274460455177505694928471
3617,False,Toyota 4Runner,Toyota,"18,000 miles",53998,4Runner TRD Off Road Premium,2023 Toyota,carmax,18000,53998,4Runner,TRD Off Road Premium,2023,2023-toyota-4runner-trd off road premium,129912034188442274460455177505694928471
3618,False,Toyota 4Runner,Toyota,"25,000 miles",47998,4Runner TRD Off Road Premium,2023 Toyota,carmax,25000,47998,4Runner,TRD Off Road Premium,2023,2023-toyota-4runner-trd off road premium,129912034188442274460455177505694928471
3619,False,Toyota 4Runner,Toyota,"15,000 miles",51998,4Runner TRD Off Road Premium,2023 Toyota,carmax,15000,51998,4Runner,TRD Off Road Premium,2023,2023-toyota-4runner-trd off road premium,129912034188442274460455177505694928471
3620,False,Toyota 4Runner,Toyota,"4,000 miles",49998,4Runner TRD Off Road Premium,2023 Toyota,carmax,4000,49998,4Runner,TRD Off Road Premium,2023,2023-toyota-4runner-trd off road premium,129912034188442274460455177505694928471
3621,False,Toyota 4Runner,Toyota,"25,000 miles",49998,4Runner TRD Off Road Premium,2023 Toyota,carmax,25000,49998,4Runner,TRD Off Road Premium,2023,2023-toyota-4runner-trd off road premium,129912034188442274460455177505694928471
3622,False,Toyota 4Runner,Toyota,"11,000 miles",59998,4Runner TRD Pro,2023 Toyota,carmax,11000,59998,4Runner,TRD Pro,2023,2023-toyota-4runner-trd pro,150151508734289491348727650175692694911
3623,False,Toyota 4Runner,Toyota,"60,000 miles",51998,4Runner TRD Pro,2023 Toyota,carmax,60000,51998,4Runner,TRD Pro,2023,2023-toyota-4runner-trd pro,150151508734289491348727650175692694911
3624,False,Toyota 4Runner,Toyota,"47,000 miles",52998,4Runner TRD Pro,2023 Toyota,carmax,47000,52998,4Runner,TRD Pro,2023,2023-toyota-4runner-trd pro,150151508734289491348727650175692694911
3625,False,Toyota 4Runner,Toyota,"19,000 miles",58998,4Runner TRD Pro,2023 Toyota,carmax,19000,58998,4Runner,TRD Pro,2023,2023-toyota-4runner-trd pro,150151508734289491348727650175692694911
3626,False,Toyota 4Runner,Toyota,"20,000 miles",57998,4Runner TRD Pro,2023 Toyota,carmax,20000,57998,4Runner,TRD Pro,2023,2023-toyota-4runner-trd pro,150151508734289491348727650175692694911
3627,False,Toyota 4Runner,Toyota,"32,000 miles",52998,4Runner TRD Pro,2023 Toyota,carmax,32000,52998,4Runner,TRD Pro,2023,2023-toyota-4runner-trd pro,150151508734289491348727650175692694911
3628,False,Toyota 4Runner,Toyota,"46,000 miles",53998,4Runner TRD Pro,2023 Toyota,carmax,46000,53998,4Runner,TRD Pro,2023,2023-toyota-4runner-trd pro,150151508734289491348727650175692694911
3629,False,Toyota 4Runner,Toyota,"29,000 miles",57998,4Runner TRD Pro,2023 Toyota,carmax,29000,57998,4Runner,TRD Pro,2023,2023-toyota-4runner-trd pro,150151508734289491348727650175692694911
3630,False,Toyota 4Runner,Toyota,"54,000 miles",35998,4Runner TRD Sport,2023 Toyota,carmax,54000,35998,4Runner,TRD Sport,2023,2023-toyota-4runner-trd sport,171529267425199657186207086704396075377
3631,False,Toyota 4Runner,Toyota,"43,000 miles",45998,4Runner TRD Sport,2023 Toyota,carmax,43000,45998,4Runner,TRD Sport,2023,2023-toyota-4runner-trd sport,171529267425199657186207086704396075377
3632,False,Toyota Highlander,Toyota,"10,000 miles",49998,Highlander Hybrid Bronze Edition,2023 Toyota,carmax,10000,49998,Highlander,Hybrid Bronze Edition,2023,2023-toyota-highlander-hybrid bronze edition,82721908477158054082330057881262532021
3633,False,Toyota Highlander,Toyota,"25,000 miles",43998,Highlander Hybrid Bronze Edition,2023 Toyota,carmax,25000,43998,Highlander,Hybrid Bronze Edition,2023,2023-toyota-highlander-hybrid bronze edition,82721908477158054082330057881262532021
3634,False,Toyota Highlander,Toyota,"60,000 miles",37998,Highlander Hybrid Bronze Edition,2023 Toyota,carmax,60000,37998,Highlander,Hybrid Bronze Edition,2023,2023-toyota-highlander-hybrid bronze edition,82721908477158054082330057881262532021
3635,False,Toyota Highlander,Toyota,"63,000 miles",32998,Highlander Hybrid LE,2023 Toyota,carmax,63000,32998,Highlander,Hybrid LE,2023,2023-toyota-highlander-hybrid le,235219973462153498432450414929562247110
3636,False,Toyota Highlander,Toyota,"26,000 miles",37998,Highlander Hybrid LE,2023 Toyota,carmax,26000,37998,Highlander,Hybrid LE,2023,2023-toyota-highlander-hybrid le,235219973462153498432450414929562247110
3637,False,Toyota Highlander,Toyota,"39,000 miles",35998,Highlander Hybrid LE,2023 Toyota,carmax,39000,35998,Highlander,Hybrid LE,2023,2023-toyota-highlander-hybrid le,235219973462153498432450414929562247110
3638,False,Toyota Highlander,Toyota,"17,000 miles",49998,Highlander Hybrid Limited,2023 Toyota,carmax,17000,49998,Highlander,Hybrid Limited,2023,2023-toyota-highlander-hybrid limited,176609185791723108563656300706520373125
3639,False,Toyota Highlander,Toyota,"42,000 miles",45998,Highlander Hybrid Limited,2023 Toyota,carmax,42000,45998,Highlander,Hybrid Limited,2023,2023-toyota-highlander-hybrid limited,176609185791723108563656300706520373125
3640,False,Toyota Highlander,Toyota,"17,000 miles",48998,Highlander Hybrid Limited,2023 Toyota,carmax,17000,48998,Highlander,Hybrid Limited,2023,2023-toyota-highlander-hybrid limited,176609185791723108563656300706520373125
3641,False,Toyota Highlander,Toyota,"19,000 miles",47998,Highlander Hybrid Limited,2023 Toyota,carmax,19000,47998,Highlander,Hybrid Limited,2023,2023-toyota-highlander-hybrid limited,176609185791723108563656300706520373125
3642,False,Toyota Highlander,Toyota,"12,000 miles",49998,Highlander Hybrid Limited,2023 Toyota,carmax,12000,49998,Highlander,Hybrid Limited,2023,2023-toyota-highlander-hybrid limited,176609185791723108563656300706520373125
3643,False,Toyota Highlander,Toyota,"28,000 miles",45998,Highlander Hybrid Limited,2023 Toyota,carmax,28000,45998,Highlander,Hybrid Limited,2023,2023-toyota-highlander-hybrid limited,176609185791723108563656300706520373125
3644,False,Toyota Highlander,Toyota,"44,000 miles",44998,Highlander Hybrid Limited,2023 Toyota,carmax,44000,44998,Highlander,Hybrid Limited,2023,2023-toyota-highlander-hybrid limited,176609185791723108563656300706520373125
3645,False,Toyota Highlander,Toyota,"26,000 miles",47998,Highlander Hybrid Limited,2023 Toyota,carmax,26000,47998,Highlander,Hybrid Limited,2023,2023-toyota-highlander-hybrid limited,176609185791723108563656300706520373125
3646,False,Toyota Highlander,Toyota,"31,000 miles",48998,Highlander Hybrid Platinum,2023 Toyota,carmax,31000,48998,Highlander,Hybrid Platinum,2023,2023-toyota-highlander-hybrid platinum,246959961792066586217004444795162170680
3647,False,Toyota Highlander,Toyota,"30,000 miles",46998,Highlander Hybrid Platinum,2023 Toyota,carmax,30000,46998,Highlander,Hybrid Platinum,2023,2023-toyota-highlander-hybrid platinum,246959961792066586217004444795162170680
3648,False,Toyota Highlander,Toyota,"9,000 miles",51998,Highlander Hybrid Platinum,2023 Toyota,carmax,9000,51998,Highlander,Hybrid Platinum,2023,2023-toyota-highlander-hybrid platinum,246959961792066586217004444795162170680
3649,False,Toyota Highlander,Toyota,"19,000 miles",48998,Highlander Hybrid XLE,2023 Toyota,carmax,19000,48998,Highlander,Hybrid XLE,2023,2023-toyota-highlander-hybrid xle,196975912951293427482510977457059888375
3650,False,Toyota Highlander,Toyota,"14,000 miles",45998,Highlander Hybrid XLE,2023 Toyota,carmax,14000,45998,Highlander,Hybrid XLE,2023,2023-toyota-highlander-hybrid xle,196975912951293427482510977457059888375
3651,False,Toyota Highlander,Toyota,"31,000 miles",40998,Highlander Hybrid XLE,2023 Toyota,carmax,31000,40998,Highlander,Hybrid XLE,2023,2023-toyota-highlander-hybrid xle,196975912951293427482510977457059888375
3652,False,Toyota Highlander,Toyota,"46,000 miles",39998,Highlander Hybrid XLE,2023 Toyota,carmax,46000,39998,Highlander,Hybrid XLE,2023,2023-toyota-highlander-hybrid xle,196975912951293427482510977457059888375
3653,False,Toyota Highlander,Toyota,"33,000 miles",39998,Highlander Hybrid XLE,2023 Toyota,carmax,33000,39998,Highlander,Hybrid XLE,2023,2023-toyota-highlander-hybrid xle,196975912951293427482510977457059888375
3654,False,Toyota Highlander,Toyota,"41,000 miles",44998,Highlander Hybrid XLE,2023 Toyota,carmax,41000,44998,Highlander,Hybrid XLE,2023,2023-toyota-highlander-hybrid xle,196975912951293427482510977457059888375
3655,False,Toyota Highlander,Toyota,"14,000 miles",45998,Highlander Hybrid XLE,2023 Toyota,carmax,14000,45998,Highlander,Hybrid XLE,2023,2023-toyota-highlander-hybrid xle,196975912951293427482510977457059888375
3656,False,Toyota Highlander,Toyota,"20,000 miles",43998,Highlander Hybrid XLE,2023 Toyota,carmax,20000,43998,Highlander,Hybrid XLE,2023,2023-toyota-highlander-hybrid xle,196975912951293427482510977457059888375
3657,False,Toyota Highlander,Toyota,"27,000 miles",43998,Highlander Hybrid XLE,2023 Toyota,carmax,27000,43998,Highlander,Hybrid XLE,2023,2023-toyota-highlander-hybrid xle,196975912951293427482510977457059888375
3658,False,Toyota Highlander,Toyota,"30,000 miles",43998,Highlander Hybrid XLE,2023 Toyota,carmax,30000,43998,Highlander,Hybrid XLE,2023,2023-toyota-highlander-hybrid xle,196975912951293427482510977457059888375
3659,False,Toyota Highlander,Toyota,"30,000 miles",30998,Highlander L,2023 Toyota,carmax,30000,30998,Highlander,L,2023,2023-toyota-highlander-l,59424832665728397399865831305655949781
3660,False,Toyota Highlander,Toyota,"19,000 miles",33998,Highlander L,2023 Toyota,carmax,19000,33998,Highlander,L,2023,2023-toyota-highlander-l,59424832665728397399865831305655949781
3661,False,Toyota Highlander,Toyota,"14,000 miles",35998,Highlander L,2023 Toyota,carmax,14000,35998,Highlander,L,2023,2023-toyota-highlander-l,59424832665728397399865831305655949781
3662,False,Toyota Highlander,Toyota,"58,000 miles",28998,Highlander LE,2023 Toyota,carmax,58000,28998,Highlander,LE,2023,2023-toyota-highlander-le,325874360690238211108170407795791528854
3663,False,Toyota Highlander,Toyota,"25,000 miles",33998,Highlander LE,2023 Toyota,carmax,25000,33998,Highlander,LE,2023,2023-toyota-highlander-le,325874360690238211108170407795791528854
3664,False,Toyota Highlander,Toyota,"20,000 miles",32998,Highlander LE,2023 Toyota,carmax,20000,32998,Highlander,LE,2023,2023-toyota-highlander-le,325874360690238211108170407795791528854
3665,False,Toyota Highlander,Toyota,"7,000 miles",45998,Highlander Limited,2023 Toyota,carmax,7000,45998,Highlander,Limited,2023,2023-toyota-highlander-limited,41257886691668597299799052016743257817
3666,False,Toyota Highlander,Toyota,"29,000 miles",40998,Highlander Limited,2023 Toyota,carmax,29000,40998,Highlander,Limited,2023,2023-toyota-highlander-limited,41257886691668597299799052016743257817
3667,False,Toyota Highlander,Toyota,"10,000 miles",45998,Highlander Limited,2023 Toyota,carmax,10000,45998,Highlander,Limited,2023,2023-toyota-highlander-limited,41257886691668597299799052016743257817
3668,False,Toyota Highlander,Toyota,"25,000 miles",38998,Highlander Limited,2023 Toyota,carmax,25000,38998,Highlander,Limited,2023,2023-toyota-highlander-limited,41257886691668597299799052016743257817
3669,False,Toyota Highlander,Toyota,"21,000 miles",37998,Highlander Limited,2023 Toyota,carmax,21000,37998,Highlander,Limited,2023,2023-toyota-highlander-limited,41257886691668597299799052016743257817
3670,False,Toyota Highlander,Toyota,"23,000 miles",37998,Highlander Limited,2023 Toyota,carmax,23000,37998,Highlander,Limited,2023,2023-toyota-highlander-limited,41257886691668597299799052016743257817
3671,False,Toyota Highlander,Toyota,"29,000 miles",46998,Highlander Platinum,2023 Toyota,carmax,29000,46998,Highlander,Platinum,2023,2023-toyota-highlander-platinum,11944405993573233467525148790497457401
3672,False,Toyota Highlander,Toyota,"60,000 miles",39998,Highlander Platinum,2023 Toyota,carmax,60000,39998,Highlander,Platinum,2023,2023-toyota-highlander-platinum,11944405993573233467525148790497457401
3673,False,Toyota Highlander,Toyota,"30,000 miles",42998,Highlander Platinum,2023 Toyota,carmax,30000,42998,Highlander,Platinum,2023,2023-toyota-highlander-platinum,11944405993573233467525148790497457401
3674,False,Toyota Highlander,Toyota,"14,000 miles",46998,Highlander Platinum,2023 Toyota,carmax,14000,46998,Highlander,Platinum,2023,2023-toyota-highlander-platinum,11944405993573233467525148790497457401
3675,False,Toyota Highlander,Toyota,"29,000 miles",40998,Highlander Platinum,2023 Toyota,carmax,29000,40998,Highlander,Platinum,2023,2023-toyota-highlander-platinum,11944405993573233467525148790497457401
3676,False,Toyota Highlander,Toyota,"39,000 miles",39998,Highlander Platinum,2023 Toyota,carmax,39000,39998,Highlander,Platinum,2023,2023-toyota-highlander-platinum,11944405993573233467525148790497457401
3677,False,Toyota Highlander,Toyota,"19,000 miles",42998,Highlander Platinum,2023 Toyota,carmax,19000,42998,Highlander,Platinum,2023,2023-toyota-highlander-platinum,11944405993573233467525148790497457401
3678,False,Toyota Highlander,Toyota,"42,000 miles",42998,Highlander Platinum,2023 Toyota,carmax,42000,42998,Highlander,Platinum,2023,2023-toyota-highlander-platinum,11944405993573233467525148790497457401
3679,False,Toyota Highlander,Toyota,"26,000 miles",43998,Highlander Platinum,2023 Toyota,carmax,26000,43998,Highlander,Platinum,2023,2023-toyota-highlander-platinum,11944405993573233467525148790497457401
3680,False,Toyota Highlander,Toyota,"30,000 miles",43998,Highlander Platinum,2023 Toyota,carmax,30000,43998,Highlander,Platinum,2023,2023-toyota-highlander-platinum,11944405993573233467525148790497457401
3681,False,Toyota Highlander,Toyota,"10,000 miles",44998,Highlander Platinum,2023 Toyota,carmax,10000,44998,Highlander,Platinum,2023,2023-toyota-highlander-platinum,11944405993573233467525148790497457401
3682,False,Toyota Highlander,Toyota,"9,000 miles",45998,Highlander Platinum,2023 Toyota,carmax,9000,45998,Highlander,Platinum,2023,2023-toyota-highlander-platinum,11944405993573233467525148790497457401
3683,False,Toyota Highlander,Toyota,"21,000 miles",42998,Highlander Platinum,2023 Toyota,carmax,21000,42998,Highlander,Platinum,2023,2023-toyota-highlander-platinum,11944405993573233467525148790497457401
3684,False,Toyota Highlander,Toyota,"33,000 miles",35998,Highlander XLE,2023 Toyota,carmax,33000,35998,Highlander,XLE,2023,2023-toyota-highlander-xle,56668452035213985359536428693973435551
3685,False,Toyota Highlander,Toyota,"26,000 miles",37998,Highlander XLE,2023 Toyota,carmax,26000,37998,Highlander,XLE,2023,2023-toyota-highlander-xle,56668452035213985359536428693973435551
3686,False,Toyota Highlander,Toyota,"18,000 miles",38998,Highlander XLE,2023 Toyota,carmax,18000,38998,Highlander,XLE,2023,2023-toyota-highlander-xle,56668452035213985359536428693973435551
3687,False,Toyota Highlander,Toyota,"34,000 miles",35998,Highlander XLE,2023 Toyota,carmax,34000,35998,Highlander,XLE,2023,2023-toyota-highlander-xle,56668452035213985359536428693973435551
3688,False,Toyota Highlander,Toyota,"19,000 miles",39998,Highlander XLE,2023 Toyota,carmax,19000,39998,Highlander,XLE,2023,2023-toyota-highlander-xle,56668452035213985359536428693973435551
3689,False,Toyota Highlander,Toyota,"33,000 miles",37998,Highlander XLE,2023 Toyota,carmax,33000,37998,Highlander,XLE,2023,2023-toyota-highlander-xle,56668452035213985359536428693973435551
3690,False,Toyota Highlander,Toyota,"15,000 miles",39998,Highlander XLE,2023 Toyota,carmax,15000,39998,Highlander,XLE,2023,2023-toyota-highlander-xle,56668452035213985359536428693973435551
3691,False,Toyota Highlander,Toyota,"13,000 miles",38998,Highlander XLE,2023 Toyota,carmax,13000,38998,Highlander,XLE,2023,2023-toyota-highlander-xle,56668452035213985359536428693973435551
3692,False,Toyota Highlander,Toyota,"37,000 miles",35998,Highlander XLE,2023 Toyota,carmax,37000,35998,Highlander,XLE,2023,2023-toyota-highlander-xle,56668452035213985359536428693973435551
3693,False,Toyota Highlander,Toyota,"33,000 miles",35998,Highlander XLE,2023 Toyota,carmax,33000,35998,Highlander,XLE,2023,2023-toyota-highlander-xle,56668452035213985359536428693973435551
3694,False,Toyota Highlander,Toyota,"20,000 miles",34998,Highlander XLE,2023 Toyota,carmax,20000,34998,Highlander,XLE,2023,2023-toyota-highlander-xle,56668452035213985359536428693973435551
3695,False,Toyota Highlander,Toyota,"18,000 miles",41998,Highlander XLE,2023 Toyota,carmax,18000,41998,Highlander,XLE,2023,2023-toyota-highlander-xle,56668452035213985359536428693973435551
3696,False,Toyota Highlander,Toyota,"18,000 miles",36998,Highlander XLE,2023 Toyota,carmax,18000,36998,Highlander,XLE,2023,2023-toyota-highlander-xle,56668452035213985359536428693973435551
3697,False,Toyota Highlander,Toyota,"23,000 miles",37998,Highlander XLE,2023 Toyota,carmax,23000,37998,Highlander,XLE,2023,2023-toyota-highlander-xle,56668452035213985359536428693973435551
3698,False,Toyota Highlander,Toyota,"15,000 miles",42998,Highlander XSE,2023 Toyota,carmax,15000,42998,Highlander,XSE,2023,2023-toyota-highlander-xse,252751781857172400897636656814651666050
3699,False,Toyota Highlander,Toyota,"17,000 miles",41998,Highlander XSE,2023 Toyota,carmax,17000,41998,Highlander,XSE,2023,2023-toyota-highlander-xse,252751781857172400897636656814651666050
3700,False,Toyota Highlander,Toyota,"31,000 miles",39998,Highlander XSE,2023 Toyota,carmax,31000,39998,Highlander,XSE,2023,2023-toyota-highlander-xse,252751781857172400897636656814651666050
3701,False,Toyota Highlander,Toyota,"56,000 miles",34998,Highlander XSE,2023 Toyota,carmax,56000,34998,Highlander,XSE,2023,2023-toyota-highlander-xse,252751781857172400897636656814651666050
3702,False,Toyota Highlander,Toyota,"23,000 miles",40998,Highlander XSE,2023 Toyota,carmax,23000,40998,Highlander,XSE,2023,2023-toyota-highlander-xse,252751781857172400897636656814651666050
3703,False,Toyota Highlander,Toyota,"19,000 miles",45998,Highlander XSE,2023 Toyota,carmax,19000,45998,Highlander,XSE,2023,2023-toyota-highlander-xse,252751781857172400897636656814651666050
3704,False,Toyota Highlander,Toyota,"29,000 miles",37998,Highlander XSE,2023 Toyota,carmax,29000,37998,Highlander,XSE,2023,2023-toyota-highlander-xse,252751781857172400897636656814651666050
3705,False,Toyota Highlander,Toyota,"20,000 miles",40998,Highlander XSE,2023 Toyota,carmax,20000,40998,Highlander,XSE,2023,2023-toyota-highlander-xse,252751781857172400897636656814651666050
3706,False,Toyota Sequoia,Toyota,"24,000 miles",67998,Sequoia Capstone,2023 Toyota,carmax,24000,67998,Sequoia,Capstone,2023,2023-toyota-sequoia-capstone,141285101609757853530302626860331017735
3707,False,Toyota Sequoia,Toyota,"37,000 miles",63998,Sequoia Capstone,2023 Toyota,carmax,37000,63998,Sequoia,Capstone,2023,2023-toyota-sequoia-capstone,141285101609757853530302626860331017735
3708,False,Toyota Sequoia,Toyota,"76,000 miles",60998,Sequoia Limited,2023 Toyota,carmax,76000,60998,Sequoia,Limited,2023,2023-toyota-sequoia-limited,263731829278776630403690350264412984212
3709,False,Toyota Sequoia,Toyota,"52,000 miles",62998,Sequoia Limited,2023 Toyota,carmax,52000,62998,Sequoia,Limited,2023,2023-toyota-sequoia-limited,263731829278776630403690350264412984212
3710,False,Toyota Sequoia,Toyota,"27,000 miles",65998,Sequoia Limited,2023 Toyota,carmax,27000,65998,Sequoia,Limited,2023,2023-toyota-sequoia-limited,263731829278776630403690350264412984212
3711,False,Toyota Sequoia,Toyota,"28,000 miles",64998,Sequoia Limited,2023 Toyota,carmax,28000,64998,Sequoia,Limited,2023,2023-toyota-sequoia-limited,263731829278776630403690350264412984212
3712,False,Toyota Sequoia,Toyota,"17,000 miles",65998,Sequoia Limited,2023 Toyota,carmax,17000,65998,Sequoia,Limited,2023,2023-toyota-sequoia-limited,263731829278776630403690350264412984212
3713,False,Toyota Sequoia,Toyota,"14,000 miles",67998,Sequoia Limited,2023 Toyota,carmax,14000,67998,Sequoia,Limited,2023,2023-toyota-sequoia-limited,263731829278776630403690350264412984212
3714,False,Toyota Sequoia,Toyota,"15,000 miles",66998,Sequoia Limited,2023 Toyota,carmax,15000,66998,Sequoia,Limited,2023,2023-toyota-sequoia-limited,263731829278776630403690350264412984212
3715,False,Toyota Sequoia,Toyota,"32,000 miles",62998,Sequoia Limited,2023 Toyota,carmax,32000,62998,Sequoia,Limited,2023,2023-toyota-sequoia-limited,263731829278776630403690350264412984212
3716,False,Toyota Sequoia,Toyota,"36,000 miles",67998,Sequoia Limited,2023 Toyota,carmax,36000,67998,Sequoia,Limited,2023,2023-toyota-sequoia-limited,263731829278776630403690350264412984212
3717,False,Toyota Sequoia,Toyota,"39,000 miles",64998,Sequoia Limited,2023 Toyota,carmax,39000,64998,Sequoia,Limited,2023,2023-toyota-sequoia-limited,263731829278776630403690350264412984212
3718,False,Toyota Sequoia,Toyota,"50,000 miles",65998,Sequoia Platinum,2023 Toyota,carmax,50000,65998,Sequoia,Platinum,2023,2023-toyota-sequoia-platinum,195561641876060910336917042741251460536
3719,False,Toyota Sequoia,Toyota,"35,000 miles",68998,Sequoia Platinum,2023 Toyota,carmax,35000,68998,Sequoia,Platinum,2023,2023-toyota-sequoia-platinum,195561641876060910336917042741251460536
3720,False,Toyota Sequoia,Toyota,"35,000 miles",67998,Sequoia Platinum,2023 Toyota,carmax,35000,67998,Sequoia,Platinum,2023,2023-toyota-sequoia-platinum,195561641876060910336917042741251460536
3721,True,Cadillac Escalade,Cadillac,"36,000 miles",72998,Escalade ESV Luxury,2024 Cadillac,carmax,36000,72998,Escalade,Luxury,2024,2024-cadillac-escalade-luxury,335343711218502055449553167401949634285
3722,True,Cadillac Escalade,Cadillac,"21,000 miles",83998,Escalade ESV Premium Luxury,2024 Cadillac,carmax,21000,83998,Escalade,Premium Luxury,2024,2024-cadillac-escalade-premium luxury,243412577044306325116736960707010284651
3723,True,Cadillac Escalade,Cadillac,"7,000 miles",95998,Escalade ESV Premium Luxury,2024 Cadillac,carmax,7000,95998,Escalade,Premium Luxury,2024,2024-cadillac-escalade-premium luxury,243412577044306325116736960707010284651
3724,True,Cadillac Escalade,Cadillac,"22,000 miles",82998,Escalade ESV Premium Luxury,2024 Cadillac,carmax,22000,82998,Escalade,Premium Luxury,2024,2024-cadillac-escalade-premium luxury,243412577044306325116736960707010284651
3725,True,Cadillac Escalade,Cadillac,"19,000 miles",86998,Escalade ESV Sport,2024 Cadillac,carmax,19000,86998,Escalade,Sport,2024,2024-cadillac-escalade-sport,325027326344399622608087798062861046591
3726,True,Cadillac Escalade,Cadillac,"38,000 miles",79998,Escalade ESV Sport,2024 Cadillac,carmax,38000,79998,Escalade,Sport,2024,2024-cadillac-escalade-sport,325027326344399622608087798062861046591
3727,True,Cadillac Escalade,Cadillac,"44,000 miles",74998,Escalade Premium Luxury,2024 Cadillac,carmax,44000,74998,Escalade,Premium Luxury,2024,2024-cadillac-escalade-premium luxury,243412577044306325116736960707010284651
3728,True,Cadillac Escalade,Cadillac,"27,000 miles",80998,Escalade Premium Luxury,2024 Cadillac,carmax,27000,80998,Escalade,Premium Luxury,2024,2024-cadillac-escalade-premium luxury,243412577044306325116736960707010284651
3729,True,Cadillac Escalade,Cadillac,"45,000 miles",78998,Escalade Sport,2024 Cadillac,carmax,45000,78998,Escalade,Sport,2024,2024-cadillac-escalade-sport,325027326344399622608087798062861046591
3730,True,Cadillac Escalade,Cadillac,"31,000 miles",83998,Escalade Sport,2024 Cadillac,carmax,31000,83998,Escalade,Sport,2024,2024-cadillac-escalade-sport,325027326344399622608087798062861046591
3731,True,Cadillac Escalade,Cadillac,"52,000 miles",78998,Escalade Sport,2024 Cadillac,carmax,52000,78998,Escalade,Sport,2024,2024-cadillac-escalade-sport,325027326344399622608087798062861046591
3732,True,Cadillac Escalade,Cadillac,"20,000 miles",86998,Escalade Sport,2024 Cadillac,carmax,20000,86998,Escalade,Sport,2024,2024-cadillac-escalade-sport,325027326344399622608087798062861046591
3733,True,Cadillac Escalade,Cadillac,"43,000 miles",85998,Escalade Sport Platinum,2024 Cadillac,carmax,43000,85998,Escalade,Sport Platinum,2024,2024-cadillac-escalade-sport platinum,331882164044292547098485849431642200857
3734,True,Cadillac Escalade,Cadillac,"20,000 miles",92998,Escalade Sport Platinum,2024 Cadillac,carmax,20000,92998,Escalade,Sport Platinum,2024,2024-cadillac-escalade-sport platinum,331882164044292547098485849431642200857
3735,True,Chevrolet Suburban 1500,Chevrolet,"48,000 miles",69998,Suburban 1500 High Country,2024 Chevrolet,carmax,48000,69998,Suburban 1500,High Country,2024,2024-chevrolet-suburban 1500-high country,185752281462972246415078943202535813839
3736,True,Chevrolet Suburban 1500,Chevrolet,"31,000 miles",68998,Suburban 1500 High Country,2024 Chevrolet,carmax,31000,68998,Suburban 1500,High Country,2024,2024-chevrolet-suburban 1500-high country,185752281462972246415078943202535813839
3737,True,Chevrolet Suburban 1500,Chevrolet,"21,000 miles",55998,Suburban 1500 LS,2024 Chevrolet,carmax,21000,55998,Suburban 1500,LS,2024,2024-chevrolet-suburban 1500-ls,2474454172261955255835017640044195514
3738,True,Chevrolet Suburban 1500,Chevrolet,"9,000 miles",66998,Suburban 1500 LT,2024 Chevrolet,carmax,9000,66998,Suburban 1500,LT,2024,2024-chevrolet-suburban 1500-lt,235410339222452036470561094829150718977
3739,True,Chevrolet Suburban 1500,Chevrolet,"29,000 miles",58998,Suburban 1500 LT,2024 Chevrolet,carmax,29000,58998,Suburban 1500,LT,2024,2024-chevrolet-suburban 1500-lt,235410339222452036470561094829150718977
3740,True,Chevrolet Suburban 1500,Chevrolet,"18,000 miles",66998,Suburban 1500 Premier,2024 Chevrolet,carmax,18000,66998,Suburban 1500,Premier,2024,2024-chevrolet-suburban 1500-premier,67762005012570396771316623346881575164
3741,True,Chevrolet Suburban 1500,Chevrolet,"40,000 miles",66998,Suburban 1500 Z71,2024 Chevrolet,carmax,40000,66998,Suburban 1500,Z71,2024,2024-chevrolet-suburban 1500-z71,187741750395531865523732466090161950652
3742,True,Chevrolet Suburban 1500,Chevrolet,"54,000 miles",61998,Suburban 1500 Z71,2024 Chevrolet,carmax,54000,61998,Suburban 1500,Z71,2024,2024-chevrolet-suburban 1500-z71,187741750395531865523732466090161950652
3743,True,Chevrolet Suburban 1500,Chevrolet,"8,000 miles",69998,Suburban 1500 Z71,2024 Chevrolet,carmax,8000,69998,Suburban 1500,Z71,2024,2024-chevrolet-suburban 1500-z71,187741750395531865523732466090161950652
3744,True,Chevrolet Suburban 1500,Chevrolet,"26,000 miles",69998,Suburban 1500 Z71,2024 Chevrolet,carmax,26000,69998,Suburban 1500,Z71,2024,2024-chevrolet-suburban 1500-z71,187741750395531865523732466090161950652
3745,True,Chevrolet Tahoe,Chevrolet,"7,000 miles",67998,Tahoe High Country,2024 Chevrolet,carmax,7000,67998,Tahoe,High Country,2024,2024-chevrolet-tahoe-high country,133209821577780307892263841495935450646
3746,True,Chevrolet Tahoe,Chevrolet,"24,000 miles",68998,Tahoe High Country,2024 Chevrolet,carmax,24000,68998,Tahoe,High Country,2024,2024-chevrolet-tahoe-high country,133209821577780307892263841495935450646
3747,True,Chevrolet Tahoe,Chevrolet,"10,000 miles",69998,Tahoe High Country,2024 Chevrolet,carmax,10000,69998,Tahoe,High Country,2024,2024-chevrolet-tahoe-high country,133209821577780307892263841495935450646
3748,True,Chevrolet Tahoe,Chevrolet,"12,000 miles",71998,Tahoe High Country,2024 Chevrolet,carmax,12000,71998,Tahoe,High Country,2024,2024-chevrolet-tahoe-high country,133209821577780307892263841495935450646
3749,True,Chevrolet Tahoe,Chevrolet,"19,000 miles",68998,Tahoe High Country,2024 Chevrolet,carmax,19000,68998,Tahoe,High Country,2024,2024-chevrolet-tahoe-high country,133209821577780307892263841495935450646
3750,True,Chevrolet Tahoe,Chevrolet,"8,000 miles",56998,Tahoe LS,2024 Chevrolet,carmax,8000,56998,Tahoe,LS,2024,2024-chevrolet-tahoe-ls,193393601868650597021421890559808899887
3751,True,Chevrolet Tahoe,Chevrolet,"20,000 miles",55998,Tahoe LS,2024 Chevrolet,carmax,20000,55998,Tahoe,LS,2024,2024-chevrolet-tahoe-ls,193393601868650597021421890559808899887
3752,True,Chevrolet Tahoe,Chevrolet,"4,000 miles",61998,Tahoe LT,2024 Chevrolet,carmax,4000,61998,Tahoe,LT,2024,2024-chevrolet-tahoe-lt,276247884349782414883365661298475696780
3753,True,Chevrolet Tahoe,Chevrolet,"28,000 miles",59998,Tahoe LT,2024 Chevrolet,carmax,28000,59998,Tahoe,LT,2024,2024-chevrolet-tahoe-lt,276247884349782414883365661298475696780
3754,True,Chevrolet Tahoe,Chevrolet,"18,000 miles",63998,Tahoe RST,2024 Chevrolet,carmax,18000,63998,Tahoe,RST,2024,2024-chevrolet-tahoe-rst,208321180358127939972543982113232180784
3755,True,Chevrolet Tahoe,Chevrolet,"7,000 miles",65998,Tahoe RST,2024 Chevrolet,carmax,7000,65998,Tahoe,RST,2024,2024-chevrolet-tahoe-rst,208321180358127939972543982113232180784
3756,True,Chevrolet Tahoe,Chevrolet,"78,000 miles",52998,Tahoe RST,2024 Chevrolet,carmax,78000,52998,Tahoe,RST,2024,2024-chevrolet-tahoe-rst,208321180358127939972543982113232180784
3757,True,Chevrolet Tahoe,Chevrolet,"13,000 miles",66998,Tahoe Z71,2024 Chevrolet,carmax,13000,66998,Tahoe,Z71,2024,2024-chevrolet-tahoe-z71,86164895731936071416166637698963302426
3758,True,Chevrolet Tahoe,Chevrolet,"27,000 miles",64998,Tahoe Z71,2024 Chevrolet,carmax,27000,64998,Tahoe,Z71,2024,2024-chevrolet-tahoe-z71,86164895731936071416166637698963302426
3759,True,Chevrolet Tahoe,Chevrolet,"16,000 miles",63998,Tahoe Z71,2024 Chevrolet,carmax,16000,63998,Tahoe,Z71,2024,2024-chevrolet-tahoe-z71,86164895731936071416166637698963302426
3760,True,Chevrolet Tahoe,Chevrolet,"3,000 miles",69998,Tahoe Z71,2024 Chevrolet,carmax,3000,69998,Tahoe,Z71,2024,2024-chevrolet-tahoe-z71,86164895731936071416166637698963302426
3761,True,Chevrolet Tahoe,Chevrolet,"22,000 miles",71998,Tahoe Z71,2024 Chevrolet,carmax,22000,71998,Tahoe,Z71,2024,2024-chevrolet-tahoe-z71,86164895731936071416166637698963302426
3762,True,Chevrolet Tahoe,Chevrolet,"42,000 miles",62998,Tahoe Z71,2024 Chevrolet,carmax,42000,62998,Tahoe,Z71,2024,2024-chevrolet-tahoe-z71,86164895731936071416166637698963302426
3763,True,Chevrolet Tahoe,Chevrolet,"16,000 miles",67998,Tahoe Z71,2024 Chevrolet,carmax,16000,67998,Tahoe,Z71,2024,2024-chevrolet-tahoe-z71,86164895731936071416166637698963302426
3764,True,GMC Yukon,GMC,"28,000 miles",70998,Yukon AT4,2024 GMC,carmax,28000,70998,Yukon,AT4,2024,2024-gmc-yukon-at4,224402494912621776070150378786403950054
3765,True,GMC Yukon,GMC,"24,000 miles",69998,Yukon AT4,2024 GMC,carmax,24000,69998,Yukon,AT4,2024,2024-gmc-yukon-at4,224402494912621776070150378786403950054
3766,True,GMC Yukon,GMC,"18,000 miles",72998,Yukon Denali,2024 GMC,carmax,18000,72998,Yukon,Denali,2024,2024-gmc-yukon-denali,12964665608647774713331915359478247578
3767,True,GMC Yukon,GMC,"12,000 miles",74998,Yukon Denali,2024 GMC,carmax,12000,74998,Yukon,Denali,2024,2024-gmc-yukon-denali,12964665608647774713331915359478247578
3768,True,GMC Yukon,GMC,"7,000 miles",78998,Yukon Denali,2024 GMC,carmax,7000,78998,Yukon,Denali,2024,2024-gmc-yukon-denali,12964665608647774713331915359478247578
3769,True,GMC Yukon,GMC,"14,000 miles",78998,Yukon Denali,2024 GMC,carmax,14000,78998,Yukon,Denali,2024,2024-gmc-yukon-denali,12964665608647774713331915359478247578
3770,True,GMC Yukon,GMC,"8,000 miles",76998,Yukon Denali,2024 GMC,carmax,8000,76998,Yukon,Denali,2024,2024-gmc-yukon-denali,12964665608647774713331915359478247578
3771,True,GMC Yukon,GMC,"20,000 miles",73998,Yukon Denali,2024 GMC,carmax,20000,73998,Yukon,Denali,2024,2024-gmc-yukon-denali,12964665608647774713331915359478247578
3772,True,GMC Yukon,GMC,"12,000 miles",79998,Yukon Denali Ultimate,2024 GMC,carmax,12000,79998,Yukon,Denali Ultimate,2024,2024-gmc-yukon-denali ultimate,178956278900647172642739926947767603843
3773,True,GMC Yukon,GMC,"32,000 miles",62998,Yukon SLT,2024 GMC,carmax,32000,62998,Yukon,SLT,2024,2024-gmc-yukon-slt,187553040155486497158028868241161563885
3774,True,GMC Yukon,GMC,"8,000 miles",70998,Yukon SLT,2024 GMC,carmax,8000,70998,Yukon,SLT,2024,2024-gmc-yukon-slt,187553040155486497158028868241161563885
3775,True,GMC Yukon,GMC,"16,000 miles",67998,Yukon SLT,2024 GMC,carmax,16000,67998,Yukon,SLT,2024,2024-gmc-yukon-slt,187553040155486497158028868241161563885
3776,True,GMC Yukon XL 1500,GMC,"25,000 miles",65998,Yukon XL 1500 AT4,2024 GMC,carmax,25000,65998,Yukon XL 1500,AT4,2024,2024-gmc-yukon xl 1500-at4,55677254920003968498087479933581689716
3777,True,GMC Yukon XL 1500,GMC,"23,000 miles",73998,Yukon XL 1500 Denali,2024 GMC,carmax,23000,73998,Yukon XL 1500,Denali,2024,2024-gmc-yukon xl 1500-denali,296561281681720917578657770666385905381
3778,True,GMC Yukon XL 1500,GMC,"36,000 miles",67998,Yukon XL 1500 Denali,2024 GMC,carmax,36000,67998,Yukon XL 1500,Denali,2024,2024-gmc-yukon xl 1500-denali,296561281681720917578657770666385905381
3779,False,Lexus IS 500,Lexus,"13,000 miles",64998,IS 500 F-Sport Performance,2024 Lexus,carmax,13000,64998,IS 500,F-Sport Performance,2024,2024-lexus-is 500-f-sport performance,322961252357170785360669024936691566634
3780,False,Lexus IS 500,Lexus,"15,000 miles",65998,IS 500 F-Sport Performance,2024 Lexus,carmax,15000,65998,IS 500,F-Sport Performance,2024,2024-lexus-is 500-f-sport performance,322961252357170785360669024936691566634
3781,False,Lexus LS 500,Lexus,"6,000 miles",72998,LS 500,2024 Lexus,carmax,6000,72998,LS 500,-,2024,2024-lexus-ls 500--,202330118624475683139306537894659246685
3782,False,Lexus LX 600,Lexus,"16,000 miles",93998,LX 600 Premium,2024 Lexus,carmax,16000,93998,LX 600,Premium,2024,2024-lexus-lx 600-premium,338097138065843814886724848859384513826
3783,False,Toyota 4Runner,Toyota,"8,000 miles",51998,4Runner Limited,2024 Toyota,carmax,8000,51998,4Runner,Limited,2024,2024-toyota-4runner-limited,167238704994318663637695094410183331668
3784,False,Toyota 4Runner,Toyota,"8,000 miles",58998,4Runner Limited,2024 Toyota,carmax,8000,58998,4Runner,Limited,2024,2024-toyota-4runner-limited,167238704994318663637695094410183331668
3785,False,Toyota 4Runner,Toyota,"8,000 miles",58998,4Runner Limited,2024 Toyota,carmax,8000,58998,4Runner,Limited,2024,2024-toyota-4runner-limited,167238704994318663637695094410183331668
3786,False,Toyota 4Runner,Toyota,"17,000 miles",56998,4Runner Limited,2024 Toyota,carmax,17000,56998,4Runner,Limited,2024,2024-toyota-4runner-limited,167238704994318663637695094410183331668
3787,False,Toyota 4Runner,Toyota,"2,000 miles",42998,4Runner SR5,2024 Toyota,carmax,2000,42998,4Runner,SR5,2024,2024-toyota-4runner-sr5,200769758326826505612682570192584853779
3788,False,Toyota 4Runner,Toyota,"21,000 miles",37998,4Runner SR5,2024 Toyota,carmax,21000,37998,4Runner,SR5,2024,2024-toyota-4runner-sr5,200769758326826505612682570192584853779
3789,False,Toyota 4Runner,Toyota,"37,000 miles",39998,4Runner SR5,2024 Toyota,carmax,37000,39998,4Runner,SR5,2024,2024-toyota-4runner-sr5,200769758326826505612682570192584853779
3790,False,Toyota 4Runner,Toyota,"23,000 miles",39998,4Runner SR5,2024 Toyota,carmax,23000,39998,4Runner,SR5,2024,2024-toyota-4runner-sr5,200769758326826505612682570192584853779
3791,False,Toyota 4Runner,Toyota,"17,000 miles",38998,4Runner SR5,2024 Toyota,carmax,17000,38998,4Runner,SR5,2024,2024-toyota-4runner-sr5,200769758326826505612682570192584853779
3792,False,Toyota 4Runner,Toyota,"18,000 miles",37998,4Runner SR5,2024 Toyota,carmax,18000,37998,4Runner,SR5,2024,2024-toyota-4runner-sr5,200769758326826505612682570192584853779
3793,False,Toyota 4Runner,Toyota,"19,000 miles",39998,4Runner SR5,2024 Toyota,carmax,19000,39998,4Runner,SR5,2024,2024-toyota-4runner-sr5,200769758326826505612682570192584853779
3794,False,Toyota 4Runner,Toyota,"29,000 miles",37998,4Runner SR5,2024 Toyota,carmax,29000,37998,4Runner,SR5,2024,2024-toyota-4runner-sr5,200769758326826505612682570192584853779
3795,False,Toyota 4Runner,Toyota,"11,000 miles",51998,4Runner SR5 Premium,2024 Toyota,carmax,11000,51998,4Runner,SR5 Premium,2024,2024-toyota-4runner-sr5 premium,138798199873283649656723488035177148996
3796,False,Toyota 4Runner,Toyota,"4,000 miles",54998,4Runner SR5 Premium,2024 Toyota,carmax,4000,54998,4Runner,SR5 Premium,2024,2024-toyota-4runner-sr5 premium,138798199873283649656723488035177148996
3797,False,Toyota 4Runner,Toyota,"3,000 miles",49998,4Runner SR5 Premium,2024 Toyota,carmax,3000,49998,4Runner,SR5 Premium,2024,2024-toyota-4runner-sr5 premium,138798199873283649656723488035177148996
3798,False,Toyota 4Runner,Toyota,"26,000 miles",47998,4Runner SR5 Premium,2024 Toyota,carmax,26000,47998,4Runner,SR5 Premium,2024,2024-toyota-4runner-sr5 premium,138798199873283649656723488035177148996
3799,False,Toyota 4Runner,Toyota,"21,000 miles",43998,4Runner SR5 Premium,2024 Toyota,carmax,21000,43998,4Runner,SR5 Premium,2024,2024-toyota-4runner-sr5 premium,138798199873283649656723488035177148996
3800,False,Toyota 4Runner,Toyota,"7,000 miles",50998,4Runner SR5 Premium,2024 Toyota,carmax,7000,50998,4Runner,SR5 Premium,2024,2024-toyota-4runner-sr5 premium,138798199873283649656723488035177148996
3801,False,Toyota 4Runner,Toyota,"16,000 miles",49998,4Runner SR5 Premium,2024 Toyota,carmax,16000,49998,4Runner,SR5 Premium,2024,2024-toyota-4runner-sr5 premium,138798199873283649656723488035177148996
3802,False,Toyota 4Runner,Toyota,"11,000 miles",48998,4Runner SR5 Premium,2024 Toyota,carmax,11000,48998,4Runner,SR5 Premium,2024,2024-toyota-4runner-sr5 premium,138798199873283649656723488035177148996
3803,False,Toyota 4Runner,Toyota,"8,000 miles",49998,4Runner SR5 Premium,2024 Toyota,carmax,8000,49998,4Runner,SR5 Premium,2024,2024-toyota-4runner-sr5 premium,138798199873283649656723488035177148996
3804,False,Toyota 4Runner,Toyota,"5,000 miles",47998,4Runner SR5 Premium,2024 Toyota,carmax,5000,47998,4Runner,SR5 Premium,2024,2024-toyota-4runner-sr5 premium,138798199873283649656723488035177148996
3805,False,Toyota 4Runner,Toyota,"7,000 miles",50998,4Runner SR5 Premium,2024 Toyota,carmax,7000,50998,4Runner,SR5 Premium,2024,2024-toyota-4runner-sr5 premium,138798199873283649656723488035177148996
3806,False,Toyota 4Runner,Toyota,"31,000 miles",48998,4Runner SR5 Premium,2024 Toyota,carmax,31000,48998,4Runner,SR5 Premium,2024,2024-toyota-4runner-sr5 premium,138798199873283649656723488035177148996
3807,False,Toyota 4Runner,Toyota,"16,000 miles",49998,4Runner SR5 Premium,2024 Toyota,carmax,16000,49998,4Runner,SR5 Premium,2024,2024-toyota-4runner-sr5 premium,138798199873283649656723488035177148996
3808,False,Toyota 4Runner,Toyota,"21,000 miles",46998,4Runner SR5 Premium,2024 Toyota,carmax,21000,46998,4Runner,SR5 Premium,2024,2024-toyota-4runner-sr5 premium,138798199873283649656723488035177148996
3809,False,Toyota 4Runner,Toyota,"19,000 miles",42998,4Runner TRD Off Road,2024 Toyota,carmax,19000,42998,4Runner,TRD Off Road,2024,2024-toyota-4runner-trd off road,276817230456513958976294430875765453467
3810,False,Toyota 4Runner,Toyota,"6,000 miles",55998,4Runner TRD Off Road Premium,2024 Toyota,carmax,6000,55998,4Runner,TRD Off Road Premium,2024,2024-toyota-4runner-trd off road premium,315534797427331486756980613850340754673
3811,False,Toyota 4Runner,Toyota,"17,000 miles",51998,4Runner TRD Off Road Premium,2024 Toyota,carmax,17000,51998,4Runner,TRD Off Road Premium,2024,2024-toyota-4runner-trd off road premium,315534797427331486756980613850340754673
3812,False,Toyota 4Runner,Toyota,"6,000 miles",54998,4Runner TRD Off Road Premium,2024 Toyota,carmax,6000,54998,4Runner,TRD Off Road Premium,2024,2024-toyota-4runner-trd off road premium,315534797427331486756980613850340754673
3813,False,Toyota 4Runner,Toyota,"24,000 miles",47998,4Runner TRD Off Road Premium,2024 Toyota,carmax,24000,47998,4Runner,TRD Off Road Premium,2024,2024-toyota-4runner-trd off road premium,315534797427331486756980613850340754673
3814,False,Toyota 4Runner,Toyota,"19,000 miles",49998,4Runner TRD Off Road Premium,2024 Toyota,carmax,19000,49998,4Runner,TRD Off Road Premium,2024,2024-toyota-4runner-trd off road premium,315534797427331486756980613850340754673
3815,False,Toyota 4Runner,Toyota,"16,000 miles",52998,4Runner TRD Off Road Premium,2024 Toyota,carmax,16000,52998,4Runner,TRD Off Road Premium,2024,2024-toyota-4runner-trd off road premium,315534797427331486756980613850340754673
3816,False,Toyota 4Runner,Toyota,"17,000 miles",52998,4Runner TRD Off Road Premium,2024 Toyota,carmax,17000,52998,4Runner,TRD Off Road Premium,2024,2024-toyota-4runner-trd off road premium,315534797427331486756980613850340754673
3817,False,Toyota 4Runner,Toyota,"25,000 miles",59998,4Runner TRD Pro,2024 Toyota,carmax,25000,59998,4Runner,TRD Pro,2024,2024-toyota-4runner-trd pro,246897541114944866924185817370185065886
3818,False,Toyota 4Runner,Toyota,"25,000 miles",60998,4Runner TRD Pro,2024 Toyota,carmax,25000,60998,4Runner,TRD Pro,2024,2024-toyota-4runner-trd pro,246897541114944866924185817370185065886
3819,False,Toyota 4Runner,Toyota,"13,000 miles",61998,4Runner TRD Pro,2024 Toyota,carmax,13000,61998,4Runner,TRD Pro,2024,2024-toyota-4runner-trd pro,246897541114944866924185817370185065886
3820,False,Toyota 4Runner,Toyota,"11,000 miles",60998,4Runner TRD Pro,2024 Toyota,carmax,11000,60998,4Runner,TRD Pro,2024,2024-toyota-4runner-trd pro,246897541114944866924185817370185065886
3821,False,Toyota 4Runner,Toyota,"23,000 miles",60998,4Runner TRD Pro,2024 Toyota,carmax,23000,60998,4Runner,TRD Pro,2024,2024-toyota-4runner-trd pro,246897541114944866924185817370185065886
3822,False,Toyota 4Runner,Toyota,"13,000 miles",62998,4Runner TRD Pro,2024 Toyota,carmax,13000,62998,4Runner,TRD Pro,2024,2024-toyota-4runner-trd pro,246897541114944866924185817370185065886
3823,False,Toyota 4Runner,Toyota,"13,000 miles",59998,4Runner TRD Pro,2024 Toyota,carmax,13000,59998,4Runner,TRD Pro,2024,2024-toyota-4runner-trd pro,246897541114944866924185817370185065886
3824,False,Toyota 4Runner,Toyota,"8,000 miles",64998,4Runner TRD Pro,2024 Toyota,carmax,8000,64998,4Runner,TRD Pro,2024,2024-toyota-4runner-trd pro,246897541114944866924185817370185065886
3825,False,Toyota 4Runner,Toyota,"10,000 miles",61998,4Runner TRD Pro,2024 Toyota,carmax,10000,61998,4Runner,TRD Pro,2024,2024-toyota-4runner-trd pro,246897541114944866924185817370185065886
3826,False,Toyota 4Runner,Toyota,"22,000 miles",60998,4Runner TRD Pro,2024 Toyota,carmax,22000,60998,4Runner,TRD Pro,2024,2024-toyota-4runner-trd pro,246897541114944866924185817370185065886
3827,False,Toyota 4Runner,Toyota,"48,000 miles",55998,4Runner TRD Pro,2024 Toyota,carmax,48000,55998,4Runner,TRD Pro,2024,2024-toyota-4runner-trd pro,246897541114944866924185817370185065886
3828,False,Toyota 4Runner,Toyota,"13,000 miles",62998,4Runner TRD Pro,2024 Toyota,carmax,13000,62998,4Runner,TRD Pro,2024,2024-toyota-4runner-trd pro,246897541114944866924185817370185065886
3829,False,Toyota 4Runner,Toyota,"1,000 miles",67998,4Runner TRD Pro,2024 Toyota,carmax,1000,67998,4Runner,TRD Pro,2024,2024-toyota-4runner-trd pro,246897541114944866924185817370185065886
3830,False,Toyota 4Runner,Toyota,"17,000 miles",62998,4Runner TRD Pro,2024 Toyota,carmax,17000,62998,4Runner,TRD Pro,2024,2024-toyota-4runner-trd pro,246897541114944866924185817370185065886
3831,False,Toyota 4Runner,Toyota,"11,000 miles",50998,4Runner TRD Sport,2024 Toyota,carmax,11000,50998,4Runner,TRD Sport,2024,2024-toyota-4runner-trd sport,181387786308398089146124065382639827714
3832,False,Toyota Grand Highlander,Toyota,"3,000 miles",57998,Grand Highlander Hybrid Limited,2024 Toyota,carmax,3000,57998,Grand Highlander,Hybrid Limited,2024,2024-toyota-grand highlander-hybrid limited,77340356602265995898056737796861922046
3833,False,Toyota Grand Highlander,Toyota,"36,000 miles",49998,Grand Highlander Limited,2024 Toyota,carmax,36000,49998,Grand Highlander,Limited,2024,2024-toyota-grand highlander-limited,89598654322615409957114756260277055265
3834,False,Toyota Grand Highlander,Toyota,"24,000 miles",49998,Grand Highlander Limited,2024 Toyota,carmax,24000,49998,Grand Highlander,Limited,2024,2024-toyota-grand highlander-limited,89598654322615409957114756260277055265
3835,False,Toyota Grand Highlander,Toyota,"41,000 miles",46998,Grand Highlander Limited,2024 Toyota,carmax,41000,46998,Grand Highlander,Limited,2024,2024-toyota-grand highlander-limited,89598654322615409957114756260277055265
3836,False,Toyota Grand Highlander,Toyota,"17,000 miles",49998,Grand Highlander Limited,2024 Toyota,carmax,17000,49998,Grand Highlander,Limited,2024,2024-toyota-grand highlander-limited,89598654322615409957114756260277055265
3837,False,Toyota Grand Highlander,Toyota,"7,000 miles",51998,Grand Highlander Limited,2024 Toyota,carmax,7000,51998,Grand Highlander,Limited,2024,2024-toyota-grand highlander-limited,89598654322615409957114756260277055265
3838,False,Toyota Grand Highlander,Toyota,"31,000 miles",46998,Grand Highlander Limited,2024 Toyota,carmax,31000,46998,Grand Highlander,Limited,2024,2024-toyota-grand highlander-limited,89598654322615409957114756260277055265
3839,False,Toyota Grand Highlander,Toyota,"7,000 miles",53998,Grand Highlander Limited,2024 Toyota,carmax,7000,53998,Grand Highlander,Limited,2024,2024-toyota-grand highlander-limited,89598654322615409957114756260277055265
3840,False,Toyota Grand Highlander,Toyota,"17,000 miles",48998,Grand Highlander Limited,2024 Toyota,carmax,17000,48998,Grand Highlander,Limited,2024,2024-toyota-grand highlander-limited,89598654322615409957114756260277055265
3841,False,Toyota Grand Highlander,Toyota,"7,000 miles",48998,Grand Highlander Limited,2024 Toyota,carmax,7000,48998,Grand Highlander,Limited,2024,2024-toyota-grand highlander-limited,89598654322615409957114756260277055265
3842,False,Toyota Grand Highlander,Toyota,"14,000 miles",49998,Grand Highlander Limited,2024 Toyota,carmax,14000,49998,Grand Highlander,Limited,2024,2024-toyota-grand highlander-limited,89598654322615409957114756260277055265
3843,False,Toyota Grand Highlander,Toyota,"20,000 miles",47998,Grand Highlander Limited,2024 Toyota,carmax,20000,47998,Grand Highlander,Limited,2024,2024-toyota-grand highlander-limited,89598654322615409957114756260277055265
3844,False,Toyota Grand Highlander,Toyota,"26,000 miles",51998,Grand Highlander Limited,2024 Toyota,carmax,26000,51998,Grand Highlander,Limited,2024,2024-toyota-grand highlander-limited,89598654322615409957114756260277055265
3845,False,Toyota Grand Highlander,Toyota,"4,000 miles",52998,Grand Highlander Limited,2024 Toyota,carmax,4000,52998,Grand Highlander,Limited,2024,2024-toyota-grand highlander-limited,89598654322615409957114756260277055265
3846,False,Toyota Grand Highlander,Toyota,"18,000 miles",50998,Grand Highlander Limited,2024 Toyota,carmax,18000,50998,Grand Highlander,Limited,2024,2024-toyota-grand highlander-limited,89598654322615409957114756260277055265
3847,False,Toyota Grand Highlander,Toyota,"31,000 miles",48998,Grand Highlander Limited,2024 Toyota,carmax,31000,48998,Grand Highlander,Limited,2024,2024-toyota-grand highlander-limited,89598654322615409957114756260277055265
3848,False,Toyota Grand Highlander,Toyota,"21,000 miles",48998,Grand Highlander Limited,2024 Toyota,carmax,21000,48998,Grand Highlander,Limited,2024,2024-toyota-grand highlander-limited,89598654322615409957114756260277055265
3849,False,Toyota Grand Highlander,Toyota,"17,000 miles",48998,Grand Highlander Limited,2024 Toyota,carmax,17000,48998,Grand Highlander,Limited,2024,2024-toyota-grand highlander-limited,89598654322615409957114756260277055265
3850,False,Toyota Grand Highlander,Toyota,"9,000 miles",52998,Grand Highlander Limited,2024 Toyota,carmax,9000,52998,Grand Highlander,Limited,2024,2024-toyota-grand highlander-limited,89598654322615409957114756260277055265
3851,False,Toyota Grand Highlander,Toyota,"20,000 miles",52998,Grand Highlander Limited,2024 Toyota,carmax,20000,52998,Grand Highlander,Limited,2024,2024-toyota-grand highlander-limited,89598654322615409957114756260277055265
3852,False,Toyota Grand Highlander,Toyota,"27,000 miles",49998,Grand Highlander Limited,2024 Toyota,carmax,27000,49998,Grand Highlander,Limited,2024,2024-toyota-grand highlander-limited,89598654322615409957114756260277055265
3853,False,Toyota Grand Highlander,Toyota,"29,000 miles",52998,Grand Highlander Platinum,2024 Toyota,carmax,29000,52998,Grand Highlander,Platinum,2024,2024-toyota-grand highlander-platinum,219009235333133882504312023470274639432
3854,False,Toyota Grand Highlander,Toyota,"21,000 miles",50998,Grand Highlander Platinum,2024 Toyota,carmax,21000,50998,Grand Highlander,Platinum,2024,2024-toyota-grand highlander-platinum,219009235333133882504312023470274639432
3855,False,Toyota Grand Highlander,Toyota,"8,000 miles",53998,Grand Highlander Platinum,2024 Toyota,carmax,8000,53998,Grand Highlander,Platinum,2024,2024-toyota-grand highlander-platinum,219009235333133882504312023470274639432
3856,False,Toyota Grand Highlander,Toyota,"31,000 miles",51998,Grand Highlander Platinum,2024 Toyota,carmax,31000,51998,Grand Highlander,Platinum,2024,2024-toyota-grand highlander-platinum,219009235333133882504312023470274639432
3857,False,Toyota Grand Highlander,Toyota,"16,000 miles",57998,Grand Highlander Platinum,2024 Toyota,carmax,16000,57998,Grand Highlander,Platinum,2024,2024-toyota-grand highlander-platinum,219009235333133882504312023470274639432
3858,False,Toyota Grand Highlander,Toyota,"20,000 miles",52998,Grand Highlander Platinum,2024 Toyota,carmax,20000,52998,Grand Highlander,Platinum,2024,2024-toyota-grand highlander-platinum,219009235333133882504312023470274639432
3859,False,Toyota Grand Highlander,Toyota,"8,000 miles",55998,Grand Highlander Platinum,2024 Toyota,carmax,8000,55998,Grand Highlander,Platinum,2024,2024-toyota-grand highlander-platinum,219009235333133882504312023470274639432
3860,False,Toyota Grand Highlander,Toyota,"24,000 miles",52998,Grand Highlander Platinum,2024 Toyota,carmax,24000,52998,Grand Highlander,Platinum,2024,2024-toyota-grand highlander-platinum,219009235333133882504312023470274639432
3861,False,Toyota Grand Highlander,Toyota,"26,000 miles",52998,Grand Highlander Platinum,2024 Toyota,carmax,26000,52998,Grand Highlander,Platinum,2024,2024-toyota-grand highlander-platinum,219009235333133882504312023470274639432
3862,False,Toyota Grand Highlander,Toyota,"19,000 miles",53998,Grand Highlander Platinum,2024 Toyota,carmax,19000,53998,Grand Highlander,Platinum,2024,2024-toyota-grand highlander-platinum,219009235333133882504312023470274639432
3863,False,Toyota Grand Highlander,Toyota,"24,000 miles",43998,Grand Highlander XLE,2024 Toyota,carmax,24000,43998,Grand Highlander,XLE,2024,2024-toyota-grand highlander-xle,251222185084589863195352910730065153228
3864,False,Toyota Grand Highlander,Toyota,"12,000 miles",44998,Grand Highlander XLE,2024 Toyota,carmax,12000,44998,Grand Highlander,XLE,2024,2024-toyota-grand highlander-xle,251222185084589863195352910730065153228
3865,False,Toyota Grand Highlander,Toyota,"31,000 miles",42998,Grand Highlander XLE,2024 Toyota,carmax,31000,42998,Grand Highlander,XLE,2024,2024-toyota-grand highlander-xle,251222185084589863195352910730065153228
3866,False,Toyota Grand Highlander,Toyota,"1,000 miles",49998,Grand Highlander XLE,2024 Toyota,carmax,1000,49998,Grand Highlander,XLE,2024,2024-toyota-grand highlander-xle,251222185084589863195352910730065153228
3867,False,Toyota Grand Highlander,Toyota,"31,000 miles",45998,Grand Highlander XLE,2024 Toyota,carmax,31000,45998,Grand Highlander,XLE,2024,2024-toyota-grand highlander-xle,251222185084589863195352910730065153228
3868,False,Toyota Grand Highlander,Toyota,"17,000 miles",43998,Grand Highlander XLE,2024 Toyota,carmax,17000,43998,Grand Highlander,XLE,2024,2024-toyota-grand highlander-xle,251222185084589863195352910730065153228
3869,False,Toyota Grand Highlander,Toyota,"26,000 miles",45998,Grand Highlander XLE,2024 Toyota,carmax,26000,45998,Grand Highlander,XLE,2024,2024-toyota-grand highlander-xle,251222185084589863195352910730065153228
3870,False,Toyota Grand Highlander,Toyota,"16,000 miles",44998,Grand Highlander XLE,2024 Toyota,carmax,16000,44998,Grand Highlander,XLE,2024,2024-toyota-grand highlander-xle,251222185084589863195352910730065153228
3871,False,Toyota Grand Highlander,Toyota,"73,000 miles",38998,Grand Highlander XLE,2024 Toyota,carmax,73000,38998,Grand Highlander,XLE,2024,2024-toyota-grand highlander-xle,251222185084589863195352910730065153228
3872,False,Toyota Grand Highlander,Toyota,"24,000 miles",44998,Grand Highlander XLE,2024 Toyota,carmax,24000,44998,Grand Highlander,XLE,2024,2024-toyota-grand highlander-xle,251222185084589863195352910730065153228
3873,False,Toyota Grand Highlander,Toyota,"27,000 miles",44998,Grand Highlander XLE,2024 Toyota,carmax,27000,44998,Grand Highlander,XLE,2024,2024-toyota-grand highlander-xle,251222185084589863195352910730065153228
3874,False,Toyota Grand Highlander,Toyota,"15,000 miles",46998,Grand Highlander XLE,2024 Toyota,carmax,15000,46998,Grand Highlander,XLE,2024,2024-toyota-grand highlander-xle,251222185084589863195352910730065153228
3875,False,Toyota Grand Highlander,Toyota,"12,000 miles",45998,Grand Highlander XLE,2024 Toyota,carmax,12000,45998,Grand Highlander,XLE,2024,2024-toyota-grand highlander-xle,251222185084589863195352910730065153228
3876,False,Toyota Grand Highlander,Toyota,"8,000 miles",48998,Grand Highlander XLE,2024 Toyota,carmax,8000,48998,Grand Highlander,XLE,2024,2024-toyota-grand highlander-xle,251222185084589863195352910730065153228
3877,False,Toyota Grand Highlander,Toyota,"15,000 miles",45998,Grand Highlander XLE,2024 Toyota,carmax,15000,45998,Grand Highlander,XLE,2024,2024-toyota-grand highlander-xle,251222185084589863195352910730065153228
3878,False,Toyota Grand Highlander,Toyota,"12,000 miles",44998,Grand Highlander XLE,2024 Toyota,carmax,12000,44998,Grand Highlander,XLE,2024,2024-toyota-grand highlander-xle,251222185084589863195352910730065153228
3879,False,Toyota Highlander,Toyota,"10,000 miles",51998,Highlander Hybrid Limited,2024 Toyota,carmax,10000,51998,Highlander,Hybrid Limited,2024,2024-toyota-highlander-hybrid limited,199191952084369546528434293837737132605
3880,False,Toyota Highlander,Toyota,"14,000 miles",50998,Highlander Hybrid Platinum,2024 Toyota,carmax,14000,50998,Highlander,Hybrid Platinum,2024,2024-toyota-highlander-hybrid platinum,225178509859720825848353941275310968233
3881,False,Toyota Highlander,Toyota,"18,000 miles",44998,Highlander Hybrid XLE,2024 Toyota,carmax,18000,44998,Highlander,Hybrid XLE,2024,2024-toyota-highlander-hybrid xle,268801870599923740730931445036516882238
3882,False,Toyota Highlander,Toyota,"20,000 miles",48998,Highlander Hybrid XLE Nightshade,2024 Toyota,carmax,20000,48998,Highlander,Hybrid XLE Nightshade,2024,2024-toyota-highlander-hybrid xle nightshade,89708024518559029965772594079137694529
3883,False,Toyota Highlander,Toyota,"11,000 miles",50998,Highlander Platinum,2024 Toyota,carmax,11000,50998,Highlander,Platinum,2024,2024-toyota-highlander-platinum,268277314401293479539581053082315095717
3884,False,Toyota Highlander,Toyota,"7,000 miles",41998,Highlander XLE,2024 Toyota,carmax,7000,41998,Highlander,XLE,2024,2024-toyota-highlander-xle,163485073178254546106942845553721484766
3885,False,Toyota Highlander,Toyota,"15,000 miles",39998,Highlander XLE,2024 Toyota,carmax,15000,39998,Highlander,XLE,2024,2024-toyota-highlander-xle,163485073178254546106942845553721484766
3886,False,Toyota Highlander,Toyota,"17,000 miles",39998,Highlander XLE,2024 Toyota,carmax,17000,39998,Highlander,XLE,2024,2024-toyota-highlander-xle,163485073178254546106942845553721484766
3887,False,Toyota Highlander,Toyota,"10,000 miles",42998,Highlander XLE,2024 Toyota,carmax,10000,42998,Highlander,XLE,2024,2024-toyota-highlander-xle,163485073178254546106942845553721484766
3888,False,Toyota Highlander,Toyota,"8,000 miles",47998,Highlander XSE,2024 Toyota,carmax,8000,47998,Highlander,XSE,2024,2024-toyota-highlander-xse,76587455588607546611313300321622515909
3889,False,Toyota Highlander,Toyota,"28,000 miles",43998,Highlander XSE,2024 Toyota,carmax,28000,43998,Highlander,XSE,2024,2024-toyota-highlander-xse,76587455588607546611313300321622515909
3890,False,Toyota Highlander,Toyota,"26,000 miles",40998,Highlander XSE,2024 Toyota,carmax,26000,40998,Highlander,XSE,2024,2024-toyota-highlander-xse,76587455588607546611313300321622515909
3891,False,Toyota Highlander,Toyota,"11,000 miles",41998,Highlander XSE,2024 Toyota,carmax,11000,41998,Highlander,XSE,2024,2024-toyota-highlander-xse,76587455588607546611313300321622515909
3892,False,Toyota Highlander,Toyota,"26,000 miles",38998,Highlander XSE,2024 Toyota,carmax,26000,38998,Highlander,XSE,2024,2024-toyota-highlander-xse,76587455588607546611313300321622515909
3893,False,Toyota Land Cruiser,Toyota,"37,000 miles",59998,Land Cruiser,2024 Toyota,carmax,37000,59998,Land Cruiser,-,2024,2024-toyota-land cruiser--,337855359125223478223475984313112924034
3894,False,Toyota Land Cruiser,Toyota,"9,000 miles",72998,Land Cruiser,2024 Toyota,carmax,9000,72998,Land Cruiser,-,2024,2024-toyota-land cruiser--,337855359125223478223475984313112924034
3895,False,Toyota Land Cruiser,Toyota,"7,000 miles",64998,Land Cruiser,2024 Toyota,carmax,7000,64998,Land Cruiser,-,2024,2024-toyota-land cruiser--,337855359125223478223475984313112924034
3896,False,Toyota Land Cruiser,Toyota,"7,000 miles",65998,Land Cruiser,2024 Toyota,carmax,7000,65998,Land Cruiser,-,2024,2024-toyota-land cruiser--,337855359125223478223475984313112924034
3897,False,Toyota Land Cruiser,Toyota,"4,000 miles",66998,Land Cruiser,2024 Toyota,carmax,4000,66998,Land Cruiser,-,2024,2024-toyota-land cruiser--,337855359125223478223475984313112924034
3898,False,Toyota Land Cruiser,Toyota,"10,000 miles",63998,Land Cruiser,2024 Toyota,carmax,10000,63998,Land Cruiser,-,2024,2024-toyota-land cruiser--,337855359125223478223475984313112924034
3899,False,Toyota Land Cruiser,Toyota,"10,000 miles",57998,Land Cruiser 1958,2024 Toyota,carmax,10000,57998,Land Cruiser,1958,2024,2024-toyota-land cruiser-1958,251244816383359632881766031743509743165
3900,False,Toyota Land Cruiser,Toyota,"5,000 miles",56998,Land Cruiser 1958,2024 Toyota,carmax,5000,56998,Land Cruiser,1958,2024,2024-toyota-land cruiser-1958,251244816383359632881766031743509743165
3901,False,Toyota Land Cruiser,Toyota,"6,000 miles",57998,Land Cruiser 1958,2024 Toyota,carmax,6000,57998,Land Cruiser,1958,2024,2024-toyota-land cruiser-1958,251244816383359632881766031743509743165
3902,False,Toyota Land Cruiser,Toyota,"5,000 miles",57998,Land Cruiser 1958,2024 Toyota,carmax,5000,57998,Land Cruiser,1958,2024,2024-toyota-land cruiser-1958,251244816383359632881766031743509743165
3903,False,Toyota Land Cruiser,Toyota,"17,000 miles",53998,Land Cruiser 1958,2024 Toyota,carmax,17000,53998,Land Cruiser,1958,2024,2024-toyota-land cruiser-1958,251244816383359632881766031743509743165
3904,False,Toyota Land Cruiser,Toyota,"22,000 miles",69998,Land Cruiser First Edition,2024 Toyota,carmax,22000,69998,Land Cruiser,First Edition,2024,2024-toyota-land cruiser-first edition,299733890872198984301373917193610797818
3905,False,Toyota Land Cruiser,Toyota,"14,000 miles",69998,Land Cruiser First Edition,2024 Toyota,carmax,14000,69998,Land Cruiser,First Edition,2024,2024-toyota-land cruiser-first edition,299733890872198984301373917193610797818
3906,False,Toyota Sequoia,Toyota,"16,000 miles",70998,Sequoia Capstone,2024 Toyota,carmax,16000,70998,Sequoia,Capstone,2024,2024-toyota-sequoia-capstone,65305465379905085618804257888482841541
3907,False,Toyota Sequoia,Toyota,"24,000 miles",73998,Sequoia Capstone,2024 Toyota,carmax,24000,73998,Sequoia,Capstone,2024,2024-toyota-sequoia-capstone,65305465379905085618804257888482841541
3908,False,Toyota Sequoia,Toyota,"26,000 miles",68998,Sequoia Limited,2024 Toyota,carmax,26000,68998,Sequoia,Limited,2024,2024-toyota-sequoia-limited,86669775720005055944619495282642259969
3909,False,Toyota Sequoia,Toyota,"16,000 miles",72998,Sequoia Limited,2024 Toyota,carmax,16000,72998,Sequoia,Limited,2024,2024-toyota-sequoia-limited,86669775720005055944619495282642259969
3910,False,Toyota Sequoia,Toyota,"14,000 miles",72998,Sequoia Limited,2024 Toyota,carmax,14000,72998,Sequoia,Limited,2024,2024-toyota-sequoia-limited,86669775720005055944619495282642259969
3911,False,Toyota Sequoia,Toyota,"24,000 miles",69998,Sequoia Limited,2024 Toyota,carmax,24000,69998,Sequoia,Limited,2024,2024-toyota-sequoia-limited,86669775720005055944619495282642259969
3912,False,Toyota Sequoia,Toyota,"28,000 miles",66998,Sequoia Limited,2024 Toyota,carmax,28000,66998,Sequoia,Limited,2024,2024-toyota-sequoia-limited,86669775720005055944619495282642259969
3913,False,Toyota Sequoia,Toyota,"8,000 miles",73998,Sequoia Platinum,2024 Toyota,carmax,8000,73998,Sequoia,Platinum,2024,2024-toyota-sequoia-platinum,26852728734514763744437759255004478763
3914,False,Toyota Sequoia,Toyota,"22,000 miles",71998,Sequoia Platinum,2024 Toyota,carmax,22000,71998,Sequoia,Platinum,2024,2024-toyota-sequoia-platinum,26852728734514763744437759255004478763
3915,False,Toyota Sequoia,Toyota,"16,000 miles",64998,Sequoia SR5,2024 Toyota,carmax,16000,64998,Sequoia,SR5,2024,2024-toyota-sequoia-sr5,117894067802279081302221987019231935165
3916,False,Toyota Sequoia,Toyota,"24,000 miles",65998,Sequoia SR5,2024 Toyota,carmax,24000,65998,Sequoia,SR5,2024,2024-toyota-sequoia-sr5,117894067802279081302221987019231935165
3917,False,Toyota Sequoia,Toyota,"17,000 miles",73998,Sequoia TRD Pro,2024 Toyota,carmax,17000,73998,Sequoia,TRD Pro,2024,2024-toyota-sequoia-trd pro,165767345330389530388184880518281863305
3918,False,Toyota Sequoia,Toyota,"7,000 miles",78998,Sequoia TRD Pro,2024 Toyota,carmax,7000,78998,Sequoia,TRD Pro,2024,2024-toyota-sequoia-trd pro,165767345330389530388184880518281863305
3919,False,Toyota Sequoia,Toyota,"18,000 miles",77998,Sequoia TRD Pro,2024 Toyota,carmax,18000,77998,Sequoia,TRD Pro,2024,2024-toyota-sequoia-trd pro,165767345330389530388184880518281863305
3920,False,Toyota Sequoia,Toyota,"25,000 miles",74998,Sequoia TRD Pro,2024 Toyota,carmax,25000,74998,Sequoia,TRD Pro,2024,2024-toyota-sequoia-trd pro,165767345330389530388184880518281863305
3921,False,Toyota Sequoia,Toyota,"22,000 miles",75998,Sequoia TRD Pro,2024 Toyota,carmax,22000,75998,Sequoia,TRD Pro,2024,2024-toyota-sequoia-trd pro,165767345330389530388184880518281863305
3922,False,Toyota Sequoia,Toyota,"23,000 miles",73998,Sequoia TRD Pro,2024 Toyota,carmax,23000,73998,Sequoia,TRD Pro,2024,2024-toyota-sequoia-trd pro,165767345330389530388184880518281863305
3923,True,Chevrolet Suburban 1500,Chevrolet,"5,000 miles",67998,Suburban 1500 LT,2025 Chevrolet,carmax,5000,67998,Suburban 1500,LT,2025,2025-chevrolet-suburban 1500-lt,242866254494992545107811470472519121972
3924,True,Chevrolet Suburban 1500,Chevrolet,"3,000 miles",84998,Suburban 1500 Premier,2025 Chevrolet,carmax,3000,84998,Suburban 1500,Premier,2025,2025-chevrolet-suburban 1500-premier,314434873359690297124952682314288213098
3925,True,Chevrolet Suburban 1500,Chevrolet,"26,000 miles",71998,Suburban 1500 Z71,2025 Chevrolet,carmax,26000,71998,Suburban 1500,Z71,2025,2025-chevrolet-suburban 1500-z71,176224235533366076493198442127084815672
3926,True,Chevrolet Tahoe,Chevrolet,"3,000 miles",59998,Tahoe LS,2025 Chevrolet,carmax,3000,59998,Tahoe,LS,2025,2025-chevrolet-tahoe-ls,186347061556066191090869271854005193290
3927,True,Chevrolet Tahoe,Chevrolet,"3,000 miles",61998,Tahoe LS,2025 Chevrolet,carmax,3000,61998,Tahoe,LS,2025,2025-chevrolet-tahoe-ls,186347061556066191090869271854005193290
3928,True,Chevrolet Tahoe,Chevrolet,"16,000 miles",69998,Tahoe RST,2025 Chevrolet,carmax,16000,69998,Tahoe,RST,2025,2025-chevrolet-tahoe-rst,268292345719624552680294584003757491737
3929,True,Chevrolet Tahoe,Chevrolet,"4,000 miles",67998,Tahoe RST,2025 Chevrolet,carmax,4000,67998,Tahoe,RST,2025,2025-chevrolet-tahoe-rst,268292345719624552680294584003757491737
3930,True,Chevrolet Tahoe,Chevrolet,"14,000 miles",69998,Tahoe Z71,2025 Chevrolet,carmax,14000,69998,Tahoe,Z71,2025,2025-chevrolet-tahoe-z71,317928071523849152116547370988575053962
3931,True,Chevrolet Tahoe,Chevrolet,"17,000 miles",68998,Tahoe Z71,2025 Chevrolet,carmax,17000,68998,Tahoe,Z71,2025,2025-chevrolet-tahoe-z71,317928071523849152116547370988575053962
3932,True,Chevrolet Tahoe,Chevrolet,"13,000 miles",71998,Tahoe Z71,2025 Chevrolet,carmax,13000,71998,Tahoe,Z71,2025,2025-chevrolet-tahoe-z71,317928071523849152116547370988575053962
3933,True,Chevrolet Tahoe,Chevrolet,"7,000 miles",71998,Tahoe Z71,2025 Chevrolet,carmax,7000,71998,Tahoe,Z71,2025,2025-chevrolet-tahoe-z71,317928071523849152116547370988575053962
3934,True,Chevrolet Tahoe,Chevrolet,"15,000 miles",68998,Tahoe Z71,2025 Chevrolet,carmax,15000,68998,Tahoe,Z71,2025,2025-chevrolet-tahoe-z71,317928071523849152116547370988575053962
3935,True,GMC Yukon,GMC,"8,000 miles",73998,Yukon Elevation,2025 GMC,carmax,8000,73998,Yukon,Elevation,2025,2025-gmc-yukon-elevation,255681262939003932125370990147258133344
3936,True,GMC Yukon XL 1500,GMC,"16,000 miles",79998,Yukon XL 1500 Denali,2025 GMC,carmax,16000,79998,Yukon XL 1500,Denali,2025,2025-gmc-yukon xl 1500-denali,156981126607206652176965147670033108288
3937,False,Toyota 4Runner,Toyota,"1,000 miles",56998,4Runner Hybrid TRD Off Road,2025 Toyota,carmax,1000,56998,4Runner,Hybrid TRD Off Road,2025,2025-toyota-4runner-hybrid trd off road,128923761033172368157631184299228617614
3938,False,Toyota 4Runner,Toyota,"2,000 miles",57998,4Runner Hybrid TRD Off Road,2025 Toyota,carmax,2000,57998,4Runner,Hybrid TRD Off Road,2025,2025-toyota-4runner-hybrid trd off road,128923761033172368157631184299228617614
3939,False,Toyota 4Runner,Toyota,"2,000 miles",70998,4Runner Hybrid Trailhunter,2025 Toyota,carmax,2000,70998,4Runner,Hybrid Trailhunter,2025,2025-toyota-4runner-hybrid trailhunter,204144717015717795271559778078681469964
3940,False,Toyota 4Runner,Toyota,"2,000 miles",48998,4Runner SR5,2025 Toyota,carmax,2000,48998,4Runner,SR5,2025,2025-toyota-4runner-sr5,3519663207149131405577703765658522448
3941,False,Toyota 4Runner,Toyota,"1,000 miles",48998,4Runner SR5,2025 Toyota,carmax,1000,48998,4Runner,SR5,2025,2025-toyota-4runner-sr5,3519663207149131405577703765658522448
3942,False,Toyota 4Runner,Toyota,"1,000 miles",46998,4Runner SR5,2025 Toyota,carmax,1000,46998,4Runner,SR5,2025,2025-toyota-4runner-sr5,3519663207149131405577703765658522448
3943,False,Toyota 4Runner,Toyota,"12,000 miles",54998,4Runner TRD Off Road Premium,2025 Toyota,carmax,12000,54998,4Runner,TRD Off Road Premium,2025,2025-toyota-4runner-trd off road premium,182632280335040828639529627911689420077
3944,False,Toyota 4Runner,Toyota,"2,000 miles",50998,4Runner TRD Sport,2025 Toyota,carmax,2000,50998,4Runner,TRD Sport,2025,2025-toyota-4runner-trd sport,21862609183316771247877950188400962468
3945,False,Toyota 4Runner,Toyota,"5,000 miles",59998,4Runner TRD Sport Premium,2025 Toyota,carmax,5000,59998,4Runner,TRD Sport Premium,2025,2025-toyota-4runner-trd sport premium,248290552279921306939454755367414670848
3946,False,Toyota 4Runner,Toyota,"1,000 miles",57998,4Runner TRD Sport Premium,2025 Toyota,carmax,1000,57998,4Runner,TRD Sport Premium,2025,2025-toyota-4runner-trd sport premium,248290552279921306939454755367414670848
3947,False,Toyota Grand Highlander,Toyota,"4,000 miles",52998,Grand Highlander Limited,2025 Toyota,carmax,4000,52998,Grand Highlander,Limited,2025,2025-toyota-grand highlander-limited,44827950404111120426853334372610432942
3948,False,Toyota Grand Highlander,Toyota,"1,000 miles",53998,Grand Highlander Limited,2025 Toyota,carmax,1000,53998,Grand Highlander,Limited,2025,2025-toyota-grand highlander-limited,44827950404111120426853334372610432942
3949,False,Toyota Grand Highlander,Toyota,"14,000 miles",56998,Grand Highlander Platinum,2025 Toyota,carmax,14000,56998,Grand Highlander,Platinum,2025,2025-toyota-grand highlander-platinum,224137415606150611169894885658985282325
3950,False,Toyota Grand Highlander,Toyota,"1,000 miles",59998,Grand Highlander Platinum,2025 Toyota,carmax,1000,59998,Grand Highlander,Platinum,2025,2025-toyota-grand highlander-platinum,224137415606150611169894885658985282325
3951,False,Toyota Grand Highlander,Toyota,"3,000 miles",59998,Grand Highlander Platinum,2025 Toyota,carmax,3000,59998,Grand Highlander,Platinum,2025,2025-toyota-grand highlander-platinum,224137415606150611169894885658985282325
3952,False,Toyota Grand Highlander,Toyota,"1,000 miles",60998,Grand Highlander Platinum,2025 Toyota,carmax,1000,60998,Grand Highlander,Platinum,2025,2025-toyota-grand highlander-platinum,224137415606150611169894885658985282325
3953,False,Toyota Grand Highlander,Toyota,"3,000 miles",46998,Grand Highlander XLE,2025 Toyota,carmax,3000,46998,Grand Highlander,XLE,2025,2025-toyota-grand highlander-xle,89575767332892949131612944711587913842
3954,False,Toyota Highlander,Toyota,"13,000 miles",54998,Highlander Hybrid Limited 25th Edition,2025 Toyota,carmax,13000,54998,Highlander,Hybrid Limited 25th Edition,2025,2025-toyota-highlander-hybrid limited 25th edition,5848045711569470496988625081069906464
3955,False,Toyota Highlander,Toyota,"7,000 miles",54998,Highlander Hybrid Platinum,2025 Toyota,carmax,7000,54998,Highlander,Hybrid Platinum,2025,2025-toyota-highlander-hybrid platinum,5483880502051949716443582131881628513
3956,False,Toyota Highlander,Toyota,"5,000 miles",52998,Highlander Platinum,2025 Toyota,carmax,5000,52998,Highlander,Platinum,2025,2025-toyota-highlander-platinum,226678386424037833680942466096477272488
3957,False,Toyota Highlander,Toyota,"5,000 miles",44998,Highlander XLE,2025 Toyota,carmax,5000,44998,Highlander,XLE,2025,2025-toyota-highlander-xle,19973779427675247846172835415802008284
3958,False,Toyota Highlander,Toyota,"39,000 miles",39998,Highlander XLE,2025 Toyota,carmax,39000,39998,Highlander,XLE,2025,2025-toyota-highlander-xle,19973779427675247846172835415802008284
3959,False,Toyota Highlander,Toyota,"1,000 miles",50998,Highlander XSE,2025 Toyota,carmax,1000,50998,Highlander,XSE,2025,2025-toyota-highlander-xse,209441882706702248852024402494063626852
3960,False,Toyota Land Cruiser,Toyota,"3,000 miles",75998,Land Cruiser,2025 Toyota,carmax,3000,75998,Land Cruiser,-,2025,2025-toyota-land cruiser--,217196029732100555533803258552731805568
3961,False,Toyota Land Cruiser,Toyota,"6,000 miles",69998,Land Cruiser,2025 Toyota,carmax,6000,69998,Land Cruiser,-,2025,2025-toyota-land cruiser--,217196029732100555533803258552731805568
3962,False,Toyota Land Cruiser,Toyota,"5,000 miles",70998,Land Cruiser,2025 Toyota,carmax,5000,70998,Land Cruiser,-,2025,2025-toyota-land cruiser--,217196029732100555533803258552731805568
3963,False,Toyota Land Cruiser,Toyota,"6,000 miles",60998,Land Cruiser 1958,2025 Toyota,carmax,6000,60998,Land Cruiser,1958,2025,2025-toyota-land cruiser-1958,325661733683305180949895936085733798204
3964,False,Toyota Land Cruiser,Toyota,"3,000 miles",58998,Land Cruiser 1958,2025 Toyota,carmax,3000,58998,Land Cruiser,1958,2025,2025-toyota-land cruiser-1958,325661733683305180949895936085733798204
3965,False,Toyota Land Cruiser,Toyota,"2,000 miles",57998,Land Cruiser 1958,2025 Toyota,carmax,2000,57998,Land Cruiser,1958,2025,2025-toyota-land cruiser-1958,325661733683305180949895936085733798204
3966,False,Toyota Sequoia,Toyota,"1,000 miles",84998,Sequoia 1794,2025 Toyota,carmax,1000,84998,Sequoia,1794,2025,2025-toyota-sequoia-1794,329434083923035872757657875372580322849
3967,False,Toyota Sequoia,Toyota,"20,000 miles",71998,Sequoia Limited,2025 Toyota,carmax,20000,71998,Sequoia,Limited,2025,2025-toyota-sequoia-limited,86413637315222208173052143941421127502
3968,False,Toyota Sequoia,Toyota,"10,000 miles",71998,Sequoia Limited,2025 Toyota,carmax,10000,71998,Sequoia,Limited,2025,2025-toyota-sequoia-limited,86413637315222208173052143941421127502
3969,False,Toyota Sequoia,Toyota,"2,000 miles",84998,Sequoia Platinum,2025 Toyota,carmax,2000,84998,Sequoia,Platinum,2025,2025-toyota-sequoia-platinum,153605950177092531706431504399271484425
3970,False,Toyota Sequoia,Toyota,"13,000 miles",65998,Sequoia SR5,2025 Toyota,carmax,13000,65998,Sequoia,SR5,2025,2025-toyota-sequoia-sr5,38514997671682010632193739952243683686
3971,False,Toyota Sequoia,Toyota,"19,000 miles",77998,Sequoia TRD Pro,2025 Toyota,carmax,19000,77998,Sequoia,TRD Pro,2025,2025-toyota-sequoia-trd pro,52538160537544592722345193870386926434
3972,False,Toyota Sequoia,Toyota,"4,000 miles",86998,Sequoia TRD Pro,2025 Toyota,carmax,4000,86998,Sequoia,TRD Pro,2025,2025-toyota-sequoia-trd pro,52538160537544592722345193870386926434
3973,False,Toyota Sequoia,Toyota,"8,000 miles",79998,Sequoia TRD Pro,2025 Toyota,carmax,8000,79998,Sequoia,TRD Pro,2025,2025-toyota-sequoia-trd pro,52538160537544592722345193870386926434
